isElectronBuild false
[Electron Module] Skipping electron module setup: BUILD_TARGET is not electron
Browserslist: browsers data (caniuse-lite) is 6 months old. Please run:
  npx update-browserslist-db@latest
  Why you should do it regularly: https://github.com/browserslist/update-db#readme

 RUN  v3.2.4 /Users/normy/autobyteus_org/autobyteus-worktrees/universal-application-framework-latest-personal-integration/autobyteus-web

stderr | electron/server/__tests__/platformServerEnvironment.spec.ts
Warning: KaTeX doesn't work in quirks mode. Make sure your website has a suitable doctype.

stderr | tests/integration/workspace-history-draft-send.integration.test.ts
Warning: KaTeX doesn't work in quirks mode. Make sure your website has a suitable doctype.

stderr | components/workspace/history/__tests__/WorkspaceAgentRunsTreePanel.spec.ts
Warning: KaTeX doesn't work in quirks mode. Make sure your website has a suitable doctype.

stderr | stores/__tests__/runHistoryStore.spec.ts
Warning: KaTeX doesn't work in quirks mode. Make sure your website has a suitable doctype.

stderr | electron/extensions/__tests__/managedExtensionService.spec.ts
Warning: KaTeX doesn't work in quirks mode. Make sure your website has a suitable doctype.

stderr | components/agentInput/__tests__/AgentUserInputTextArea.focusedInterrupt.e2e.spec.ts
Warning: KaTeX doesn't work in quirks mode. Make sure your website has a suitable doctype.

stderr | tests/integration/voice-input-extension.integration.test.ts
Warning: KaTeX doesn't work in quirks mode. Make sure your website has a suitable doctype.

stderr | components/applications/__tests__/ApplicationShell.spec.ts
Warning: KaTeX doesn't work in quirks mode. Make sure your website has a suitable doctype.

stderr | localization/messages/__tests__/zhCnActionLabelConsistency.spec.ts
Warning: KaTeX doesn't work in quirks mode. Make sure your website has a suitable doctype.

stdout | electron/server/__tests__/platformServerEnvironment.spec.ts
serverStore: Initializing server config
serverStore: Not in Electron environment. Skipping server initialization.

stdout | tests/integration/workspace-history-draft-send.integration.test.ts
serverStore: Initializing server config
serverStore: Not in Electron environment. Skipping server initialization.

stdout | components/agentInput/__tests__/AgentUserInputTextArea.focusedInterrupt.e2e.spec.ts
serverStore: Initializing server config
serverStore: Not in Electron environment. Skipping server initialization.

stdout | stores/__tests__/runHistoryStore.spec.ts
serverStore: Initializing server config
serverStore: Not in Electron environment. Skipping server initialization.

stdout | localization/messages/__tests__/zhCnActionLabelConsistency.spec.ts
serverStore: Initializing server config
serverStore: Not in Electron environment. Skipping server initialization.

stdout | components/workspace/history/__tests__/WorkspaceAgentRunsTreePanel.spec.ts
serverStore: Initializing server config
serverStore: Not in Electron environment. Skipping server initialization.

stdout | tests/integration/voice-input-extension.integration.test.ts
serverStore: Initializing server config
serverStore: Not in Electron environment. Skipping server initialization.

stdout | components/applications/__tests__/ApplicationShell.spec.ts
serverStore: Initializing server config
serverStore: Not in Electron environment. Skipping server initialization.

stdout | electron/extensions/__tests__/managedExtensionService.spec.ts
serverStore: Initializing server config
serverStore: Not in Electron environment. Skipping server initialization.

 ❯ localization/messages/__tests__/zhCnActionLabelConsistency.spec.ts (1 test | 1 failed) 4ms
   × zh-CN action-label consistency > keeps shared run and action labels translated in the swept catalogs 4ms
     → expected undefined to be '获取统计数据' // Object.is equality
 ↓ electron/server/__tests__/platformServerEnvironment.spec.ts (1 test | 1 skipped)
 ❯ stores/__tests__/runHistoryStore.spec.ts (36 tests | 2 failed) 55ms
   ✓ runHistoryStore > publishes the asynchronously loaded initial workspace catalog with exactly one topology refresh 5ms
   ✓ runHistoryStore > fetches run history tree from GraphQL 2ms
   ✓ runHistoryStore > hydrates and connects newly discovered active runs from workspace history 3ms
   ✓ runHistoryStore > fetchWorkspaceHistory does not reconcile unrelated active contexts outside the scoped workspace 1ms
   ✓ runHistoryStore > projects backend-visible temp workspace descriptors as non-removable roots with local drafts 1ms
   ✓ runHistoryStore > prefers fixed temp identity and non-removability when temp and filesystem descriptors share one root 1ms
   ✓ runHistoryStore > keeps permanent local standalone contexts visible until history reconciliation dedupes them 1ms
   ✓ runHistoryStore > does not project history-only removed workspace roots without visible descriptors 0ms
   ✓ runHistoryStore > preserves failed-stream member statuses without background stream resurrection 2ms
   ✓ runHistoryStore > preserves subscribed single-agent live status during active history refresh 1ms
   ✓ runHistoryStore > returns backend readiness error on fetchTree when backend is not ready 0ms
   ✓ runHistoryStore > opens a run, hydrates projection, selects runContext, and connects stream when active 3ms
   ✓ runHistoryStore > opens an inactive run and hydrates offline status without connecting stream 1ms
   ✓ runHistoryStore > trusts history active state and reconnects an agent stream when reopening an active run 1ms
   ✓ runHistoryStore > does not clobber live active context state when reopening an already subscribed run 1ms
   × runHistoryStore > creates draft run for selected workspace and agent 7ms
     → llmProviderConfigStore.models is not a function
   ✓ runHistoryStore > reuses model from existing context when creating draft run 1ms
   ✓ runHistoryStore > prefers the selected same-definition context and deep-clones its llmConfig when creating a draft run 13ms
   × runHistoryStore > clears copied llmConfig when model resolution changes the source model for a draft run 1ms
     → llmProviderConfigStore.models is not a function
   ✓ runHistoryStore > reuses an existing workspace id when local cache has matching root path 0ms
   ✓ runHistoryStore > fetches workspaces before creating one when cache is not loaded yet 0ms
   ✓ runHistoryStore > projects persisted history and temp drafts into workspace tree 1ms
   ✓ runHistoryStore > pruneWorkspace clears global agent selection when the selected run belongs to the removed workspace 0ms
   ✓ runHistoryStore > pruneWorkspace clears global team selection when the selected team belongs to the removed workspace 0ms
   ✓ runHistoryStore > overlays persisted run status with matching live context only 0ms
   ✓ runHistoryStore > projects offline draft contexts as inactive in tree projection 4ms
   ✓ runHistoryStore > selectTreeRun delegates to openRun for history rows 0ms
   ✓ runHistoryStore > selectTreeRun selects local temp context for draft rows 0ms
   ✓ runHistoryStore > deleteRun removes local state and refreshes tree when backend succeeds 1ms
   ✓ runHistoryStore > deleteRun does not mutate local state when backend rejects deletion 0ms
   ✓ runHistoryStore > deleteRun rejects draft run IDs without backend mutation call 0ms
   ✓ runHistoryStore > archiveRun removes local state and refreshes tree when backend succeeds 1ms
   ✓ runHistoryStore > archiveRun does not mutate local state when backend rejects archive 0ms
   ✓ runHistoryStore > archiveRun rejects draft run IDs without backend mutation call 0ms
   ✓ runHistoryStore > archiveTeamRun removes local team state and refreshes tree when backend succeeds 1ms
   ✓ runHistoryStore > archiveTeamRun leaves local state unchanged when backend rejects archive 0ms
 ❯ tests/integration/workspace-history-draft-send.integration.test.ts (1 test | 1 failed) 7ms
   × workspace history + draft send integration > supports tree-plus draft creation and first send promotion with a resolved model 6ms
     → llmProviderConfigStore.models is not a function
stderr | components/agentInput/__tests__/AgentUserInputTextArea.focusedInterrupt.e2e.spec.ts > focused team member interrupt UI-to-WebSocket e2e > clicking stop after switching focus sends the WebSocket interrupt to the visible focused member
Error interrupting generation: Error: TEAM_STREAM_NOT_READY: The Team stream is not ready for commands.
    at TeamStreamingService.requireCurrentAgentRun (/Users/normy/autobyteus_org/autobyteus-worktrees/universal-application-framework-latest-personal-integration/autobyteus-web/services/agentStreaming/TeamStreamingService.ts:202:30)
    at TeamStreamingService.interruptGeneration (/Users/normy/autobyteus_org/autobyteus-worktrees/universal-application-framework-latest-personal-integration/autobyteus-web/services/agentStreaming/TeamStreamingService.ts:140:29)
    at Proxy.interruptFocusedMemberGeneration (/Users/normy/autobyteus_org/autobyteus-worktrees/universal-application-framework-latest-personal-integration/autobyteus-web/stores/agentTeamRunStore.ts:294:59)
    at Proxy.wrappedAction (file:///Users/normy/autobyteus_org/autobyteus-worktrees/universal-application-framework-latest-personal-integration/node_modules/.pnpm/pinia@2.3.1_typescript@5.9.3_vue@3.5.28_typescript@5.9.3_/node_modules/pinia/dist/pinia.mjs:1399:26)
    at Proxy.interruptGeneration (/Users/normy/autobyteus_org/autobyteus-worktrees/universal-application-framework-latest-personal-integration/autobyteus-web/stores/activeContextStore.ts:221:32)
    at Proxy.wrappedAction (file:///Users/normy/autobyteus_org/autobyteus-worktrees/universal-application-framework-latest-personal-integration/node_modules/.pnpm/pinia@2.3.1_typescript@5.9.3_vue@3.5.28_typescript@5.9.3_/node_modules/pinia/dist/pinia.mjs:1399:26)
    at handleStop (/Users/normy/autobyteus_org/autobyteus-worktrees/universal-application-framework-latest-personal-integration/autobyteus-web/components/agentInput/AgentUserInputTextArea.vue:317:24)
    at handlePrimaryAction (/Users/normy/autobyteus_org/autobyteus-worktrees/universal-application-framework-latest-personal-integration/autobyteus-web/components/agentInput/AgentUserInputTextArea.vue:329:5)
    at callWithErrorHandling (/Users/normy/autobyteus_org/autobyteus-worktrees/universal-application-framework-latest-personal-integration/node_modules/.pnpm/@vue+runtime-core@3.5.28/node_modules/@vue/runtime-core/dist/runtime-core.cjs.js:200:19)
    at Object.callWithAsyncErrorHandling (/Users/normy/autobyteus_org/autobyteus-worktrees/universal-application-framework-latest-personal-integration/node_modules/.pnpm/@vue+runtime-core@3.5.28/node_modules/@vue/runtime-core/dist/runtime-core.cjs.js:207:17)

 ❯ components/agentInput/__tests__/AgentUserInputTextArea.focusedInterrupt.e2e.spec.ts (1 test | 1 failed) 48ms
   × focused team member interrupt UI-to-WebSocket e2e > clicking stop after switching focus sends the WebSocket interrupt to the visible focused member 47ms
     → expected "spy" to be called 1 times, but got 0 times
stderr | components/workspace/history/__tests__/WorkspaceAgentRunsTreePanel.spec.ts > WorkspaceAgentRunsTreePanel > keeps active Team history and Delete hidden when exact Stop fails
Failed to terminate team 'team-active'.

 ✓ components/applications/__tests__/ApplicationShell.spec.ts (3 tests) 929ms
   ✓ ApplicationShell > shows the setup-first route, hides technical details by default, and does not auto-launch on initial load  907ms
stderr | components/workspace/history/__tests__/WorkspaceAgentRunsTreePanel.spec.ts > WorkspaceAgentRunsTreePanel > shows an error toast when terminate fails
Failed to terminate run 'run-1'.

 ✓ components/workspace/history/__tests__/WorkspaceAgentRunsTreePanel.spec.ts (56 tests) 943ms
stderr | services/agentStreaming/__tests__/recentEventMonitorProductionDispatch.spec.ts
Warning: KaTeX doesn't work in quirks mode. Make sure your website has a suitable doctype.

stderr | components/workspace/history/__tests__/WorkspaceHistoryWorkspaceSection.spec.ts
Warning: KaTeX doesn't work in quirks mode. Make sure your website has a suitable doctype.

stderr | components/mobile/__tests__/MobileUxRefinement.spec.ts
Warning: KaTeX doesn't work in quirks mode. Make sure your website has a suitable doctype.

stderr | components/workspace/usage/__tests__/TokenUsageMeterPanel.spec.ts
Warning: KaTeX doesn't work in quirks mode. Make sure your website has a suitable doctype.

stderr | electron/local-file-protocol/__tests__/local-file-response.spec.ts
Warning: KaTeX doesn't work in quirks mode. Make sure your website has a suitable doctype.

 ✓ tests/integration/voice-input-extension.integration.test.ts (1 test) 1963ms
   ✓ voice input extension integration > installs, enables, and inserts transcript text into the draft  1962ms
stdout | services/agentStreaming/__tests__/recentEventMonitorProductionDispatch.spec.ts
serverStore: Initializing server config
serverStore: Not in Electron environment. Skipping server initialization.

stdout | components/workspace/history/__tests__/WorkspaceHistoryWorkspaceSection.spec.ts
serverStore: Initializing server config
serverStore: Not in Electron environment. Skipping server initialization.

stdout | components/workspace/usage/__tests__/TokenUsageMeterPanel.spec.ts
serverStore: Initializing server config
serverStore: Not in Electron environment. Skipping server initialization.

stdout | components/mobile/__tests__/MobileUxRefinement.spec.ts
serverStore: Initializing server config
serverStore: Not in Electron environment. Skipping server initialization.

stderr | components/workspace/tools/__tests__/Terminal.spec.ts
Warning: KaTeX doesn't work in quirks mode. Make sure your website has a suitable doctype.

 ✓ electron/extensions/__tests__/managedExtensionService.spec.ts (3 tests) 2833ms
   ✓ ManagedExtensionService > installs disabled by default, enables explicitly, and transcribes via the worker  1926ms
   ✓ ManagedExtensionService > preserves enabled state and language mode across reinstall  693ms
 ✓ components/workspace/history/__tests__/WorkspaceHistoryWorkspaceSection.spec.ts (7 tests) 69ms
stdout | electron/local-file-protocol/__tests__/local-file-response.spec.ts
serverStore: Initializing server config
serverStore: Not in Electron environment. Skipping server initialization.

stderr | components/workspace/team/__tests__/TeamFocusSendWorkflow.spec.ts
Warning: KaTeX doesn't work in quirks mode. Make sure your website has a suitable doctype.

 ✓ electron/local-file-protocol/__tests__/local-file-response.spec.ts (12 tests) 240ms
 ✓ components/workspace/usage/__tests__/TokenUsageMeterPanel.spec.ts (11 tests) 210ms
 ✓ components/mobile/__tests__/MobileUxRefinement.spec.ts (15 tests) 204ms
stdout | components/workspace/tools/__tests__/Terminal.spec.ts
serverStore: Initializing server config
serverStore: Not in Electron environment. Skipping server initialization.

 ✓ services/agentStreaming/__tests__/recentEventMonitorProductionDispatch.spec.ts (9 tests) 905ms
   ✓ recent Event Monitor production dispatch coverage > keeps standalone center and Activity state bounded and duplicate-free after 1,001 mixed live messages  356ms
   ✓ recent Event Monitor production dispatch coverage > keeps team-member center and Activity state bounded and duplicate-free after 1,001 mixed live messages  320ms
stderr | components/settings/__tests__/MessagingSetupManager.spec.ts
Warning: KaTeX doesn't work in quirks mode. Make sure your website has a suitable doctype.

stdout | components/workspace/team/__tests__/TeamFocusSendWorkflow.spec.ts
serverStore: Initializing server config
serverStore: Not in Electron environment. Skipping server initialization.

 ✓ components/workspace/tools/__tests__/Terminal.spec.ts (8 tests) 209ms
stderr | components/mobile/__tests__/MobileContextSelectionRegression.spec.ts
Warning: KaTeX doesn't work in quirks mode. Make sure your website has a suitable doctype.

stderr | pages/__tests__/settings.spec.ts
Warning: KaTeX doesn't work in quirks mode. Make sure your website has a suitable doctype.

 ✓ components/workspace/team/__tests__/TeamFocusSendWorkflow.spec.ts (2 tests) 79ms
stdout | components/settings/__tests__/MessagingSetupManager.spec.ts
serverStore: Initializing server config
serverStore: Not in Electron environment. Skipping server initialization.

stderr | components/fileExplorer/__tests__/FileExplorer.spec.ts
Warning: KaTeX doesn't work in quirks mode. Make sure your website has a suitable doctype.

stderr | components/settings/__tests__/WebSearchConfigurationCard.spec.ts
Warning: KaTeX doesn't work in quirks mode. Make sure your website has a suitable doctype.

stderr | components/layout/__tests__/WorkspaceAdaptiveLayout.spec.ts
Warning: KaTeX doesn't work in quirks mode. Make sure your website has a suitable doctype.

stderr | components/workspace/team/__tests__/TeamOverviewPanel.spec.ts
Warning: KaTeX doesn't work in quirks mode. Make sure your website has a suitable doctype.

stdout | components/mobile/__tests__/MobileContextSelectionRegression.spec.ts
serverStore: Initializing server config
serverStore: Not in Electron environment. Skipping server initialization.

stdout | pages/__tests__/settings.spec.ts
serverStore: Initializing server config
serverStore: Not in Electron environment. Skipping server initialization.

stderr | components/mobile/__tests__/MobileRemoteAccessShell.spec.ts
Warning: KaTeX doesn't work in quirks mode. Make sure your website has a suitable doctype.

 ✓ components/settings/__tests__/MessagingSetupManager.spec.ts (4 tests) 87ms
stdout | components/fileExplorer/__tests__/FileExplorer.spec.ts
serverStore: Initializing server config
serverStore: Not in Electron environment. Skipping server initialization.

stdout | components/settings/__tests__/WebSearchConfigurationCard.spec.ts
serverStore: Initializing server config
serverStore: Not in Electron environment. Skipping server initialization.

stdout | components/layout/__tests__/WorkspaceAdaptiveLayout.spec.ts
serverStore: Initializing server config
serverStore: Not in Electron environment. Skipping server initialization.

 ✓ components/mobile/__tests__/MobileContextSelectionRegression.spec.ts (11 tests) 72ms
stdout | components/workspace/team/__tests__/TeamOverviewPanel.spec.ts
serverStore: Initializing server config
serverStore: Not in Electron environment. Skipping server initialization.

stderr | components/agentTeams/__tests__/AgentTeamDetail.spec.ts
Warning: KaTeX doesn't work in quirks mode. Make sure your website has a suitable doctype.

 ✓ components/settings/__tests__/WebSearchConfigurationCard.spec.ts (7 tests) 65ms
stdout | components/mobile/__tests__/MobileRemoteAccessShell.spec.ts
serverStore: Initializing server config
serverStore: Not in Electron environment. Skipping server initialization.

 ✓ components/fileExplorer/__tests__/FileExplorer.spec.ts (10 tests) 205ms
 ✓ components/workspace/team/__tests__/TeamOverviewPanel.spec.ts (5 tests) 90ms
stdout | components/agentTeams/__tests__/AgentTeamDetail.spec.ts
serverStore: Initializing server config
serverStore: Not in Electron environment. Skipping server initialization.

stderr | components/settings/__tests__/MediaDefaultModelsCard.spec.ts
Warning: KaTeX doesn't work in quirks mode. Make sure your website has a suitable doctype.

 ✓ components/mobile/__tests__/MobileRemoteAccessShell.spec.ts (15 tests) 144ms
 ✓ components/layout/__tests__/WorkspaceAdaptiveLayout.spec.ts (25 tests) 144ms
stderr | components/settings/__tests__/FeaturedCatalogItemsCard.spec.ts
Warning: KaTeX doesn't work in quirks mode. Make sure your website has a suitable doctype.

stderr | components/workspace/config/__tests__/MemberOverrideItem.spec.ts
Warning: KaTeX doesn't work in quirks mode. Make sure your website has a suitable doctype.

 ✓ components/agentTeams/__tests__/AgentTeamDetail.spec.ts (15 tests) 224ms
 ✓ pages/__tests__/settings.spec.ts (23 tests) 141ms
stdout | components/settings/__tests__/MediaDefaultModelsCard.spec.ts
serverStore: Initializing server config
serverStore: Not in Electron environment. Skipping server initialization.

stderr | components/settings/providerApiKey/__tests__/ProviderModelBrowser.spec.ts
Warning: KaTeX doesn't work in quirks mode. Make sure your website has a suitable doctype.

 ✓ components/settings/__tests__/MediaDefaultModelsCard.spec.ts (4 tests) 111ms
stderr | components/workspace/team/__tests__/TeamWorkspaceView.spec.ts
Warning: KaTeX doesn't work in quirks mode. Make sure your website has a suitable doctype.

stdout | components/settings/__tests__/FeaturedCatalogItemsCard.spec.ts
serverStore: Initializing server config
serverStore: Not in Electron environment. Skipping server initialization.

stdout | components/workspace/config/__tests__/MemberOverrideItem.spec.ts
serverStore: Initializing server config
serverStore: Not in Electron environment. Skipping server initialization.

 ✓ components/settings/__tests__/FeaturedCatalogItemsCard.spec.ts (3 tests) 84ms
 ✓ components/workspace/config/__tests__/MemberOverrideItem.spec.ts (15 tests) 144ms
stderr | stores/__tests__/applicationStore.spec.ts
Warning: KaTeX doesn't work in quirks mode. Make sure your website has a suitable doctype.

stderr | components/agentInput/__tests__/AgentUserInputTextArea.spec.ts
Warning: KaTeX doesn't work in quirks mode. Make sure your website has a suitable doctype.

stdout | components/settings/providerApiKey/__tests__/ProviderModelBrowser.spec.ts
serverStore: Initializing server config
serverStore: Not in Electron environment. Skipping server initialization.

 ✓ components/settings/providerApiKey/__tests__/ProviderModelBrowser.spec.ts (9 tests) 63ms
stdout | components/workspace/team/__tests__/TeamWorkspaceView.spec.ts
serverStore: Initializing server config
serverStore: Not in Electron environment. Skipping server initialization.

stderr | components/agentTeams/__tests__/AgentTeamDefinitionForm.spec.ts
Warning: KaTeX doesn't work in quirks mode. Make sure your website has a suitable doctype.

stderr | scripts/__tests__/workspace-package-roots.test.mjs
Warning: KaTeX doesn't work in quirks mode. Make sure your website has a suitable doctype.

stdout | stores/__tests__/applicationStore.spec.ts
serverStore: Initializing server config
serverStore: Not in Electron environment. Skipping server initialization.

 ✓ components/workspace/team/__tests__/TeamWorkspaceView.spec.ts (7 tests) 45ms
stdout | components/agentInput/__tests__/AgentUserInputTextArea.spec.ts
serverStore: Initializing server config
serverStore: Not in Electron environment. Skipping server initialization.

stderr | components/settings/messaging/__tests__/ChannelBindingSetupCard.spec.ts
Warning: KaTeX doesn't work in quirks mode. Make sure your website has a suitable doctype.

 ✓ stores/__tests__/applicationStore.spec.ts (8 tests) 122ms
 ✓ components/agentInput/__tests__/AgentUserInputTextArea.spec.ts (15 tests) 102ms
stderr | components/mobile/__tests__/MobileFiles.spec.ts
Warning: KaTeX doesn't work in quirks mode. Make sure your website has a suitable doctype.

stderr | components/settings/__tests__/CompactionConfigCard.spec.ts
Warning: KaTeX doesn't work in quirks mode. Make sure your website has a suitable doctype.

stdout | components/agentTeams/__tests__/AgentTeamDefinitionForm.spec.ts
serverStore: Initializing server config
serverStore: Not in Electron environment. Skipping server initialization.

stdout | scripts/__tests__/workspace-package-roots.test.mjs
serverStore: Initializing server config
serverStore: Not in Electron environment. Skipping server initialization.

 ✓ scripts/__tests__/workspace-package-roots.test.mjs (3 tests) 25ms
 ✓ components/agentTeams/__tests__/AgentTeamDefinitionForm.spec.ts (5 tests) 59ms
stdout | components/settings/messaging/__tests__/ChannelBindingSetupCard.spec.ts
serverStore: Initializing server config
serverStore: Not in Electron environment. Skipping server initialization.

stderr | tests/stores/serverSettingsStore.test.ts
Warning: KaTeX doesn't work in quirks mode. Make sure your website has a suitable doctype.

stdout | components/mobile/__tests__/MobileFiles.spec.ts
serverStore: Initializing server config
serverStore: Not in Electron environment. Skipping server initialization.

stdout | components/settings/__tests__/CompactionConfigCard.spec.ts
serverStore: Initializing server config
serverStore: Not in Electron environment. Skipping server initialization.

 ✓ components/settings/messaging/__tests__/ChannelBindingSetupCard.spec.ts (7 tests) 98ms
 ✓ components/settings/__tests__/CompactionConfigCard.spec.ts (9 tests) 98ms
stderr | components/workspace/config/__tests__/AgentRunConfigForm.spec.ts
Warning: KaTeX doesn't work in quirks mode. Make sure your website has a suitable doctype.

stderr | components/fileExplorer/__tests__/FileItem.spec.ts
Warning: KaTeX doesn't work in quirks mode. Make sure your website has a suitable doctype.

 ✓ components/mobile/__tests__/MobileFiles.spec.ts (9 tests) 181ms
stdout | tests/stores/serverSettingsStore.test.ts
serverStore: Initializing server config
serverStore: Not in Electron environment. Skipping server initialization.

stderr | components/workspace/history/__tests__/WorkspaceAgentRunsTreePanel.regressions.spec.ts
Warning: KaTeX doesn't work in quirks mode. Make sure your website has a suitable doctype.

stderr | tests/stores/serverSettingsStore.test.ts > serverSettings store > fails deterministically when the bound backend is not ready
Failed to fetch server settings: Error: backend readiness timed out
    at ensureBoundBackendReady (/Users/normy/autobyteus_org/autobyteus-worktrees/universal-application-framework-latest-personal-integration/autobyteus-web/stores/serverSettings.ts:177:11)
    at processTicksAndRejections (node:internal/process/task_queues:103:5)
    at Proxy.fetchServerSettings (/Users/normy/autobyteus_org/autobyteus-worktrees/universal-application-framework-latest-personal-integration/autobyteus-web/stores/serverSettings.ts:226:40)

 ✓ tests/stores/serverSettingsStore.test.ts (13 tests) 186ms
stderr | tests/stores/workingContextCompactionStrategyCatalogStore.test.ts
Warning: KaTeX doesn't work in quirks mode. Make sure your website has a suitable doctype.

stderr | components/settings/providerApiKey/__tests__/GeminiSetupForm.spec.ts
Warning: KaTeX doesn't work in quirks mode. Make sure your website has a suitable doctype.

stdout | components/workspace/config/__tests__/AgentRunConfigForm.spec.ts
serverStore: Initializing server config
serverStore: Not in Electron environment. Skipping server initialization.

stdout | components/fileExplorer/__tests__/FileItem.spec.ts
serverStore: Initializing server config
serverStore: Not in Electron environment. Skipping server initialization.

 ✓ components/workspace/config/__tests__/AgentRunConfigForm.spec.ts (11 tests) 128ms
stdout | components/workspace/history/__tests__/WorkspaceAgentRunsTreePanel.regressions.spec.ts
serverStore: Initializing server config
serverStore: Not in Electron environment. Skipping server initialization.

 ✓ components/fileExplorer/__tests__/FileItem.spec.ts (7 tests) 99ms
stdout | tests/stores/workingContextCompactionStrategyCatalogStore.test.ts
serverStore: Initializing server config
serverStore: Not in Electron environment. Skipping server initialization.

 ✓ components/workspace/history/__tests__/WorkspaceAgentRunsTreePanel.regressions.spec.ts (3 tests) 115ms
stderr | components/workspace/config/__tests__/RunConfigPanel.spec.ts
Warning: KaTeX doesn't work in quirks mode. Make sure your website has a suitable doctype.

stderr | components/settings/token-usage/analytics/__tests__/TokenUsagePaceChart.spec.ts
Warning: KaTeX doesn't work in quirks mode. Make sure your website has a suitable doctype.

stdout | components/settings/providerApiKey/__tests__/GeminiSetupForm.spec.ts
serverStore: Initializing server config
serverStore: Not in Electron environment. Skipping server initialization.

 ✓ tests/stores/workingContextCompactionStrategyCatalogStore.test.ts (5 tests) 168ms
 ✓ components/settings/providerApiKey/__tests__/GeminiSetupForm.spec.ts (7 tests) 51ms
stderr | components/settings/token-usage/analytics/__tests__/TokenUsageBreakdown.spec.ts
Warning: KaTeX doesn't work in quirks mode. Make sure your website has a suitable doctype.

stderr | components/workspace/config/__tests__/TeamRunConfigForm.spec.ts
Warning: KaTeX doesn't work in quirks mode. Make sure your website has a suitable doctype.

stdout | components/workspace/config/__tests__/RunConfigPanel.spec.ts
serverStore: Initializing server config
serverStore: Not in Electron environment. Skipping server initialization.

stdout | components/settings/token-usage/analytics/__tests__/TokenUsagePaceChart.spec.ts
serverStore: Initializing server config
serverStore: Not in Electron environment. Skipping server initialization.

stderr | components/conversation/segments/renderer/__tests__/MarkdownRenderer.spec.ts
Warning: KaTeX doesn't work in quirks mode. Make sure your website has a suitable doctype.

 ✓ components/settings/token-usage/analytics/__tests__/TokenUsagePaceChart.spec.ts (3 tests) 143ms
stdout | components/settings/token-usage/analytics/__tests__/TokenUsageBreakdown.spec.ts
serverStore: Initializing server config
serverStore: Not in Electron environment. Skipping server initialization.

 ✓ components/workspace/config/__tests__/RunConfigPanel.spec.ts (26 tests) 122ms
stdout | components/workspace/config/__tests__/TeamRunConfigForm.spec.ts
serverStore: Initializing server config
serverStore: Not in Electron environment. Skipping server initialization.

stderr | components/workspace/team/__tests__/TeamDelegatedTasksSection.spec.ts
Warning: KaTeX doesn't work in quirks mode. Make sure your website has a suitable doctype.

 ✓ components/settings/token-usage/analytics/__tests__/TokenUsageBreakdown.spec.ts (2 tests) 141ms
stderr | electron/server/__tests__/serverOutputLogging.spec.ts
Warning: KaTeX doesn't work in quirks mode. Make sure your website has a suitable doctype.

stderr | components/mobile/__tests__/MobileArtifactsContentViewerIntegration.spec.ts
Warning: KaTeX doesn't work in quirks mode. Make sure your website has a suitable doctype.

stderr | components/workspace/agent/__tests__/ArtifactContentViewer.spec.ts
Warning: KaTeX doesn't work in quirks mode. Make sure your website has a suitable doctype.

 ✓ components/workspace/config/__tests__/TeamRunConfigForm.spec.ts (13 tests) 179ms
stdout | components/conversation/segments/renderer/__tests__/MarkdownRenderer.spec.ts
serverStore: Initializing server config
serverStore: Not in Electron environment. Skipping server initialization.

 ✓ components/conversation/segments/renderer/__tests__/MarkdownRenderer.spec.ts (19 tests) 134ms
stdout | components/workspace/team/__tests__/TeamDelegatedTasksSection.spec.ts
serverStore: Initializing server config
serverStore: Not in Electron environment. Skipping server initialization.

stdout | electron/server/__tests__/serverOutputLogging.spec.ts
serverStore: Initializing server config
serverStore: Not in Electron environment. Skipping server initialization.

stdout | components/mobile/__tests__/MobileArtifactsContentViewerIntegration.spec.ts
serverStore: Initializing server config
serverStore: Not in Electron environment. Skipping server initialization.

stdout | components/workspace/agent/__tests__/ArtifactContentViewer.spec.ts
serverStore: Initializing server config
serverStore: Not in Electron environment. Skipping server initialization.

stderr | components/settings/__tests__/ServerMigrationsManager.spec.ts
Warning: KaTeX doesn't work in quirks mode. Make sure your website has a suitable doctype.

 ✓ electron/server/__tests__/serverOutputLogging.spec.ts (4 tests) 162ms
 ✓ components/workspace/team/__tests__/TeamDelegatedTasksSection.spec.ts (5 tests) 108ms
stderr | components/workspace/agent/__tests__/AgentConversationFeed.spec.ts
Warning: KaTeX doesn't work in quirks mode. Make sure your website has a suitable doctype.

 ✓ components/workspace/agent/__tests__/ArtifactContentViewer.spec.ts (19 tests) 159ms
 ✓ components/mobile/__tests__/MobileArtifactsContentViewerIntegration.spec.ts (1 test) 80ms
stderr | components/settings/__tests__/ServerSettingsManager.spec.ts
Warning: KaTeX doesn't work in quirks mode. Make sure your website has a suitable doctype.

stderr | components/settings/__tests__/AgentPackagesManager.spec.ts
Warning: KaTeX doesn't work in quirks mode. Make sure your website has a suitable doctype.

stdout | components/settings/__tests__/ServerMigrationsManager.spec.ts
serverStore: Initializing server config
serverStore: Not in Electron environment. Skipping server initialization.

stdout | components/workspace/agent/__tests__/AgentConversationFeed.spec.ts
serverStore: Initializing server config
serverStore: Not in Electron environment. Skipping server initialization.

stderr | components/conversation/segments/renderer/__tests__/MermaidDiagram.spec.ts
Warning: KaTeX doesn't work in quirks mode. Make sure your website has a suitable doctype.

 ✓ components/settings/__tests__/ServerMigrationsManager.spec.ts (3 tests) 48ms
stdout | components/settings/__tests__/ServerSettingsManager.spec.ts
serverStore: Initializing server config
serverStore: Not in Electron environment. Skipping server initialization.

 ✓ components/settings/__tests__/ServerSettingsManager.spec.ts (8 tests) 65ms
stderr | electron/__tests__/logger.spec.ts
Warning: KaTeX doesn't work in quirks mode. Make sure your website has a suitable doctype.

stdout | components/settings/__tests__/AgentPackagesManager.spec.ts
serverStore: Initializing server config
serverStore: Not in Electron environment. Skipping server initialization.

 ✓ components/workspace/agent/__tests__/AgentConversationFeed.spec.ts (15 tests) 236ms
stderr | components/mobile/__tests__/MobileArtifacts.spec.ts
Warning: KaTeX doesn't work in quirks mode. Make sure your website has a suitable doctype.

 ✓ components/settings/__tests__/AgentPackagesManager.spec.ts (8 tests) 71ms
stderr | components/workspace/team/__tests__/TeamCommunicationReferenceViewer.spec.ts
Warning: KaTeX doesn't work in quirks mode. Make sure your website has a suitable doctype.

stderr | components/conversation/segments/renderer/__tests__/MermaidDiagramViewer.spec.ts
Warning: KaTeX doesn't work in quirks mode. Make sure your website has a suitable doctype.

stdout | components/conversation/segments/renderer/__tests__/MermaidDiagram.spec.ts
serverStore: Initializing server config
serverStore: Not in Electron environment. Skipping server initialization.

 ✓ components/conversation/segments/renderer/__tests__/MermaidDiagram.spec.ts (7 tests) 80ms
stdout | electron/__tests__/logger.spec.ts
serverStore: Initializing server config
serverStore: Not in Electron environment. Skipping server initialization.

stdout | components/mobile/__tests__/MobileArtifacts.spec.ts
serverStore: Initializing server config
serverStore: Not in Electron environment. Skipping server initialization.

 ✓ electron/__tests__/logger.spec.ts (4 tests) 117ms
stdout | components/workspace/team/__tests__/TeamCommunicationReferenceViewer.spec.ts
serverStore: Initializing server config
serverStore: Not in Electron environment. Skipping server initialization.

stdout | components/conversation/segments/renderer/__tests__/MermaidDiagramViewer.spec.ts
serverStore: Initializing server config
serverStore: Not in Electron environment. Skipping server initialization.

stderr | layouts/__tests__/default-drawer.spec.ts
Warning: KaTeX doesn't work in quirks mode. Make sure your website has a suitable doctype.

 ✓ components/conversation/segments/renderer/__tests__/MermaidDiagramViewer.spec.ts (5 tests) 77ms
 ✓ components/workspace/team/__tests__/TeamCommunicationReferenceViewer.spec.ts (13 tests) 107ms
 ✓ components/mobile/__tests__/MobileArtifacts.spec.ts (4 tests) 45ms
stderr | components/applications/setup/__tests__/ApplicationTeamLaunchProfileEditor.spec.ts
Warning: KaTeX doesn't work in quirks mode. Make sure your website has a suitable doctype.

stderr | components/settings/__tests__/ServerSettingsEndpointCards.spec.ts
Warning: KaTeX doesn't work in quirks mode. Make sure your website has a suitable doctype.

stderr | components/workspace/config/__tests__/ModelConfigSection.spec.ts
Warning: KaTeX doesn't work in quirks mode. Make sure your website has a suitable doctype.

stderr | components/workspace/history/__tests__/HistoricalTeamLazyHydration.integration.spec.ts
Warning: KaTeX doesn't work in quirks mode. Make sure your website has a suitable doctype.

stdout | layouts/__tests__/default-drawer.spec.ts
serverStore: Initializing server config
serverStore: Not in Electron environment. Skipping server initialization.

stdout | components/applications/setup/__tests__/ApplicationTeamLaunchProfileEditor.spec.ts
serverStore: Initializing server config
serverStore: Not in Electron environment. Skipping server initialization.

 ✓ components/applications/setup/__tests__/ApplicationTeamLaunchProfileEditor.spec.ts (2 tests) 27ms
stdout | components/settings/__tests__/ServerSettingsEndpointCards.spec.ts
serverStore: Initializing server config
serverStore: Not in Electron environment. Skipping server initialization.

stderr | stores/__tests__/applicationsCapabilityStore.spec.ts
Warning: KaTeX doesn't work in quirks mode. Make sure your website has a suitable doctype.

stdout | components/workspace/config/__tests__/ModelConfigSection.spec.ts
serverStore: Initializing server config
serverStore: Not in Electron environment. Skipping server initialization.

 ✓ components/settings/__tests__/ServerSettingsEndpointCards.spec.ts (5 tests) 137ms
 ✓ layouts/__tests__/default-drawer.spec.ts (4 tests) 156ms
stderr | pages/__tests__/memory.spec.ts
Warning: KaTeX doesn't work in quirks mode. Make sure your website has a suitable doctype.

 ✓ components/workspace/config/__tests__/ModelConfigSection.spec.ts (19 tests) 178ms
stderr | components/layout/__tests__/RightSideTabs.spec.ts
Warning: KaTeX doesn't work in quirks mode. Make sure your website has a suitable doctype.

stdout | components/workspace/history/__tests__/HistoricalTeamLazyHydration.integration.spec.ts
serverStore: Initializing server config
serverStore: Not in Electron environment. Skipping server initialization.

stderr | components/workspace/agent/__tests__/AgentWorkspaceView.spec.ts
Warning: KaTeX doesn't work in quirks mode. Make sure your website has a suitable doctype.

stdout | stores/__tests__/applicationsCapabilityStore.spec.ts
serverStore: Initializing server config
serverStore: Not in Electron environment. Skipping server initialization.

 ✓ components/workspace/history/__tests__/HistoricalTeamLazyHydration.integration.spec.ts (1 test) 96ms
 ✓ stores/__tests__/applicationsCapabilityStore.spec.ts (4 tests) 107ms
stdout | pages/__tests__/memory.spec.ts
serverStore: Initializing server config
serverStore: Not in Electron environment. Skipping server initialization.

stdout | components/layout/__tests__/RightSideTabs.spec.ts
serverStore: Initializing server config
serverStore: Not in Electron environment. Skipping server initialization.

stderr | components/agents/__tests__/AgentList.spec.ts
Warning: KaTeX doesn't work in quirks mode. Make sure your website has a suitable doctype.

 ✓ pages/__tests__/memory.spec.ts (7 tests) 67ms
stderr | components/workspace/tools/__tests__/BrowserPanel.spec.ts
Warning: KaTeX doesn't work in quirks mode. Make sure your website has a suitable doctype.

stdout | components/workspace/agent/__tests__/AgentWorkspaceView.spec.ts
serverStore: Initializing server config
serverStore: Not in Electron environment. Skipping server initialization.

stderr | components/workspace/config/__tests__/WorkspaceSelector.spec.ts
Warning: KaTeX doesn't work in quirks mode. Make sure your website has a suitable doctype.

stderr | components/conversation/segments/__tests__/SystemTaskNotificationSegment.spec.ts
Warning: KaTeX doesn't work in quirks mode. Make sure your website has a suitable doctype.

 ✓ components/workspace/agent/__tests__/AgentWorkspaceView.spec.ts (8 tests) 78ms
stdout | components/agents/__tests__/AgentList.spec.ts
serverStore: Initializing server config
serverStore: Not in Electron environment. Skipping server initialization.

stderr | components/workspace/team/__tests__/TeamCommunicationPanel.spec.ts
Warning: KaTeX doesn't work in quirks mode. Make sure your website has a suitable doctype.

 ✓ components/layout/__tests__/RightSideTabs.spec.ts (12 tests) 68ms
stdout | components/workspace/tools/__tests__/BrowserPanel.spec.ts
serverStore: Initializing server config
serverStore: Not in Electron environment. Skipping server initialization.

stderr | components/settings/__tests__/NodeManager.spec.ts
Warning: KaTeX doesn't work in quirks mode. Make sure your website has a suitable doctype.

 ✓ components/agents/__tests__/AgentList.spec.ts (8 tests) 74ms
stdout | components/workspace/config/__tests__/WorkspaceSelector.spec.ts
serverStore: Initializing server config
serverStore: Not in Electron environment. Skipping server initialization.

 ✓ components/workspace/tools/__tests__/BrowserPanel.spec.ts (9 tests) 187ms
stdout | components/conversation/segments/__tests__/SystemTaskNotificationSegment.spec.ts
serverStore: Initializing server config
serverStore: Not in Electron environment. Skipping server initialization.

 ✓ components/workspace/config/__tests__/WorkspaceSelector.spec.ts (19 tests) 138ms
 ✓ components/conversation/segments/__tests__/SystemTaskNotificationSegment.spec.ts (3 tests) 47ms
stderr | components/agents/__tests__/AgentDetail.spec.ts
Warning: KaTeX doesn't work in quirks mode. Make sure your website has a suitable doctype.

stdout | components/workspace/team/__tests__/TeamCommunicationPanel.spec.ts
serverStore: Initializing server config
serverStore: Not in Electron environment. Skipping server initialization.

stdout | components/settings/__tests__/NodeManager.spec.ts
serverStore: Initializing server config
serverStore: Not in Electron environment. Skipping server initialization.

 ✓ components/settings/__tests__/NodeManager.spec.ts (10 tests) 50ms
stderr | components/settings/token-usage/analytics/__tests__/TokenUsageTrendChart.spec.ts
Warning: KaTeX doesn't work in quirks mode. Make sure your website has a suitable doctype.

 ✓ components/workspace/team/__tests__/TeamCommunicationPanel.spec.ts (3 tests) 65ms
stdout | components/agents/__tests__/AgentDetail.spec.ts
serverStore: Initializing server config
serverStore: Not in Electron environment. Skipping server initialization.

stderr | electron/server/services/__tests__/HealthChecker.spec.ts
Warning: KaTeX doesn't work in quirks mode. Make sure your website has a suitable doctype.

stderr | components/settings/token-usage/__tests__/TokenUsageTaskStatisticsTable.spec.ts
Warning: KaTeX doesn't work in quirks mode. Make sure your website has a suitable doctype.

stderr | composables/__tests__/useSettingsNavigationResize.spec.ts
Warning: KaTeX doesn't work in quirks mode. Make sure your website has a suitable doctype.

 ✓ components/agents/__tests__/AgentDetail.spec.ts (5 tests) 36ms
stderr | components/mobile/__tests__/MobileTeamMessages.spec.ts
Warning: KaTeX doesn't work in quirks mode. Make sure your website has a suitable doctype.

stderr | components/memory/__tests__/AgentTeamMemoryDetail.spec.ts
Warning: KaTeX doesn't work in quirks mode. Make sure your website has a suitable doctype.

stdout | components/settings/token-usage/analytics/__tests__/TokenUsageTrendChart.spec.ts
serverStore: Initializing server config
serverStore: Not in Electron environment. Skipping server initialization.

 ✓ components/settings/token-usage/analytics/__tests__/TokenUsageTrendChart.spec.ts (2 tests) 83ms
stdout | electron/server/services/__tests__/HealthChecker.spec.ts
serverStore: Initializing server config
serverStore: Not in Electron environment. Skipping server initialization.

stdout | components/settings/token-usage/__tests__/TokenUsageTaskStatisticsTable.spec.ts
serverStore: Initializing server config
serverStore: Not in Electron environment. Skipping server initialization.

 ✓ electron/server/services/__tests__/HealthChecker.spec.ts (9 tests) 85ms
stdout | composables/__tests__/useSettingsNavigationResize.spec.ts
serverStore: Initializing server config
serverStore: Not in Electron environment. Skipping server initialization.

 ✓ composables/__tests__/useSettingsNavigationResize.spec.ts (8 tests) 25ms
 ✓ components/settings/token-usage/__tests__/TokenUsageTaskStatisticsTable.spec.ts (3 tests) 53ms
stdout | components/mobile/__tests__/MobileTeamMessages.spec.ts
serverStore: Initializing server config
serverStore: Not in Electron environment. Skipping server initialization.

stderr | electron/browser/__tests__/browser-tab-manager.spec.ts
Warning: KaTeX doesn't work in quirks mode. Make sure your website has a suitable doctype.

stderr | components/workspace/tools/__tests__/TerminalPanel.spec.ts
Warning: KaTeX doesn't work in quirks mode. Make sure your website has a suitable doctype.

stdout | components/memory/__tests__/AgentTeamMemoryDetail.spec.ts
serverStore: Initializing server config
serverStore: Not in Electron environment. Skipping server initialization.

 ✓ components/memory/__tests__/AgentTeamMemoryDetail.spec.ts (1 test) 39ms
 ✓ components/mobile/__tests__/MobileTeamMessages.spec.ts (2 tests) 56ms
stderr | components/settings/__tests__/MemorySyncCard.spec.ts
Warning: KaTeX doesn't work in quirks mode. Make sure your website has a suitable doctype.

stdout | components/workspace/tools/__tests__/TerminalPanel.spec.ts
serverStore: Initializing server config
serverStore: Not in Electron environment. Skipping server initialization.

stdout | electron/browser/__tests__/browser-tab-manager.spec.ts
serverStore: Initializing server config
serverStore: Not in Electron environment. Skipping server initialization.

stderr | stores/__tests__/voiceInputStore.spec.ts
Warning: KaTeX doesn't work in quirks mode. Make sure your website has a suitable doctype.

 ✓ components/workspace/tools/__tests__/TerminalPanel.spec.ts (5 tests) 31ms
 ✓ electron/browser/__tests__/browser-tab-manager.spec.ts (14 tests) 79ms
stderr | components/workspace/skill-improvement/__tests__/SkillImprovementComposerCta.spec.ts
Warning: KaTeX doesn't work in quirks mode. Make sure your website has a suitable doctype.

stdout | components/settings/__tests__/MemorySyncCard.spec.ts
serverStore: Initializing server config
serverStore: Not in Electron environment. Skipping server initialization.

stderr | components/settings/__tests__/ServerSettingsCompactionFailure.spec.ts
Warning: KaTeX doesn't work in quirks mode. Make sure your website has a suitable doctype.

stderr | components/workspace/team/__tests__/TeamDelegatedTaskNavigator.spec.ts
Warning: KaTeX doesn't work in quirks mode. Make sure your website has a suitable doctype.

 ✓ components/settings/__tests__/MemorySyncCard.spec.ts (4 tests) 56ms
stderr | localization/messages/__tests__/zhCnGlossaryConsistency.spec.ts
Warning: KaTeX doesn't work in quirks mode. Make sure your website has a suitable doctype.

stdout | stores/__tests__/voiceInputStore.spec.ts
serverStore: Initializing server config
serverStore: Not in Electron environment. Skipping server initialization.

stderr | components/agentTeams/__tests__/AgentTeamList.spec.ts
Warning: KaTeX doesn't work in quirks mode. Make sure your website has a suitable doctype.

stdout | components/workspace/skill-improvement/__tests__/SkillImprovementComposerCta.spec.ts
serverStore: Initializing server config
serverStore: Not in Electron environment. Skipping server initialization.

 ✓ stores/__tests__/voiceInputStore.spec.ts (16 tests) 82ms
 ✓ components/workspace/skill-improvement/__tests__/SkillImprovementComposerCta.spec.ts (6 tests) 83ms
stdout | components/workspace/team/__tests__/TeamDelegatedTaskNavigator.spec.ts
serverStore: Initializing server config
serverStore: Not in Electron environment. Skipping server initialization.

stdout | components/settings/__tests__/ServerSettingsCompactionFailure.spec.ts
serverStore: Initializing server config
serverStore: Not in Electron environment. Skipping server initialization.

 ✓ components/workspace/team/__tests__/TeamDelegatedTaskNavigator.spec.ts (4 tests) 55ms
 ✓ components/settings/__tests__/ServerSettingsCompactionFailure.spec.ts (2 tests) 62ms
stderr | electron/server/__tests__/BaseServerManager.spec.ts
Warning: KaTeX doesn't work in quirks mode. Make sure your website has a suitable doctype.

stdout | localization/messages/__tests__/zhCnGlossaryConsistency.spec.ts
serverStore: Initializing server config
serverStore: Not in Electron environment. Skipping server initialization.

stderr | components/applications/__tests__/ApplicationLaunchSetupPanel.spec.ts
Warning: KaTeX doesn't work in quirks mode. Make sure your website has a suitable doctype.

 ✓ localization/messages/__tests__/zhCnGlossaryConsistency.spec.ts (2 tests) 101ms
stdout | components/agentTeams/__tests__/AgentTeamList.spec.ts
serverStore: Initializing server config
serverStore: Not in Electron environment. Skipping server initialization.

 ✓ components/agentTeams/__tests__/AgentTeamList.spec.ts (4 tests) 29ms
stderr | components/settings/__tests__/ProviderAPIKeyManager.spec.ts
Warning: KaTeX doesn't work in quirks mode. Make sure your website has a suitable doctype.

stdout | electron/server/__tests__/BaseServerManager.spec.ts
serverStore: Initializing server config
serverStore: Not in Electron environment. Skipping server initialization.

stderr | components/settings/__tests__/SkillImprovementFeatureToggleCard.spec.ts
Warning: KaTeX doesn't work in quirks mode. Make sure your website has a suitable doctype.

stdout | components/applications/__tests__/ApplicationLaunchSetupPanel.spec.ts
serverStore: Initializing server config
serverStore: Not in Electron environment. Skipping server initialization.

 ✓ electron/server/__tests__/BaseServerManager.spec.ts (4 tests) 75ms
stderr | components/applications/__tests__/ApplicationImmersiveControlPanel.spec.ts
Warning: KaTeX doesn't work in quirks mode. Make sure your website has a suitable doctype.

stdout | components/settings/__tests__/ProviderAPIKeyManager.spec.ts
serverStore: Initializing server config
serverStore: Not in Electron environment. Skipping server initialization.

 ✓ components/applications/__tests__/ApplicationLaunchSetupPanel.spec.ts (2 tests) 45ms
stderr | components/workspace/team/__tests__/TeamTaskReferenceViewer.spec.ts
Warning: KaTeX doesn't work in quirks mode. Make sure your website has a suitable doctype.

stderr | components/settings/__tests__/LiveResponseStreamingCard.spec.ts
Warning: KaTeX doesn't work in quirks mode. Make sure your website has a suitable doctype.

stderr | components/settings/__tests__/ProviderAPIKeyManager.spec.ts > ProviderAPIKeyManager > renders the canonical provider group and ordinary editor
[Vue warn]: Invalid prop: type check failed for prop "hasStaleResult". Expected Boolean, got Undefined
  at <ProviderModelBrowser providers= [
  {
    id: 'OPENAI',
    name: 'OpenAI',
    label: 'OpenAI',
    totalModels: 1,
    isCustom: false,
    providerType: 'OPENAI',
    baseUrl: null,
    apiKeyConfigured: true,
    catalogMode: 'STATIC'
  }
] selected-provider-id="OPENAI" selected-provider-label="OpenAI"  ... >
  at <ProviderAPIKeyManager ref="VTU_COMPONENT" >
  at <VTUROOT>
[Vue warn]: Invalid prop: type check failed for prop "hasStaleResult". Expected Boolean, got Undefined
  at <ProviderModelSection llm-models= [
  {
    modelIdentifier: 'gpt-4.1',
    name: 'GPT 4.1',
    providerType: 'OPENAI'
  }
] audio-models= [] image-models= []  ... >
  at <ProviderModelBrowser providers= [
  {
    id: 'OPENAI',
    name: 'OpenAI',
    label: 'OpenAI',
    totalModels: 1,
    isCustom: false,
    providerType: 'OPENAI',
    baseUrl: null,
    apiKeyConfigured: true,
    catalogMode: 'STATIC'
  }
] selected-provider-id="OPENAI" selected-provider-label="OpenAI"  ... >
  at <ProviderAPIKeyManager ref="VTU_COMPONENT" >
  at <VTUROOT>

stderr | components/settings/__tests__/ProviderAPIKeyManager.spec.ts > ProviderAPIKeyManager > renders the draft custom-provider path without credential-status gating
[Vue warn]: Invalid prop: type check failed for prop "hasStaleResult". Expected Boolean, got Undefined
  at <ProviderModelBrowser providers= [
  {
    id: '__new_custom_provider__',
    name: 'New Provider',
    label: 'New Provider',
    totalModels: 1,
    isCustom: true,
    providerType: 'OPENAI',
    baseUrl: null,
    apiKeyConfigured: false,
    catalogMode: 'STATIC',
    isDraft: true
  }
] selected-provider-id="__new_custom_provider__" selected-provider-label="New Provider"  ... >
  at <ProviderAPIKeyManager ref="VTU_COMPONENT" >
  at <VTUROOT>
[Vue warn]: Invalid prop: type check failed for prop "hasStaleResult". Expected Boolean, got Undefined
  at <ProviderModelSection llm-models= [
  {
    modelIdentifier: 'gpt-4.1',
    name: 'GPT 4.1',
    providerType: 'OPENAI'
  }
] audio-models= [] image-models= []  ... >
  at <ProviderModelBrowser providers= [
  {
    id: '__new_custom_provider__',
    name: 'New Provider',
    label: 'New Provider',
    totalModels: 1,
    isCustom: true,
    providerType: 'OPENAI',
    baseUrl: null,
    apiKeyConfigured: false,
    catalogMode: 'STATIC',
    isDraft: true
  }
] selected-provider-id="__new_custom_provider__" selected-provider-label="New Provider"  ... >
  at <ProviderAPIKeyManager ref="VTU_COMPONENT" >
  at <VTUROOT>

stderr | components/settings/__tests__/ProviderAPIKeyManager.spec.ts > ProviderAPIKeyManager > renders custom details and wires exact-provider delete
[Vue warn]: Invalid prop: type check failed for prop "hasStaleResult". Expected Boolean, got Undefined
  at <ProviderModelBrowser providers= [
  {
    id: 'OPENAI',
    name: 'OpenAI',
    label: 'OpenAI',
    totalModels: 1,
    isCustom: false,
    providerType: 'OPENAI',
    baseUrl: null,
    apiKeyConfigured: true,
    catalogMode: 'STATIC'
  }
] selected-provider-id="provider_gateway" selected-provider-label="Gateway"  ... >
  at <ProviderAPIKeyManager ref="VTU_COMPONENT" >
  at <VTUROOT>
[Vue warn]: Invalid prop: type check failed for prop "hasStaleResult". Expected Boolean, got Undefined
  at <ProviderModelSection llm-models= [
  {
    modelIdentifier: 'gpt-4.1',
    name: 'GPT 4.1',
    providerType: 'OPENAI'
  }
] audio-models= [] image-models= []  ... >
  at <ProviderModelBrowser providers= [
  {
    id: 'OPENAI',
    name: 'OpenAI',
    label: 'OpenAI',
    totalModels: 1,
    isCustom: false,
    providerType: 'OPENAI',
    baseUrl: null,
    apiKeyConfigured: true,
    catalogMode: 'STATIC'
  }
] selected-provider-id="provider_gateway" selected-provider-label="Gateway"  ... >
  at <ProviderAPIKeyManager ref="VTU_COMPONENT" >
  at <VTUROOT>

stderr | components/settings/__tests__/ProviderAPIKeyManager.spec.ts > ProviderAPIKeyManager > renders tight Gemini state and wires the specialized UI action
[Vue warn]: Invalid prop: type check failed for prop "hasStaleResult". Expected Boolean, got Undefined
  at <ProviderModelBrowser providers= [
  {
    id: 'OPENAI',
    name: 'OpenAI',
    label: 'OpenAI',
    totalModels: 1,
    isCustom: false,
    providerType: 'OPENAI',
    baseUrl: null,
    apiKeyConfigured: true,
    catalogMode: 'STATIC'
  }
] selected-provider-id="GEMINI" selected-provider-label="Gemini"  ... >
  at <ProviderAPIKeyManager ref="VTU_COMPONENT" >
  at <VTUROOT>
[Vue warn]: Invalid prop: type check failed for prop "hasStaleResult". Expected Boolean, got Undefined
  at <ProviderModelSection llm-models= [
  {
    modelIdentifier: 'gpt-4.1',
    name: 'GPT 4.1',
    providerType: 'OPENAI'
  }
] audio-models= [] image-models= []  ... >
  at <ProviderModelBrowser providers= [
  {
    id: 'OPENAI',
    name: 'OpenAI',
    label: 'OpenAI',
    totalModels: 1,
    isCustom: false,
    providerType: 'OPENAI',
    baseUrl: null,
    apiKeyConfigured: true,
    catalogMode: 'STATIC'
  }
] selected-provider-id="GEMINI" selected-provider-label="Gemini"  ... >
  at <ProviderAPIKeyManager ref="VTU_COMPONENT" >
  at <VTUROOT>

stderr | components/settings/__tests__/ProviderAPIKeyManager.spec.ts > ProviderAPIKeyManager > renders the dedicated Qwen pair form instead of the generic key editor
[Vue warn]: Invalid prop: type check failed for prop "hasStaleResult". Expected Boolean, got Undefined
  at <ProviderModelBrowser providers= [
  {
    id: 'OPENAI',
    name: 'OpenAI',
    label: 'OpenAI',
    totalModels: 1,
    isCustom: false,
    providerType: 'OPENAI',
    baseUrl: null,
    apiKeyConfigured: true,
    catalogMode: 'STATIC'
  }
] selected-provider-id="QWEN" selected-provider-label="Qwen"  ... >
  at <ProviderAPIKeyManager ref="VTU_COMPONENT" >
  at <VTUROOT>
[Vue warn]: Invalid prop: type check failed for prop "hasStaleResult". Expected Boolean, got Undefined
  at <ProviderModelSection llm-models= [
  {
    modelIdentifier: 'gpt-4.1',
    name: 'GPT 4.1',
    providerType: 'OPENAI'
  }
] audio-models= [] image-models= []  ... >
  at <ProviderModelBrowser providers= [
  {
    id: 'OPENAI',
    name: 'OpenAI',
    label: 'OpenAI',
    totalModels: 1,
    isCustom: false,
    providerType: 'OPENAI',
    baseUrl: null,
    apiKeyConfigured: true,
    catalogMode: 'STATIC'
  }
] selected-provider-id="QWEN" selected-provider-label="Qwen"  ... >
  at <ProviderAPIKeyManager ref="VTU_COMPONENT" >
  at <VTUROOT>

stderr | components/settings/__tests__/ProviderAPIKeyManager.spec.ts > ProviderAPIKeyManager > renders post-commit refresh warnings distinctly from save failures
[Vue warn]: Invalid prop: type check failed for prop "hasStaleResult". Expected Boolean, got Undefined
  at <ProviderModelBrowser providers= [
  {
    id: 'OPENAI',
    name: 'OpenAI',
    label: 'OpenAI',
    totalModels: 1,
    isCustom: false,
    providerType: 'OPENAI',
    baseUrl: null,
    apiKeyConfigured: true,
    catalogMode: 'STATIC'
  }
] selected-provider-id="OPENAI" selected-provider-label="OpenAI"  ... >
  at <ProviderAPIKeyManager ref="VTU_COMPONENT" >
  at <VTUROOT>
[Vue warn]: Invalid prop: type check failed for prop "hasStaleResult". Expected Boolean, got Undefined
  at <ProviderModelSection llm-models= [
  {
    modelIdentifier: 'gpt-4.1',
    name: 'GPT 4.1',
    providerType: 'OPENAI'
  }
] audio-models= [] image-models= []  ... >
  at <ProviderModelBrowser providers= [
  {
    id: 'OPENAI',
    name: 'OpenAI',
    label: 'OpenAI',
    totalModels: 1,
    isCustom: false,
    providerType: 'OPENAI',
    baseUrl: null,
    apiKeyConfigured: true,
    catalogMode: 'STATIC'
  }
] selected-provider-id="OPENAI" selected-provider-label="OpenAI"  ... >
  at <ProviderAPIKeyManager ref="VTU_COMPONENT" >
  at <VTUROOT>

 ✓ components/settings/__tests__/ProviderAPIKeyManager.spec.ts (6 tests) 42ms
stderr | stores/__tests__/agentContextsStore.spec.ts
Warning: KaTeX doesn't work in quirks mode. Make sure your website has a suitable doctype.

stdout | components/settings/__tests__/SkillImprovementFeatureToggleCard.spec.ts
serverStore: Initializing server config
serverStore: Not in Electron environment. Skipping server initialization.

 ✓ components/settings/__tests__/SkillImprovementFeatureToggleCard.spec.ts (3 tests) 25ms
stdout | components/applications/__tests__/ApplicationImmersiveControlPanel.spec.ts
serverStore: Initializing server config
serverStore: Not in Electron environment. Skipping server initialization.

stderr | stores/__tests__/workspaceStore.spec.ts
Warning: KaTeX doesn't work in quirks mode. Make sure your website has a suitable doctype.

 ✓ components/applications/__tests__/ApplicationImmersiveControlPanel.spec.ts (5 tests) 39ms
stdout | components/settings/__tests__/LiveResponseStreamingCard.spec.ts
serverStore: Initializing server config
serverStore: Not in Electron environment. Skipping server initialization.

stdout | components/workspace/team/__tests__/TeamTaskReferenceViewer.spec.ts
serverStore: Initializing server config
serverStore: Not in Electron environment. Skipping server initialization.

 ✓ components/settings/__tests__/LiveResponseStreamingCard.spec.ts (8 tests) 46ms
stderr | composables/__tests__/useRightPanel.spec.ts
Warning: KaTeX doesn't work in quirks mode. Make sure your website has a suitable doctype.

stdout | stores/__tests__/agentContextsStore.spec.ts
serverStore: Initializing server config
serverStore: Not in Electron environment. Skipping server initialization.

 ✓ components/workspace/team/__tests__/TeamTaskReferenceViewer.spec.ts (2 tests) 47ms
 ✓ stores/__tests__/agentContextsStore.spec.ts (10 tests) 13ms
stderr | components/progress/__tests__/SystemInstructionActivityItem.spec.ts
Warning: KaTeX doesn't work in quirks mode. Make sure your website has a suitable doctype.

stdout | stores/__tests__/workspaceStore.spec.ts
serverStore: Initializing server config
serverStore: Not in Electron environment. Skipping server initialization.

stderr | services/__tests__/api.nodeRouting.spec.ts
Warning: KaTeX doesn't work in quirks mode. Make sure your website has a suitable doctype.

stderr | stores/__tests__/workspaceStore.spec.ts > workspaceStore > createWorkspace > throws error if mutation fails
Error creating workspace metadata: Error: GraphQL Error
    at Proxy.createWorkspace (/Users/normy/autobyteus_org/autobyteus-worktrees/universal-application-framework-latest-personal-integration/autobyteus-web/stores/workspace.ts:190:17)
    at processTicksAndRejections (node:internal/process/task_queues:103:5)

stdout | stores/__tests__/workspaceStore.spec.ts > workspaceStore > createWorkspace > replaces stale metadata entries with the same root path and clears file-explorer state
[Workspace] Disconnected from file system watcher for workspace: stale-ws

stderr | stores/__tests__/workspaceStore.spec.ts > workspaceStore > fetchAllWorkspaces > ignores stale query results when backend binding revision changes mid-flight
[Workspace] Ignoring workspace query result for stale revision 1; current revision is 2

stdout | stores/__tests__/workspaceStore.spec.ts > workspaceStore > removeWorkspace > removes workspace metadata and clears file explorer live state after backend success
[Workspace] Disconnected from file system watcher for workspace: ws-remove

stderr | stores/__tests__/workspaceStore.spec.ts > workspaceStore > removeWorkspace > keeps workspace and file explorer state when backend removal fails
Error removing workspace: Error: Stop active runs before removing this workspace.
    at removeWorkspaceForStore (/Users/normy/autobyteus_org/autobyteus-worktrees/universal-application-framework-latest-personal-integration/autobyteus-web/stores/workspaceRemovalActions.ts:40:11)
    at processTicksAndRejections (node:internal/process/task_queues:103:5)
    at Proxy.removeWorkspace (/Users/normy/autobyteus_org/autobyteus-worktrees/universal-application-framework-latest-personal-integration/autobyteus-web/stores/workspace.ts:217:16)

stdout | stores/__tests__/workspaceStore.spec.ts > workspaceStore > resetWorkspaceStateForBackendContextChange > disconnects all streams and clears metadata/file-explorer state without reload
[Workspace] Resetting workspace state due to backend_context_changed
[Workspace] Disconnected from file system watcher for workspace: ws-1

stdout | stores/__tests__/workspaceStore.spec.ts > workspaceStore > file explorer live sessions > opens one stream for multiple visible consumers and disconnects after final release
[Workspace] Connecting to file system changes for workspace: ws-1
[Workspace] Disconnected from file system watcher for workspace: ws-1

stdout | stores/__tests__/workspaceStore.spec.ts > workspaceStore > file explorer live sessions > returns an idempotent release function for duplicate consumer acquisition
[Workspace] Connecting to file system changes for workspace: ws-1
[Workspace] Disconnected from file system watcher for workspace: ws-1

stdout | stores/__tests__/workspaceStore.spec.ts > workspaceStore > file explorer live sessions > refreshes already-open folders in fileExplorerStore when a visible file explorer is reacquired
[Workspace] Connecting to file system changes for workspace: ws-1

stdout | stores/__tests__/workspaceStore.spec.ts > workspaceStore > file explorer live sessions > aborts snapshot refresh generation and ignores late folder responses after final release
[Workspace] Connecting to file system changes for workspace: ws-1
[Workspace] Disconnected from file system watcher for workspace: ws-1

 ✓ stores/__tests__/workspaceStore.spec.ts (14 tests) 35ms
stderr | components/skills/SkillsList.spec.ts
Warning: KaTeX doesn't work in quirks mode. Make sure your website has a suitable doctype.

stdout | composables/__tests__/useRightPanel.spec.ts
serverStore: Initializing server config
serverStore: Not in Electron environment. Skipping server initialization.

stderr | components/workspace/team/__tests__/TeamDelegatedTaskItemDetail.spec.ts
Warning: KaTeX doesn't work in quirks mode. Make sure your website has a suitable doctype.

 ✓ composables/__tests__/useRightPanel.spec.ts (7 tests) 83ms
stdout | components/progress/__tests__/SystemInstructionActivityItem.spec.ts
serverStore: Initializing server config
serverStore: Not in Electron environment. Skipping server initialization.

 ✓ components/progress/__tests__/SystemInstructionActivityItem.spec.ts (1 test) 43ms
stdout | services/__tests__/api.nodeRouting.spec.ts
serverStore: Initializing server config
serverStore: Not in Electron environment. Skipping server initialization.

stderr | components/fileExplorer/__tests__/FileExplorerTabs.spec.ts
Warning: KaTeX doesn't work in quirks mode. Make sure your website has a suitable doctype.

 ✓ services/__tests__/api.nodeRouting.spec.ts (3 tests) 61ms
stdout | components/skills/SkillsList.spec.ts
serverStore: Initializing server config
serverStore: Not in Electron environment. Skipping server initialization.

stderr | components/workspace/agent/__tests__/ArtifactsTab.spec.ts
Warning: KaTeX doesn't work in quirks mode. Make sure your website has a suitable doctype.

stderr | components/settings/__tests__/CodexFullAccessCard.spec.ts
Warning: KaTeX doesn't work in quirks mode. Make sure your website has a suitable doctype.

stdout | components/workspace/team/__tests__/TeamDelegatedTaskItemDetail.spec.ts
serverStore: Initializing server config
serverStore: Not in Electron environment. Skipping server initialization.

 ✓ components/skills/SkillsList.spec.ts (3 tests) 55ms
 ✓ components/workspace/team/__tests__/TeamDelegatedTaskItemDetail.spec.ts (8 tests) 55ms
stderr | components/tools/__tests__/McpServerFormModal.spec.ts
Warning: KaTeX doesn't work in quirks mode. Make sure your website has a suitable doctype.

stdout | components/fileExplorer/__tests__/FileExplorerTabs.spec.ts
serverStore: Initializing server config
serverStore: Not in Electron environment. Skipping server initialization.

stdout | components/workspace/agent/__tests__/ArtifactsTab.spec.ts
serverStore: Initializing server config
serverStore: Not in Electron environment. Skipping server initialization.

stderr | components/conversation/segments/__tests__/ThinkSegment.spec.ts
Warning: KaTeX doesn't work in quirks mode. Make sure your website has a suitable doctype.

stdout | components/settings/__tests__/CodexFullAccessCard.spec.ts
serverStore: Initializing server config
serverStore: Not in Electron environment. Skipping server initialization.

 ✓ components/fileExplorer/__tests__/FileExplorerTabs.spec.ts (2 tests) 21ms
stderr | components/settings/__tests__/PhoneSetupGuideCard.spec.ts
Warning: KaTeX doesn't work in quirks mode. Make sure your website has a suitable doctype.

 ✓ components/workspace/agent/__tests__/ArtifactsTab.spec.ts (3 tests) 37ms
 ✓ components/settings/__tests__/CodexFullAccessCard.spec.ts (10 tests) 76ms
stderr | components/app/__tests__/AppUpdateNotice.spec.ts
Warning: KaTeX doesn't work in quirks mode. Make sure your website has a suitable doctype.

stdout | components/tools/__tests__/McpServerFormModal.spec.ts
serverStore: Initializing server config
serverStore: Not in Electron environment. Skipping server initialization.

 ✓ components/tools/__tests__/McpServerFormModal.spec.ts (7 tests) 71ms
stderr | components/mobile/__tests__/MobileFileViewer.spec.ts
Warning: KaTeX doesn't work in quirks mode. Make sure your website has a suitable doctype.

stdout | components/conversation/segments/__tests__/ThinkSegment.spec.ts
serverStore: Initializing server config
serverStore: Not in Electron environment. Skipping server initialization.

stderr | components/workspace/agent/__tests__/ArtifactList.spec.ts
Warning: KaTeX doesn't work in quirks mode. Make sure your website has a suitable doctype.

stdout | components/settings/__tests__/PhoneSetupGuideCard.spec.ts
serverStore: Initializing server config
serverStore: Not in Electron environment. Skipping server initialization.

 ✓ components/conversation/segments/__tests__/ThinkSegment.spec.ts (2 tests) 33ms
 ✓ components/settings/__tests__/PhoneSetupGuideCard.spec.ts (2 tests) 19ms
stdout | components/app/__tests__/AppUpdateNotice.spec.ts
serverStore: Initializing server config
serverStore: Not in Electron environment. Skipping server initialization.

 ✓ components/app/__tests__/AppUpdateNotice.spec.ts (7 tests) 18ms
stdout | components/mobile/__tests__/MobileFileViewer.spec.ts
serverStore: Initializing server config
serverStore: Not in Electron environment. Skipping server initialization.

stderr | components/settings/messaging/__tests__/SetupVerificationCard.spec.ts
Warning: KaTeX doesn't work in quirks mode. Make sure your website has a suitable doctype.

stderr | components/conversation/segments/__tests__/TextSegment.spec.ts
Warning: KaTeX doesn't work in quirks mode. Make sure your website has a suitable doctype.

stderr | components/conversation/segments/__tests__/InterAgentMessageSegment.spec.ts
Warning: KaTeX doesn't work in quirks mode. Make sure your website has a suitable doctype.

stdout | components/workspace/agent/__tests__/ArtifactList.spec.ts
serverStore: Initializing server config
serverStore: Not in Electron environment. Skipping server initialization.

 ✓ components/workspace/agent/__tests__/ArtifactList.spec.ts (4 tests) 27ms
 ✓ components/mobile/__tests__/MobileFileViewer.spec.ts (7 tests) 46ms
stderr | services/teamExecution/__tests__/teamExecutionViewState.spec.ts
Warning: KaTeX doesn't work in quirks mode. Make sure your website has a suitable doctype.

stdout | components/settings/messaging/__tests__/SetupVerificationCard.spec.ts
serverStore: Initializing server config
serverStore: Not in Electron environment. Skipping server initialization.

stdout | components/conversation/segments/__tests__/TextSegment.spec.ts
serverStore: Initializing server config
serverStore: Not in Electron environment. Skipping server initialization.

stdout | components/conversation/segments/__tests__/InterAgentMessageSegment.spec.ts
serverStore: Initializing server config
serverStore: Not in Electron environment. Skipping server initialization.

stderr | components/settings/__tests__/DockerNodeStartGuideCard.spec.ts
Warning: KaTeX doesn't work in quirks mode. Make sure your website has a suitable doctype.

stderr | components/workspace/running/__tests__/RunningAgentsPanel.spec.ts
Warning: KaTeX doesn't work in quirks mode. Make sure your website has a suitable doctype.

 ✓ components/settings/messaging/__tests__/SetupVerificationCard.spec.ts (4 tests) 32ms
 ✓ components/conversation/segments/__tests__/TextSegment.spec.ts (3 tests) 33ms
 ✓ components/conversation/segments/__tests__/InterAgentMessageSegment.spec.ts (8 tests) 93ms
stdout | services/teamExecution/__tests__/teamExecutionViewState.spec.ts
serverStore: Initializing server config
serverStore: Not in Electron environment. Skipping server initialization.

 ✓ services/teamExecution/__tests__/teamExecutionViewState.spec.ts (5 tests) 14ms
stderr | components/applications/__tests__/ApplicationSurface.spec.ts
Warning: KaTeX doesn't work in quirks mode. Make sure your website has a suitable doctype.

stderr | components/settings/token-usage/analytics/__tests__/TokenUsageAnalyticsStates.spec.ts
Warning: KaTeX doesn't work in quirks mode. Make sure your website has a suitable doctype.

stdout | components/settings/__tests__/DockerNodeStartGuideCard.spec.ts
serverStore: Initializing server config
serverStore: Not in Electron environment. Skipping server initialization.

stdout | components/workspace/running/__tests__/RunningAgentsPanel.spec.ts
serverStore: Initializing server config
serverStore: Not in Electron environment. Skipping server initialization.

stderr | stores/__tests__/activeContextStore.spec.ts
Warning: KaTeX doesn't work in quirks mode. Make sure your website has a suitable doctype.

 ✓ components/settings/__tests__/DockerNodeStartGuideCard.spec.ts (3 tests) 33ms
stdout | components/applications/__tests__/ApplicationSurface.spec.ts
serverStore: Initializing server config
serverStore: Not in Electron environment. Skipping server initialization.

 ✓ components/workspace/running/__tests__/RunningAgentsPanel.spec.ts (4 tests) 36ms
stdout | components/applications/__tests__/ApplicationSurface.spec.ts > ApplicationSurface > keeps the iframe canvas hidden behind an opaque host reveal gate until bootstrap delivery succeeds
[ApplicationSurface] committed launch descriptor applicationId=bundle-app__pkg__sample-app iframeLaunchId=bundle-app__pkg__sample-app::iframe-launch-1 entryHtmlUrl=http://127.0.0.1:43123/rest/application-bundles/sample-app/assets/ui/index.html
[ApplicationSurface] accepted ready event applicationId=bundle-app__pkg__sample-app iframeLaunchId=bundle-app__pkg__sample-app::iframe-launch-1 origin=http://127.0.0.1:43123

stdout | components/applications/__tests__/ApplicationSurface.spec.ts > ApplicationSurface > ignores stale ready signals that do not match the active launch descriptor
[ApplicationSurface] committed launch descriptor applicationId=bundle-app__pkg__sample-app iframeLaunchId=bundle-app__pkg__sample-app::iframe-launch-1 entryHtmlUrl=http://127.0.0.1:43123/rest/application-bundles/sample-app/assets/ui/index.html

stdout | components/applications/__tests__/ApplicationSurface.spec.ts > ApplicationSurface > keeps bootstrap failures inside the transition state and allows retry without revealing the canvas
[ApplicationSurface] committed launch descriptor applicationId=bundle-app__pkg__sample-app iframeLaunchId=bundle-app__pkg__sample-app::iframe-launch-1 entryHtmlUrl=http://127.0.0.1:43123/rest/application-bundles/sample-app/assets/ui/index.html

stderr | components/applications/__tests__/ApplicationSurface.spec.ts > ApplicationSurface > keeps bootstrap failures inside the transition state and allows retry without revealing the canvas
[ApplicationSurface] launch failed applicationId=bundle-app__pkg__sample-app iframeLaunchId=bundle-app__pkg__sample-app::iframe-launch-1 message=Bootstrap bridge failed

stdout | components/applications/__tests__/ApplicationSurface.spec.ts > ApplicationSurface > keeps bootstrap failures inside the transition state and allows retry without revealing the canvas
[ApplicationSurface] committed launch descriptor applicationId=bundle-app__pkg__sample-app iframeLaunchId=bundle-app__pkg__sample-app::iframe-launch-1 entryHtmlUrl=http://127.0.0.1:43123/rest/application-bundles/sample-app/assets/ui/index.html

 ✓ components/applications/__tests__/ApplicationSurface.spec.ts (4 tests) 25ms
stderr | stores/__tests__/applicationHostStore.spec.ts
Warning: KaTeX doesn't work in quirks mode. Make sure your website has a suitable doctype.

stdout | components/settings/token-usage/analytics/__tests__/TokenUsageAnalyticsStates.spec.ts
serverStore: Initializing server config
serverStore: Not in Electron environment. Skipping server initialization.

stderr | components/tabs/__tests__/TabList.spec.ts
Warning: KaTeX doesn't work in quirks mode. Make sure your website has a suitable doctype.

stdout | stores/__tests__/activeContextStore.spec.ts
serverStore: Initializing server config
serverStore: Not in Electron environment. Skipping server initialization.

 ✓ components/settings/token-usage/analytics/__tests__/TokenUsageAnalyticsStates.spec.ts (3 tests) 45ms
stderr | components/agentInput/__tests__/ContextFilePathInputArea.spec.ts
Warning: KaTeX doesn't work in quirks mode. Make sure your website has a suitable doctype.

stderr | components/fileExplorer/__tests__/MonacoEditor.spec.ts
Warning: KaTeX doesn't work in quirks mode. Make sure your website has a suitable doctype.

 ✓ stores/__tests__/activeContextStore.spec.ts (6 tests) 19ms
stdout | stores/__tests__/applicationHostStore.spec.ts
serverStore: Initializing server config
serverStore: Not in Electron environment. Skipping server initialization.

stdout | components/tabs/__tests__/TabList.spec.ts
serverStore: Initializing server config
serverStore: Not in Electron environment. Skipping server initialization.

stderr | components/settings/messaging/__tests__/ScannableQrCodePanel.spec.ts
Warning: KaTeX doesn't work in quirks mode. Make sure your website has a suitable doctype.

 ✓ stores/__tests__/applicationHostStore.spec.ts (2 tests) 58ms
 ✓ components/tabs/__tests__/TabList.spec.ts (5 tests) 26ms
stdout | components/agentInput/__tests__/ContextFilePathInputArea.spec.ts
serverStore: Initializing server config
serverStore: Not in Electron environment. Skipping server initialization.

stdout | components/fileExplorer/__tests__/MonacoEditor.spec.ts
serverStore: Initializing server config
serverStore: Not in Electron environment. Skipping server initialization.

 ✓ components/agentInput/__tests__/ContextFilePathInputArea.spec.ts (5 tests) 82ms
 ✓ components/fileExplorer/__tests__/MonacoEditor.spec.ts (3 tests) 70ms
stderr | components/skills/SkillDetail.spec.ts
Warning: KaTeX doesn't work in quirks mode. Make sure your website has a suitable doctype.

stderr | components/conversation/__tests__/AIMessage.spec.ts
Warning: KaTeX doesn't work in quirks mode. Make sure your website has a suitable doctype.

stdout | components/settings/messaging/__tests__/ScannableQrCodePanel.spec.ts
serverStore: Initializing server config
serverStore: Not in Electron environment. Skipping server initialization.

stderr | components/layout/__tests__/LeftSidebarStrip.spec.ts
Warning: KaTeX doesn't work in quirks mode. Make sure your website has a suitable doctype.

 ✓ components/settings/messaging/__tests__/ScannableQrCodePanel.spec.ts (2 tests) 25ms
stdout | components/skills/SkillDetail.spec.ts
serverStore: Initializing server config
serverStore: Not in Electron environment. Skipping server initialization.

stderr | stores/__tests__/agentRunStore.spec.ts
Warning: KaTeX doesn't work in quirks mode. Make sure your website has a suitable doctype.

stdout | components/conversation/__tests__/AIMessage.spec.ts
serverStore: Initializing server config
serverStore: Not in Electron environment. Skipping server initialization.

stderr | components/settings/__tests__/VoiceInputExtensionCard.spec.ts
Warning: KaTeX doesn't work in quirks mode. Make sure your website has a suitable doctype.

 ✓ components/conversation/__tests__/AIMessage.spec.ts (6 tests) 31ms
stdout | components/layout/__tests__/LeftSidebarStrip.spec.ts
serverStore: Initializing server config
serverStore: Not in Electron environment. Skipping server initialization.

stderr | services/agentStreaming/__tests__/TeamStreamingService.spec.ts
Warning: KaTeX doesn't work in quirks mode. Make sure your website has a suitable doctype.

 ✓ components/skills/SkillDetail.spec.ts (4 tests) 43ms
 ✓ components/layout/__tests__/LeftSidebarStrip.spec.ts (8 tests) 71ms
stderr | components/skills/SkillSourcesModal.spec.ts
Warning: KaTeX doesn't work in quirks mode. Make sure your website has a suitable doctype.

stderr | components/conversation/__tests__/ToolCallIndicator.spec.ts
Warning: KaTeX doesn't work in quirks mode. Make sure your website has a suitable doctype.

stdout | stores/__tests__/agentRunStore.spec.ts
serverStore: Initializing server config
serverStore: Not in Electron environment. Skipping server initialization.

stderr | stores/__tests__/agentRunStore.spec.ts > agentRunStore > publishes the authoritative Error status with exact navigation when preparation fails
Error sending user input: Error: preparation failed
    at Proxy.sendUserInputAndSubscribe (/Users/normy/autobyteus_org/autobyteus-worktrees/universal-application-framework-latest-personal-integration/autobyteus-web/stores/agentRunStore.ts:189:19)
    at processTicksAndRejections (node:internal/process/task_queues:103:5)
    at /Users/normy/autobyteus_org/autobyteus-worktrees/universal-application-framework-latest-personal-integration/autobyteus-web/stores/__tests__/agentRunStore.spec.ts:270:9
    at file:///Users/normy/autobyteus_org/autobyteus-worktrees/universal-application-framework-latest-personal-integration/node_modules/.pnpm/@vitest+runner@3.2.4/node_modules/@vitest/runner/dist/chunk-hooks.js:752:20

stderr | stores/__tests__/agentRunStore.spec.ts > agentRunStore > terminateRun should not teardown local runtime when persisted termination fails
Error terminating run 'run-1': Error: failure
    at Proxy.terminateRun (/Users/normy/autobyteus_org/autobyteus-worktrees/universal-application-framework-latest-personal-integration/autobyteus-web/stores/agentRunStore.ts:404:17)
    at processTicksAndRejections (node:internal/process/task_queues:103:5)
    at /Users/normy/autobyteus_org/autobyteus-worktrees/universal-application-framework-latest-personal-integration/autobyteus-web/stores/__tests__/agentRunStore.spec.ts:463:24
    at file:///Users/normy/autobyteus_org/autobyteus-worktrees/universal-application-framework-latest-personal-integration/node_modules/.pnpm/@vitest+runner@3.2.4/node_modules/@vitest/runner/dist/chunk-hooks.js:752:20

stderr | stores/__tests__/agentRunStore.spec.ts > agentRunStore > closeAgent should keep context when backend termination fails
Error terminating run 'run-1': Error: failure
    at Proxy.terminateRun (/Users/normy/autobyteus_org/autobyteus-worktrees/universal-application-framework-latest-personal-integration/autobyteus-web/stores/agentRunStore.ts:404:17)
    at processTicksAndRejections (node:internal/process/task_queues:103:5)
    at Proxy.closeAgent (/Users/normy/autobyteus_org/autobyteus-worktrees/universal-application-framework-latest-personal-integration/autobyteus-web/stores/agentRunStore.ts:428:28)
    at /Users/normy/autobyteus_org/autobyteus-worktrees/universal-application-framework-latest-personal-integration/autobyteus-web/stores/__tests__/agentRunStore.spec.ts:519:9
    at file:///Users/normy/autobyteus_org/autobyteus-worktrees/universal-application-framework-latest-personal-integration/node_modules/.pnpm/@vitest+runner@3.2.4/node_modules/@vitest/runner/dist/chunk-hooks.js:752:20

 ✓ stores/__tests__/agentRunStore.spec.ts (17 tests) 20ms
stdout | components/settings/__tests__/VoiceInputExtensionCard.spec.ts
serverStore: Initializing server config
serverStore: Not in Electron environment. Skipping server initialization.

stderr | components/settings/messaging/__tests__/GatewayConnectionCard.spec.ts
Warning: KaTeX doesn't work in quirks mode. Make sure your website has a suitable doctype.

stdout | services/agentStreaming/__tests__/TeamStreamingService.spec.ts
serverStore: Initializing server config
serverStore: Not in Electron environment. Skipping server initialization.

 ✓ components/settings/__tests__/VoiceInputExtensionCard.spec.ts (8 tests) 48ms
stdout | services/agentStreaming/__tests__/TeamStreamingService.spec.ts > TeamStreamingService current AgentRun event dispatch > becomes ready only after the exact connected root and complete authoritative snapshot
Team WebSocket transport connected

stdout | components/conversation/__tests__/ToolCallIndicator.spec.ts
serverStore: Initializing server config
serverStore: Not in Electron environment. Skipping server initialization.

stderr | services/agentStreaming/__tests__/TeamStreamingService.spec.ts > TeamStreamingService current AgentRun event dispatch > acts on the first rejected gap effect once and cannot revive the failed instance
Rejected Team execution message (TEAM_EXECUTION_CHANGE_SEQUENCE_GAP): Expected change sequence 1, received 2.

stderr | services/agentStreaming/__tests__/TeamStreamingService.spec.ts > TeamStreamingService current AgentRun event dispatch > rejects and stops a candidate whose snapshot base does not match
Rejected invalid Team WebSocket message: Error: TEAM_STREAM_SNAPSHOT_BASE_MISMATCH: Expected 7, received 8.
    at TeamStreamingService.dispatchMessage (/Users/normy/autobyteus_org/autobyteus-worktrees/universal-application-framework-latest-personal-integration/autobyteus-web/services/agentStreaming/TeamStreamingService.ts:257:15)
    at handleMessage (/Users/normy/autobyteus_org/autobyteus-worktrees/universal-application-framework-latest-personal-integration/autobyteus-web/services/agentStreaming/TeamStreamingService.ts:212:16)
    at emit (/Users/normy/autobyteus_org/autobyteus-worktrees/universal-application-framework-latest-personal-integration/autobyteus-web/services/agentStreaming/__tests__/TeamStreamingService.spec.ts:63:31)
    at /Users/normy/autobyteus_org/autobyteus-worktrees/universal-application-framework-latest-personal-integration/autobyteus-web/services/agentStreaming/__tests__/TeamStreamingService.spec.ts:378:5
    at file:///Users/normy/autobyteus_org/autobyteus-worktrees/universal-application-framework-latest-personal-integration/node_modules/.pnpm/@vitest+runner@3.2.4/node_modules/@vitest/runner/dist/chunk-hooks.js:155:11
    at file:///Users/normy/autobyteus_org/autobyteus-worktrees/universal-application-framework-latest-personal-integration/node_modules/.pnpm/@vitest+runner@3.2.4/node_modules/@vitest/runner/dist/chunk-hooks.js:752:26
    at file:///Users/normy/autobyteus_org/autobyteus-worktrees/universal-application-framework-latest-personal-integration/node_modules/.pnpm/@vitest+runner@3.2.4/node_modules/@vitest/runner/dist/chunk-hooks.js:1897:20
    at new Promise (<anonymous>)
    at runWithTimeout (file:///Users/normy/autobyteus_org/autobyteus-worktrees/universal-application-framework-latest-personal-integration/node_modules/.pnpm/@vitest+runner@3.2.4/node_modules/@vitest/runner/dist/chunk-hooks.js:1863:10)
    at runTest (file:///Users/normy/autobyteus_org/autobyteus-worktrees/universal-application-framework-latest-personal-integration/node_modules/.pnpm/@vitest+runner@3.2.4/node_modules/@vitest/runner/dist/chunk-hooks.js:1574:12)

 ✓ services/agentStreaming/__tests__/TeamStreamingService.spec.ts (12 tests) 42ms
stdout | components/skills/SkillSourcesModal.spec.ts
serverStore: Initializing server config
serverStore: Not in Electron environment. Skipping server initialization.

 ✓ components/conversation/__tests__/ToolCallIndicator.spec.ts (10 tests) 51ms
 ✓ components/skills/SkillSourcesModal.spec.ts (1 test) 43ms
stderr | components/settings/__tests__/ServerSettingsBasicsPanel.spec.ts
Warning: KaTeX doesn't work in quirks mode. Make sure your website has a suitable doctype.

stderr | components/fileExplorer/viewers/__tests__/ExcelViewer.spec.ts
Warning: KaTeX doesn't work in quirks mode. Make sure your website has a suitable doctype.

stdout | components/settings/messaging/__tests__/GatewayConnectionCard.spec.ts
serverStore: Initializing server config
serverStore: Not in Electron environment. Skipping server initialization.

stderr | components/layout/__tests__/RightSidebarStrip.spec.ts
Warning: KaTeX doesn't work in quirks mode. Make sure your website has a suitable doctype.

 ✓ components/settings/messaging/__tests__/GatewayConnectionCard.spec.ts (4 tests) 16ms
stderr | components/settings/__tests__/ApplicationPackagesManager.spec.ts
Warning: KaTeX doesn't work in quirks mode. Make sure your website has a suitable doctype.

stdout | components/settings/__tests__/ServerSettingsBasicsPanel.spec.ts
serverStore: Initializing server config
serverStore: Not in Electron environment. Skipping server initialization.

stdout | components/fileExplorer/viewers/__tests__/ExcelViewer.spec.ts
serverStore: Initializing server config
serverStore: Not in Electron environment. Skipping server initialization.

stdout | components/layout/__tests__/RightSidebarStrip.spec.ts
serverStore: Initializing server config
serverStore: Not in Electron environment. Skipping server initialization.

 ✓ components/fileExplorer/viewers/__tests__/ExcelViewer.spec.ts (3 tests) 17ms
stderr | components/layout/__tests__/WorkspaceRightToolDrawer.spec.ts
Warning: KaTeX doesn't work in quirks mode. Make sure your website has a suitable doctype.

 ✓ components/layout/__tests__/RightSidebarStrip.spec.ts (2 tests) 13ms
stderr | services/agentStreaming/__tests__/AgentStreamingService.spec.ts
Warning: KaTeX doesn't work in quirks mode. Make sure your website has a suitable doctype.

 ✓ components/settings/__tests__/ServerSettingsBasicsPanel.spec.ts (2 tests) 24ms
stderr | composables/__tests__/useAccessibleDrawer.spec.ts
Warning: KaTeX doesn't work in quirks mode. Make sure your website has a suitable doctype.

stderr | components/agentTeams/__tests__/SearchableGroupedSelect.spec.ts
Warning: KaTeX doesn't work in quirks mode. Make sure your website has a suitable doctype.

stdout | components/settings/__tests__/ApplicationPackagesManager.spec.ts
serverStore: Initializing server config
serverStore: Not in Electron environment. Skipping server initialization.

 ✓ components/settings/__tests__/ApplicationPackagesManager.spec.ts (5 tests) 39ms
stdout | components/layout/__tests__/WorkspaceRightToolDrawer.spec.ts
serverStore: Initializing server config
serverStore: Not in Electron environment. Skipping server initialization.

stderr | components/applications/__tests__/ApplicationIframeHost.spec.ts
Warning: KaTeX doesn't work in quirks mode. Make sure your website has a suitable doctype.

stdout | services/agentStreaming/__tests__/AgentStreamingService.spec.ts
serverStore: Initializing server config
serverStore: Not in Electron environment. Skipping server initialization.

 ✓ components/layout/__tests__/WorkspaceRightToolDrawer.spec.ts (3 tests) 31ms
stdout | services/agentStreaming/__tests__/AgentStreamingService.spec.ts > AgentStreamingService > does not convert transport errors into lifecycle errors
Agent WebSocket disconnected: network reset

stderr | services/agentStreaming/__tests__/AgentStreamingService.spec.ts > AgentStreamingService > does not convert transport errors into lifecycle errors
Agent WebSocket error: Error: socket failed
    at /Users/normy/autobyteus_org/autobyteus-worktrees/universal-application-framework-latest-personal-integration/autobyteus-web/services/agentStreaming/__tests__/AgentStreamingService.spec.ts:258:38
    at file:///Users/normy/autobyteus_org/autobyteus-worktrees/universal-application-framework-latest-personal-integration/node_modules/.pnpm/@vitest+runner@3.2.4/node_modules/@vitest/runner/dist/chunk-hooks.js:155:11
    at file:///Users/normy/autobyteus_org/autobyteus-worktrees/universal-application-framework-latest-personal-integration/node_modules/.pnpm/@vitest+runner@3.2.4/node_modules/@vitest/runner/dist/chunk-hooks.js:752:26
    at file:///Users/normy/autobyteus_org/autobyteus-worktrees/universal-application-framework-latest-personal-integration/node_modules/.pnpm/@vitest+runner@3.2.4/node_modules/@vitest/runner/dist/chunk-hooks.js:1897:20
    at new Promise (<anonymous>)
    at runWithTimeout (file:///Users/normy/autobyteus_org/autobyteus-worktrees/universal-application-framework-latest-personal-integration/node_modules/.pnpm/@vitest+runner@3.2.4/node_modules/@vitest/runner/dist/chunk-hooks.js:1863:10)
    at runTest (file:///Users/normy/autobyteus_org/autobyteus-worktrees/universal-application-framework-latest-personal-integration/node_modules/.pnpm/@vitest+runner@3.2.4/node_modules/@vitest/runner/dist/chunk-hooks.js:1574:12)
    at processTicksAndRejections (node:internal/process/task_queues:103:5)
    at runSuite (file:///Users/normy/autobyteus_org/autobyteus-worktrees/universal-application-framework-latest-personal-integration/node_modules/.pnpm/@vitest+runner@3.2.4/node_modules/@vitest/runner/dist/chunk-hooks.js:1729:8)
    at runSuite (file:///Users/normy/autobyteus_org/autobyteus-worktrees/universal-application-framework-latest-personal-integration/node_modules/.pnpm/@vitest+runner@3.2.4/node_modules/@vitest/runner/dist/chunk-hooks.js:1729:8)

stderr | services/agentStreaming/__tests__/AgentStreamingService.spec.ts > AgentStreamingService > serializes and exactly matches an admitted standalone interrupt
Ignoring unmatched interrupt command acknowledgement. {
  command_type: 'INTERRUPT_GENERATION',
  command_id: 'client_interrupt_1',
  state: 'accepted',
  target: { target_kind: 'standalone_run', run_id: 'wrong-run' }
}

stdout | services/agentStreaming/__tests__/AgentStreamingService.spec.ts > AgentStreamingService > completes reentrant disconnect-plus-send-throw exactly once
Agent WebSocket disconnected: socket closed
Agent WebSocket disconnected: again

stdout | components/agentTeams/__tests__/SearchableGroupedSelect.spec.ts
serverStore: Initializing server config
serverStore: Not in Electron environment. Skipping server initialization.

stdout | services/agentStreaming/__tests__/AgentStreamingService.spec.ts > AgentStreamingService > keeps immediately projected content on each context across replacement and remote disconnect
Agent WebSocket disconnected: remote closed

 ✓ services/agentStreaming/__tests__/AgentStreamingService.spec.ts (34 tests) 32ms
stdout | composables/__tests__/useAccessibleDrawer.spec.ts
serverStore: Initializing server config
serverStore: Not in Electron environment. Skipping server initialization.

 ✓ components/agentTeams/__tests__/SearchableGroupedSelect.spec.ts (3 tests) 32ms
 ✓ composables/__tests__/useAccessibleDrawer.spec.ts (3 tests) 20ms
stderr | services/agentStreaming/handlers/__tests__/toolLifecycleOrdering.spec.ts
Warning: KaTeX doesn't work in quirks mode. Make sure your website has a suitable doctype.

stderr | components/agents/__tests__/AgentDefinitionForm.spec.ts
Warning: KaTeX doesn't work in quirks mode. Make sure your website has a suitable doctype.

stderr | components/settings/__tests__/ApplicationsFeatureToggleCard.spec.ts
Warning: KaTeX doesn't work in quirks mode. Make sure your website has a suitable doctype.

stdout | components/applications/__tests__/ApplicationIframeHost.spec.ts
serverStore: Initializing server config
serverStore: Not in Electron environment. Skipping server initialization.

stdout | components/applications/__tests__/ApplicationIframeHost.spec.ts > ApplicationIframeHost > emits matching ready signals and posts bootstrap only when instructed by the launch owner
[ApplicationIframeHost] iframe loaded applicationId=bundle-app__pkg__sample-app iframeLaunchId=bundle-app__pkg__sample-app::iframe-launch-1 src=http://127.0.0.1:43123/rest/application-bundles/sample-app/assets/ui/index.html?autobyteusContractVersion=4&autobyteusApplicationId=bundle-app__pkg__sample-app&autobyteusIframeLaunchId=bundle-app__pkg__sample-app%3A%3Aiframe-launch-1&autobyteusHostOrigin=file%3A%2F%2F

stdout | components/applications/__tests__/ApplicationIframeHost.spec.ts > ApplicationIframeHost > emits matching ready signals and posts bootstrap only when instructed by the launch owner
[ApplicationIframeHost] received ready event applicationId=bundle-app__pkg__sample-app iframeLaunchId=bundle-app__pkg__sample-app::iframe-launch-1 origin=http://127.0.0.1:43123

stdout | components/applications/__tests__/ApplicationIframeHost.spec.ts > ApplicationIframeHost > emits matching ready signals and posts bootstrap only when instructed by the launch owner
[ApplicationIframeHost] posted bootstrap payload applicationId=bundle-app__pkg__sample-app iframeLaunchId=bundle-app__pkg__sample-app::iframe-launch-1

stderr | components/applications/__tests__/ApplicationIframeHost.spec.ts > ApplicationIframeHost > emits a bridge error when the bootstrap payload cannot be cloned into postMessage
[ApplicationIframeHost] bridge error applicationId=bundle-app__pkg__sample-app iframeLaunchId=bundle-app__pkg__sample-app::iframe-launch-1 message=Failed to execute 'postMessage' on 'Window': #<Object> could not be cloned.

 ✓ components/applications/__tests__/ApplicationIframeHost.spec.ts (2 tests) 12ms
stderr | components/fileExplorer/viewers/__tests__/VideoPlayer.spec.ts
Warning: KaTeX doesn't work in quirks mode. Make sure your website has a suitable doctype.

stdout | services/agentStreaming/handlers/__tests__/toolLifecycleOrdering.spec.ts
serverStore: Initializing server config
serverStore: Not in Electron environment. Skipping server initialization.

stderr | components/settings/__tests__/TokenUsageRunDetailsView.spec.ts
Warning: KaTeX doesn't work in quirks mode. Make sure your website has a suitable doctype.

 ✓ services/agentStreaming/handlers/__tests__/toolLifecycleOrdering.spec.ts (11 tests) 17ms
stdout | components/settings/__tests__/ApplicationsFeatureToggleCard.spec.ts
serverStore: Initializing server config
serverStore: Not in Electron environment. Skipping server initialization.

stdout | components/agents/__tests__/AgentDefinitionForm.spec.ts
serverStore: Initializing server config
serverStore: Not in Electron environment. Skipping server initialization.

 ✓ components/settings/__tests__/ApplicationsFeatureToggleCard.spec.ts (3 tests) 27ms
 ✓ components/agents/__tests__/AgentDefinitionForm.spec.ts (4 tests) 37ms
stderr | components/tools/__tests__/ToolsManagementWorkspace.reloadSchema.spec.ts
Warning: KaTeX doesn't work in quirks mode. Make sure your website has a suitable doctype.

stderr | components/settings/providerApiKey/__tests__/providerSettingsApolloContract.spec.ts
Warning: KaTeX doesn't work in quirks mode. Make sure your website has a suitable doctype.

stderr | components/settings/token-usage/__tests__/TokenUsageModelStatisticsTable.spec.ts
Warning: KaTeX doesn't work in quirks mode. Make sure your website has a suitable doctype.

stdout | components/fileExplorer/viewers/__tests__/VideoPlayer.spec.ts
serverStore: Initializing server config
serverStore: Not in Electron environment. Skipping server initialization.

 ✓ components/fileExplorer/viewers/__tests__/VideoPlayer.spec.ts (6 tests) 17ms
stdout | components/settings/__tests__/TokenUsageRunDetailsView.spec.ts
serverStore: Initializing server config
serverStore: Not in Electron environment. Skipping server initialization.

stderr | stores/__tests__/agentTeamRunStore.spec.ts
Warning: KaTeX doesn't work in quirks mode. Make sure your website has a suitable doctype.

 ✓ components/settings/__tests__/TokenUsageRunDetailsView.spec.ts (4 tests) 39ms
stdout | components/tools/__tests__/ToolsManagementWorkspace.reloadSchema.spec.ts
serverStore: Initializing server config
serverStore: Not in Electron environment. Skipping server initialization.

stdout | components/settings/providerApiKey/__tests__/providerSettingsApolloContract.spec.ts
serverStore: Initializing server config
serverStore: Not in Electron environment. Skipping server initialization.

stdout | components/settings/token-usage/__tests__/TokenUsageModelStatisticsTable.spec.ts
serverStore: Initializing server config
serverStore: Not in Electron environment. Skipping server initialization.

stderr | components/settings/providerApiKey/__tests__/providerSettingsApolloContract.spec.ts > split provider credential/catalog Apollo contract > joins credential facts to credential-free local snapshots by provider ID
An error occurred! For more details, see the full error text at https://go.apollo.dev/c/err#%7B%22version%22%3A%223.14.0%22%2C%22message%22%3A104%2C%22args%22%3A%5B%22cache.diff%22%2C%22canonizeResults%22%2C%22Please%20remove%20this%20option.%22%5D%7D
An error occurred! For more details, see the full error text at https://go.apollo.dev/c/err#%7B%22version%22%3A%223.14.0%22%2C%22message%22%3A104%2C%22args%22%3A%5B%22cache.diff%22%2C%22canonizeResults%22%2C%22Please%20remove%20this%20option.%22%5D%7D
An error occurred! For more details, see the full error text at https://go.apollo.dev/c/err#%7B%22version%22%3A%223.14.0%22%2C%22message%22%3A104%2C%22args%22%3A%5B%22cache.diff%22%2C%22canonizeResults%22%2C%22Please%20remove%20this%20option.%22%5D%7D

 ✓ components/settings/providerApiKey/__tests__/providerSettingsApolloContract.spec.ts (3 tests) 18ms
 ✓ components/settings/token-usage/__tests__/TokenUsageModelStatisticsTable.spec.ts (1 test) 26ms
 ✓ components/tools/__tests__/ToolsManagementWorkspace.reloadSchema.spec.ts (1 test) 28ms
stderr | components/settings/__tests__/PhoneAccessCard.spec.ts
Warning: KaTeX doesn't work in quirks mode. Make sure your website has a suitable doctype.

stderr | components/settings/providerApiKey/__tests__/QwenSetupForm.spec.ts
Warning: KaTeX doesn't work in quirks mode. Make sure your website has a suitable doctype.

stdout | stores/__tests__/agentTeamRunStore.spec.ts
serverStore: Initializing server config
serverStore: Not in Electron environment. Skipping server initialization.

stderr | pages/__tests__/mobile-root-shell.spec.ts
Warning: KaTeX doesn't work in quirks mode. Make sure your website has a suitable doctype.

stderr | stores/__tests__/agentTeamRunStore.spec.ts > agentTeamRunStore current rooted execution contract > does not mutate local lifecycle when backend termination rejects
Error terminating Team 'team-terminate-reject': Error: not found
    at Proxy.terminateTeamRun (/Users/normy/autobyteus_org/autobyteus-worktrees/universal-application-framework-latest-personal-integration/autobyteus-web/stores/agentTeamRunStore.ts:204:58)
    at processTicksAndRejections (node:internal/process/task_queues:103:5)
    at /Users/normy/autobyteus_org/autobyteus-worktrees/universal-application-framework-latest-personal-integration/autobyteus-web/stores/__tests__/agentTeamRunStore.spec.ts:399:12
    at file:///Users/normy/autobyteus_org/autobyteus-worktrees/universal-application-framework-latest-personal-integration/node_modules/.pnpm/@vitest+runner@3.2.4/node_modules/@vitest/runner/dist/chunk-hooks.js:752:20

 ✓ stores/__tests__/agentTeamRunStore.spec.ts (17 tests) 26ms
stderr | electron/__tests__/preload.spec.ts
Warning: KaTeX doesn't work in quirks mode. Make sure your website has a suitable doctype.

stdout | components/settings/__tests__/PhoneAccessCard.spec.ts
serverStore: Initializing server config
serverStore: Not in Electron environment. Skipping server initialization.

 ✓ components/settings/__tests__/PhoneAccessCard.spec.ts (3 tests) 34ms
stderr | components/settings/providerApiKey/__tests__/useProviderApiKeySectionRuntime.spec.ts
Warning: KaTeX doesn't work in quirks mode. Make sure your website has a suitable doctype.

stdout | components/settings/providerApiKey/__tests__/QwenSetupForm.spec.ts
serverStore: Initializing server config
serverStore: Not in Electron environment. Skipping server initialization.

stdout | pages/__tests__/mobile-root-shell.spec.ts
serverStore: Initializing server config
serverStore: Not in Electron environment. Skipping server initialization.

 ✓ components/settings/providerApiKey/__tests__/QwenSetupForm.spec.ts (4 tests) 33ms
stderr | services/fileExplorerStreaming/__tests__/FileExplorerStreamingService.spec.ts
Warning: KaTeX doesn't work in quirks mode. Make sure your website has a suitable doctype.

stderr | __tests__/app.spec.ts
Warning: KaTeX doesn't work in quirks mode. Make sure your website has a suitable doctype.

stderr | components/workspace/agent/__tests__/AgentCompactionLiveFlow.spec.ts
Warning: KaTeX doesn't work in quirks mode. Make sure your website has a suitable doctype.

stdout | electron/__tests__/preload.spec.ts
serverStore: Initializing server config
serverStore: Not in Electron environment. Skipping server initialization.

 ✓ electron/__tests__/preload.spec.ts (1 test) 23ms
 ✓ pages/__tests__/mobile-root-shell.spec.ts (2 tests) 28ms
stdout | components/settings/providerApiKey/__tests__/useProviderApiKeySectionRuntime.spec.ts
serverStore: Initializing server config
serverStore: Not in Electron environment. Skipping server initialization.

 ✓ components/settings/providerApiKey/__tests__/useProviderApiKeySectionRuntime.spec.ts (9 tests) 30ms
stderr | pages/__tests__/skills.spec.ts
Warning: KaTeX doesn't work in quirks mode. Make sure your website has a suitable doctype.

stdout | services/fileExplorerStreaming/__tests__/FileExplorerStreamingService.spec.ts
serverStore: Initializing server config
serverStore: Not in Electron environment. Skipping server initialization.

stdout | services/fileExplorerStreaming/__tests__/FileExplorerStreamingService.spec.ts > FileExplorerStreamingService > constructor > uses provided wsEndpoint
[FileExplorerStreaming] Connecting to ws://custom:9000/ws/file-explorer/workspace-1...

stdout | services/fileExplorerStreaming/__tests__/FileExplorerStreamingService.spec.ts > FileExplorerStreamingService > constructor > URL-encodes deterministic workspace ids when opening the websocket
[FileExplorerStreaming] Connecting to ws://localhost:8000/ws/file-explorer/root%3A%2Ftmp%2Fmy%2Fworkspace...

stdout | services/fileExplorerStreaming/__tests__/FileExplorerStreamingService.spec.ts > FileExplorerStreamingService > connect > creates WebSocket connection with correct URL
[FileExplorerStreaming] Connecting to ws://localhost:8000/ws/file-explorer/workspace-123...

stdout | services/fileExplorerStreaming/__tests__/FileExplorerStreamingService.spec.ts > FileExplorerStreamingService > connect > sets state to connecting
[FileExplorerStreaming] Connecting to ws://localhost:8000/ws/file-explorer/workspace-1...

stdout | services/fileExplorerStreaming/__tests__/FileExplorerStreamingService.spec.ts > FileExplorerStreamingService > connect > does not reconnect if already connected to same workspace
[FileExplorerStreaming] Connecting to ws://localhost:8000/ws/file-explorer/workspace-1...
[FileExplorerStreaming] WebSocket connected
[FileExplorerStreaming] Session established: sess-1

stdout | services/fileExplorerStreaming/__tests__/FileExplorerStreamingService.spec.ts > FileExplorerStreamingService > message handling > calls onConnect with session ID on CONNECTED message
[FileExplorerStreaming] Connecting to ws://localhost:8000/ws/file-explorer/workspace-1...
[FileExplorerStreaming] WebSocket connected
[FileExplorerStreaming] Session established: sess-123

stdout | services/fileExplorerStreaming/__tests__/FileExplorerStreamingService.spec.ts > FileExplorerStreamingService > message handling > calls onFileSystemChange on FILE_SYSTEM_CHANGE message
[FileExplorerStreaming] Connecting to ws://localhost:8000/ws/file-explorer/workspace-1...
[FileExplorerStreaming] WebSocket connected
[FileExplorerStreaming] Session established: sess-1

stdout | services/fileExplorerStreaming/__tests__/FileExplorerStreamingService.spec.ts > FileExplorerStreamingService > message handling > calls onError on ERROR message
[FileExplorerStreaming] Connecting to ws://localhost:8000/ws/file-explorer/workspace-1...
[FileExplorerStreaming] WebSocket connected

stderr | services/fileExplorerStreaming/__tests__/FileExplorerStreamingService.spec.ts > FileExplorerStreamingService > message handling > calls onError on ERROR message
[FileExplorerStreaming] Server error: { code: 'WORKSPACE_NOT_FOUND', message: 'Not found' }

stdout | services/fileExplorerStreaming/__tests__/FileExplorerStreamingService.spec.ts > FileExplorerStreamingService > disconnect > closes WebSocket connection
[FileExplorerStreaming] Connecting to ws://localhost:8000/ws/file-explorer/workspace-1...
[FileExplorerStreaming] WebSocket connected
[FileExplorerStreaming] WebSocket disconnected: 1000 Normal closure
[FileExplorerStreaming] Disconnected

stdout | services/fileExplorerStreaming/__tests__/FileExplorerStreamingService.spec.ts > FileExplorerStreamingService > disconnect > resets state to disconnected
[FileExplorerStreaming] Connecting to ws://localhost:8000/ws/file-explorer/workspace-1...
[FileExplorerStreaming] WebSocket connected
[FileExplorerStreaming] Session established: sess-1
[FileExplorerStreaming] WebSocket disconnected: 1000 Normal closure
[FileExplorerStreaming] Disconnected

stdout | services/fileExplorerStreaming/__tests__/FileExplorerStreamingService.spec.ts > FileExplorerStreamingService > disconnect > calls onDisconnect callback when connection closes
[FileExplorerStreaming] Connecting to ws://localhost:8000/ws/file-explorer/workspace-1...
[FileExplorerStreaming] WebSocket connected
[FileExplorerStreaming] Session established: sess-1
[FileExplorerStreaming] WebSocket disconnected: 1000 Normal closure

stdout | services/fileExplorerStreaming/__tests__/FileExplorerStreamingService.spec.ts > FileExplorerStreamingService > state property > returns connecting after connect called
[FileExplorerStreaming] Connecting to ws://localhost:8000/ws/file-explorer/ws-1...

stdout | services/fileExplorerStreaming/__tests__/FileExplorerStreamingService.spec.ts > FileExplorerStreamingService > state property > returns connected after CONNECTED message
[FileExplorerStreaming] Connecting to ws://localhost:8000/ws/file-explorer/ws-1...
[FileExplorerStreaming] WebSocket connected
[FileExplorerStreaming] Session established: s1

stdout | services/fileExplorerStreaming/__tests__/FileExplorerStreamingService.spec.ts > FileExplorerStreamingService > retry policy > does not retry when closed with non-retryable close code
[FileExplorerStreaming] Connecting to ws://localhost:8000/ws/file-explorer/ws-1...
[FileExplorerStreaming] WebSocket connected
[FileExplorerStreaming] WebSocket disconnected: 4004 Workspace not found

stdout | services/fileExplorerStreaming/__tests__/FileExplorerStreamingService.spec.ts > FileExplorerStreamingService > retry policy > does not retry when server sends non-retryable error code before close
[FileExplorerStreaming] Connecting to ws://localhost:8000/ws/file-explorer/ws-1...
[FileExplorerStreaming] WebSocket connected
[FileExplorerStreaming] WebSocket disconnected: 1011 Rejected

stderr | services/fileExplorerStreaming/__tests__/FileExplorerStreamingService.spec.ts > FileExplorerStreamingService > retry policy > does not retry when server sends non-retryable error code before close
[FileExplorerStreaming] Server error: { code: 'WORKSPACE_NOT_FOUND', message: 'Workspace ws-1 not found' }

stdout | services/fileExplorerStreaming/__tests__/FileExplorerStreamingService.spec.ts > FileExplorerStreamingService > retry policy > keeps backoff progression when transport opens but protocol never connects
[FileExplorerStreaming] Connecting to ws://localhost:8000/ws/file-explorer/ws-1...
[FileExplorerStreaming] WebSocket connected
[FileExplorerStreaming] WebSocket disconnected: 1011 Transient
[FileExplorerStreaming] Scheduling reconnection in 1000ms (attempt 1)
[FileExplorerStreaming] Connecting to ws://localhost:8000/ws/file-explorer/ws-1...
[FileExplorerStreaming] WebSocket connected
[FileExplorerStreaming] WebSocket disconnected: 1011 Transient again
[FileExplorerStreaming] Scheduling reconnection in 2000ms (attempt 2)
[FileExplorerStreaming] Connecting to ws://localhost:8000/ws/file-explorer/ws-1...

 ✓ services/fileExplorerStreaming/__tests__/FileExplorerStreamingService.spec.ts (18 tests) 10ms
stdout | __tests__/app.spec.ts
serverStore: Initializing server config
serverStore: Not in Electron environment. Skipping server initialization.

stdout | components/workspace/agent/__tests__/AgentCompactionLiveFlow.spec.ts
serverStore: Initializing server config
serverStore: Not in Electron environment. Skipping server initialization.

 ✓ __tests__/app.spec.ts (4 tests) 46ms
stderr | electron/browser/__tests__/browser-screenshot-artifact-writer.spec.ts
Warning: KaTeX doesn't work in quirks mode. Make sure your website has a suitable doctype.

stdout | pages/__tests__/skills.spec.ts
serverStore: Initializing server config
serverStore: Not in Electron environment. Skipping server initialization.

 ✓ components/workspace/agent/__tests__/AgentCompactionLiveFlow.spec.ts (5 tests) 30ms
stderr | electron/launch-profile/__tests__/electronLaunchProfile.spec.ts
Warning: KaTeX doesn't work in quirks mode. Make sure your website has a suitable doctype.

stderr | components/workspace/running/__tests__/RunningAgentsPanel.hostBoundary.spec.ts
Warning: KaTeX doesn't work in quirks mode. Make sure your website has a suitable doctype.

 ✓ pages/__tests__/skills.spec.ts (1 test) 41ms
stderr | stores/__tests__/agentActivityStore.spec.ts
Warning: KaTeX doesn't work in quirks mode. Make sure your website has a suitable doctype.

stderr | stores/__tests__/teamRunConfigStore.spec.ts
Warning: KaTeX doesn't work in quirks mode. Make sure your website has a suitable doctype.

stdout | electron/browser/__tests__/browser-screenshot-artifact-writer.spec.ts
serverStore: Initializing server config
serverStore: Not in Electron environment. Skipping server initialization.

 ✓ electron/browser/__tests__/browser-screenshot-artifact-writer.spec.ts (2 tests) 11ms
stdout | electron/launch-profile/__tests__/electronLaunchProfile.spec.ts
serverStore: Initializing server config
serverStore: Not in Electron environment. Skipping server initialization.

stderr | tests/integration/app-font-size-fixed-px-audit.integration.test.ts
Warning: KaTeX doesn't work in quirks mode. Make sure your website has a suitable doctype.

 ✓ electron/launch-profile/__tests__/electronLaunchProfile.spec.ts (3 tests) 16ms
stderr | components/memory/__tests__/MemoryHome.spec.ts
Warning: KaTeX doesn't work in quirks mode. Make sure your website has a suitable doctype.

stdout | components/workspace/running/__tests__/RunningAgentsPanel.hostBoundary.spec.ts
serverStore: Initializing server config
serverStore: Not in Electron environment. Skipping server initialization.

stdout | stores/__tests__/teamRunConfigStore.spec.ts
serverStore: Initializing server config
serverStore: Not in Electron environment. Skipping server initialization.

stdout | stores/__tests__/agentActivityStore.spec.ts
serverStore: Initializing server config
serverStore: Not in Electron environment. Skipping server initialization.

 ✓ stores/__tests__/agentActivityStore.spec.ts (11 tests) 26ms
 ✓ stores/__tests__/teamRunConfigStore.spec.ts (10 tests) 8ms
stderr | services/agentStreaming/__tests__/TeamStreamingService.execution-address.spec.ts
Warning: KaTeX doesn't work in quirks mode. Make sure your website has a suitable doctype.

 ✓ components/workspace/running/__tests__/RunningAgentsPanel.hostBoundary.spec.ts (2 tests) 47ms
stdout | tests/integration/app-font-size-fixed-px-audit.integration.test.ts
serverStore: Initializing server config
serverStore: Not in Electron environment. Skipping server initialization.

 ✓ tests/integration/app-font-size-fixed-px-audit.integration.test.ts (2 tests) 35ms
stdout | components/memory/__tests__/MemoryHome.spec.ts
serverStore: Initializing server config
serverStore: Not in Electron environment. Skipping server initialization.

stderr | utils/fileExplorer/__tests__/fileUtils.test.ts
Warning: KaTeX doesn't work in quirks mode. Make sure your website has a suitable doctype.

 ✓ components/memory/__tests__/MemoryHome.spec.ts (2 tests) 32ms
stderr | stores/__tests__/messagingChannelBindingOptionsStore.spec.ts
Warning: KaTeX doesn't work in quirks mode. Make sure your website has a suitable doctype.

stdout | services/agentStreaming/__tests__/TeamStreamingService.execution-address.spec.ts
serverStore: Initializing server config
serverStore: Not in Electron environment. Skipping server initialization.

stderr | localization/messages/__tests__/workspaceHistorySkillImprovementCleanup.spec.ts
Warning: KaTeX doesn't work in quirks mode. Make sure your website has a suitable doctype.

stdout | utils/fileExplorer/__tests__/fileUtils.test.ts
serverStore: Initializing server config
serverStore: Not in Electron environment. Skipping server initialization.

 ✓ services/agentStreaming/__tests__/TeamStreamingService.execution-address.spec.ts (9 tests) 22ms
 ✓ utils/fileExplorer/__tests__/fileUtils.test.ts (24 tests) 14ms
stdout | stores/__tests__/messagingChannelBindingOptionsStore.spec.ts
serverStore: Initializing server config
serverStore: Not in Electron environment. Skipping server initialization.

 ✓ stores/__tests__/messagingChannelBindingOptionsStore.spec.ts (4 tests) 9ms
stderr | stores/__tests__/windowNodeContextStore.spec.ts
Warning: KaTeX doesn't work in quirks mode. Make sure your website has a suitable doctype.

stderr | components/progress/__tests__/ActivityFeed.spec.ts
Warning: KaTeX doesn't work in quirks mode. Make sure your website has a suitable doctype.

stderr | components/settings/messaging/__tests__/ManagedGatewayRuntimeCard.spec.ts
Warning: KaTeX doesn't work in quirks mode. Make sure your website has a suitable doctype.

stderr | components/__tests__/AppLeftPanel_v2.spec.ts
Warning: KaTeX doesn't work in quirks mode. Make sure your website has a suitable doctype.

stdout | localization/messages/__tests__/workspaceHistorySkillImprovementCleanup.spec.ts
serverStore: Initializing server config
serverStore: Not in Electron environment. Skipping server initialization.

 ✓ localization/messages/__tests__/workspaceHistorySkillImprovementCleanup.spec.ts (1 test) 2ms
stderr | components/applications/setup/__tests__/ApplicationAgentLaunchProfileEditor.spec.ts
Warning: KaTeX doesn't work in quirks mode. Make sure your website has a suitable doctype.

stdout | components/progress/__tests__/ActivityFeed.spec.ts
serverStore: Initializing server config
serverStore: Not in Electron environment. Skipping server initialization.

stdout | stores/__tests__/windowNodeContextStore.spec.ts
serverStore: Initializing server config
serverStore: Not in Electron environment. Skipping server initialization.

 ✓ components/progress/__tests__/ActivityFeed.spec.ts (3 tests) 27ms
 ✓ stores/__tests__/windowNodeContextStore.spec.ts (10 tests) 21ms
stdout | components/settings/messaging/__tests__/ManagedGatewayRuntimeCard.spec.ts
serverStore: Initializing server config
serverStore: Not in Electron environment. Skipping server initialization.

stdout | components/__tests__/AppLeftPanel_v2.spec.ts
serverStore: Initializing server config
serverStore: Not in Electron environment. Skipping server initialization.

 ✓ components/settings/messaging/__tests__/ManagedGatewayRuntimeCard.spec.ts (4 tests) 26ms
 ✓ components/__tests__/AppLeftPanel_v2.spec.ts (3 tests) 29ms
stderr | components/memory/__tests__/AgentMemoryDetail.spec.ts
Warning: KaTeX doesn't work in quirks mode. Make sure your website has a suitable doctype.

stderr | components/settings/__tests__/AboutSettingsManager.spec.ts
Warning: KaTeX doesn't work in quirks mode. Make sure your website has a suitable doctype.

stdout | components/applications/setup/__tests__/ApplicationAgentLaunchProfileEditor.spec.ts
serverStore: Initializing server config
serverStore: Not in Electron environment. Skipping server initialization.

stderr | components/settings/__tests__/LanguageSettingsManager.integration.spec.ts
Warning: KaTeX doesn't work in quirks mode. Make sure your website has a suitable doctype.

 ✓ components/applications/setup/__tests__/ApplicationAgentLaunchProfileEditor.spec.ts (5 tests) 24ms
stderr | components/workspace/agent/__tests__/CompactionStatusRow.spec.ts
Warning: KaTeX doesn't work in quirks mode. Make sure your website has a suitable doctype.

stdout | components/memory/__tests__/AgentMemoryDetail.spec.ts
serverStore: Initializing server config
serverStore: Not in Electron environment. Skipping server initialization.

 ✓ components/memory/__tests__/AgentMemoryDetail.spec.ts (1 test) 37ms
stdout | components/settings/__tests__/AboutSettingsManager.spec.ts
serverStore: Initializing server config
serverStore: Not in Electron environment. Skipping server initialization.

 ✓ components/settings/__tests__/AboutSettingsManager.spec.ts (6 tests) 22ms
stdout | components/settings/__tests__/LanguageSettingsManager.integration.spec.ts
serverStore: Initializing server config
serverStore: Not in Electron environment. Skipping server initialization.

stderr | stores/__tests__/phoneAccessStore.spec.ts
Warning: KaTeX doesn't work in quirks mode. Make sure your website has a suitable doctype.

 ✓ components/settings/__tests__/LanguageSettingsManager.integration.spec.ts (1 test) 24ms
stderr | stores/__tests__/agentTeamContextsStore.spec.ts
Warning: KaTeX doesn't work in quirks mode. Make sure your website has a suitable doctype.

stderr | electron/__tests__/localFileValidation.spec.ts
Warning: KaTeX doesn't work in quirks mode. Make sure your website has a suitable doctype.

stderr | electron/updater/__tests__/appUpdater.spec.ts
Warning: KaTeX doesn't work in quirks mode. Make sure your website has a suitable doctype.

stdout | components/workspace/agent/__tests__/CompactionStatusRow.spec.ts
serverStore: Initializing server config
serverStore: Not in Electron environment. Skipping server initialization.

 ✓ components/workspace/agent/__tests__/CompactionStatusRow.spec.ts (2 tests) 11ms
stderr | components/workspace/common/__tests__/TeamActivityDot.spec.ts
Warning: KaTeX doesn't work in quirks mode. Make sure your website has a suitable doctype.

stdout | stores/__tests__/phoneAccessStore.spec.ts
serverStore: Initializing server config
serverStore: Not in Electron environment. Skipping server initialization.

 ✓ stores/__tests__/phoneAccessStore.spec.ts (14 tests) 12ms
stdout | stores/__tests__/agentTeamContextsStore.spec.ts
serverStore: Initializing server config
serverStore: Not in Electron environment. Skipping server initialization.

stdout | electron/updater/__tests__/appUpdater.spec.ts
serverStore: Initializing server config
serverStore: Not in Electron environment. Skipping server initialization.

stdout | electron/__tests__/localFileValidation.spec.ts
serverStore: Initializing server config
serverStore: Not in Electron environment. Skipping server initialization.

stderr | services/agentStreaming/handlers/__tests__/agentStatusHandler.spec.ts
Warning: KaTeX doesn't work in quirks mode. Make sure your website has a suitable doctype.

 ✓ electron/__tests__/localFileValidation.spec.ts (1 test) 21ms
 ✓ electron/updater/__tests__/appUpdater.spec.ts (8 tests) 18ms
 ✓ stores/__tests__/agentTeamContextsStore.spec.ts (5 tests) 8ms
stderr | components/settings/__tests__/DisplaySettingsManager.spec.ts
Warning: KaTeX doesn't work in quirks mode. Make sure your website has a suitable doctype.

stdout | components/workspace/common/__tests__/TeamActivityDot.spec.ts
serverStore: Initializing server config
serverStore: Not in Electron environment. Skipping server initialization.

 ✓ components/workspace/common/__tests__/TeamActivityDot.spec.ts (1 test) 11ms
stderr | stores/__tests__/tokenUsageMeterStore.spec.ts
Warning: KaTeX doesn't work in quirks mode. Make sure your website has a suitable doctype.

stdout | services/agentStreaming/handlers/__tests__/agentStatusHandler.spec.ts
serverStore: Initializing server config
serverStore: Not in Electron environment. Skipping server initialization.

 ✓ services/agentStreaming/handlers/__tests__/agentStatusHandler.spec.ts (20 tests) 10ms
stderr | tests/stores/llmProviderConfigStore.test.ts
Warning: KaTeX doesn't work in quirks mode. Make sure your website has a suitable doctype.

stdout | components/settings/__tests__/DisplaySettingsManager.spec.ts
serverStore: Initializing server config
serverStore: Not in Electron environment. Skipping server initialization.

 ✓ components/settings/__tests__/DisplaySettingsManager.spec.ts (3 tests) 20ms
stderr | tests/integration/novnc-package-contract.integration.test.ts
Warning: KaTeX doesn't work in quirks mode. Make sure your website has a suitable doctype.

stdout | stores/__tests__/tokenUsageMeterStore.spec.ts
serverStore: Initializing server config
serverStore: Not in Electron environment. Skipping server initialization.

 ✓ stores/__tests__/tokenUsageMeterStore.spec.ts (9 tests) 24ms
stderr | components/workspace/running/__tests__/RunningTeamRow.spec.ts
Warning: KaTeX doesn't work in quirks mode. Make sure your website has a suitable doctype.

stderr | tests/stores/audioStore.test.ts
Warning: KaTeX doesn't work in quirks mode. Make sure your website has a suitable doctype.

stderr | components/memory/__tests__/RawTracesTab.spec.ts
Warning: KaTeX doesn't work in quirks mode. Make sure your website has a suitable doctype.

stdout | tests/stores/llmProviderConfigStore.test.ts
serverStore: Initializing server config
serverStore: Not in Electron environment. Skipping server initialization.

 ✓ tests/stores/llmProviderConfigStore.test.ts (12 tests) 29ms
stderr | components/settings/messaging/__tests__/PersonalSessionSetupCard.spec.ts
Warning: KaTeX doesn't work in quirks mode. Make sure your website has a suitable doctype.

stdout | tests/integration/novnc-package-contract.integration.test.ts
serverStore: Initializing server config
serverStore: Not in Electron environment. Skipping server initialization.

 ✓ tests/integration/novnc-package-contract.integration.test.ts (4 tests) 15ms
stderr | tests/integration/electron-package-boundary.integration.test.ts
Warning: KaTeX doesn't work in quirks mode. Make sure your website has a suitable doctype.

stdout | components/workspace/running/__tests__/RunningTeamRow.spec.ts
serverStore: Initializing server config
serverStore: Not in Electron environment. Skipping server initialization.

stdout | tests/stores/audioStore.test.ts
serverStore: Initializing server config
serverStore: Not in Electron environment. Skipping server initialization.

stdout | components/memory/__tests__/RawTracesTab.spec.ts
serverStore: Initializing server config
serverStore: Not in Electron environment. Skipping server initialization.

stdout | tests/stores/audioStore.test.ts > audioStore > startRecording > should handle audio worklet load failure
FLUSH message sent.

stdout | tests/stores/audioStore.test.ts > audioStore > startRecording > should handle audio worklet load failure
Worker flush_done.

stdout | tests/stores/audioStore.test.ts > audioStore > startRecording > should handle microphone permission denial
FLUSH message sent.

stdout | tests/stores/audioStore.test.ts > audioStore > startRecording > should handle microphone permission denial
Worker flush_done.

stdout | tests/stores/audioStore.test.ts > audioStore > stopRecording > should stop recording and cleanup resources
FLUSH message sent.

stdout | tests/stores/audioStore.test.ts > audioStore > stopRecording > should stop recording and cleanup resources
Worker flush_done.

stdout | tests/stores/audioStore.test.ts > audioStore > cleanup > should cleanup resources when recording
FLUSH message sent.

stdout | tests/stores/audioStore.test.ts > audioStore > cleanup > should cleanup resources when recording
Worker flush_done.

 ✓ tests/stores/audioStore.test.ts (7 tests) 14ms
 ✓ components/memory/__tests__/RawTracesTab.spec.ts (2 tests) 23ms
 ✓ components/workspace/running/__tests__/RunningTeamRow.spec.ts (3 tests) 35ms
stderr | components/memory/__tests__/MemoryInspector.spec.ts
Warning: KaTeX doesn't work in quirks mode. Make sure your website has a suitable doctype.

stdout | components/settings/messaging/__tests__/PersonalSessionSetupCard.spec.ts
serverStore: Initializing server config
serverStore: Not in Electron environment. Skipping server initialization.

 ✓ components/settings/messaging/__tests__/PersonalSessionSetupCard.spec.ts (3 tests) 28ms
stderr | components/common/__tests__/ExpandableInstructionCard.spec.ts
Warning: KaTeX doesn't work in quirks mode. Make sure your website has a suitable doctype.

stdout | tests/integration/electron-package-boundary.integration.test.ts
serverStore: Initializing server config
serverStore: Not in Electron environment. Skipping server initialization.

 ✓ tests/integration/electron-package-boundary.integration.test.ts (2 tests) 13ms
stderr | components/settings/providerApiKey/__tests__/ProviderApiKeyEditor.spec.ts
Warning: KaTeX doesn't work in quirks mode. Make sure your website has a suitable doctype.

stdout | components/memory/__tests__/MemoryInspector.spec.ts
serverStore: Initializing server config
serverStore: Not in Electron environment. Skipping server initialization.

stderr | utils/contextFiles/__tests__/contextAttachmentPresentation.spec.ts
Warning: KaTeX doesn't work in quirks mode. Make sure your website has a suitable doctype.

 ✓ components/memory/__tests__/MemoryInspector.spec.ts (4 tests) 19ms
stderr | stores/__tests__/runHistoryNavigationProjection.spec.ts
Warning: KaTeX doesn't work in quirks mode. Make sure your website has a suitable doctype.

stdout | components/common/__tests__/ExpandableInstructionCard.spec.ts
serverStore: Initializing server config
serverStore: Not in Electron environment. Skipping server initialization.

stderr | services/agentStreaming/handlers/__tests__/toolLifecycleHandler.spec.ts
Warning: KaTeX doesn't work in quirks mode. Make sure your website has a suitable doctype.

 ✓ components/common/__tests__/ExpandableInstructionCard.spec.ts (3 tests) 20ms
stderr | components/workspace/running/__tests__/RunningTeamGroup.spec.ts
Warning: KaTeX doesn't work in quirks mode. Make sure your website has a suitable doctype.

stdout | components/settings/providerApiKey/__tests__/ProviderApiKeyEditor.spec.ts
serverStore: Initializing server config
serverStore: Not in Electron environment. Skipping server initialization.

 ✓ components/settings/providerApiKey/__tests__/ProviderApiKeyEditor.spec.ts (2 tests) 14ms
stdout | utils/contextFiles/__tests__/contextAttachmentPresentation.spec.ts
serverStore: Initializing server config
serverStore: Not in Electron environment. Skipping server initialization.

stderr | composables/mobile/__tests__/useMobileFocusedRunIdentity.spec.ts
Warning: KaTeX doesn't work in quirks mode. Make sure your website has a suitable doctype.

 ✓ utils/contextFiles/__tests__/contextAttachmentPresentation.spec.ts (6 tests) 4ms
stdout | stores/__tests__/runHistoryNavigationProjection.spec.ts
serverStore: Initializing server config
serverStore: Not in Electron environment. Skipping server initialization.

stdout | services/agentStreaming/handlers/__tests__/toolLifecycleHandler.spec.ts
serverStore: Initializing server config
serverStore: Not in Electron environment. Skipping server initialization.

stderr | components/fileExplorer/__tests__/FileViewer.spec.ts
Warning: KaTeX doesn't work in quirks mode. Make sure your website has a suitable doctype.

stderr | services/agentStreaming/handlers/__tests__/toolLifecycleHandler.spec.ts > toolLifecycleHandler > drops malformed denied payload without state mutation
[toolLifecycleHandler] Dropping malformed TOOL_DENIED payload {
  invocation_id: 'tool-4',
  tool_name: 'delete_file',
  reason: null,
  error: null
}

 ✓ services/agentStreaming/handlers/__tests__/toolLifecycleHandler.spec.ts (12 tests) 10ms
 ✓ stores/__tests__/runHistoryNavigationProjection.spec.ts (7 tests) 21ms
stdout | components/workspace/running/__tests__/RunningTeamGroup.spec.ts
serverStore: Initializing server config
serverStore: Not in Electron environment. Skipping server initialization.

 ✓ components/workspace/running/__tests__/RunningTeamGroup.spec.ts (4 tests) 41ms
stderr | components/fileExplorer/viewers/__tests__/HtmlPreviewer.spec.ts
Warning: KaTeX doesn't work in quirks mode. Make sure your website has a suitable doctype.

stdout | composables/mobile/__tests__/useMobileFocusedRunIdentity.spec.ts
serverStore: Initializing server config
serverStore: Not in Electron environment. Skipping server initialization.

stderr | stores/__tests__/messagingProviderScopeStore.spec.ts
Warning: KaTeX doesn't work in quirks mode. Make sure your website has a suitable doctype.

stdout | components/fileExplorer/__tests__/FileViewer.spec.ts
serverStore: Initializing server config
serverStore: Not in Electron environment. Skipping server initialization.

 ✓ components/fileExplorer/__tests__/FileViewer.spec.ts (6 tests) 17ms
 ✓ composables/mobile/__tests__/useMobileFocusedRunIdentity.spec.ts (4 tests) 10ms
stderr | localization/runtime/__tests__/localizationRuntime.spec.ts
Warning: KaTeX doesn't work in quirks mode. Make sure your website has a suitable doctype.

stderr | stores/__tests__/runFileChangesStore.spec.ts
Warning: KaTeX doesn't work in quirks mode. Make sure your website has a suitable doctype.

stderr | composables/__tests__/useTerminalSession.spec.ts
Warning: KaTeX doesn't work in quirks mode. Make sure your website has a suitable doctype.

stdout | components/fileExplorer/viewers/__tests__/HtmlPreviewer.spec.ts
serverStore: Initializing server config
serverStore: Not in Electron environment. Skipping server initialization.

stderr | components/progress/__tests__/CompactionActivityItem.spec.ts
Warning: KaTeX doesn't work in quirks mode. Make sure your website has a suitable doctype.

 ✓ components/fileExplorer/viewers/__tests__/HtmlPreviewer.spec.ts (3 tests) 31ms
stdout | stores/__tests__/messagingProviderScopeStore.spec.ts
serverStore: Initializing server config
serverStore: Not in Electron environment. Skipping server initialization.

 ✓ stores/__tests__/messagingProviderScopeStore.spec.ts (8 tests) 5ms
stderr | components/workspace/agent/__tests__/AgentEventMonitor.spec.ts
Warning: KaTeX doesn't work in quirks mode. Make sure your website has a suitable doctype.

stdout | localization/runtime/__tests__/localizationRuntime.spec.ts
serverStore: Initializing server config
serverStore: Not in Electron environment. Skipping server initialization.

 ✓ localization/runtime/__tests__/localizationRuntime.spec.ts (4 tests) 42ms
stdout | stores/__tests__/runFileChangesStore.spec.ts
serverStore: Initializing server config
serverStore: Not in Electron environment. Skipping server initialization.

 ✓ stores/__tests__/runFileChangesStore.spec.ts (4 tests) 18ms
stdout | composables/__tests__/useTerminalSession.spec.ts
serverStore: Initializing server config
serverStore: Not in Electron environment. Skipping server initialization.

stderr | components/agentTeams/__tests__/AgentTeamCard.spec.ts
Warning: KaTeX doesn't work in quirks mode. Make sure your website has a suitable doctype.

stdout | composables/__tests__/useTerminalSession.spec.ts > useTerminalSession > connects to the cwd-based WebSocket URL
[useTerminalSession] Connecting to: ws://test-host:8000/ws/terminal/7a4a03b1-573a-472d-8a52-ddce1963fca0?cwd=%2Ftmp%2Fproject

stdout | composables/__tests__/useTerminalSession.spec.ts > useTerminalSession > connects without cwd or rootPath query params when server-home default is enabled
[useTerminalSession] Connecting to: ws://test-host:8000/ws/terminal/5d925dee-9129-4d9f-87d9-a69effe66bac

stdout | composables/__tests__/useTerminalSession.spec.ts > useTerminalSession > keeps explicit empty root paths explicit instead of falling back to server home
[useTerminalSession] Connecting to: ws://test-host:8000/ws/terminal/082b2e24-f3f8-449b-9024-00b0664ac8dd?cwd=

stdout | composables/__tests__/useTerminalSession.spec.ts > useTerminalSession > updates status to connected on open
[useTerminalSession] Connecting to: ws://test-host:8000/ws/terminal/3621a858-ffb3-4be3-a889-acfbfaa23ae1?cwd=%2Ftmp%2Fws-1
[useTerminalSession] Connected

stdout | composables/__tests__/useTerminalSession.spec.ts > useTerminalSession > sends UTF-8 encoded input when connected
[useTerminalSession] Connecting to: ws://test-host:8000/ws/terminal/8c3921f4-68f5-4cc0-8a53-1fb1b4178bbf?cwd=%2Ftmp%2Fws-1
[useTerminalSession] Connected

stdout | composables/__tests__/useTerminalSession.spec.ts > useTerminalSession > sends non-ASCII input as UTF-8 bytes instead of browser binary-string text
[useTerminalSession] Connecting to: ws://test-host:8000/ws/terminal/b8afda29-857b-4d25-b422-a24b945a4208?cwd=%2Ftmp%2Fws-1
[useTerminalSession] Connected

stdout | composables/__tests__/useTerminalSession.spec.ts > useTerminalSession > sends resize events
[useTerminalSession] Connecting to: ws://test-host:8000/ws/terminal/28a568eb-edca-4110-a82c-4620b215d9fd?cwd=%2Ftmp%2Fws-1
[useTerminalSession] Connected

stdout | composables/__tests__/useTerminalSession.spec.ts > useTerminalSession > handles output messages
[useTerminalSession] Connecting to: ws://test-host:8000/ws/terminal/af3acf79-a93c-4fb8-9006-6ee4d4e222f2?cwd=%2Ftmp%2Fws-1

stdout | composables/__tests__/useTerminalSession.spec.ts > useTerminalSession > decodes Unicode output bytes before dispatching terminal text
[useTerminalSession] Connecting to: ws://test-host:8000/ws/terminal/8cbae105-61ce-4be9-8faf-217b540da884?cwd=%2Ftmp%2Fws-1

stdout | composables/__tests__/useTerminalSession.spec.ts > useTerminalSession > streams split UTF-8 output chunks through one session decoder
[useTerminalSession] Connecting to: ws://test-host:8000/ws/terminal/3587eb55-235a-43d6-a91e-8c5cfabed406?cwd=%2Ftmp%2Fws-1

stdout | composables/__tests__/useTerminalSession.spec.ts > useTerminalSession > preserves server startup error messages when the socket closes
[useTerminalSession] Connecting to: ws://test-host:8000/ws/terminal/20ebfb69-6e81-4877-997d-c6a5a072f844?cwd=%2Ftmp%2Fws-1
[useTerminalSession] Disconnected: 1011 Terminal startup failed

stderr | composables/__tests__/useTerminalSession.spec.ts > useTerminalSession > preserves server startup error messages when the socket closes
[useTerminalSession] Server error: Failed to create terminal session using backend IsolatedPtySession: posix_spawnp failed

stdout | composables/__tests__/useTerminalSession.spec.ts > useTerminalSession > uses close reason when no server error frame was received
[useTerminalSession] Connecting to: ws://test-host:8000/ws/terminal/8ccbf276-ca1f-4dbf-8e90-b5a16ff63407?cwd=%2Ftmp%2Fws-1
[useTerminalSession] Disconnected: 1011 Terminal startup failed

stdout | composables/__tests__/useTerminalSession.spec.ts > useTerminalSession > handles disconnection
[useTerminalSession] Connecting to: ws://test-host:8000/ws/terminal/21da7a20-2970-41cf-b35d-3ce7d7d42cde?cwd=%2Ftmp%2Fws-1

stdout | composables/__tests__/useTerminalSession.spec.ts > useTerminalSession > does not crash on garbage JSON
[useTerminalSession] Connecting to: ws://test-host:8000/ws/terminal/38ea9968-a5ec-49a4-a19d-dc1523969adb?cwd=%2Ftmp%2Fws-1

stderr | composables/__tests__/useTerminalSession.spec.ts > useTerminalSession > does not crash on garbage JSON
[useTerminalSession] Error parsing message: SyntaxError: Unexpected token 'i', "invalid json" is not valid JSON
    at JSON.parse (<anonymous>)
    at MockWebSocket.ws.onmessage (/Users/normy/autobyteus_org/autobyteus-worktrees/universal-application-framework-latest-personal-integration/autobyteus-web/composables/useTerminalSession.ts:161:32)
    at /Users/normy/autobyteus_org/autobyteus-worktrees/universal-application-framework-latest-personal-integration/autobyteus-web/composables/__tests__/useTerminalSession.spec.ts:282:14
    at Proxy.assertThrows (file:///Users/normy/autobyteus_org/autobyteus-worktrees/universal-application-framework-latest-personal-integration/node_modules/.pnpm/chai@5.3.3/node_modules/chai/index.js:2767:5)
    at Proxy.methodWrapper (file:///Users/normy/autobyteus_org/autobyteus-worktrees/universal-application-framework-latest-personal-integration/node_modules/.pnpm/chai@5.3.3/node_modules/chai/index.js:1686:25)
    at Proxy.<anonymous> (file:///Users/normy/autobyteus_org/autobyteus-worktrees/universal-application-framework-latest-personal-integration/node_modules/.pnpm/@vitest+expect@3.2.4/node_modules/@vitest/expect/dist/index.js:1088:12)
    at Proxy.overwritingMethodWrapper (file:///Users/normy/autobyteus_org/autobyteus-worktrees/universal-application-framework-latest-personal-integration/node_modules/.pnpm/chai@5.3.3/node_modules/chai/index.js:1735:33)
    at Proxy.<anonymous> (file:///Users/normy/autobyteus_org/autobyteus-worktrees/universal-application-framework-latest-personal-integration/node_modules/.pnpm/@vitest+expect@3.2.4/node_modules/@vitest/expect/dist/index.js:1420:16)
    at Proxy.<anonymous> (file:///Users/normy/autobyteus_org/autobyteus-worktrees/universal-application-framework-latest-personal-integration/node_modules/.pnpm/@vitest+expect@3.2.4/node_modules/@vitest/expect/dist/index.js:1029:14)
    at Proxy.methodWrapper (file:///Users/normy/autobyteus_org/autobyteus-worktrees/universal-application-framework-latest-personal-integration/node_modules/.pnpm/chai@5.3.3/node_modules/chai/index.js:1686:25)

stderr | composables/__tests__/useTerminalSession.spec.ts > useTerminalSession > does not connect without a root path
[useTerminalSession] No terminal root path

 ✓ composables/__tests__/useTerminalSession.spec.ts (15 tests) 14ms
stdout | components/progress/__tests__/CompactionActivityItem.spec.ts
serverStore: Initializing server config
serverStore: Not in Electron environment. Skipping server initialization.

 ✓ components/progress/__tests__/CompactionActivityItem.spec.ts (2 tests) 12ms
stderr | components/settings/__tests__/TokenUsageStatistics.spec.ts
Warning: KaTeX doesn't work in quirks mode. Make sure your website has a suitable doctype.

stdout | components/workspace/agent/__tests__/AgentEventMonitor.spec.ts
serverStore: Initializing server config
serverStore: Not in Electron environment. Skipping server initialization.

 ✓ components/workspace/agent/__tests__/AgentEventMonitor.spec.ts (3 tests) 28ms
stderr | components/workspace/running/__tests__/RunningAgentGroup.spec.ts
Warning: KaTeX doesn't work in quirks mode. Make sure your website has a suitable doctype.

stderr | components/tools/__tests__/McpGatewayPanel.spec.ts
Warning: KaTeX doesn't work in quirks mode. Make sure your website has a suitable doctype.

stdout | components/agentTeams/__tests__/AgentTeamCard.spec.ts
serverStore: Initializing server config
serverStore: Not in Electron environment. Skipping server initialization.

stdout | components/settings/__tests__/TokenUsageStatistics.spec.ts
serverStore: Initializing server config
serverStore: Not in Electron environment. Skipping server initialization.

 ✓ components/agentTeams/__tests__/AgentTeamCard.spec.ts (1 test) 8ms
 ✓ components/settings/__tests__/TokenUsageStatistics.spec.ts (1 test) 19ms
stderr | utils/catalog/__tests__/agentDefinitionOriginGroups.spec.ts
Warning: KaTeX doesn't work in quirks mode. Make sure your website has a suitable doctype.

stderr | components/workspace/agent/__tests__/EventMonitorBrowseAssistantRow.spec.ts
Warning: KaTeX doesn't work in quirks mode. Make sure your website has a suitable doctype.

stderr | components/server/__tests__/ServerMonitor.spec.ts
Warning: KaTeX doesn't work in quirks mode. Make sure your website has a suitable doctype.

stdout | components/workspace/running/__tests__/RunningAgentGroup.spec.ts
serverStore: Initializing server config
serverStore: Not in Electron environment. Skipping server initialization.

stdout | components/tools/__tests__/McpGatewayPanel.spec.ts
serverStore: Initializing server config
serverStore: Not in Electron environment. Skipping server initialization.

stderr | components/settings/messaging/__tests__/SetupChecklistCard.spec.ts
Warning: KaTeX doesn't work in quirks mode. Make sure your website has a suitable doctype.

 ✓ components/workspace/running/__tests__/RunningAgentGroup.spec.ts (4 tests) 21ms
 ✓ components/tools/__tests__/McpGatewayPanel.spec.ts (2 tests) 14ms
stdout | utils/catalog/__tests__/agentDefinitionOriginGroups.spec.ts
serverStore: Initializing server config
serverStore: Not in Electron environment. Skipping server initialization.

 ✓ utils/catalog/__tests__/agentDefinitionOriginGroups.spec.ts (5 tests) 11ms
stderr | components/conversation/__tests__/UserMessage.spec.ts
Warning: KaTeX doesn't work in quirks mode. Make sure your website has a suitable doctype.

stdout | components/workspace/agent/__tests__/EventMonitorBrowseAssistantRow.spec.ts
serverStore: Initializing server config
serverStore: Not in Electron environment. Skipping server initialization.

stderr | components/fileExplorer/viewers/__tests__/MarkdownPreviewer.spec.ts
Warning: KaTeX doesn't work in quirks mode. Make sure your website has a suitable doctype.

stdout | components/server/__tests__/ServerMonitor.spec.ts
serverStore: Initializing server config
serverStore: Not in Electron environment. Skipping server initialization.

stdout | components/server/__tests__/ServerMonitor.spec.ts > ServerMonitor > renders unavailable message in remote windows
ServerMonitor: Component mounted with status: running

stdout | components/server/__tests__/ServerMonitor.spec.ts > ServerMonitor > renders monitor content in embedded windows and refreshes status
ServerMonitor: Component mounted with status: running

stdout | components/server/__tests__/ServerMonitor.spec.ts > ServerMonitor > hides restart action when restart capability is unavailable
ServerMonitor: Component mounted with status: running

 ✓ components/server/__tests__/ServerMonitor.spec.ts (3 tests) 17ms
stdout | components/settings/messaging/__tests__/SetupChecklistCard.spec.ts
serverStore: Initializing server config
serverStore: Not in Electron environment. Skipping server initialization.

stderr | utils/fileExplorer/__tests__/treeNode.test.ts
Warning: KaTeX doesn't work in quirks mode. Make sure your website has a suitable doctype.

 ✓ components/workspace/agent/__tests__/EventMonitorBrowseAssistantRow.spec.ts (1 test) 10ms
 ✓ components/settings/messaging/__tests__/SetupChecklistCard.spec.ts (2 tests) 11ms
stdout | components/conversation/__tests__/UserMessage.spec.ts
serverStore: Initializing server config
serverStore: Not in Electron environment. Skipping server initialization.

 ✓ components/conversation/__tests__/UserMessage.spec.ts (2 tests) 18ms
stdout | components/fileExplorer/viewers/__tests__/MarkdownPreviewer.spec.ts
serverStore: Initializing server config
serverStore: Not in Electron environment. Skipping server initialization.

stderr | components/workspace/running/__tests__/RunningRunRow.spec.ts
Warning: KaTeX doesn't work in quirks mode. Make sure your website has a suitable doctype.

 ✓ components/fileExplorer/viewers/__tests__/MarkdownPreviewer.spec.ts (2 tests) 11ms
stderr | scripts/__tests__/localizationLiteralAudit.spec.ts
Warning: KaTeX doesn't work in quirks mode. Make sure your website has a suitable doctype.

stdout | utils/fileExplorer/__tests__/treeNode.test.ts
serverStore: Initializing server config
serverStore: Not in Electron environment. Skipping server initialization.

stderr | composables/__tests__/useMarkdownSegments.spec.ts
Warning: KaTeX doesn't work in quirks mode. Make sure your website has a suitable doctype.

 ✓ utils/fileExplorer/__tests__/treeNode.test.ts (13 tests) 18ms
stderr | components/workspace/team/__tests__/AgentTeamEventMonitor.spec.ts
Warning: KaTeX doesn't work in quirks mode. Make sure your website has a suitable doctype.

stderr | services/teamExecution/__tests__/teamExecutionContextFactory.spec.ts
Warning: KaTeX doesn't work in quirks mode. Make sure your website has a suitable doctype.

stdout | components/workspace/running/__tests__/RunningRunRow.spec.ts
serverStore: Initializing server config
serverStore: Not in Electron environment. Skipping server initialization.

stdout | scripts/__tests__/localizationLiteralAudit.spec.ts
serverStore: Initializing server config
serverStore: Not in Electron environment. Skipping server initialization.

stderr | services/runOpen/__tests__/agentRunOpenCoordinator.spec.ts
Warning: KaTeX doesn't work in quirks mode. Make sure your website has a suitable doctype.

 ✓ components/workspace/running/__tests__/RunningRunRow.spec.ts (5 tests) 13ms
stdout | composables/__tests__/useMarkdownSegments.spec.ts
serverStore: Initializing server config
serverStore: Not in Electron environment. Skipping server initialization.

stderr | components/progress/__tests__/ToolActivityItem.spec.ts
Warning: KaTeX doesn't work in quirks mode. Make sure your website has a suitable doctype.

 ✓ scripts/__tests__/localizationLiteralAudit.spec.ts (4 tests) 19ms
 ✓ composables/__tests__/useMarkdownSegments.spec.ts (3 tests) 22ms
stderr | services/eventMonitor/__tests__/eventMonitorActiveTraceBrowse.spec.ts
Warning: KaTeX doesn't work in quirks mode. Make sure your website has a suitable doctype.

stdout | services/teamExecution/__tests__/teamExecutionContextFactory.spec.ts
serverStore: Initializing server config
serverStore: Not in Electron environment. Skipping server initialization.

stdout | components/workspace/team/__tests__/AgentTeamEventMonitor.spec.ts
serverStore: Initializing server config
serverStore: Not in Electron environment. Skipping server initialization.

 ✓ services/teamExecution/__tests__/teamExecutionContextFactory.spec.ts (3 tests) 13ms
stdout | services/runOpen/__tests__/agentRunOpenCoordinator.spec.ts
serverStore: Initializing server config
serverStore: Not in Electron environment. Skipping server initialization.

 ✓ services/runOpen/__tests__/agentRunOpenCoordinator.spec.ts (2 tests) 18ms
stderr | components/agents/__tests__/GroupableTagInput.spec.ts
Warning: KaTeX doesn't work in quirks mode. Make sure your website has a suitable doctype.

stdout | components/progress/__tests__/ToolActivityItem.spec.ts
serverStore: Initializing server config
serverStore: Not in Electron environment. Skipping server initialization.

 ✓ components/progress/__tests__/ToolActivityItem.spec.ts (1 test) 33ms
 ✓ components/workspace/team/__tests__/AgentTeamEventMonitor.spec.ts (3 tests) 19ms
stdout | services/eventMonitor/__tests__/eventMonitorActiveTraceBrowse.spec.ts
serverStore: Initializing server config
serverStore: Not in Electron environment. Skipping server initialization.

 ✓ services/eventMonitor/__tests__/eventMonitorActiveTraceBrowse.spec.ts (6 tests) 9ms
stderr | components/agents/__tests__/AgentCard.spec.ts
Warning: KaTeX doesn't work in quirks mode. Make sure your website has a suitable doctype.

stderr | services/runHydration/__tests__/teamRunContextHydrationService.spec.ts
Warning: KaTeX doesn't work in quirks mode. Make sure your website has a suitable doctype.

stdout | components/agents/__tests__/GroupableTagInput.spec.ts
serverStore: Initializing server config
serverStore: Not in Electron environment. Skipping server initialization.

stderr | composables/__tests__/useVncSession.spec.ts
Warning: KaTeX doesn't work in quirks mode. Make sure your website has a suitable doctype.

 ✓ components/agents/__tests__/GroupableTagInput.spec.ts (3 tests) 18ms
stdout | components/agents/__tests__/AgentCard.spec.ts
serverStore: Initializing server config
serverStore: Not in Electron environment. Skipping server initialization.

 ✓ components/agents/__tests__/AgentCard.spec.ts (3 tests) 12ms
stderr | plugins/__tests__/apollo.client.spec.ts
Warning: KaTeX doesn't work in quirks mode. Make sure your website has a suitable doctype.

stderr | components/settings/__tests__/LanguageSettingsManager.spec.ts
Warning: KaTeX doesn't work in quirks mode. Make sure your website has a suitable doctype.

stderr | services/runOpen/__tests__/teamRunOpenCoordinator.spec.ts
Warning: KaTeX doesn't work in quirks mode. Make sure your website has a suitable doctype.

stdout | services/runHydration/__tests__/teamRunContextHydrationService.spec.ts
serverStore: Initializing server config
serverStore: Not in Electron environment. Skipping server initialization.

stderr | utils/__tests__/dockerNodeLauncherCommands.spec.ts
Warning: KaTeX doesn't work in quirks mode. Make sure your website has a suitable doctype.

stdout | composables/__tests__/useVncSession.spec.ts
serverStore: Initializing server config
serverStore: Not in Electron environment. Skipping server initialization.

stderr | services/runHydration/__tests__/teamRunContextHydrationService.spec.ts > hydrateLiveTeamRunContext current V1 aggregate > hydrates one exact AgentRun 'without a persisted projection'
[teamRunContextHydration] Failed to fetch AgentRun projection 'run-a'. Error: Team member projection payload missing for 'run-a'.
    at fetchExactProjection (/Users/normy/autobyteus_org/autobyteus-worktrees/universal-application-framework-latest-personal-integration/autobyteus-web/services/runHydration/teamRunContextHydrationService.ts:87:26)
    at processTicksAndRejections (node:internal/process/task_queues:103:5)
    at fetchBestEffortProjection (/Users/normy/autobyteus_org/autobyteus-worktrees/universal-application-framework-latest-personal-integration/autobyteus-web/services/runHydration/teamRunContextHydrationService.ts:99:12)
    at /Users/normy/autobyteus_org/autobyteus-worktrees/universal-application-framework-latest-personal-integration/autobyteus-web/services/runHydration/teamRunContextHydrationService.ts:220:9
    at async Promise.all (index 0)
    at hydrateCurrentTeamRunContext (/Users/normy/autobyteus_org/autobyteus-worktrees/universal-application-framework-latest-personal-integration/autobyteus-web/services/runHydration/teamRunContextHydrationService.ts:217:3)
    at /Users/normy/autobyteus_org/autobyteus-worktrees/universal-application-framework-latest-personal-integration/autobyteus-web/services/runHydration/__tests__/teamRunContextHydrationService.spec.ts:87:20
    at file:///Users/normy/autobyteus_org/autobyteus-worktrees/universal-application-framework-latest-personal-integration/node_modules/.pnpm/@vitest+runner@3.2.4/node_modules/@vitest/runner/dist/chunk-hooks.js:752:20

 ✓ services/runHydration/__tests__/teamRunContextHydrationService.spec.ts (8 tests) 22ms
stdout | composables/__tests__/useVncSession.spec.ts > useVncSession > temporarily enables control mode to request initial remote resize
[vncSession] container set { width: 1200, height: 800 }
[vncSession] connecting {
  url: 'ws://localhost:6080/websockify',
  container: { width: 1200, height: 800 }
}
[vncSession] connected
[vncSession] status -> connected

stdout | composables/__tests__/useVncSession.spec.ts > useVncSession > restores fullscreen-fit strategy after the initial resize handshake
[vncSession] container set { width: 1400, height: 900 }
[vncSession] connecting {
  url: 'ws://localhost:6080/websockify',
  container: { width: 1400, height: 900 }
}
[vncSession] connected
[vncSession] status -> connected

stdout | composables/__tests__/useVncSession.spec.ts > useVncSession > constructs the public RFB boundary with configured credentials and shared-session behavior
[vncSession] container set { width: 1200, height: 800 }
[vncSession] connecting { url: 'ws://localhost:6080', container: { width: 1200, height: 800 } }

stdout | composables/__tests__/useVncSession.spec.ts > useVncSession > constructs the public RFB boundary with configured credentials and shared-session behavior
[vncSession] status -> connecting

 ✓ composables/__tests__/useVncSession.spec.ts (4 tests) 9ms
stderr | components/tools/__tests__/ToolDetailsModal.spec.ts
Warning: KaTeX doesn't work in quirks mode. Make sure your website has a suitable doctype.

stdout | plugins/__tests__/apollo.client.spec.ts
serverStore: Initializing server config
serverStore: Not in Electron environment. Skipping server initialization.

stdout | components/settings/__tests__/LanguageSettingsManager.spec.ts
serverStore: Initializing server config
serverStore: Not in Electron environment. Skipping server initialization.

 ✓ plugins/__tests__/apollo.client.spec.ts (2 tests) 9ms
stdout | services/runOpen/__tests__/teamRunOpenCoordinator.spec.ts
serverStore: Initializing server config
serverStore: Not in Electron environment. Skipping server initialization.

 ✓ components/settings/__tests__/LanguageSettingsManager.spec.ts (2 tests) 20ms
stdout | utils/__tests__/dockerNodeLauncherCommands.spec.ts
serverStore: Initializing server config
serverStore: Not in Electron environment. Skipping server initialization.

stderr | utils/__tests__/teamRunConfigUtils.spec.ts
Warning: KaTeX doesn't work in quirks mode. Make sure your website has a suitable doctype.

 ✓ utils/__tests__/dockerNodeLauncherCommands.spec.ts (4 tests) 4ms
 ✓ services/runOpen/__tests__/teamRunOpenCoordinator.spec.ts (8 tests) 14ms
stderr | utils/__tests__/teamDelegatedTaskEntries.spec.ts
Warning: KaTeX doesn't work in quirks mode. Make sure your website has a suitable doctype.

stdout | components/tools/__tests__/ToolDetailsModal.spec.ts
serverStore: Initializing server config
serverStore: Not in Electron environment. Skipping server initialization.

 ✓ components/tools/__tests__/ToolDetailsModal.spec.ts (1 test) 14ms
stderr | services/runSubmission/__tests__/localUserSubmission.spec.ts
Warning: KaTeX doesn't work in quirks mode. Make sure your website has a suitable doctype.

stderr | stores/__tests__/agentSelectionStore.spec.ts
Warning: KaTeX doesn't work in quirks mode. Make sure your website has a suitable doctype.

stdout | utils/__tests__/teamRunConfigUtils.spec.ts
serverStore: Initializing server config
serverStore: Not in Electron environment. Skipping server initialization.

 ✓ utils/__tests__/teamRunConfigUtils.spec.ts (6 tests) 13ms
stdout | utils/__tests__/teamDelegatedTaskEntries.spec.ts
serverStore: Initializing server config
serverStore: Not in Electron environment. Skipping server initialization.

stderr | electron/launch-profile/__tests__/e2eLaunchPreflight.spec.ts
Warning: KaTeX doesn't work in quirks mode. Make sure your website has a suitable doctype.

 ✓ utils/__tests__/teamDelegatedTaskEntries.spec.ts (5 tests) 10ms
stderr | composables/__tests__/useAuthorizedObjectUrl.spec.ts
Warning: KaTeX doesn't work in quirks mode. Make sure your website has a suitable doctype.

stderr | services/agentStreaming/handlers/__tests__/segmentHandler.spec.ts
Warning: KaTeX doesn't work in quirks mode. Make sure your website has a suitable doctype.

stdout | services/runSubmission/__tests__/localUserSubmission.spec.ts
serverStore: Initializing server config
serverStore: Not in Electron environment. Skipping server initialization.

stderr | services/eventMonitor/__tests__/recentEventMonitorWindow.spec.ts
Warning: KaTeX doesn't work in quirks mode. Make sure your website has a suitable doctype.

stdout | stores/__tests__/agentSelectionStore.spec.ts
serverStore: Initializing server config
serverStore: Not in Electron environment. Skipping server initialization.

 ✓ services/runSubmission/__tests__/localUserSubmission.spec.ts (6 tests) 7ms
 ✓ stores/__tests__/agentSelectionStore.spec.ts (5 tests) 4ms
stdout | electron/launch-profile/__tests__/e2eLaunchPreflight.spec.ts
serverStore: Initializing server config
serverStore: Not in Electron environment. Skipping server initialization.

stderr | services/agentStreaming/__tests__/agentStreamMessageProjector.spec.ts
Warning: KaTeX doesn't work in quirks mode. Make sure your website has a suitable doctype.

stdout | composables/__tests__/useAuthorizedObjectUrl.spec.ts
serverStore: Initializing server config
serverStore: Not in Electron environment. Skipping server initialization.

stdout | services/agentStreaming/handlers/__tests__/segmentHandler.spec.ts
serverStore: Initializing server config
serverStore: Not in Electron environment. Skipping server initialization.

 ✓ electron/launch-profile/__tests__/e2eLaunchPreflight.spec.ts (1 test) 11ms
stderr | electron/server/services/__tests__/AppDataService.spec.ts
Warning: KaTeX doesn't work in quirks mode. Make sure your website has a suitable doctype.

 ✓ composables/__tests__/useAuthorizedObjectUrl.spec.ts (2 tests) 12ms
 ✓ services/agentStreaming/handlers/__tests__/segmentHandler.spec.ts (22 tests) 12ms
stdout | services/eventMonitor/__tests__/recentEventMonitorWindow.spec.ts
serverStore: Initializing server config
serverStore: Not in Electron environment. Skipping server initialization.

 ✓ services/eventMonitor/__tests__/recentEventMonitorWindow.spec.ts (3 tests) 13ms
stderr | components/app/__tests__/AppLocalizationGate.spec.ts
Warning: KaTeX doesn't work in quirks mode. Make sure your website has a suitable doctype.

stderr | services/agentStreaming/__tests__/interruptCommandAdmission.spec.ts
Warning: KaTeX doesn't work in quirks mode. Make sure your website has a suitable doctype.

stderr | utils/fileExplorer/__tests__/TreeNode.spec.ts
Warning: KaTeX doesn't work in quirks mode. Make sure your website has a suitable doctype.

stdout | services/agentStreaming/__tests__/agentStreamMessageProjector.spec.ts
serverStore: Initializing server config
serverStore: Not in Electron environment. Skipping server initialization.

stdout | electron/server/services/__tests__/AppDataService.spec.ts
serverStore: Initializing server config
serverStore: Not in Electron environment. Skipping server initialization.

 ✓ electron/server/services/__tests__/AppDataService.spec.ts (13 tests) 12ms
 ✓ services/agentStreaming/__tests__/agentStreamMessageProjector.spec.ts (3 tests) 8ms
stdout | components/app/__tests__/AppLocalizationGate.spec.ts
serverStore: Initializing server config
serverStore: Not in Electron environment. Skipping server initialization.

stderr | composables/__tests__/useDefinitionLaunchDefaults.spec.ts
Warning: KaTeX doesn't work in quirks mode. Make sure your website has a suitable doctype.

 ✓ components/app/__tests__/AppLocalizationGate.spec.ts (2 tests) 18ms
stderr | pages/__tests__/mobile-root.spec.ts
Warning: KaTeX doesn't work in quirks mode. Make sure your website has a suitable doctype.

stderr | composables/workspace/__tests__/useWorkspaceRouteSelection.spec.ts
Warning: KaTeX doesn't work in quirks mode. Make sure your website has a suitable doctype.

stderr | stores/__tests__/browserShellStore.spec.ts
Warning: KaTeX doesn't work in quirks mode. Make sure your website has a suitable doctype.

stdout | services/agentStreaming/__tests__/interruptCommandAdmission.spec.ts
serverStore: Initializing server config
serverStore: Not in Electron environment. Skipping server initialization.

 ✓ services/agentStreaming/__tests__/interruptCommandAdmission.spec.ts (5 tests) 6ms
stdout | utils/fileExplorer/__tests__/TreeNode.spec.ts
serverStore: Initializing server config
serverStore: Not in Electron environment. Skipping server initialization.

 ✓ utils/fileExplorer/__tests__/TreeNode.spec.ts (9 tests) 11ms
stdout | composables/__tests__/useDefinitionLaunchDefaults.spec.ts
serverStore: Initializing server config
serverStore: Not in Electron environment. Skipping server initialization.

stdout | pages/__tests__/mobile-root.spec.ts
serverStore: Initializing server config
serverStore: Not in Electron environment. Skipping server initialization.

stdout | composables/workspace/__tests__/useWorkspaceRouteSelection.spec.ts
serverStore: Initializing server config
serverStore: Not in Electron environment. Skipping server initialization.

 ✓ composables/__tests__/useDefinitionLaunchDefaults.spec.ts (2 tests) 10ms
stdout | stores/__tests__/browserShellStore.spec.ts
serverStore: Initializing server config
serverStore: Not in Electron environment. Skipping server initialization.

 ✓ pages/__tests__/mobile-root.spec.ts (2 tests) 11ms
stderr | composables/mobile/__tests__/useMobileWorkCatalog.spec.ts
Warning: KaTeX doesn't work in quirks mode. Make sure your website has a suitable doctype.

 ✓ stores/__tests__/browserShellStore.spec.ts (7 tests) 6ms
 ✓ composables/workspace/__tests__/useWorkspaceRouteSelection.spec.ts (1 test) 11ms
stderr | scripts/__tests__/macSigningPolicy.spec.ts
Warning: KaTeX doesn't work in quirks mode. Make sure your website has a suitable doctype.

stderr | stores/__tests__/tokenUsageStatistics.spec.ts
Warning: KaTeX doesn't work in quirks mode. Make sure your website has a suitable doctype.

stderr | stores/__tests__/nodeStore.spec.ts
Warning: KaTeX doesn't work in quirks mode. Make sure your website has a suitable doctype.

stdout | composables/mobile/__tests__/useMobileWorkCatalog.spec.ts
serverStore: Initializing server config
serverStore: Not in Electron environment. Skipping server initialization.

stderr | components/server/__tests__/ServerLoading.spec.ts
Warning: KaTeX doesn't work in quirks mode. Make sure your website has a suitable doctype.

stdout | scripts/__tests__/macSigningPolicy.spec.ts
serverStore: Initializing server config
serverStore: Not in Electron environment. Skipping server initialization.

 ✓ scripts/__tests__/macSigningPolicy.spec.ts (4 tests) 4ms
 ✓ composables/mobile/__tests__/useMobileWorkCatalog.spec.ts (2 tests) 8ms
stdout | stores/__tests__/tokenUsageStatistics.spec.ts
serverStore: Initializing server config
serverStore: Not in Electron environment. Skipping server initialization.

stderr | stores/__tests__/messagingVerificationStore.spec.ts
Warning: KaTeX doesn't work in quirks mode. Make sure your website has a suitable doctype.

stderr | stores/__tests__/tokenUsageStatistics.spec.ts > tokenUsageStatistics store > stores GraphQL errors and leaves loading state clean
Failed to fetch token usage statistics: Error: task query failed
    at Proxy.fetchStatistics (/Users/normy/autobyteus_org/autobyteus-worktrees/universal-application-framework-latest-personal-integration/autobyteus-web/stores/tokenUsageRunStatistics.ts:202:17)
    at processTicksAndRejections (node:internal/process/task_queues:103:5)
    at /Users/normy/autobyteus_org/autobyteus-worktrees/universal-application-framework-latest-personal-integration/autobyteus-web/stores/__tests__/tokenUsageStatistics.spec.ts:188:5
    at file:///Users/normy/autobyteus_org/autobyteus-worktrees/universal-application-framework-latest-personal-integration/node_modules/.pnpm/@vitest+runner@3.2.4/node_modules/@vitest/runner/dist/chunk-hooks.js:752:20

 ✓ stores/__tests__/tokenUsageStatistics.spec.ts (2 tests) 8ms
stderr | stores/__tests__/tokenUsageAnalytics.spec.ts
Warning: KaTeX doesn't work in quirks mode. Make sure your website has a suitable doctype.

stderr | stores/__tests__/fileExplorerNodeRouting.spec.ts
Warning: KaTeX doesn't work in quirks mode. Make sure your website has a suitable doctype.

stdout | stores/__tests__/nodeStore.spec.ts
serverStore: Initializing server config
serverStore: Not in Electron environment. Skipping server initialization.

 ✓ stores/__tests__/nodeStore.spec.ts (10 tests) 9ms
stderr | stores/__tests__/appDataMigrationsStore.spec.ts
Warning: KaTeX doesn't work in quirks mode. Make sure your website has a suitable doctype.

stdout | components/server/__tests__/ServerLoading.spec.ts
serverStore: Initializing server config
serverStore: Not in Electron environment. Skipping server initialization.

stdout | components/server/__tests__/ServerLoading.spec.ts > ServerLoading > renders startup overlay for embedded windows
ServerLoading: Component mounted with status: starting

stdout | components/server/__tests__/ServerLoading.spec.ts > ServerLoading > does not render startup overlay for remote windows
ServerLoading: Component mounted with status: starting

 ✓ components/server/__tests__/ServerLoading.spec.ts (2 tests) 32ms
stdout | stores/__tests__/messagingVerificationStore.spec.ts
serverStore: Initializing server config
serverStore: Not in Electron environment. Skipping server initialization.

stdout | stores/__tests__/fileExplorerNodeRouting.spec.ts
serverStore: Initializing server config
serverStore: Not in Electron environment. Skipping server initialization.

stdout | stores/__tests__/tokenUsageAnalytics.spec.ts
serverStore: Initializing server config
serverStore: Not in Electron environment. Skipping server initialization.

stdout | stores/__tests__/fileExplorerNodeRouting.spec.ts > fileExplorerStore node routing behavior > uses bound REST URL for absolute local-looking media paths in remote windows
[FileExplorer] Opening file: /tmp/diagram.SVG

stdout | stores/__tests__/fileExplorerNodeRouting.spec.ts > fileExplorerStore node routing behavior > uses bound REST URL for absolute local-looking media paths in remote windows
[FileExplorer] Determined file type for "/tmp/diagram.SVG": Image
[FileExplorer] Pushed new initial file state: {
  path: '/tmp/diagram.SVG',
  type: 'Image',
  mode: 'edit',
  accessIntent: null,
  content: null,
  url: null,
  relativeResourceContext: null,
  isLoading: true,
  error: null
}
[FileExplorer] Handling as a workspace path.
[FileExplorer] Constructed absolute media URL for "/tmp/diagram.SVG": https://node.example/rest/workspaces/ws-1/content?path=%2Ftmp%2Fdiagram.SVG

stdout | stores/__tests__/fileExplorerNodeRouting.spec.ts > fileExplorerStore node routing behavior > uses local-file protocol for embedded window local media paths
[FileExplorer] Opening file: /tmp/diagram.svg

stdout | stores/__tests__/fileExplorerNodeRouting.spec.ts > fileExplorerStore node routing behavior > uses local-file protocol for embedded window local media paths
[FileExplorer] Determined file type for "/tmp/diagram.svg": Image
[FileExplorer] Pushed new initial file state: {
  path: '/tmp/diagram.svg',
  type: 'Image',
  mode: 'edit',
  accessIntent: null,
  content: null,
  url: null,
  relativeResourceContext: null,
  isLoading: true,
  error: null
}
[FileExplorer] Handling as a local absolute path in Electron.
[FileExplorer] Constructed local media URL: local-file://local/tmp/diagram.svg

stdout | stores/__tests__/fileExplorerNodeRouting.spec.ts > fileExplorerStore node routing behavior > uses the bound workspace route for an embedded sentinel without Electron
[FileExplorer] Opening file: /tmp/notes.md

stdout | stores/__tests__/fileExplorerNodeRouting.spec.ts > fileExplorerStore node routing behavior > uses the bound workspace route for an embedded sentinel without Electron
[FileExplorer] Determined file type for "/tmp/notes.md": Text
[FileExplorer] Pushed new initial file state: {
  path: '/tmp/notes.md',
  type: 'Text',
  mode: 'edit',
  accessIntent: null,
  content: null,
  url: null,
  relativeResourceContext: null,
  isLoading: true,
  error: null
}
[FileExplorer] Handling as a workspace path.
[FileExplorer] Fetching text content for "/tmp/notes.md" via GraphQL.

stdout | stores/__tests__/fileExplorerNodeRouting.spec.ts > fileExplorerStore node routing behavior > uses the bound workspace route for embedded-sentinel media without Electron
[FileExplorer] Opening file: /tmp/diagram.svg

stdout | stores/__tests__/fileExplorerNodeRouting.spec.ts > fileExplorerStore node routing behavior > uses the bound workspace route for embedded-sentinel media without Electron
[FileExplorer] Determined file type for "/tmp/diagram.svg": Image
[FileExplorer] Pushed new initial file state: {
  path: '/tmp/diagram.svg',
  type: 'Image',
  mode: 'edit',
  accessIntent: null,
  content: null,
  url: null,
  relativeResourceContext: null,
  isLoading: true,
  error: null
}
[FileExplorer] Handling as a workspace path.
[FileExplorer] Constructed absolute media URL for "/tmp/diagram.svg": https://node.example/rest/workspaces/ws-1/content?path=%2Ftmp%2Fdiagram.svg

stdout | stores/__tests__/fileExplorerNodeRouting.spec.ts > fileExplorerStore node routing behavior > does not read, construct a URL, or fetch workspace content for Unsupported files
[FileExplorer] Opening file: /tmp/archive.zip

stdout | stores/__tests__/fileExplorerNodeRouting.spec.ts > fileExplorerStore node routing behavior > does not read, construct a URL, or fetch workspace content for Unsupported files
[FileExplorer] Determined file type for "/tmp/archive.zip": Unsupported
[FileExplorer] Pushed new initial file state: {
  path: '/tmp/archive.zip',
  type: 'Unsupported',
  mode: 'edit',
  accessIntent: null,
  content: null,
  url: null,
  relativeResourceContext: null,
  isLoading: true,
  error: null
}
[FileExplorer] Handling as a local absolute path in Electron.

stderr | stores/__tests__/fileExplorerNodeRouting.spec.ts > fileExplorerStore node routing behavior > does not read, construct a URL, or fetch workspace content for Unsupported files
[FileExplorer] Unsupported local file type "Unsupported" for "/tmp/archive.zip".

stdout | stores/__tests__/fileExplorerNodeRouting.spec.ts > fileExplorerStore node routing behavior > routes supported Lua code through the text reader instead of Unsupported
[FileExplorer] Opening file: /tmp/script.lua

stdout | stores/__tests__/fileExplorerNodeRouting.spec.ts > fileExplorerStore node routing behavior > routes supported Lua code through the text reader instead of Unsupported
[FileExplorer] Determined file type for "/tmp/script.lua": Text
[FileExplorer] Pushed new initial file state: {
  path: '/tmp/script.lua',
  type: 'Text',
  mode: 'edit',
  accessIntent: null,
  content: null,
  url: null,
  relativeResourceContext: null,
  isLoading: true,
  error: null
}
[FileExplorer] Handling as a local absolute path in Electron.

 ✓ stores/__tests__/fileExplorerNodeRouting.spec.ts (6 tests) 24ms
 ✓ stores/__tests__/tokenUsageAnalytics.spec.ts (3 tests) 10ms
stdout | stores/__tests__/appDataMigrationsStore.spec.ts
serverStore: Initializing server config
serverStore: Not in Electron environment. Skipping server initialization.

 ✓ stores/__tests__/messagingVerificationStore.spec.ts (8 tests) 15ms
 ✓ stores/__tests__/appDataMigrationsStore.spec.ts (2 tests) 4ms
stderr | stores/__tests__/fileExplorerStore.spec.ts
Warning: KaTeX doesn't work in quirks mode. Make sure your website has a suitable doctype.

stderr | utils/__tests__/terminalTransportCodec.spec.ts
Warning: KaTeX doesn't work in quirks mode. Make sure your website has a suitable doctype.

stderr | services/runHydration/__tests__/runProjectionConversation.spec.ts
Warning: KaTeX doesn't work in quirks mode. Make sure your website has a suitable doctype.

stderr | stores/__tests__/appUpdateStore.spec.ts
Warning: KaTeX doesn't work in quirks mode. Make sure your website has a suitable doctype.

stderr | stores/__tests__/appFontSizeStore.spec.ts
Warning: KaTeX doesn't work in quirks mode. Make sure your website has a suitable doctype.

stdout | stores/__tests__/fileExplorerStore.spec.ts
serverStore: Initializing server config
serverStore: Not in Electron environment. Skipping server initialization.

stderr | stores/__tests__/fileExplorerStore.spec.ts > fileExplorerStore > throws folder-children GraphQL errors instead of converting them to an empty tree
Error fetching folder children: Error: Workspace root is unavailable
    at createFolderChildrenError (/Users/normy/autobyteus_org/autobyteus-worktrees/universal-application-framework-latest-personal-integration/autobyteus-web/stores/fileExplorerTreeActions.ts:25:3)
    at Proxy.fetchFolderChildren (/Users/normy/autobyteus_org/autobyteus-worktrees/universal-application-framework-latest-personal-integration/autobyteus-web/stores/fileExplorerTreeActions.ts:125:15)
    at processTicksAndRejections (node:internal/process/task_queues:103:5)

stderr | stores/__tests__/fileExplorerStore.spec.ts > fileExplorerStore > throws folder-children payload errors instead of converting them to an empty tree
Error fetching folder children: Error: Workspace not found
    at createFolderChildrenError (/Users/normy/autobyteus_org/autobyteus-worktrees/universal-application-framework-latest-personal-integration/autobyteus-web/stores/fileExplorerTreeActions.ts:25:3)
    at Proxy.fetchFolderChildren (/Users/normy/autobyteus_org/autobyteus-worktrees/universal-application-framework-latest-personal-integration/autobyteus-web/stores/fileExplorerTreeActions.ts:142:15)
    at processTicksAndRejections (node:internal/process/task_queues:103:5)

 ✓ stores/__tests__/fileExplorerStore.spec.ts (5 tests) 8ms
stdout | utils/__tests__/terminalTransportCodec.spec.ts
serverStore: Initializing server config
serverStore: Not in Electron environment. Skipping server initialization.

 ✓ utils/__tests__/terminalTransportCodec.spec.ts (5 tests) 11ms
stderr | electron/launch-profile/__tests__/e2eDataRootSafety.spec.ts
Warning: KaTeX doesn't work in quirks mode. Make sure your website has a suitable doctype.

stderr | components/server/__tests__/ServerShutdown.spec.ts
Warning: KaTeX doesn't work in quirks mode. Make sure your website has a suitable doctype.

stdout | services/runHydration/__tests__/runProjectionConversation.spec.ts
serverStore: Initializing server config
serverStore: Not in Electron environment. Skipping server initialization.

stderr | services/runHydration/__tests__/taskDelegationGraphqlDtoProjection.spec.ts
Warning: KaTeX doesn't work in quirks mode. Make sure your website has a suitable doctype.

stderr | stores/__tests__/runHistoryTeamExecutionRows.spec.ts
Warning: KaTeX doesn't work in quirks mode. Make sure your website has a suitable doctype.

stdout | stores/__tests__/appUpdateStore.spec.ts
serverStore: Initializing server config
serverStore: Not in Electron environment. Skipping server initialization.

 ✓ services/runHydration/__tests__/runProjectionConversation.spec.ts (10 tests) 8ms
 ✓ stores/__tests__/appUpdateStore.spec.ts (9 tests) 10ms
stdout | stores/__tests__/appFontSizeStore.spec.ts
serverStore: Initializing server config
serverStore: Not in Electron environment. Skipping server initialization.

 ✓ stores/__tests__/appFontSizeStore.spec.ts (3 tests) 4ms
stdout | electron/launch-profile/__tests__/e2eDataRootSafety.spec.ts
serverStore: Initializing server config
serverStore: Not in Electron environment. Skipping server initialization.

stdout | components/server/__tests__/ServerShutdown.spec.ts
serverStore: Initializing server config
serverStore: Not in Electron environment. Skipping server initialization.

 ✓ electron/launch-profile/__tests__/e2eDataRootSafety.spec.ts (3 tests) 8ms
 ✓ components/server/__tests__/ServerShutdown.spec.ts (1 test) 7ms
stdout | services/runHydration/__tests__/taskDelegationGraphqlDtoProjection.spec.ts
serverStore: Initializing server config
serverStore: Not in Electron environment. Skipping server initialization.

stdout | stores/__tests__/runHistoryTeamExecutionRows.spec.ts
serverStore: Initializing server config
serverStore: Not in Electron environment. Skipping server initialization.

 ✓ services/runHydration/__tests__/taskDelegationGraphqlDtoProjection.spec.ts (2 tests) 6ms
 ✓ stores/__tests__/runHistoryTeamExecutionRows.spec.ts (3 tests) 21ms
stderr | stores/__tests__/workspaceStore.reconnect-resync.spec.ts
Warning: KaTeX doesn't work in quirks mode. Make sure your website has a suitable doctype.

stderr | components/settings/providerApiKey/customProvider/__tests__/CustomProviderDetailsCard.spec.ts
Warning: KaTeX doesn't work in quirks mode. Make sure your website has a suitable doctype.

stderr | shared/__tests__/localFileUrl.spec.ts
Warning: KaTeX doesn't work in quirks mode. Make sure your website has a suitable doctype.

stderr | pages/__tests__/nodes.spec.ts
Warning: KaTeX doesn't work in quirks mode. Make sure your website has a suitable doctype.

stderr | stores/__tests__/messagingChannelBindingSetupStore.spec.ts
Warning: KaTeX doesn't work in quirks mode. Make sure your website has a suitable doctype.

stdout | stores/__tests__/workspaceStore.reconnect-resync.spec.ts
serverStore: Initializing server config
serverStore: Not in Electron environment. Skipping server initialization.

stdout | components/settings/providerApiKey/customProvider/__tests__/CustomProviderDetailsCard.spec.ts
serverStore: Initializing server config
serverStore: Not in Electron environment. Skipping server initialization.

 ✓ components/settings/providerApiKey/customProvider/__tests__/CustomProviderDetailsCard.spec.ts (1 test) 9ms
stderr | composables/__tests__/useMessagingProviderStepFlow.spec.ts
Warning: KaTeX doesn't work in quirks mode. Make sure your website has a suitable doctype.

stderr | tests/stores/memoryExplorerStore.test.ts
Warning: KaTeX doesn't work in quirks mode. Make sure your website has a suitable doctype.

stdout | stores/__tests__/workspaceStore.reconnect-resync.spec.ts > workspaceStore File Explorer reconnect snapshot refresh > does not duplicate the initial snapshot refresh on first connect
[Workspace] Connecting to file system changes for workspace: ws-1

stdout | stores/__tests__/workspaceStore.reconnect-resync.spec.ts > workspaceStore File Explorer reconnect snapshot refresh > does not duplicate the initial snapshot refresh on first connect
[Workspace] Connected to file system changes: initial-session

stdout | stores/__tests__/workspaceStore.reconnect-resync.spec.ts > workspaceStore File Explorer reconnect snapshot refresh > refreshes the File Explorer snapshot when the live stream reconnects after an abnormal close
[Workspace] Connecting to file system changes for workspace: ws-1

stdout | stores/__tests__/workspaceStore.reconnect-resync.spec.ts > workspaceStore File Explorer reconnect snapshot refresh > refreshes the File Explorer snapshot when the live stream reconnects after an abnormal close
[Workspace] Disconnected from file system changes: File Explorer event queue overflow; reconnect required
[Workspace] Connected to file system changes: reconnected-session

 ✓ stores/__tests__/workspaceStore.reconnect-resync.spec.ts (2 tests) 8ms
stdout | shared/__tests__/localFileUrl.spec.ts
serverStore: Initializing server config
serverStore: Not in Electron environment. Skipping server initialization.

 ✓ shared/__tests__/localFileUrl.spec.ts (4 tests) 3ms
stderr | components/tools/__tests__/McpManagementTabs.spec.ts
Warning: KaTeX doesn't work in quirks mode. Make sure your website has a suitable doctype.

stderr | electron/local-file-protocol/__tests__/local-file-protocol.spec.ts
Warning: KaTeX doesn't work in quirks mode. Make sure your website has a suitable doctype.

stdout | pages/__tests__/nodes.spec.ts
serverStore: Initializing server config
serverStore: Not in Electron environment. Skipping server initialization.

stdout | stores/__tests__/messagingChannelBindingSetupStore.spec.ts
serverStore: Initializing server config
serverStore: Not in Electron environment. Skipping server initialization.

 ✓ pages/__tests__/nodes.spec.ts (1 test) 8ms
 ✓ stores/__tests__/messagingChannelBindingSetupStore.spec.ts (7 tests) 9ms
stdout | composables/__tests__/useMessagingProviderStepFlow.spec.ts
serverStore: Initializing server config
serverStore: Not in Electron environment. Skipping server initialization.

stdout | tests/stores/memoryExplorerStore.test.ts
serverStore: Initializing server config
serverStore: Not in Electron environment. Skipping server initialization.

 ✓ composables/__tests__/useMessagingProviderStepFlow.spec.ts (3 tests) 6ms
 ✓ tests/stores/memoryExplorerStore.test.ts (4 tests) 5ms
stdout | components/tools/__tests__/McpManagementTabs.spec.ts
serverStore: Initializing server config
serverStore: Not in Electron environment. Skipping server initialization.

stdout | electron/local-file-protocol/__tests__/local-file-protocol.spec.ts
serverStore: Initializing server config
serverStore: Not in Electron environment. Skipping server initialization.

 ✓ components/tools/__tests__/McpManagementTabs.spec.ts (1 test) 7ms
 ✓ electron/local-file-protocol/__tests__/local-file-protocol.spec.ts (6 tests) 11ms
stderr | layouts/__tests__/default.spec.ts
Warning: KaTeX doesn't work in quirks mode. Make sure your website has a suitable doctype.

stderr | components/tabs/__tests__/Tab.spec.ts
Warning: KaTeX doesn't work in quirks mode. Make sure your website has a suitable doctype.

stderr | stores/__tests__/gatewaySessionSetupStore.spec.ts
Warning: KaTeX doesn't work in quirks mode. Make sure your website has a suitable doctype.

stderr | electron/browser/__tests__/browser-shell-controller.spec.ts
Warning: KaTeX doesn't work in quirks mode. Make sure your website has a suitable doctype.

stdout | layouts/__tests__/default.spec.ts
serverStore: Initializing server config
serverStore: Not in Electron environment. Skipping server initialization.

stderr | stores/__tests__/agentRunConfigStore.spec.ts
Warning: KaTeX doesn't work in quirks mode. Make sure your website has a suitable doctype.

 ✓ layouts/__tests__/default.spec.ts (8 tests) 5ms
stdout | components/tabs/__tests__/Tab.spec.ts
serverStore: Initializing server config
serverStore: Not in Electron environment. Skipping server initialization.

stderr | stores/__tests__/extensionsStore.spec.ts
Warning: KaTeX doesn't work in quirks mode. Make sure your website has a suitable doctype.

stderr | composables/__tests__/useWorkspaceHistoryTreeState.spec.ts
Warning: KaTeX doesn't work in quirks mode. Make sure your website has a suitable doctype.

 ✓ components/tabs/__tests__/Tab.spec.ts (1 test) 9ms
stdout | stores/__tests__/gatewaySessionSetupStore.spec.ts
serverStore: Initializing server config
serverStore: Not in Electron environment. Skipping server initialization.

 ✓ stores/__tests__/gatewaySessionSetupStore.spec.ts (5 tests) 7ms
stderr | stores/__tests__/agentDefinitionStore.spec.ts
Warning: KaTeX doesn't work in quirks mode. Make sure your website has a suitable doctype.

stderr | composables/mobile/__tests__/useMobileFileContextCoordinator.spec.ts
Warning: KaTeX doesn't work in quirks mode. Make sure your website has a suitable doctype.

stdout | electron/browser/__tests__/browser-shell-controller.spec.ts
serverStore: Initializing server config
serverStore: Not in Electron environment. Skipping server initialization.

stdout | stores/__tests__/agentRunConfigStore.spec.ts
serverStore: Initializing server config
serverStore: Not in Electron environment. Skipping server initialization.

 ✓ electron/browser/__tests__/browser-shell-controller.spec.ts (8 tests) 8ms
 ✓ stores/__tests__/agentRunConfigStore.spec.ts (17 tests) 10ms
stdout | stores/__tests__/extensionsStore.spec.ts
serverStore: Initializing server config
serverStore: Not in Electron environment. Skipping server initialization.

stdout | composables/__tests__/useWorkspaceHistoryTreeState.spec.ts
serverStore: Initializing server config
serverStore: Not in Electron environment. Skipping server initialization.

 ✓ stores/__tests__/extensionsStore.spec.ts (4 tests) 6ms
 ✓ composables/__tests__/useWorkspaceHistoryTreeState.spec.ts (7 tests) 5ms
stdout | stores/__tests__/agentDefinitionStore.spec.ts
serverStore: Initializing server config
serverStore: Not in Electron environment. Skipping server initialization.

stdout | composables/mobile/__tests__/useMobileFileContextCoordinator.spec.ts
serverStore: Initializing server config
serverStore: Not in Electron environment. Skipping server initialization.

 ✓ stores/__tests__/agentDefinitionStore.spec.ts (5 tests) 8ms
stderr | utils/fileExplorer/__tests__/workspaceResourceUrl.spec.ts
Warning: KaTeX doesn't work in quirks mode. Make sure your website has a suitable doctype.

stderr | services/eventMonitor/__tests__/recentEventMonitorMutationCoordinator.spec.ts
Warning: KaTeX doesn't work in quirks mode. Make sure your website has a suitable doctype.

 ✓ composables/mobile/__tests__/useMobileFileContextCoordinator.spec.ts (1 test) 5ms
stderr | components/applications/__tests__/ApplicationCard.spec.ts
Warning: KaTeX doesn't work in quirks mode. Make sure your website has a suitable doctype.

stderr | stores/__tests__/agentTeamDefinitionStore.spec.ts
Warning: KaTeX doesn't work in quirks mode. Make sure your website has a suitable doctype.

stderr | utils/eventMonitorFilePaths/__tests__/absoluteFilePathAction.spec.ts
Warning: KaTeX doesn't work in quirks mode. Make sure your website has a suitable doctype.

stdout | utils/fileExplorer/__tests__/workspaceResourceUrl.spec.ts
serverStore: Initializing server config
serverStore: Not in Electron environment. Skipping server initialization.

 ✓ utils/fileExplorer/__tests__/workspaceResourceUrl.spec.ts (13 tests) 4ms
stdout | services/eventMonitor/__tests__/recentEventMonitorMutationCoordinator.spec.ts
serverStore: Initializing server config
serverStore: Not in Electron environment. Skipping server initialization.

stderr | services/runRecovery/__tests__/activeRunRecoveryCoordinator.spec.ts
Warning: KaTeX doesn't work in quirks mode. Make sure your website has a suitable doctype.

 ✓ services/eventMonitor/__tests__/recentEventMonitorMutationCoordinator.spec.ts (6 tests) 9ms
stderr | tests/integration/agent-definition.integration.test.ts
Warning: KaTeX doesn't work in quirks mode. Make sure your website has a suitable doctype.

stderr | composables/__tests__/useRuntimeScopedModelSelection.spec.ts
Warning: KaTeX doesn't work in quirks mode. Make sure your website has a suitable doctype.

stdout | components/applications/__tests__/ApplicationCard.spec.ts
serverStore: Initializing server config
serverStore: Not in Electron environment. Skipping server initialization.

 ✓ components/applications/__tests__/ApplicationCard.spec.ts (1 test) 7ms
stdout | stores/__tests__/agentTeamDefinitionStore.spec.ts
serverStore: Initializing server config
serverStore: Not in Electron environment. Skipping server initialization.

stdout | utils/eventMonitorFilePaths/__tests__/absoluteFilePathAction.spec.ts
serverStore: Initializing server config
serverStore: Not in Electron environment. Skipping server initialization.

 ✓ utils/eventMonitorFilePaths/__tests__/absoluteFilePathAction.spec.ts (46 tests) 6ms
 ✓ stores/__tests__/agentTeamDefinitionStore.spec.ts (5 tests) 8ms
stderr | services/eventMonitor/__tests__/recentEventMonitorPresentationWitness.spec.ts
Warning: KaTeX doesn't work in quirks mode. Make sure your website has a suitable doctype.

stdout | services/runRecovery/__tests__/activeRunRecoveryCoordinator.spec.ts
serverStore: Initializing server config
serverStore: Not in Electron environment. Skipping server initialization.

stdout | composables/__tests__/useRuntimeScopedModelSelection.spec.ts
serverStore: Initializing server config
serverStore: Not in Electron environment. Skipping server initialization.

stdout | tests/integration/agent-definition.integration.test.ts
serverStore: Initializing server config
serverStore: Not in Electron environment. Skipping server initialization.

 ✓ composables/__tests__/useRuntimeScopedModelSelection.spec.ts (4 tests) 6ms
 ✓ tests/integration/agent-definition.integration.test.ts (1 test) 2ms
 ✓ services/runRecovery/__tests__/activeRunRecoveryCoordinator.spec.ts (2 tests) 4ms
stderr | services/agentStreaming/transport/__tests__/WebSocketClient.spec.ts
Warning: KaTeX doesn't work in quirks mode. Make sure your website has a suitable doctype.

stdout | services/eventMonitor/__tests__/recentEventMonitorPresentationWitness.spec.ts
serverStore: Initializing server config
serverStore: Not in Electron environment. Skipping server initialization.

 ✓ services/eventMonitor/__tests__/recentEventMonitorPresentationWitness.spec.ts (35 tests) 11ms
stderr | composables/__tests__/useWorkspaceHistorySelectionActions.spec.ts
Warning: KaTeX doesn't work in quirks mode. Make sure your website has a suitable doctype.

stderr | utils/layout/__tests__/responsiveLayoutPolicy.spec.ts
Warning: KaTeX doesn't work in quirks mode. Make sure your website has a suitable doctype.

stderr | stores/__tests__/runHistoryTeamRows.spec.ts
Warning: KaTeX doesn't work in quirks mode. Make sure your website has a suitable doctype.

stderr | components/memory/__tests__/SemanticTab.spec.ts
Warning: KaTeX doesn't work in quirks mode. Make sure your website has a suitable doctype.

stdout | services/agentStreaming/transport/__tests__/WebSocketClient.spec.ts
serverStore: Initializing server config
serverStore: Not in Electron environment. Skipping server initialization.

 ✓ services/agentStreaming/transport/__tests__/WebSocketClient.spec.ts (3 tests) 6ms
stdout | composables/__tests__/useWorkspaceHistorySelectionActions.spec.ts
serverStore: Initializing server config
serverStore: Not in Electron environment. Skipping server initialization.

stderr | utils/__tests__/nodeCapabilityProbe.spec.ts
Warning: KaTeX doesn't work in quirks mode. Make sure your website has a suitable doctype.

stdout | utils/layout/__tests__/responsiveLayoutPolicy.spec.ts
serverStore: Initializing server config
serverStore: Not in Electron environment. Skipping server initialization.

 ✓ utils/layout/__tests__/responsiveLayoutPolicy.spec.ts (18 tests) 8ms
stderr | utils/fileExplorer/__tests__/absoluteWorkspacePathMapping.spec.ts
Warning: KaTeX doesn't work in quirks mode. Make sure your website has a suitable doctype.

stderr | services/runHydration/__tests__/runProjectionActivityHydration.spec.ts
Warning: KaTeX doesn't work in quirks mode. Make sure your website has a suitable doctype.

 ✓ composables/__tests__/useWorkspaceHistorySelectionActions.spec.ts (5 tests) 5ms
stdout | stores/__tests__/runHistoryTeamRows.spec.ts
serverStore: Initializing server config
serverStore: Not in Electron environment. Skipping server initialization.

stdout | components/memory/__tests__/SemanticTab.spec.ts
serverStore: Initializing server config
serverStore: Not in Electron environment. Skipping server initialization.

 ✓ components/memory/__tests__/SemanticTab.spec.ts (1 test) 5ms
 ✓ stores/__tests__/runHistoryTeamRows.spec.ts (2 tests) 4ms
stderr | components/__tests__/AppLeftPanel.spec.ts
Warning: KaTeX doesn't work in quirks mode. Make sure your website has a suitable doctype.

stdout | utils/__tests__/nodeCapabilityProbe.spec.ts
serverStore: Initializing server config
serverStore: Not in Electron environment. Skipping server initialization.

stdout | utils/fileExplorer/__tests__/absoluteWorkspacePathMapping.spec.ts
serverStore: Initializing server config
serverStore: Not in Electron environment. Skipping server initialization.

 ✓ utils/__tests__/nodeCapabilityProbe.spec.ts (4 tests) 3ms
stdout | services/runHydration/__tests__/runProjectionActivityHydration.spec.ts
serverStore: Initializing server config
serverStore: Not in Electron environment. Skipping server initialization.

 ✓ utils/fileExplorer/__tests__/absoluteWorkspacePathMapping.spec.ts (2 tests) 2ms
stderr | services/runHydration/__tests__/runProjectionActivityHydration.spec.ts > runProjectionActivityHydration > hydrates exact system content and omits only malformed system rows
[runProjectionActivityHydration] Omitted malformed system instruction activity.

 ✓ services/runHydration/__tests__/runProjectionActivityHydration.spec.ts (4 tests) 5ms
stderr | services/runHydration/__tests__/runtimeStatusNormalization.spec.ts
Warning: KaTeX doesn't work in quirks mode. Make sure your website has a suitable doctype.

stdout | components/__tests__/AppLeftPanel.spec.ts
serverStore: Initializing server config
serverStore: Not in Electron environment. Skipping server initialization.

 ✓ components/__tests__/AppLeftPanel.spec.ts (3 tests) 9ms
stderr | services/runHydration/__tests__/teamCommunicationHydrationService.spec.ts
Warning: KaTeX doesn't work in quirks mode. Make sure your website has a suitable doctype.

stderr | stores/__tests__/skillStore.spec.ts
Warning: KaTeX doesn't work in quirks mode. Make sure your website has a suitable doctype.

stderr | middleware/__tests__/mobileFeatureGate.global.spec.ts
Warning: KaTeX doesn't work in quirks mode. Make sure your website has a suitable doctype.

stderr | stores/__tests__/messagingProviderFlowStore.spec.ts
Warning: KaTeX doesn't work in quirks mode. Make sure your website has a suitable doctype.

stdout | services/runHydration/__tests__/runtimeStatusNormalization.spec.ts
serverStore: Initializing server config
serverStore: Not in Electron environment. Skipping server initialization.

 ✓ services/runHydration/__tests__/runtimeStatusNormalization.spec.ts (2 tests) 3ms
stdout | services/runHydration/__tests__/teamCommunicationHydrationService.spec.ts
serverStore: Initializing server config
serverStore: Not in Electron environment. Skipping server initialization.

 ✓ services/runHydration/__tests__/teamCommunicationHydrationService.spec.ts (2 tests) 6ms
stderr | services/runOpen/__tests__/runOpenStrategyPolicy.spec.ts
Warning: KaTeX doesn't work in quirks mode. Make sure your website has a suitable doctype.

stdout | stores/__tests__/skillStore.spec.ts
serverStore: Initializing server config
serverStore: Not in Electron environment. Skipping server initialization.

stderr | utils/__tests__/llmConfigSchema.spec.ts
Warning: KaTeX doesn't work in quirks mode. Make sure your website has a suitable doctype.

stderr | utils/remoteAccess/__tests__/authorizedResourceUrl.spec.ts
Warning: KaTeX doesn't work in quirks mode. Make sure your website has a suitable doctype.

 ✓ stores/__tests__/skillStore.spec.ts (3 tests) 9ms
stdout | stores/__tests__/messagingProviderFlowStore.spec.ts
serverStore: Initializing server config
serverStore: Not in Electron environment. Skipping server initialization.

stdout | middleware/__tests__/mobileFeatureGate.global.spec.ts
serverStore: Initializing server config
serverStore: Not in Electron environment. Skipping server initialization.

 ✓ stores/__tests__/messagingProviderFlowStore.spec.ts (4 tests) 5ms
stderr | localization/messages/__tests__/eventMonitorFeedCatalog.spec.ts
Warning: KaTeX doesn't work in quirks mode. Make sure your website has a suitable doctype.

 ✓ middleware/__tests__/mobileFeatureGate.global.spec.ts (4 tests) 3ms
stdout | utils/__tests__/llmConfigSchema.spec.ts
serverStore: Initializing server config
serverStore: Not in Electron environment. Skipping server initialization.

stdout | services/runOpen/__tests__/runOpenStrategyPolicy.spec.ts
serverStore: Initializing server config
serverStore: Not in Electron environment. Skipping server initialization.

stdout | utils/remoteAccess/__tests__/authorizedResourceUrl.spec.ts
serverStore: Initializing server config
serverStore: Not in Electron environment. Skipping server initialization.

 ✓ services/runOpen/__tests__/runOpenStrategyPolicy.spec.ts (3 tests) 2ms
 ✓ utils/__tests__/llmConfigSchema.spec.ts (8 tests) 3ms
 ✓ utils/remoteAccess/__tests__/authorizedResourceUrl.spec.ts (3 tests) 5ms
stderr | utils/__tests__/runTreeProjection.spec.ts
Warning: KaTeX doesn't work in quirks mode. Make sure your website has a suitable doctype.

stdout | localization/messages/__tests__/eventMonitorFeedCatalog.spec.ts
serverStore: Initializing server config
serverStore: Not in Electron environment. Skipping server initialization.

 ✓ localization/messages/__tests__/eventMonitorFeedCatalog.spec.ts (1 test) 4ms
stderr | composables/mobile/__tests__/useMobileLaunchWorkspaces.spec.ts
Warning: KaTeX doesn't work in quirks mode. Make sure your website has a suitable doctype.

stderr | utils/remoteAccess/__tests__/mobileSessionBootstrap.spec.ts
Warning: KaTeX doesn't work in quirks mode. Make sure your website has a suitable doctype.

stdout | utils/__tests__/runTreeProjection.spec.ts
serverStore: Initializing server config
serverStore: Not in Electron environment. Skipping server initialization.

 ✓ utils/__tests__/runTreeProjection.spec.ts (2 tests) 4ms
stderr | utils/remoteAccess/__tests__/mobileConnectionDiagnostics.spec.ts
Warning: KaTeX doesn't work in quirks mode. Make sure your website has a suitable doctype.

stderr | components/memory/__tests__/EpisodicTab.spec.ts
Warning: KaTeX doesn't work in quirks mode. Make sure your website has a suitable doctype.

stdout | composables/mobile/__tests__/useMobileLaunchWorkspaces.spec.ts
serverStore: Initializing server config
serverStore: Not in Electron environment. Skipping server initialization.

stderr | components/conversation/segments/renderer/__tests__/mermaidDiagramViewport.spec.ts
Warning: KaTeX doesn't work in quirks mode. Make sure your website has a suitable doctype.

stderr | services/agentStreaming/handlers/__tests__/systemTaskNotificationHandler.spec.ts
Warning: KaTeX doesn't work in quirks mode. Make sure your website has a suitable doctype.

stderr | services/eventMonitor/__tests__/eventMonitorActiveTraceBrowsePresentation.spec.ts
Warning: KaTeX doesn't work in quirks mode. Make sure your website has a suitable doctype.

stdout | utils/remoteAccess/__tests__/mobileSessionBootstrap.spec.ts
serverStore: Initializing server config
serverStore: Not in Electron environment. Skipping server initialization.

 ✓ composables/mobile/__tests__/useMobileLaunchWorkspaces.spec.ts (3 tests) 8ms
stderr | utils/__tests__/llmThinkingConfigAdapter.spec.ts
Warning: KaTeX doesn't work in quirks mode. Make sure your website has a suitable doctype.

 ✓ utils/remoteAccess/__tests__/mobileSessionBootstrap.spec.ts (5 tests) 5ms
stdout | components/memory/__tests__/EpisodicTab.spec.ts
serverStore: Initializing server config
serverStore: Not in Electron environment. Skipping server initialization.

stdout | utils/remoteAccess/__tests__/mobileConnectionDiagnostics.spec.ts
serverStore: Initializing server config
serverStore: Not in Electron environment. Skipping server initialization.

 ✓ utils/remoteAccess/__tests__/mobileConnectionDiagnostics.spec.ts (2 tests) 2ms
 ✓ components/memory/__tests__/EpisodicTab.spec.ts (1 test) 6ms
stdout | components/conversation/segments/renderer/__tests__/mermaidDiagramViewport.spec.ts
serverStore: Initializing server config
serverStore: Not in Electron environment. Skipping server initialization.

 ✓ components/conversation/segments/renderer/__tests__/mermaidDiagramViewport.spec.ts (5 tests) 3ms
stdout | services/eventMonitor/__tests__/eventMonitorActiveTraceBrowsePresentation.spec.ts
serverStore: Initializing server config
serverStore: Not in Electron environment. Skipping server initialization.

stdout | services/agentStreaming/handlers/__tests__/systemTaskNotificationHandler.spec.ts
serverStore: Initializing server config
serverStore: Not in Electron environment. Skipping server initialization.

 ✓ services/eventMonitor/__tests__/eventMonitorActiveTraceBrowsePresentation.spec.ts (4 tests) 4ms
 ✓ services/agentStreaming/handlers/__tests__/systemTaskNotificationHandler.spec.ts (1 test) 2ms
stderr | stores/__tests__/applicationPackagesStore.spec.ts
Warning: KaTeX doesn't work in quirks mode. Make sure your website has a suitable doctype.

stdout | utils/__tests__/llmThinkingConfigAdapter.spec.ts
serverStore: Initializing server config
serverStore: Not in Electron environment. Skipping server initialization.

 ✓ utils/__tests__/llmThinkingConfigAdapter.spec.ts (6 tests) 4ms
stderr | stores/__tests__/agentPackagesStore.spec.ts
Warning: KaTeX doesn't work in quirks mode. Make sure your website has a suitable doctype.

stdout | stores/__tests__/applicationPackagesStore.spec.ts
serverStore: Initializing server config
serverStore: Not in Electron environment. Skipping server initialization.

stderr | tests/stores/memoryInspectorStore.test.ts
Warning: KaTeX doesn't work in quirks mode. Make sure your website has a suitable doctype.

 ✓ stores/__tests__/applicationPackagesStore.spec.ts (3 tests) 4ms
stderr | electron/browser/__tests__/browser-tab-page-operations.spec.ts
Warning: KaTeX doesn't work in quirks mode. Make sure your website has a suitable doctype.

stderr | electron/updater/__tests__/appUpdateErrorClassifier.spec.ts
Warning: KaTeX doesn't work in quirks mode. Make sure your website has a suitable doctype.

stderr | electron/browser/__tests__/browser-runtime.spec.ts
Warning: KaTeX doesn't work in quirks mode. Make sure your website has a suitable doctype.

stderr | components/memory/__tests__/WorkingContextTab.spec.ts
Warning: KaTeX doesn't work in quirks mode. Make sure your website has a suitable doctype.

stderr | composables/messaging-binding-flow/__tests__/launch-preset-model-selection.spec.ts
Warning: KaTeX doesn't work in quirks mode. Make sure your website has a suitable doctype.

stdout | stores/__tests__/agentPackagesStore.spec.ts
serverStore: Initializing server config
serverStore: Not in Electron environment. Skipping server initialization.

 ✓ stores/__tests__/agentPackagesStore.spec.ts (5 tests) 6ms
stderr | utils/fileExplorer/__tests__/stateSync.test.ts
Warning: KaTeX doesn't work in quirks mode. Make sure your website has a suitable doctype.

stdout | tests/stores/memoryInspectorStore.test.ts
serverStore: Initializing server config
serverStore: Not in Electron environment. Skipping server initialization.

 ✓ tests/stores/memoryInspectorStore.test.ts (4 tests) 6ms
stdout | electron/browser/__tests__/browser-tab-page-operations.spec.ts
serverStore: Initializing server config
serverStore: Not in Electron environment. Skipping server initialization.

 ✓ electron/browser/__tests__/browser-tab-page-operations.spec.ts (2 tests) 4ms
stdout | electron/updater/__tests__/appUpdateErrorClassifier.spec.ts
serverStore: Initializing server config
serverStore: Not in Electron environment. Skipping server initialization.

 ✓ electron/updater/__tests__/appUpdateErrorClassifier.spec.ts (4 tests) 11ms
stdout | electron/browser/__tests__/browser-runtime.spec.ts
serverStore: Initializing server config
serverStore: Not in Electron environment. Skipping server initialization.

 ✓ electron/browser/__tests__/browser-runtime.spec.ts (1 test) 3ms
stdout | components/memory/__tests__/WorkingContextTab.spec.ts
serverStore: Initializing server config
serverStore: Not in Electron environment. Skipping server initialization.

stdout | composables/messaging-binding-flow/__tests__/launch-preset-model-selection.spec.ts
serverStore: Initializing server config
serverStore: Not in Electron environment. Skipping server initialization.

 ✓ components/memory/__tests__/WorkingContextTab.spec.ts (1 test) 5ms
 ✓ composables/messaging-binding-flow/__tests__/launch-preset-model-selection.spec.ts (2 tests) 4ms
stderr | utils/__tests__/toolDisplaySummary.spec.ts
Warning: KaTeX doesn't work in quirks mode. Make sure your website has a suitable doctype.

stdout | utils/fileExplorer/__tests__/stateSync.test.ts
serverStore: Initializing server config
serverStore: Not in Electron environment. Skipping server initialization.

 ✓ utils/fileExplorer/__tests__/stateSync.test.ts (2 tests) 5ms
stderr | tests/integration/agent-team-definition.integration.test.ts
Warning: KaTeX doesn't work in quirks mode. Make sure your website has a suitable doctype.

stderr | electron/browser/__tests__/browser-view-factory.spec.ts
Warning: KaTeX doesn't work in quirks mode. Make sure your website has a suitable doctype.

stdout | utils/__tests__/toolDisplaySummary.spec.ts
serverStore: Initializing server config
serverStore: Not in Electron environment. Skipping server initialization.

 ✓ utils/__tests__/toolDisplaySummary.spec.ts (3 tests) 2ms
stderr | electron/extensions/__tests__/extensionCatalog.spec.ts
Warning: KaTeX doesn't work in quirks mode. Make sure your website has a suitable doctype.

stderr | utils/__tests__/phoneAccessPairingUrlPolicy.spec.ts
Warning: KaTeX doesn't work in quirks mode. Make sure your website has a suitable doctype.

stderr | services/runOpen/__tests__/agentRunOpenCoordinator.integration.spec.ts
Warning: KaTeX doesn't work in quirks mode. Make sure your website has a suitable doctype.

stderr | electron/__tests__/nodeRegistryStore.spec.ts
Warning: KaTeX doesn't work in quirks mode. Make sure your website has a suitable doctype.

stderr | localization/messages/__tests__/teamTaskLifecycleCatalog.spec.ts
Warning: KaTeX doesn't work in quirks mode. Make sure your website has a suitable doctype.

stdout | tests/integration/agent-team-definition.integration.test.ts
serverStore: Initializing server config
serverStore: Not in Electron environment. Skipping server initialization.

 ✓ tests/integration/agent-team-definition.integration.test.ts (1 test) 2ms
stdout | electron/browser/__tests__/browser-view-factory.spec.ts
serverStore: Initializing server config
serverStore: Not in Electron environment. Skipping server initialization.

 ✓ electron/browser/__tests__/browser-view-factory.spec.ts (3 tests) 4ms
stderr | utils/__tests__/markdownMath.spec.ts
Warning: KaTeX doesn't work in quirks mode. Make sure your website has a suitable doctype.

stdout | electron/extensions/__tests__/extensionCatalog.spec.ts
serverStore: Initializing server config
serverStore: Not in Electron environment. Skipping server initialization.

 ✓ electron/extensions/__tests__/extensionCatalog.spec.ts (2 tests) 2ms
stdout | utils/__tests__/phoneAccessPairingUrlPolicy.spec.ts
serverStore: Initializing server config
serverStore: Not in Electron environment. Skipping server initialization.

stdout | services/runOpen/__tests__/agentRunOpenCoordinator.integration.spec.ts
serverStore: Initializing server config
serverStore: Not in Electron environment. Skipping server initialization.

 ✓ utils/__tests__/phoneAccessPairingUrlPolicy.spec.ts (18 tests) 4ms
 ✓ services/runOpen/__tests__/agentRunOpenCoordinator.integration.spec.ts (1 test) 4ms
stdout | electron/__tests__/nodeRegistryStore.spec.ts
serverStore: Initializing server config
serverStore: Not in Electron environment. Skipping server initialization.

stdout | localization/messages/__tests__/teamTaskLifecycleCatalog.spec.ts
serverStore: Initializing server config
serverStore: Not in Electron environment. Skipping server initialization.

 ✓ localization/messages/__tests__/teamTaskLifecycleCatalog.spec.ts (2 tests) 3ms
 ✓ electron/__tests__/nodeRegistryStore.spec.ts (4 tests) 3ms
stderr | services/agentStreaming/handlers/__tests__/memberInputMessageHandler.spec.ts
Warning: KaTeX doesn't work in quirks mode. Make sure your website has a suitable doctype.

stdout | utils/__tests__/markdownMath.spec.ts
serverStore: Initializing server config
serverStore: Not in Electron environment. Skipping server initialization.

 ✓ utils/__tests__/markdownMath.spec.ts (12 tests) 4ms
stderr | services/agentStreaming/handlers/__tests__/fileChangeHandler.spec.ts
Warning: KaTeX doesn't work in quirks mode. Make sure your website has a suitable doctype.

stderr | stores/__tests__/contextFileUploadStore.spec.ts
Warning: KaTeX doesn't work in quirks mode. Make sure your website has a suitable doctype.

stderr | stores/__tests__/gatewayCapabilityStore.spec.ts
Warning: KaTeX doesn't work in quirks mode. Make sure your website has a suitable doctype.

stderr | components/tools/__tests__/toolParameterDisplayRows.spec.ts
Warning: KaTeX doesn't work in quirks mode. Make sure your website has a suitable doctype.

stdout | services/agentStreaming/handlers/__tests__/memberInputMessageHandler.spec.ts
serverStore: Initializing server config
serverStore: Not in Electron environment. Skipping server initialization.

 ✓ services/agentStreaming/handlers/__tests__/memberInputMessageHandler.spec.ts (5 tests) 4ms
stderr | stores/__tests__/toolManagementStore.mcpGateway.spec.ts
Warning: KaTeX doesn't work in quirks mode. Make sure your website has a suitable doctype.

stderr | types/agent/__tests__/TeamRunConfig.spec.ts
Warning: KaTeX doesn't work in quirks mode. Make sure your website has a suitable doctype.

stderr | composables/__tests__/useApplicationLaunchSelectionPreviews.spec.ts
Warning: KaTeX doesn't work in quirks mode. Make sure your website has a suitable doctype.

stdout | services/agentStreaming/handlers/__tests__/fileChangeHandler.spec.ts
serverStore: Initializing server config
serverStore: Not in Electron environment. Skipping server initialization.

 ✓ services/agentStreaming/handlers/__tests__/fileChangeHandler.spec.ts (2 tests) 3ms
stdout | stores/__tests__/contextFileUploadStore.spec.ts
serverStore: Initializing server config
serverStore: Not in Electron environment. Skipping server initialization.

stdout | stores/__tests__/gatewayCapabilityStore.spec.ts
serverStore: Initializing server config
serverStore: Not in Electron environment. Skipping server initialization.

 ✓ stores/__tests__/contextFileUploadStore.spec.ts (2 tests) 4ms
stdout | components/tools/__tests__/toolParameterDisplayRows.spec.ts
serverStore: Initializing server config
serverStore: Not in Electron environment. Skipping server initialization.

 ✓ stores/__tests__/gatewayCapabilityStore.spec.ts (2 tests) 10ms
 ✓ components/tools/__tests__/toolParameterDisplayRows.spec.ts (2 tests) 5ms
stderr | utils/contextFiles/__tests__/contextLocalFileLocatorMigration.spec.ts
Warning: KaTeX doesn't work in quirks mode. Make sure your website has a suitable doctype.

stdout | stores/__tests__/toolManagementStore.mcpGateway.spec.ts
serverStore: Initializing server config
serverStore: Not in Electron environment. Skipping server initialization.

 ✓ stores/__tests__/toolManagementStore.mcpGateway.spec.ts (1 test) 3ms
stdout | types/agent/__tests__/TeamRunConfig.spec.ts
serverStore: Initializing server config
serverStore: Not in Electron environment. Skipping server initialization.

 ✓ types/agent/__tests__/TeamRunConfig.spec.ts (1 test) 2ms
stdout | composables/__tests__/useApplicationLaunchSelectionPreviews.spec.ts
serverStore: Initializing server config
serverStore: Not in Electron environment. Skipping server initialization.

 ✓ composables/__tests__/useApplicationLaunchSelectionPreviews.spec.ts (3 tests) 13ms
stdout | utils/contextFiles/__tests__/contextLocalFileLocatorMigration.spec.ts
serverStore: Initializing server config
serverStore: Not in Electron environment. Skipping server initialization.

 ✓ utils/contextFiles/__tests__/contextLocalFileLocatorMigration.spec.ts (5 tests) 4ms
stderr | stores/__tests__/runHistorySelectionActions.spec.ts
Warning: KaTeX doesn't work in quirks mode. Make sure your website has a suitable doctype.

stderr | utils/layout/__tests__/workspaceSurfaceOrder.spec.ts
Warning: KaTeX doesn't work in quirks mode. Make sure your website has a suitable doctype.

stderr | composables/__tests__/useEventMonitorFilePreview.spec.ts
Warning: KaTeX doesn't work in quirks mode. Make sure your website has a suitable doctype.

stderr | utils/__tests__/tokenUsageAnalyticsCsv.spec.ts
Warning: KaTeX doesn't work in quirks mode. Make sure your website has a suitable doctype.

stderr | electron/browser/__tests__/browser-session-profile.spec.ts
Warning: KaTeX doesn't work in quirks mode. Make sure your website has a suitable doctype.

stderr | utils/__tests__/runLaunchPolicy.spec.ts
Warning: KaTeX doesn't work in quirks mode. Make sure your website has a suitable doctype.

stdout | stores/__tests__/runHistorySelectionActions.spec.ts
serverStore: Initializing server config
serverStore: Not in Electron environment. Skipping server initialization.

 ✓ stores/__tests__/runHistorySelectionActions.spec.ts (5 tests) 4ms
stderr | electron/server/__tests__/prismaSqliteUrl.spec.ts
Warning: KaTeX doesn't work in quirks mode. Make sure your website has a suitable doctype.

stderr | utils/__tests__/serverConfig.spec.ts
Warning: KaTeX doesn't work in quirks mode. Make sure your website has a suitable doctype.

stdout | utils/layout/__tests__/workspaceSurfaceOrder.spec.ts
serverStore: Initializing server config
serverStore: Not in Electron environment. Skipping server initialization.

 ✓ utils/layout/__tests__/workspaceSurfaceOrder.spec.ts (2 tests) 2ms
stdout | composables/__tests__/useEventMonitorFilePreview.spec.ts
serverStore: Initializing server config
serverStore: Not in Electron environment. Skipping server initialization.

stdout | utils/__tests__/tokenUsageAnalyticsCsv.spec.ts
serverStore: Initializing server config
serverStore: Not in Electron environment. Skipping server initialization.

stdout | electron/browser/__tests__/browser-session-profile.spec.ts
serverStore: Initializing server config
serverStore: Not in Electron environment. Skipping server initialization.

 ✓ electron/browser/__tests__/browser-session-profile.spec.ts (2 tests) 3ms
 ✓ utils/__tests__/tokenUsageAnalyticsCsv.spec.ts (2 tests) 3ms
 ✓ composables/__tests__/useEventMonitorFilePreview.spec.ts (1 test) 6ms
stderr | utils/__tests__/runTreeLiveStatusMerge.spec.ts
Warning: KaTeX doesn't work in quirks mode. Make sure your website has a suitable doctype.

stdout | utils/__tests__/runLaunchPolicy.spec.ts
serverStore: Initializing server config
serverStore: Not in Electron environment. Skipping server initialization.

 ✓ utils/__tests__/runLaunchPolicy.spec.ts (6 tests) 3ms
stdout | electron/server/__tests__/prismaSqliteUrl.spec.ts
serverStore: Initializing server config
serverStore: Not in Electron environment. Skipping server initialization.

 ✓ electron/server/__tests__/prismaSqliteUrl.spec.ts (3 tests) 2ms
stdout | utils/__tests__/serverConfig.spec.ts
serverStore: Initializing server config
serverStore: Not in Electron environment. Skipping server initialization.

 ✓ utils/__tests__/serverConfig.spec.ts (3 tests) 2ms
stdout | utils/__tests__/runTreeLiveStatusMerge.spec.ts
serverStore: Initializing server config
serverStore: Not in Electron environment. Skipping server initialization.

 ✓ utils/__tests__/runTreeLiveStatusMerge.spec.ts (4 tests) 3ms
stderr | electron/shell/__tests__/workspace-shell-window-registry.spec.ts
Warning: KaTeX doesn't work in quirks mode. Make sure your website has a suitable doctype.

stderr | services/agentStreaming/handlers/__tests__/todoHandler.spec.ts
Warning: KaTeX doesn't work in quirks mode. Make sure your website has a suitable doctype.

stderr | tests/integration/md-centric-graphql-documents.integration.test.ts
Warning: KaTeX doesn't work in quirks mode. Make sure your website has a suitable doctype.

stderr | utils/contextFiles/__tests__/contextAttachmentModel.spec.ts
Warning: KaTeX doesn't work in quirks mode. Make sure your website has a suitable doctype.

stderr | utils/remoteAccess/__tests__/authorizedTransport.spec.ts
Warning: KaTeX doesn't work in quirks mode. Make sure your website has a suitable doctype.

stderr | stores/__tests__/mobileWorkStore.spec.ts
Warning: KaTeX doesn't work in quirks mode. Make sure your website has a suitable doctype.

stdout | electron/shell/__tests__/workspace-shell-window-registry.spec.ts
serverStore: Initializing server config
serverStore: Not in Electron environment. Skipping server initialization.

 ✓ electron/shell/__tests__/workspace-shell-window-registry.spec.ts (3 tests) 3ms
stderr | services/runSubmission/__tests__/agentPrimaryAction.spec.ts
Warning: KaTeX doesn't work in quirks mode. Make sure your website has a suitable doctype.

stdout | services/agentStreaming/handlers/__tests__/todoHandler.spec.ts
serverStore: Initializing server config
serverStore: Not in Electron environment. Skipping server initialization.

stderr | stores/__tests__/messagingSetupNavigationStore.spec.ts
Warning: KaTeX doesn't work in quirks mode. Make sure your website has a suitable doctype.

 ✓ services/agentStreaming/handlers/__tests__/todoHandler.spec.ts (1 test) 4ms
stdout | utils/contextFiles/__tests__/contextAttachmentModel.spec.ts
serverStore: Initializing server config
serverStore: Not in Electron environment. Skipping server initialization.

 ✓ utils/contextFiles/__tests__/contextAttachmentModel.spec.ts (3 tests) 4ms
stdout | tests/integration/md-centric-graphql-documents.integration.test.ts
serverStore: Initializing server config
serverStore: Not in Electron environment. Skipping server initialization.

stdout | utils/remoteAccess/__tests__/authorizedTransport.spec.ts
serverStore: Initializing server config
serverStore: Not in Electron environment. Skipping server initialization.

 ✓ tests/integration/md-centric-graphql-documents.integration.test.ts (2 tests) 3ms
 ✓ utils/remoteAccess/__tests__/authorizedTransport.spec.ts (3 tests) 4ms
stderr | utils/application/__tests__/applicationAssetUrl.spec.ts
Warning: KaTeX doesn't work in quirks mode. Make sure your website has a suitable doctype.

stdout | stores/__tests__/mobileWorkStore.spec.ts
serverStore: Initializing server config
serverStore: Not in Electron environment. Skipping server initialization.

 ✓ stores/__tests__/mobileWorkStore.spec.ts (5 tests) 4ms
stdout | services/runSubmission/__tests__/agentPrimaryAction.spec.ts
serverStore: Initializing server config
serverStore: Not in Electron environment. Skipping server initialization.

 ✓ services/runSubmission/__tests__/agentPrimaryAction.spec.ts (4 tests) 3ms
stdout | stores/__tests__/messagingSetupNavigationStore.spec.ts
serverStore: Initializing server config
serverStore: Not in Electron environment. Skipping server initialization.

 ✓ stores/__tests__/messagingSetupNavigationStore.spec.ts (3 tests) 3ms
stdout | utils/application/__tests__/applicationAssetUrl.spec.ts
serverStore: Initializing server config
serverStore: Not in Electron environment. Skipping server initialization.

stderr | services/qr/__tests__/qrCodeDataUrlService.spec.ts
Warning: KaTeX doesn't work in quirks mode. Make sure your website has a suitable doctype.

 ✓ utils/application/__tests__/applicationAssetUrl.spec.ts (3 tests) 3ms
stderr | electron/__tests__/rendererConsoleDiagnostics.spec.ts
Warning: KaTeX doesn't work in quirks mode. Make sure your website has a suitable doctype.

stderr | graphql/queries/__tests__/runHistoryQueries.spec.ts
Warning: KaTeX doesn't work in quirks mode. Make sure your website has a suitable doctype.

stderr | utils/__tests__/vncHosts.spec.ts
Warning: KaTeX doesn't work in quirks mode. Make sure your website has a suitable doctype.

stderr | services/agentStreaming/browser/__tests__/browserToolExecutionSucceededHandler.spec.ts
Warning: KaTeX doesn't work in quirks mode. Make sure your website has a suitable doctype.

stdout | services/qr/__tests__/qrCodeDataUrlService.spec.ts
serverStore: Initializing server config
serverStore: Not in Electron environment. Skipping server initialization.

stderr | services/workspace/__tests__/workspaceNavigationService.spec.ts
Warning: KaTeX doesn't work in quirks mode. Make sure your website has a suitable doctype.

 ✓ services/qr/__tests__/qrCodeDataUrlService.spec.ts (3 tests) 6ms
stdout | graphql/queries/__tests__/runHistoryQueries.spec.ts
serverStore: Initializing server config
serverStore: Not in Electron environment. Skipping server initialization.

stdout | electron/__tests__/rendererConsoleDiagnostics.spec.ts
serverStore: Initializing server config
serverStore: Not in Electron environment. Skipping server initialization.

stderr | utils/__tests__/toolCardPresentation.spec.ts
Warning: KaTeX doesn't work in quirks mode. Make sure your website has a suitable doctype.

 ✓ graphql/queries/__tests__/runHistoryQueries.spec.ts (5 tests) 4ms
 ✓ electron/__tests__/rendererConsoleDiagnostics.spec.ts (3 tests) 3ms
stderr | utils/__tests__/nodeEndpoints.spec.ts
Warning: KaTeX doesn't work in quirks mode. Make sure your website has a suitable doctype.

stdout | utils/__tests__/vncHosts.spec.ts
serverStore: Initializing server config
serverStore: Not in Electron environment. Skipping server initialization.

 ✓ utils/__tests__/vncHosts.spec.ts (3 tests) 3ms
stdout | services/agentStreaming/browser/__tests__/browserToolExecutionSucceededHandler.spec.ts
serverStore: Initializing server config
serverStore: Not in Electron environment. Skipping server initialization.

 ✓ services/agentStreaming/browser/__tests__/browserToolExecutionSucceededHandler.spec.ts (3 tests) 8ms
stderr | middleware/__tests__/feature-flags.global.spec.ts
Warning: KaTeX doesn't work in quirks mode. Make sure your website has a suitable doctype.

stdout | services/workspace/__tests__/workspaceNavigationService.spec.ts
serverStore: Initializing server config
serverStore: Not in Electron environment. Skipping server initialization.

 ✓ services/workspace/__tests__/workspaceNavigationService.spec.ts (5 tests) 3ms
stdout | utils/__tests__/toolCardPresentation.spec.ts
serverStore: Initializing server config
serverStore: Not in Electron environment. Skipping server initialization.

 ✓ utils/__tests__/toolCardPresentation.spec.ts (3 tests) 3ms
stdout | utils/__tests__/nodeEndpoints.spec.ts
serverStore: Initializing server config
serverStore: Not in Electron environment. Skipping server initialization.

 ✓ utils/__tests__/nodeEndpoints.spec.ts (6 tests) 3ms
stdout | middleware/__tests__/feature-flags.global.spec.ts
serverStore: Initializing server config
serverStore: Not in Electron environment. Skipping server initialization.

stderr | electron/server/__tests__/serverRuntimeEnv.spec.ts
Warning: KaTeX doesn't work in quirks mode. Make sure your website has a suitable doctype.

 ✓ middleware/__tests__/feature-flags.global.spec.ts (4 tests) 3ms
stderr | utils/fileExplorer/__tests__/contextMenu.test.ts
Warning: KaTeX doesn't work in quirks mode. Make sure your website has a suitable doctype.

stderr | utils/catalog/__tests__/featuredCatalogItems.spec.ts
Warning: KaTeX doesn't work in quirks mode. Make sure your website has a suitable doctype.

stderr | utils/__tests__/toolUtils.spec.ts
Warning: KaTeX doesn't work in quirks mode. Make sure your website has a suitable doctype.

stderr | services/agentStreaming/handlers/__tests__/toolLifecycleParsers.spec.ts
Warning: KaTeX doesn't work in quirks mode. Make sure your website has a suitable doctype.

stdout | electron/server/__tests__/serverRuntimeEnv.spec.ts
serverStore: Initializing server config
serverStore: Not in Electron environment. Skipping server initialization.

 ✓ electron/server/__tests__/serverRuntimeEnv.spec.ts (4 tests) 2ms
stderr | services/agentStreaming/handlers/__tests__/toolLifecycleState.spec.ts
Warning: KaTeX doesn't work in quirks mode. Make sure your website has a suitable doctype.

stderr | composables/__tests__/useRightSideTabs.spec.ts
Warning: KaTeX doesn't work in quirks mode. Make sure your website has a suitable doctype.

stdout | utils/fileExplorer/__tests__/contextMenu.test.ts
serverStore: Initializing server config
serverStore: Not in Electron environment. Skipping server initialization.

stdout | utils/catalog/__tests__/featuredCatalogItems.spec.ts
serverStore: Initializing server config
serverStore: Not in Electron environment. Skipping server initialization.

 ✓ utils/fileExplorer/__tests__/contextMenu.test.ts (5 tests) 3ms
stdout | utils/__tests__/toolUtils.spec.ts
serverStore: Initializing server config
serverStore: Not in Electron environment. Skipping server initialization.

 ✓ utils/catalog/__tests__/featuredCatalogItems.spec.ts (5 tests) 3ms
stdout | utils/__tests__/toolUtils.spec.ts > toolUtils > generateBaseInvocationId > should generate a deterministic ID for a complex object matching the Gemini live case
[Frontend toolUtils] Generating tool invocation ID from hash_string: 'CreatePromptRevision:{"base_prompt_id":"6","new_description":"A system prompt for an agent that manages Jira tickets and Confluence pages. Includes {{tools}} placeholder and output formatting rules.","new_prompt_content":"You are the Jira Project Manager, an expert AI assistant specializing in managing software development projects using Atlassian's Jira and Confluence.\n\nYour primary purpose is to help users interact with Jira and Confluence efficiently. You can perform a wide range of tasks, including but not limited to:\n- **Jira Issue Management:** Creating, updating, deleting, and searching for issues (Tasks, Bugs, Stories, Epics, Subtasks).\n- **Jira Workflow:** Transitioning issues through their workflow (e.g., from 'To Do' to 'In Progress' to 'Done').\n- **Jira Agile/Scrum:** Managing sprints, boards, and versions.\n- **Linking:** Linking Jira issues to each other or to Confluence pages.\n- **Confluence Documentation:** Creating, reading, and updating Confluence pages to support project documentation.\n- **Reporting:** Answering questions about project status by querying Jira and Confluence.\n\nWhen a user asks for help, be proactive. If a request is ambiguous, ask clarifying questions. For example, if a user wants to create a ticket, ask for the project key, issue type, summary, and description. Always confirm the successful completion of an action.\n\nYou are equipped with a comprehensive set of tools. Use them wisely to fulfill user requests.\n\n**Available Tools**\n{{tools}}\n\n**Important Rule (Output Format)**\n⚠️ **When calling tools, DO NOT wrap the output in any markup such as ```json, ```, or any other code block symbols.**\nAll tool calls must be returned **as raw JSON only**, without any extra formatting. This rule is critical and must always be followed."}'

stdout | utils/__tests__/toolUtils.spec.ts > toolUtils > generateBaseInvocationId > should generate a deterministic ID for the complex production XML case
[Frontend toolUtils] Generating tool invocation ID from hash_string: 'PublishWorkPlan:{"plan":{"overall_goal":"Develop a complete Snake game in Python from scratch","tasks":[{"assignee_name":"Software Engineer","description":"Implement the core game logic for Snake including snake movement, food generation, collision detection, and score tracking","task_name":"implement_game_logic"},{"assignee_name":"Code Reviewer","dependencies":["implement_game_logic"],"description":"Conduct a thorough code review of the implemented Snake game logic, checking for best practices, efficiency, and correctness","task_name":"code_review"},{"assignee_name":"Test Writer","dependencies":["implement_game_logic"],"description":"Write comprehensive unit tests for all game components including movement, collision detection, and scoring logic","task_name":"write_unit_tests"},{"assignee_name":"Tester","dependencies":["code_review","write_unit_tests"],"description":"Execute all unit tests and perform manual testing of the Snake game to ensure it functions correctly and meets requirements","task_name":"run_tests"}]}}'

 ✓ utils/__tests__/toolUtils.spec.ts (2 tests) 3ms
stderr | tests/integration/prompt-engineering-removal.integration.test.ts
Warning: KaTeX doesn't work in quirks mode. Make sure your website has a suitable doctype.

stdout | services/agentStreaming/handlers/__tests__/toolLifecycleParsers.spec.ts
serverStore: Initializing server config
serverStore: Not in Electron environment. Skipping server initialization.

 ✓ services/agentStreaming/handlers/__tests__/toolLifecycleParsers.spec.ts (4 tests) 4ms
stderr | composables/__tests__/useShellPrimaryNavigation.spec.ts
Warning: KaTeX doesn't work in quirks mode. Make sure your website has a suitable doctype.

stdout | services/agentStreaming/handlers/__tests__/toolLifecycleState.spec.ts
serverStore: Initializing server config
serverStore: Not in Electron environment. Skipping server initialization.

 ✓ services/agentStreaming/handlers/__tests__/toolLifecycleState.spec.ts (7 tests) 3ms
stdout | composables/__tests__/useRightSideTabs.spec.ts
serverStore: Initializing server config
serverStore: Not in Electron environment. Skipping server initialization.

 ✓ composables/__tests__/useRightSideTabs.spec.ts (2 tests) 3ms
stdout | tests/integration/prompt-engineering-removal.integration.test.ts
serverStore: Initializing server config
serverStore: Not in Electron environment. Skipping server initialization.

 ✓ tests/integration/prompt-engineering-removal.integration.test.ts (1 test) 3ms
stderr | components/workspace/history/__tests__/workspaceHistoryTeamDefinitionGroups.spec.ts
Warning: KaTeX doesn't work in quirks mode. Make sure your website has a suitable doctype.

stdout | composables/__tests__/useShellPrimaryNavigation.spec.ts
serverStore: Initializing server config
serverStore: Not in Electron environment. Skipping server initialization.

 ✓ composables/__tests__/useShellPrimaryNavigation.spec.ts (3 tests) 3ms
stderr | tests/stores/agentDefinitionOptionsStore.test.ts
Warning: KaTeX doesn't work in quirks mode. Make sure your website has a suitable doctype.

stderr | localization/runtime/__tests__/systemLocaleResolver.spec.ts
Warning: KaTeX doesn't work in quirks mode. Make sure your website has a suitable doctype.

stderr | utils/__tests__/discordBindingIdentityValidation.spec.ts
Warning: KaTeX doesn't work in quirks mode. Make sure your website has a suitable doctype.

stderr | services/agentStreaming/protocol/__tests__/segmentTypes.spec.ts
Warning: KaTeX doesn't work in quirks mode. Make sure your website has a suitable doctype.

stdout | components/workspace/history/__tests__/workspaceHistoryTeamDefinitionGroups.spec.ts
serverStore: Initializing server config
serverStore: Not in Electron environment. Skipping server initialization.

 ✓ components/workspace/history/__tests__/workspaceHistoryTeamDefinitionGroups.spec.ts (2 tests) 3ms
stderr | utils/__tests__/messagingStepSelectionPolicy.spec.ts
Warning: KaTeX doesn't work in quirks mode. Make sure your website has a suitable doctype.

stdout | tests/stores/agentDefinitionOptionsStore.test.ts
serverStore: Initializing server config
serverStore: Not in Electron environment. Skipping server initialization.

stderr | electron/server/__tests__/ServerStatusManager.spec.ts
Warning: KaTeX doesn't work in quirks mode. Make sure your website has a suitable doctype.

stdout | utils/__tests__/discordBindingIdentityValidation.spec.ts
serverStore: Initializing server config
serverStore: Not in Electron environment. Skipping server initialization.

stdout | localization/runtime/__tests__/systemLocaleResolver.spec.ts
serverStore: Initializing server config
serverStore: Not in Electron environment. Skipping server initialization.

 ✓ tests/stores/agentDefinitionOptionsStore.test.ts (1 test) 5ms
 ✓ utils/__tests__/discordBindingIdentityValidation.spec.ts (3 tests) 2ms
stderr | services/__tests__/mermaidService.spec.ts
Warning: KaTeX doesn't work in quirks mode. Make sure your website has a suitable doctype.

 ✓ localization/runtime/__tests__/systemLocaleResolver.spec.ts (4 tests) 3ms
stdout | services/agentStreaming/protocol/__tests__/segmentTypes.spec.ts
serverStore: Initializing server config
serverStore: Not in Electron environment. Skipping server initialization.

 ✓ services/agentStreaming/protocol/__tests__/segmentTypes.spec.ts (3 tests) 2ms
stderr | utils/__tests__/nodeHostValidation.spec.ts
Warning: KaTeX doesn't work in quirks mode. Make sure your website has a suitable doctype.

stdout | utils/__tests__/messagingStepSelectionPolicy.spec.ts
serverStore: Initializing server config
serverStore: Not in Electron environment. Skipping server initialization.

 ✓ utils/__tests__/messagingStepSelectionPolicy.spec.ts (5 tests) 4ms
stdout | electron/server/__tests__/ServerStatusManager.spec.ts
serverStore: Initializing server config
serverStore: Not in Electron environment. Skipping server initialization.

stdout | services/__tests__/mermaidService.spec.ts
serverStore: Initializing server config
serverStore: Not in Electron environment. Skipping server initialization.

 ✓ electron/server/__tests__/ServerStatusManager.spec.ts (1 test) 3ms
 ✓ services/__tests__/mermaidService.spec.ts (1 test) 3ms
stderr | types/agent/__tests__/AgentContext.spec.ts
Warning: KaTeX doesn't work in quirks mode. Make sure your website has a suitable doctype.

stdout | utils/__tests__/nodeHostValidation.spec.ts
serverStore: Initializing server config
serverStore: Not in Electron environment. Skipping server initialization.

 ✓ utils/__tests__/nodeHostValidation.spec.ts (4 tests) 3ms
stderr | utils/application/__tests__/applicationHostTransport.spec.ts
Warning: KaTeX doesn't work in quirks mode. Make sure your website has a suitable doctype.

stderr | services/agentStreaming/protocol/__tests__/systemInstructionMessageParser.spec.ts
Warning: KaTeX doesn't work in quirks mode. Make sure your website has a suitable doctype.

stderr | utils/__tests__/mobileFeatureGates.spec.ts
Warning: KaTeX doesn't work in quirks mode. Make sure your website has a suitable doctype.

stderr | services/runStatus/__tests__/agentRuntimeStatusState.spec.ts
Warning: KaTeX doesn't work in quirks mode. Make sure your website has a suitable doctype.

stdout | types/agent/__tests__/AgentContext.spec.ts
serverStore: Initializing server config
serverStore: Not in Electron environment. Skipping server initialization.

 ✓ types/agent/__tests__/AgentContext.spec.ts (2 tests) 2ms
stderr | electron/shell/__tests__/workspace-shell-window.spec.ts
Warning: KaTeX doesn't work in quirks mode. Make sure your website has a suitable doctype.

stderr | stores/__tests__/runtimeCapabilitiesStore.spec.ts
Warning: KaTeX doesn't work in quirks mode. Make sure your website has a suitable doctype.

stdout | utils/__tests__/mobileFeatureGates.spec.ts
serverStore: Initializing server config
serverStore: Not in Electron environment. Skipping server initialization.

stderr | layouts/__tests__/settings.spec.ts
Warning: KaTeX doesn't work in quirks mode. Make sure your website has a suitable doctype.

stdout | utils/application/__tests__/applicationHostTransport.spec.ts
serverStore: Initializing server config
serverStore: Not in Electron environment. Skipping server initialization.

stdout | services/agentStreaming/protocol/__tests__/systemInstructionMessageParser.spec.ts
serverStore: Initializing server config
serverStore: Not in Electron environment. Skipping server initialization.

 ✓ utils/__tests__/mobileFeatureGates.spec.ts (3 tests) 2ms
 ✓ utils/application/__tests__/applicationHostTransport.spec.ts (2 tests) 2ms
 ✓ services/agentStreaming/protocol/__tests__/systemInstructionMessageParser.spec.ts (1 test) 2ms
stdout | services/runStatus/__tests__/agentRuntimeStatusState.spec.ts
serverStore: Initializing server config
serverStore: Not in Electron environment. Skipping server initialization.

 ✓ services/runStatus/__tests__/agentRuntimeStatusState.spec.ts (5 tests) 4ms
stdout | electron/shell/__tests__/workspace-shell-window.spec.ts
serverStore: Initializing server config
serverStore: Not in Electron environment. Skipping server initialization.

stderr | services/sessionSync/__tests__/personalSessionStatusSyncPolicy.spec.ts
Warning: KaTeX doesn't work in quirks mode. Make sure your website has a suitable doctype.

 ✓ electron/shell/__tests__/workspace-shell-window.spec.ts (2 tests) 2ms
stdout | stores/__tests__/runtimeCapabilitiesStore.spec.ts
serverStore: Initializing server config
serverStore: Not in Electron environment. Skipping server initialization.

 ✓ stores/__tests__/runtimeCapabilitiesStore.spec.ts (1 test) 3ms
stdout | layouts/__tests__/settings.spec.ts
serverStore: Initializing server config
serverStore: Not in Electron environment. Skipping server initialization.

 ✓ layouts/__tests__/settings.spec.ts (1 test) 2ms
stderr | utils/__tests__/modelSelectionLabel.spec.ts
Warning: KaTeX doesn't work in quirks mode. Make sure your website has a suitable doctype.

stdout | services/sessionSync/__tests__/personalSessionStatusSyncPolicy.spec.ts
serverStore: Initializing server config
serverStore: Not in Electron environment. Skipping server initialization.

stderr | utils/__tests__/workspaceStatusDotPresentation.spec.ts
Warning: KaTeX doesn't work in quirks mode. Make sure your website has a suitable doctype.

 ✓ services/sessionSync/__tests__/personalSessionStatusSyncPolicy.spec.ts (4 tests) 2ms
stderr | stores/__tests__/workspaceMetadataActions.spec.ts
Warning: KaTeX doesn't work in quirks mode. Make sure your website has a suitable doctype.

stderr | utils/remoteAccess/__tests__/websocketAuth.spec.ts
Warning: KaTeX doesn't work in quirks mode. Make sure your website has a suitable doctype.

stderr | utils/__tests__/phoneSetupGuideCommands.spec.ts
Warning: KaTeX doesn't work in quirks mode. Make sure your website has a suitable doctype.

stdout | utils/__tests__/modelSelectionLabel.spec.ts
serverStore: Initializing server config
serverStore: Not in Electron environment. Skipping server initialization.

 ✓ utils/__tests__/modelSelectionLabel.spec.ts (4 tests) 2ms
stderr | utils/contextFiles/__tests__/contextAttachmentSend.spec.ts
Warning: KaTeX doesn't work in quirks mode. Make sure your website has a suitable doctype.

stderr | electron/extensions/__tests__/voiceInputRuntimeService.spec.ts
Warning: KaTeX doesn't work in quirks mode. Make sure your website has a suitable doctype.

stdout | utils/__tests__/workspaceStatusDotPresentation.spec.ts
serverStore: Initializing server config
serverStore: Not in Electron environment. Skipping server initialization.

stderr | types/__tests__/node.spec.ts
Warning: KaTeX doesn't work in quirks mode. Make sure your website has a suitable doctype.

 ✓ utils/__tests__/workspaceStatusDotPresentation.spec.ts (3 tests) 2ms
stdout | stores/__tests__/workspaceMetadataActions.spec.ts
serverStore: Initializing server config
serverStore: Not in Electron environment. Skipping server initialization.

stdout | utils/remoteAccess/__tests__/websocketAuth.spec.ts
serverStore: Initializing server config
serverStore: Not in Electron environment. Skipping server initialization.

 ✓ stores/__tests__/workspaceMetadataActions.spec.ts (2 tests) 2ms
 ✓ utils/remoteAccess/__tests__/websocketAuth.spec.ts (2 tests) 7ms
stdout | utils/__tests__/phoneSetupGuideCommands.spec.ts
serverStore: Initializing server config
serverStore: Not in Electron environment. Skipping server initialization.

 ✓ utils/__tests__/phoneSetupGuideCommands.spec.ts (2 tests) 2ms
stdout | utils/contextFiles/__tests__/contextAttachmentSend.spec.ts
serverStore: Initializing server config
serverStore: Not in Electron environment. Skipping server initialization.

 ✓ utils/contextFiles/__tests__/contextAttachmentSend.spec.ts (1 test) 2ms
stdout | electron/extensions/__tests__/voiceInputRuntimeService.spec.ts
serverStore: Initializing server config
serverStore: Not in Electron environment. Skipping server initialization.

stderr | types/agent/__tests__/AgentRunConfig.spec.ts
Warning: KaTeX doesn't work in quirks mode. Make sure your website has a suitable doctype.

 ✓ electron/extensions/__tests__/voiceInputRuntimeService.spec.ts (3 tests) 2ms
stdout | types/__tests__/node.spec.ts
serverStore: Initializing server config
serverStore: Not in Electron environment. Skipping server initialization.

 ✓ types/__tests__/node.spec.ts (3 tests) 2ms
stderr | electron/__tests__/appDataPaths.spec.ts
Warning: KaTeX doesn't work in quirks mode. Make sure your website has a suitable doctype.

stdout | types/agent/__tests__/AgentRunConfig.spec.ts
serverStore: Initializing server config
serverStore: Not in Electron environment. Skipping server initialization.

 ✓ types/agent/__tests__/AgentRunConfig.spec.ts (3 tests) 2ms
stderr | localization/messages/__tests__/shellCatalog.spec.ts
Warning: KaTeX doesn't work in quirks mode. Make sure your website has a suitable doctype.

stderr | electron/extensions/__tests__/managedExtensionService.realRelease.spec.ts
Warning: KaTeX doesn't work in quirks mode. Make sure your website has a suitable doctype.

stdout | electron/__tests__/appDataPaths.spec.ts
serverStore: Initializing server config
serverStore: Not in Electron environment. Skipping server initialization.

 ✓ electron/__tests__/appDataPaths.spec.ts (1 test) 1ms
stdout | localization/messages/__tests__/shellCatalog.spec.ts
serverStore: Initializing server config
serverStore: Not in Electron environment. Skipping server initialization.

stdout | electron/extensions/__tests__/managedExtensionService.realRelease.spec.ts
serverStore: Initializing server config
serverStore: Not in Electron environment. Skipping server initialization.

 ✓ localization/messages/__tests__/shellCatalog.spec.ts (1 test) 1ms
 ↓ electron/extensions/__tests__/managedExtensionService.realRelease.spec.ts (1 test | 1 skipped)

⎯⎯⎯⎯⎯⎯⎯ Failed Tests 5 ⎯⎯⎯⎯⎯⎯⎯

 FAIL  stores/__tests__/runHistoryStore.spec.ts > runHistoryStore > creates draft run for selected workspace and agent
TypeError: llmProviderConfigStore.models is not a function
 ❯ Object.getKnownModels stores/runHistoryDraftActions.ts:54:50
     52|   const resolvedModelIdentifier = await resolveRunnableModelIdentifier…
     53|     candidateModels: [preferredTemplate?.config.llmModelIdentifier, bu…
     54|     getKnownModels: () => llmProviderConfigStore.models(modelRuntimeKi…
       |                                                  ^
     55|     ensureModelsLoaded: async () => {
     56|       await llmProviderConfigStore.fetchProvidersWithModels(modelRunti…
 ❯ resolveRunnableModelIdentifier utils/runLaunchPolicy.ts:73:29
 ❯ createDraftRunForHistoryStore stores/runHistoryDraftActions.ts:52:35
 ❯ Proxy.createDraftRun stores/runHistoryStore.ts:130:7
 ❯ stores/__tests__/runHistoryStore.spec.ts:1496:5

⎯⎯⎯⎯⎯⎯⎯⎯⎯⎯⎯⎯⎯⎯⎯⎯⎯⎯⎯⎯⎯⎯⎯⎯[1/5]⎯

 FAIL  stores/__tests__/runHistoryStore.spec.ts > runHistoryStore > clears copied llmConfig when model resolution changes the source model for a draft run
TypeError: llmProviderConfigStore.models is not a function
 ❯ Object.getKnownModels stores/runHistoryDraftActions.ts:54:50
     52|   const resolvedModelIdentifier = await resolveRunnableModelIdentifier…
     53|     candidateModels: [preferredTemplate?.config.llmModelIdentifier, bu…
     54|     getKnownModels: () => llmProviderConfigStore.models(modelRuntimeKi…
       |                                                  ^
     55|     ensureModelsLoaded: async () => {
     56|       await llmProviderConfigStore.fetchProvidersWithModels(modelRunti…
 ❯ resolveRunnableModelIdentifier utils/runLaunchPolicy.ts:73:29
 ❯ createDraftRunForHistoryStore stores/runHistoryDraftActions.ts:52:35
 ❯ Proxy.createDraftRun stores/runHistoryStore.ts:130:7
 ❯ stores/__tests__/runHistoryStore.spec.ts:1656:5

⎯⎯⎯⎯⎯⎯⎯⎯⎯⎯⎯⎯⎯⎯⎯⎯⎯⎯⎯⎯⎯⎯⎯⎯[2/5]⎯

 FAIL  tests/integration/workspace-history-draft-send.integration.test.ts > workspace history + draft send integration > supports tree-plus draft creation and first send promotion with a resolved model
TypeError: llmProviderConfigStore.models is not a function
 ❯ Object.getKnownModels stores/runHistoryDraftActions.ts:54:50
     52|   const resolvedModelIdentifier = await resolveRunnableModelIdentifier…
     53|     candidateModels: [preferredTemplate?.config.llmModelIdentifier, bu…
     54|     getKnownModels: () => llmProviderConfigStore.models(modelRuntimeKi…
       |                                                  ^
     55|     ensureModelsLoaded: async () => {
     56|       await llmProviderConfigStore.fetchProvidersWithModels(modelRunti…
 ❯ resolveRunnableModelIdentifier utils/runLaunchPolicy.ts:73:29
 ❯ createDraftRunForHistoryStore stores/runHistoryDraftActions.ts:52:35
 ❯ Proxy.createDraftRun stores/runHistoryStore.ts:130:7
 ❯ tests/integration/workspace-history-draft-send.integration.test.ts:138:33

⎯⎯⎯⎯⎯⎯⎯⎯⎯⎯⎯⎯⎯⎯⎯⎯⎯⎯⎯⎯⎯⎯⎯⎯[3/5]⎯

 FAIL  components/agentInput/__tests__/AgentUserInputTextArea.focusedInterrupt.e2e.spec.ts > focused team member interrupt UI-to-WebSocket e2e > clicking stop after switching focus sends the WebSocket interrupt to the visible focused member
AssertionError: expected "spy" to be called 1 times, but got 0 times
 ❯ components/agentInput/__tests__/AgentUserInputTextArea.focusedInterrupt.e2e.spec.ts:190:24
    188|     await wrapper.get('button[title="Stop generation"]').trigger('clic…
    189|
    190|     expect(mockWsSend).toHaveBeenCalledTimes(1);
       |                        ^
    191|     expect(JSON.parse(mockWsSend.mock.calls[0][0])).toEqual({
    192|       type: 'INTERRUPT_GENERATION',

⎯⎯⎯⎯⎯⎯⎯⎯⎯⎯⎯⎯⎯⎯⎯⎯⎯⎯⎯⎯⎯⎯⎯⎯[4/5]⎯

 FAIL  localization/messages/__tests__/zhCnActionLabelConsistency.spec.ts > zh-CN action-label consistency > keeps shared run and action labels translated in the swept catalogs
AssertionError: expected undefined to be '获取统计数据' // Object.is equality

- Expected:
"获取统计数据"

+ Received:
undefined

 ❯ localization/messages/__tests__/zhCnActionLabelConsistency.spec.ts:18:103
     16|     expect(zhCnSettingsMessages['settings.components.settings.NodeMana…
     17|     expect(zhCnSettingsMessages['settings.components.settings.NodeMana…
     18|     expect(zhCnSettingsMessages['settings.components.settings.TokenUsa…
       |                                                                                                       ^
     19|   });
     20| });

⎯⎯⎯⎯⎯⎯⎯⎯⎯⎯⎯⎯⎯⎯⎯⎯⎯⎯⎯⎯⎯⎯⎯⎯[5/5]⎯


 Test Files  4 failed | 420 passed | 2 skipped (426)
      Tests  5 failed | 2320 passed | 2 skipped (2327)
   Start at  12:32:21
   Duration  135.22s (transform 13.73s, setup 908.21s, collect 53.20s, tests 21.41s, environment 90.02s, prepare 57.12s)
