
 RUN  v4.0.18 /Users/normy/autobyteus_org/autobyteus-worktrees/task-run-resources-workspace-cleanup/autobyteus-server-ts

Prisma schema loaded from prisma/schema.prisma
Datasource "db": SQLite database "autobyteus-server-test.db" at "file:/Users/normy/autobyteus_org/autobyteus-worktrees/task-run-resources-workspace-cleanup/autobyteus-server-ts/tests/.tmp/autobyteus-server-test.db"

Applying migration `20260203074245_init`
Applying migration `20260208094000_add_external_channel_tables`
Applying migration `20260209174500_add_channel_message_receipt_turn_id`
Applying migration `20260209213000_remove_agent_conversation_tables`
Applying migration `20260210101500_add_agent_avatar`
Applying migration `20260210192000_add_agent_team_avatar`
Applying migration `20260211214500_add_sync_columns_and_tombstones`
Applying migration `20260212070000_remove_workflow_definition`
Applying migration `20260309103000_add_channel_binding_launch_preset`
Applying migration `20260310153000_add_channel_binding_team_definition_id`
Applying migration `20260331102000_remove_channel_bindings_table`
Applying migration `20260331130000_receipt_lifecycle_and_remove_channel_idempotency`
Applying migration `20260517090000_add_app_data_migration_records`
Applying migration `20260624090000_add_token_usage_ledger_events`
Applying migration `20260625193000_token_usage_component_pricing_explainability`
Applying migration `20260629120000_add_token_usage_display_fields`
Applying migration `20260702093000_token_usage_execution_address`
Applying migration `20260726090000_add_secret_vault`
Applying migration `20260730090000_add_token_usage_provider_name`
Applying migration `20260801090000_token_usage_member_display_name`
Applying migration `20260814090000_team_run_execution_tree_v1`
Applying migration `20260819090000_add_token_usage_run_records`
Applying migration `20260820090000_redesign_app_data_migration_summary`
Applying migration `20260822090000_add_token_usage_analytics`
Applying migration `20260923130000_add_claude_sdk_usage_state`
Applying migration `20260924120000_remove_external_channel_tables`

Database reset successful

The following migration(s) have been applied:

migrations/
  └─ 20260203074245_init/
    └─ migration.sql
  └─ 20260208094000_add_external_channel_tables/
    └─ migration.sql
  └─ 20260209174500_add_channel_message_receipt_turn_id/
    └─ migration.sql
  └─ 20260209213000_remove_agent_conversation_tables/
    └─ migration.sql
  └─ 20260210101500_add_agent_avatar/
    └─ migration.sql
  └─ 20260210192000_add_agent_team_avatar/
    └─ migration.sql
  └─ 20260211214500_add_sync_columns_and_tombstones/
    └─ migration.sql
  └─ 20260212070000_remove_workflow_definition/
    └─ migration.sql
  └─ 20260309103000_add_channel_binding_launch_preset/
    └─ migration.sql
  └─ 20260310153000_add_channel_binding_team_definition_id/
    └─ migration.sql
  └─ 20260331102000_remove_channel_bindings_table/
    └─ migration.sql
  └─ 20260331130000_receipt_lifecycle_and_remove_channel_idempotency/
    └─ migration.sql
  └─ 20260517090000_add_app_data_migration_records/
    └─ migration.sql
  └─ 20260624090000_add_token_usage_ledger_events/
    └─ migration.sql
  └─ 20260625193000_token_usage_component_pricing_explainability/
    └─ migration.sql
  └─ 20260629120000_add_token_usage_display_fields/
    └─ migration.sql
  └─ 20260702093000_token_usage_execution_address/
    └─ migration.sql
  └─ 20260726090000_add_secret_vault/
    └─ migration.sql
  └─ 20260730090000_add_token_usage_provider_name/
    └─ migration.sql
  └─ 20260801090000_token_usage_member_display_name/
    └─ migration.sql
  └─ 20260814090000_team_run_execution_tree_v1/
    └─ migration.sql
  └─ 20260819090000_add_token_usage_run_records/
    └─ migration.sql
  └─ 20260820090000_redesign_app_data_migration_summary/
    └─ migration.sql
  └─ 20260822090000_add_token_usage_analytics/
    └─ migration.sql
  └─ 20260923130000_add_claude_sdk_usage_state/
    └─ migration.sql
  └─ 20260924120000_remove_external_channel_tables/
    └─ migration.sql

stdout | tests/unit/run-history/services/team-run-history-catalog-service.test.ts
AgentFactory (Singleton) initialized.

 ❯ tests/unit/run-history/services/team-run-history-catalog-service.test.ts (7 tests | 4 failed) 318ms
     ✓ records one derived catalog row without creating a fourth Team state authority 26ms
     × records the first summary only and serializes current lifecycle updates 40ms
     × archives the exact V2 execution tree and derived catalog row together 50ms
     × restores the exact tree and index snapshot after an archive index failure 61ms
     ✓ blocks active deletion and rejects unsafe identities before filesystem effects 43ms
     × keeps the current row and package when the candidate index write fails 44ms
     ✓ durably compensates and validates the original row before reporting package removal failure 51ms
stdout | tests/unit/api/graphql/types/memory-view-member-resolver.test.ts
AgentFactory (Singleton) initialized.

 ❯ tests/unit/api/graphql/types/memory-view-member-resolver.test.ts (3 tests | 2 failed) 89ms
     × reads an org member run's memory through its resolved org location 36ms
     ✓ returns an empty view for an unknown org member 26ms
     × keeps reading team member runs through the shared member view read 27ms
stdout | tests/unit/run-history/services/published-artifact-projection-service.test.ts
AgentFactory (Singleton) initialized.

 ❯ tests/unit/run-history/services/published-artifact-projection-service.test.ts (1 test | 1 failed) 8ms
     × reads historical published-artifact summaries and revision text from durable projection storage 7ms
stdout | tests/unit/projects/project-task-context-store.test.ts
AgentFactory (Singleton) initialized.

stderr | tests/unit/projects/project-task-context-store.test.ts > Task-owned context transaction > returns proven committed metadata even when subsequent lock finalization fails
Projects data committed; lock finalization failed. Error: release failure
    at Object.<anonymous> (/Users/normy/autobyteus_org/autobyteus-worktrees/task-run-resources-workspace-cleanup/autobyteus-server-ts/tests/unit/projects/project-task-context-store.test.ts:92:69)
    at Object.unlink (file:///Users/normy/autobyteus_org/autobyteus-worktrees/task-run-resources-workspace-cleanup/node_modules/.pnpm/@vitest+spy@4.0.18/node_modules/@vitest/spy/dist/index.js:285:34)
    at code (/Users/normy/autobyteus_org/autobyteus-worktrees/task-run-resources-workspace-cleanup/autobyteus-server-ts/src/persistence/file/store-utils.ts:55:20)
    at withFilePathLock (/Users/normy/autobyteus_org/autobyteus-worktrees/task-run-resources-workspace-cleanup/autobyteus-server-ts/src/persistence/file/store-utils.ts:123:9)
    at ProjectStore.withCommitLock (/Users/normy/autobyteus_org/autobyteus-worktrees/task-run-resources-workspace-cleanup/autobyteus-server-ts/src/projects/stores/project-store.ts:204:14)
    at ProjectTaskService.createTask (/Users/normy/autobyteus_org/autobyteus-worktrees/task-run-resources-workspace-cleanup/autobyteus-server-ts/src/projects/services/project-task-service.ts:79:18)
    at /Users/normy/autobyteus_org/autobyteus-worktrees/task-run-resources-workspace-cleanup/autobyteus-server-ts/tests/unit/projects/project-task-context-store.test.ts:95:18
    at file:///Users/normy/autobyteus_org/autobyteus-worktrees/task-run-resources-workspace-cleanup/node_modules/.pnpm/@vitest+runner@4.0.18/node_modules/@vitest/runner/dist/index.js:915:20

stderr | tests/unit/projects/project-task-context-store.test.ts > Task-owned context transaction > cleanup failure cannot turn a confirmed file-removal commit into rollback
Task context cleanup failed. Error: cleanup unavailable
    at /Users/normy/autobyteus_org/autobyteus-worktrees/task-run-resources-workspace-cleanup/autobyteus-server-ts/tests/unit/projects/project-task-context-store.test.ts:121:63
    at file:///Users/normy/autobyteus_org/autobyteus-worktrees/task-run-resources-workspace-cleanup/node_modules/.pnpm/@vitest+runner@4.0.18/node_modules/@vitest/runner/dist/index.js:915:20

 ✓ tests/unit/projects/project-task-context-store.test.ts (9 tests) 988ms
stdout | tests/unit/run-history/services/agent-run-history-catalog-service.test.ts > AgentRunHistoryCatalogService > refuses to cancel a run after the serialized catalog start mutation
AgentFactory (Singleton) initialized.

stderr | tests/unit/run-history/services/agent-run-history-catalog-service.test.ts > AgentRunHistoryCatalogService > a run whose host is down but whose Agent root lingers (CR-001/CR-002) > refuses delete and archive, keeping every file, when the root cannot be ended
Agent root of run 'run-1' could not be ended before a history change: Error: a child did not stop
    at Object.<anonymous> (/Users/normy/autobyteus_org/autobyteus-worktrees/task-run-resources-workspace-cleanup/autobyteus-server-ts/tests/unit/run-history/services/agent-run-history-catalog-service.test.ts:345:37)

stderr | tests/unit/run-history/services/agent-run-history-catalog-service.test.ts > AgentRunHistoryCatalogService > a run whose host is down but whose Agent root lingers (CR-001/CR-002) > refuses delete and archive, keeping every file, when the root cannot be ended
Agent root of run 'run-1' could not be ended before a history change: Error: a child did not stop
    at Object.<anonymous> (/Users/normy/autobyteus_org/autobyteus-worktrees/task-run-resources-workspace-cleanup/autobyteus-server-ts/tests/unit/run-history/services/agent-run-history-catalog-service.test.ts:345:37)

 ✓ tests/unit/run-history/services/agent-run-history-catalog-service.test.ts (16 tests) 1083ms
     ✓ refuses to cancel a run after the serialized catalog start mutation  870ms
stdout | tests/unit/projects/project-service.test.ts
AgentFactory (Singleton) initialized.

 ✓ tests/unit/projects/project-service.test.ts (37 tests) 1322ms
stdout | tests/unit/services/agent-streaming/agent-stream-handler-system-instruction-debug.test.ts > AgentStreamHandler system-instruction diagnostics > retains identifiers and derived length without serializing exact prompt content
AgentFactory (Singleton) initialized.

 ✓ tests/unit/services/agent-streaming/agent-stream-handler-system-instruction-debug.test.ts (1 test) 845ms
     ✓ retains identifiers and derived length without serializing exact prompt content  844ms
stdout | tests/unit/agent-tools/project-tasks/project-task-tools.test.ts
AgentFactory (Singleton) initialized.

stdout | tests/unit/agent-tools/project-tasks/project-task-tools.test.ts > Project data tools — actual native preparation/execute and selected MCP adapter > protects the selected Project mutator from configured MCP collision and rejects unselected calls
Platform detection: Windows=false
App root directory: /Users/normy/autobyteus_org/autobyteus-worktrees/task-run-resources-workspace-cleanup/autobyteus-server-ts
App data directory: /var/folders/7w/9r4_s1_s42z3f7c136bpjf0r0000gn/T/project-tools-unit-FYqk4a
Successfully registered tool definition: 'list_projects'
Successfully registered tool definition: 'list_project_tasks'
Successfully registered tool definition: 'create_or_update_project'
Successfully registered tool definition: 'create_or_update_task'

stdout | tests/unit/agent-tools/project-tasks/project-task-tools.test.ts > Project data tools — actual native preparation/execute and selected MCP adapter > documents nested workspace rows with no omission-erasing defaults
Platform detection: Windows=false
App root directory: /Users/normy/autobyteus_org/autobyteus-worktrees/task-run-resources-workspace-cleanup/autobyteus-server-ts
App data directory: /var/folders/7w/9r4_s1_s42z3f7c136bpjf0r0000gn/T/project-tools-unit-83XMdL
Successfully registered tool definition: 'list_projects'
Successfully registered tool definition: 'list_project_tasks'
Successfully registered tool definition: 'create_or_update_project'
Successfully registered tool definition: 'create_or_update_task'

stderr | tests/unit/agent-tools/project-tasks/project-task-tools.test.ts > Project data tools — actual native preparation/execute and selected MCP adapter > documents nested workspace rows with no omission-erasing defaults
Overwriting existing tool definition for name: 'list_projects'
Overwriting existing tool definition for name: 'list_project_tasks'
Overwriting existing tool definition for name: 'create_or_update_project'
Overwriting existing tool definition for name: 'create_or_update_task'

stdout | tests/unit/agent-tools/project-tasks/project-task-tools.test.ts > Project data tools — actual native preparation/execute and selected MCP adapter > creates and patches compact saved Project results identically through native and MCP
Platform detection: Windows=false
App root directory: /Users/normy/autobyteus_org/autobyteus-worktrees/task-run-resources-workspace-cleanup/autobyteus-server-ts
App data directory: /var/folders/7w/9r4_s1_s42z3f7c136bpjf0r0000gn/T/project-tools-unit-VDeBr6
Successfully registered tool definition: 'list_projects'
Successfully registered tool definition: 'list_project_tasks'
Successfully registered tool definition: 'create_or_update_project'
Successfully registered tool definition: 'create_or_update_task'

stderr | tests/unit/agent-tools/project-tasks/project-task-tools.test.ts > Project data tools — actual native preparation/execute and selected MCP adapter > creates and patches compact saved Project results identically through native and MCP
Overwriting existing tool definition for name: 'list_projects'
Overwriting existing tool definition for name: 'list_project_tasks'
Overwriting existing tool definition for name: 'create_or_update_project'
Overwriting existing tool definition for name: 'create_or_update_task'

stdout | tests/unit/agent-tools/project-tasks/project-task-tools.test.ts > Project data tools — actual native preparation/execute and selected MCP adapter > preserves nested omission through public native preparation/coercion and MCP replacement/clear
Platform detection: Windows=false
App root directory: /Users/normy/autobyteus_org/autobyteus-worktrees/task-run-resources-workspace-cleanup/autobyteus-server-ts
App data directory: /var/folders/7w/9r4_s1_s42z3f7c136bpjf0r0000gn/T/project-tools-unit-ljgAkf
Successfully registered tool definition: 'list_projects'
Successfully registered tool definition: 'list_project_tasks'
Successfully registered tool definition: 'create_or_update_project'
Successfully registered tool definition: 'create_or_update_task'

stderr | tests/unit/agent-tools/project-tasks/project-task-tools.test.ts > Project data tools — actual native preparation/execute and selected MCP adapter > preserves nested omission through public native preparation/coercion and MCP replacement/clear
Overwriting existing tool definition for name: 'list_projects'
Overwriting existing tool definition for name: 'list_project_tasks'
Overwriting existing tool definition for name: 'create_or_update_project'
Overwriting existing tool definition for name: 'create_or_update_task'

stdout | tests/unit/agent-tools/project-tasks/project-task-tools.test.ts > Project data tools — actual native preparation/execute and selected MCP adapter > rejects malformed Project input before native coercion with MCP parity: {}
Platform detection: Windows=false
App root directory: /Users/normy/autobyteus_org/autobyteus-worktrees/task-run-resources-workspace-cleanup/autobyteus-server-ts
App data directory: /var/folders/7w/9r4_s1_s42z3f7c136bpjf0r0000gn/T/project-tools-unit-WeDJHk
Successfully registered tool definition: 'list_projects'
Successfully registered tool definition: 'list_project_tasks'
Successfully registered tool definition: 'create_or_update_project'
Successfully registered tool definition: 'create_or_update_task'

stderr | tests/unit/agent-tools/project-tasks/project-task-tools.test.ts > Project data tools — actual native preparation/execute and selected MCP adapter > rejects malformed Project input before native coercion with MCP parity: {}
Overwriting existing tool definition for name: 'list_projects'
Overwriting existing tool definition for name: 'list_project_tasks'
Overwriting existing tool definition for name: 'create_or_update_project'
Overwriting existing tool definition for name: 'create_or_update_task'

stdout | tests/unit/agent-tools/project-tasks/project-task-tools.test.ts > Project data tools — actual native preparation/execute and selected MCP adapter > rejects malformed Project input before native coercion with MCP parity: {"name":""}
Platform detection: Windows=false
App root directory: /Users/normy/autobyteus_org/autobyteus-worktrees/task-run-resources-workspace-cleanup/autobyteus-server-ts
App data directory: /var/folders/7w/9r4_s1_s42z3f7c136bpjf0r0000gn/T/project-tools-unit-8ArhvE
Successfully registered tool definition: 'list_projects'
Successfully registered tool definition: 'list_project_tasks'
Successfully registered tool definition: 'create_or_update_project'
Successfully registered tool definition: 'create_or_update_task'

stderr | tests/unit/agent-tools/project-tasks/project-task-tools.test.ts > Project data tools — actual native preparation/execute and selected MCP adapter > rejects malformed Project input before native coercion with MCP parity: {"name":""}
Overwriting existing tool definition for name: 'list_projects'
Overwriting existing tool definition for name: 'list_project_tasks'
Overwriting existing tool definition for name: 'create_or_update_project'
Overwriting existing tool definition for name: 'create_or_update_task'

stdout | tests/unit/agent-tools/project-tasks/project-task-tools.test.ts > Project data tools — actual native preparation/execute and selected MCP adapter > rejects malformed Project input before native coercion with MCP parity: {"name":" "}
Platform detection: Windows=false
App root directory: /Users/normy/autobyteus_org/autobyteus-worktrees/task-run-resources-workspace-cleanup/autobyteus-server-ts
App data directory: /var/folders/7w/9r4_s1_s42z3f7c136bpjf0r0000gn/T/project-tools-unit-WRTWTs
Successfully registered tool definition: 'list_projects'
Successfully registered tool definition: 'list_project_tasks'
Successfully registered tool definition: 'create_or_update_project'
Successfully registered tool definition: 'create_or_update_task'

stderr | tests/unit/agent-tools/project-tasks/project-task-tools.test.ts > Project data tools — actual native preparation/execute and selected MCP adapter > rejects malformed Project input before native coercion with MCP parity: {"name":" "}
Overwriting existing tool definition for name: 'list_projects'
Overwriting existing tool definition for name: 'list_project_tasks'
Overwriting existing tool definition for name: 'create_or_update_project'
Overwriting existing tool definition for name: 'create_or_update_task'

stdout | tests/unit/agent-tools/project-tasks/project-task-tools.test.ts > Project data tools — actual native preparation/execute and selected MCP adapter > rejects malformed Project input before native coercion with MCP parity: {"name":null}
Platform detection: Windows=false
App root directory: /Users/normy/autobyteus_org/autobyteus-worktrees/task-run-resources-workspace-cleanup/autobyteus-server-ts
App data directory: /var/folders/7w/9r4_s1_s42z3f7c136bpjf0r0000gn/T/project-tools-unit-UGkRfK
Successfully registered tool definition: 'list_projects'
Successfully registered tool definition: 'list_project_tasks'
Successfully registered tool definition: 'create_or_update_project'
Successfully registered tool definition: 'create_or_update_task'

stderr | tests/unit/agent-tools/project-tasks/project-task-tools.test.ts > Project data tools — actual native preparation/execute and selected MCP adapter > rejects malformed Project input before native coercion with MCP parity: {"name":null}
Overwriting existing tool definition for name: 'list_projects'
Overwriting existing tool definition for name: 'list_project_tasks'
Overwriting existing tool definition for name: 'create_or_update_project'
Overwriting existing tool definition for name: 'create_or_update_task'

stdout | tests/unit/agent-tools/project-tasks/project-task-tools.test.ts > Project data tools — actual native preparation/execute and selected MCP adapter > rejects malformed Project input before native coercion with MCP parity: {"name":123}
Platform detection: Windows=false
App root directory: /Users/normy/autobyteus_org/autobyteus-worktrees/task-run-resources-workspace-cleanup/autobyteus-server-ts
App data directory: /var/folders/7w/9r4_s1_s42z3f7c136bpjf0r0000gn/T/project-tools-unit-AIWU6s
Successfully registered tool definition: 'list_projects'
Successfully registered tool definition: 'list_project_tasks'
Successfully registered tool definition: 'create_or_update_project'
Successfully registered tool definition: 'create_or_update_task'

stderr | tests/unit/agent-tools/project-tasks/project-task-tools.test.ts > Project data tools — actual native preparation/execute and selected MCP adapter > rejects malformed Project input before native coercion with MCP parity: {"name":123}
Overwriting existing tool definition for name: 'list_projects'
Overwriting existing tool definition for name: 'list_project_tasks'
Overwriting existing tool definition for name: 'create_or_update_project'
Overwriting existing tool definition for name: 'create_or_update_task'

stdout | tests/unit/agent-tools/project-tasks/project-task-tools.test.ts > Project data tools — actual native preparation/execute and selected MCP adapter > rejects malformed Project input before native coercion with MCP parity: {"name":true}
Platform detection: Windows=false
App root directory: /Users/normy/autobyteus_org/autobyteus-worktrees/task-run-resources-workspace-cleanup/autobyteus-server-ts
App data directory: /var/folders/7w/9r4_s1_s42z3f7c136bpjf0r0000gn/T/project-tools-unit-rToVPQ
Successfully registered tool definition: 'list_projects'
Successfully registered tool definition: 'list_project_tasks'
Successfully registered tool definition: 'create_or_update_project'
Successfully registered tool definition: 'create_or_update_task'

stderr | tests/unit/agent-tools/project-tasks/project-task-tools.test.ts > Project data tools — actual native preparation/execute and selected MCP adapter > rejects malformed Project input before native coercion with MCP parity: {"name":true}
Overwriting existing tool definition for name: 'list_projects'
Overwriting existing tool definition for name: 'list_project_tasks'
Overwriting existing tool definition for name: 'create_or_update_project'
Overwriting existing tool definition for name: 'create_or_update_task'

stdout | tests/unit/agent-tools/project-tasks/project-task-tools.test.ts > Project data tools — actual native preparation/execute and selected MCP adapter > rejects malformed Project input before native coercion with MCP parity: {"project_id":null,"name":"x"}
Platform detection: Windows=false
App root directory: /Users/normy/autobyteus_org/autobyteus-worktrees/task-run-resources-workspace-cleanup/autobyteus-server-ts
App data directory: /var/folders/7w/9r4_s1_s42z3f7c136bpjf0r0000gn/T/project-tools-unit-AaUjmh
Successfully registered tool definition: 'list_projects'
Successfully registered tool definition: 'list_project_tasks'
Successfully registered tool definition: 'create_or_update_project'
Successfully registered tool definition: 'create_or_update_task'

stderr | tests/unit/agent-tools/project-tasks/project-task-tools.test.ts > Project data tools — actual native preparation/execute and selected MCP adapter > rejects malformed Project input before native coercion with MCP parity: {"project_id":null,"name":"x"}
Overwriting existing tool definition for name: 'list_projects'
Overwriting existing tool definition for name: 'list_project_tasks'
Overwriting existing tool definition for name: 'create_or_update_project'
Overwriting existing tool definition for name: 'create_or_update_task'

stdout | tests/unit/agent-tools/project-tasks/project-task-tools.test.ts > Project data tools — actual native preparation/execute and selected MCP adapter > rejects malformed Project input before native coercion with MCP parity: {"project_id":"","name":"x"}
Platform detection: Windows=false
App root directory: /Users/normy/autobyteus_org/autobyteus-worktrees/task-run-resources-workspace-cleanup/autobyteus-server-ts
App data directory: /var/folders/7w/9r4_s1_s42z3f7c136bpjf0r0000gn/T/project-tools-unit-33LOk3
Successfully registered tool definition: 'list_projects'
Successfully registered tool definition: 'list_project_tasks'
Successfully registered tool definition: 'create_or_update_project'
Successfully registered tool definition: 'create_or_update_task'

stderr | tests/unit/agent-tools/project-tasks/project-task-tools.test.ts > Project data tools — actual native preparation/execute and selected MCP adapter > rejects malformed Project input before native coercion with MCP parity: {"project_id":"","name":"x"}
Overwriting existing tool definition for name: 'list_projects'
Overwriting existing tool definition for name: 'list_project_tasks'
Overwriting existing tool definition for name: 'create_or_update_project'
Overwriting existing tool definition for name: 'create_or_update_task'

stdout | tests/unit/agent-tools/project-tasks/project-task-tools.test.ts > Project data tools — actual native preparation/execute and selected MCP adapter > rejects malformed Project input before native coercion with MCP parity: {"project_id":" ","name":"x"}
Platform detection: Windows=false
App root directory: /Users/normy/autobyteus_org/autobyteus-worktrees/task-run-resources-workspace-cleanup/autobyteus-server-ts
App data directory: /var/folders/7w/9r4_s1_s42z3f7c136bpjf0r0000gn/T/project-tools-unit-XulxUc
Successfully registered tool definition: 'list_projects'
Successfully registered tool definition: 'list_project_tasks'
Successfully registered tool definition: 'create_or_update_project'
Successfully registered tool definition: 'create_or_update_task'

stderr | tests/unit/agent-tools/project-tasks/project-task-tools.test.ts > Project data tools — actual native preparation/execute and selected MCP adapter > rejects malformed Project input before native coercion with MCP parity: {"project_id":" ","name":"x"}
Overwriting existing tool definition for name: 'list_projects'
Overwriting existing tool definition for name: 'list_project_tasks'
Overwriting existing tool definition for name: 'create_or_update_project'
Overwriting existing tool definition for name: 'create_or_update_task'

stdout | tests/unit/agent-tools/project-tasks/project-task-tools.test.ts > Project data tools — actual native preparation/execute and selected MCP adapter > rejects malformed Project input before native coercion with MCP parity: {"project_id":123,"name":"x"}
Platform detection: Windows=false
App root directory: /Users/normy/autobyteus_org/autobyteus-worktrees/task-run-resources-workspace-cleanup/autobyteus-server-ts
App data directory: /var/folders/7w/9r4_s1_s42z3f7c136bpjf0r0000gn/T/project-tools-unit-Nd7Ih9
Successfully registered tool definition: 'list_projects'
Successfully registered tool definition: 'list_project_tasks'
Successfully registered tool definition: 'create_or_update_project'
Successfully registered tool definition: 'create_or_update_task'

stderr | tests/unit/agent-tools/project-tasks/project-task-tools.test.ts > Project data tools — actual native preparation/execute and selected MCP adapter > rejects malformed Project input before native coercion with MCP parity: {"project_id":123,"name":"x"}
Overwriting existing tool definition for name: 'list_projects'
Overwriting existing tool definition for name: 'list_project_tasks'
Overwriting existing tool definition for name: 'create_or_update_project'
Overwriting existing tool definition for name: 'create_or_update_task'

stdout | tests/unit/agent-tools/project-tasks/project-task-tools.test.ts > Project data tools — actual native preparation/execute and selected MCP adapter > rejects malformed Project input before native coercion with MCP parity: {"name":"x"}
Platform detection: Windows=false
App root directory: /Users/normy/autobyteus_org/autobyteus-worktrees/task-run-resources-workspace-cleanup/autobyteus-server-ts
App data directory: /var/folders/7w/9r4_s1_s42z3f7c136bpjf0r0000gn/T/project-tools-unit-MlzBIA
Successfully registered tool definition: 'list_projects'
Successfully registered tool definition: 'list_project_tasks'
Successfully registered tool definition: 'create_or_update_project'
Successfully registered tool definition: 'create_or_update_task'

stderr | tests/unit/agent-tools/project-tasks/project-task-tools.test.ts > Project data tools — actual native preparation/execute and selected MCP adapter > rejects malformed Project input before native coercion with MCP parity: {"name":"x"}
Overwriting existing tool definition for name: 'list_projects'
Overwriting existing tool definition for name: 'list_project_tasks'
Overwriting existing tool definition for name: 'create_or_update_project'
Overwriting existing tool definition for name: 'create_or_update_task'

stdout | tests/unit/agent-tools/project-tasks/project-task-tools.test.ts > Project data tools — actual native preparation/execute and selected MCP adapter > rejects malformed Project input before native coercion with MCP parity: {"project_id":"p"}
Platform detection: Windows=false
App root directory: /Users/normy/autobyteus_org/autobyteus-worktrees/task-run-resources-workspace-cleanup/autobyteus-server-ts
App data directory: /var/folders/7w/9r4_s1_s42z3f7c136bpjf0r0000gn/T/project-tools-unit-Db9AVv
Successfully registered tool definition: 'list_projects'
Successfully registered tool definition: 'list_project_tasks'
Successfully registered tool definition: 'create_or_update_project'
Successfully registered tool definition: 'create_or_update_task'

stderr | tests/unit/agent-tools/project-tasks/project-task-tools.test.ts > Project data tools — actual native preparation/execute and selected MCP adapter > rejects malformed Project input before native coercion with MCP parity: {"project_id":"p"}
Overwriting existing tool definition for name: 'list_projects'
Overwriting existing tool definition for name: 'list_project_tasks'
Overwriting existing tool definition for name: 'create_or_update_project'
Overwriting existing tool definition for name: 'create_or_update_task'

stdout | tests/unit/agent-tools/project-tasks/project-task-tools.test.ts > Project data tools — actual native preparation/execute and selected MCP adapter > rejects malformed Project input before native coercion with MCP parity: {"name":"x","description":null}
Platform detection: Windows=false
App root directory: /Users/normy/autobyteus_org/autobyteus-worktrees/task-run-resources-workspace-cleanup/autobyteus-server-ts
App data directory: /var/folders/7w/9r4_s1_s42z3f7c136bpjf0r0000gn/T/project-tools-unit-TSD9J7
Successfully registered tool definition: 'list_projects'
Successfully registered tool definition: 'list_project_tasks'
Successfully registered tool definition: 'create_or_update_project'
Successfully registered tool definition: 'create_or_update_task'

stderr | tests/unit/agent-tools/project-tasks/project-task-tools.test.ts > Project data tools — actual native preparation/execute and selected MCP adapter > rejects malformed Project input before native coercion with MCP parity: {"name":"x","description":null}
Overwriting existing tool definition for name: 'list_projects'
Overwriting existing tool definition for name: 'list_project_tasks'
Overwriting existing tool definition for name: 'create_or_update_project'
Overwriting existing tool definition for name: 'create_or_update_task'

stdout | tests/unit/agent-tools/project-tasks/project-task-tools.test.ts > Project data tools — actual native preparation/execute and selected MCP adapter > rejects malformed Project input before native coercion with MCP parity: {"name":"x","description":false}
Platform detection: Windows=false
App root directory: /Users/normy/autobyteus_org/autobyteus-worktrees/task-run-resources-workspace-cleanup/autobyteus-server-ts
App data directory: /var/folders/7w/9r4_s1_s42z3f7c136bpjf0r0000gn/T/project-tools-unit-8u2nQc
Successfully registered tool definition: 'list_projects'
Successfully registered tool definition: 'list_project_tasks'
Successfully registered tool definition: 'create_or_update_project'
Successfully registered tool definition: 'create_or_update_task'

stderr | tests/unit/agent-tools/project-tasks/project-task-tools.test.ts > Project data tools — actual native preparation/execute and selected MCP adapter > rejects malformed Project input before native coercion with MCP parity: {"name":"x","description":false}
Overwriting existing tool definition for name: 'list_projects'
Overwriting existing tool definition for name: 'list_project_tasks'
Overwriting existing tool definition for name: 'create_or_update_project'
Overwriting existing tool definition for name: 'create_or_update_task'

stdout | tests/unit/agent-tools/project-tasks/project-task-tools.test.ts > Project data tools — actual native preparation/execute and selected MCP adapter > rejects malformed Project input before native coercion with MCP parity: {"name":"x","description":123}
Platform detection: Windows=false
App root directory: /Users/normy/autobyteus_org/autobyteus-worktrees/task-run-resources-workspace-cleanup/autobyteus-server-ts
App data directory: /var/folders/7w/9r4_s1_s42z3f7c136bpjf0r0000gn/T/project-tools-unit-LYD3o5
Successfully registered tool definition: 'list_projects'
Successfully registered tool definition: 'list_project_tasks'
Successfully registered tool definition: 'create_or_update_project'
Successfully registered tool definition: 'create_or_update_task'

stderr | tests/unit/agent-tools/project-tasks/project-task-tools.test.ts > Project data tools — actual native preparation/execute and selected MCP adapter > rejects malformed Project input before native coercion with MCP parity: {"name":"x","description":123}
Overwriting existing tool definition for name: 'list_projects'
Overwriting existing tool definition for name: 'list_project_tasks'
Overwriting existing tool definition for name: 'create_or_update_project'
Overwriting existing tool definition for name: 'create_or_update_task'

stdout | tests/unit/agent-tools/project-tasks/project-task-tools.test.ts > Project data tools — actual native preparation/execute and selected MCP adapter > rejects malformed Project input before native coercion with MCP parity: {"name":"x"}
Platform detection: Windows=false
App root directory: /Users/normy/autobyteus_org/autobyteus-worktrees/task-run-resources-workspace-cleanup/autobyteus-server-ts
App data directory: /var/folders/7w/9r4_s1_s42z3f7c136bpjf0r0000gn/T/project-tools-unit-g4qfAI
Successfully registered tool definition: 'list_projects'
Successfully registered tool definition: 'list_project_tasks'
Successfully registered tool definition: 'create_or_update_project'
Successfully registered tool definition: 'create_or_update_task'

stderr | tests/unit/agent-tools/project-tasks/project-task-tools.test.ts > Project data tools — actual native preparation/execute and selected MCP adapter > rejects malformed Project input before native coercion with MCP parity: {"name":"x"}
Overwriting existing tool definition for name: 'list_projects'
Overwriting existing tool definition for name: 'list_project_tasks'
Overwriting existing tool definition for name: 'create_or_update_project'
Overwriting existing tool definition for name: 'create_or_update_task'

stdout | tests/unit/agent-tools/project-tasks/project-task-tools.test.ts > Project data tools — actual native preparation/execute and selected MCP adapter > rejects malformed Project input before native coercion with MCP parity: {"name":"x","extra":true}
Platform detection: Windows=false
App root directory: /Users/normy/autobyteus_org/autobyteus-worktrees/task-run-resources-workspace-cleanup/autobyteus-server-ts
App data directory: /var/folders/7w/9r4_s1_s42z3f7c136bpjf0r0000gn/T/project-tools-unit-0rkQdG
Successfully registered tool definition: 'list_projects'
Successfully registered tool definition: 'list_project_tasks'
Successfully registered tool definition: 'create_or_update_project'
Successfully registered tool definition: 'create_or_update_task'

stderr | tests/unit/agent-tools/project-tasks/project-task-tools.test.ts > Project data tools — actual native preparation/execute and selected MCP adapter > rejects malformed Project input before native coercion with MCP parity: {"name":"x","extra":true}
Overwriting existing tool definition for name: 'list_projects'
Overwriting existing tool definition for name: 'list_project_tasks'
Overwriting existing tool definition for name: 'create_or_update_project'
Overwriting existing tool definition for name: 'create_or_update_task'

stdout | tests/unit/agent-tools/project-tasks/project-task-tools.test.ts > Project data tools — actual native preparation/execute and selected MCP adapter > rejects malformed Project input before native coercion with MCP parity: {"name":"x","workspaces":""}
Platform detection: Windows=false
App root directory: /Users/normy/autobyteus_org/autobyteus-worktrees/task-run-resources-workspace-cleanup/autobyteus-server-ts
App data directory: /var/folders/7w/9r4_s1_s42z3f7c136bpjf0r0000gn/T/project-tools-unit-qzhQPL
Successfully registered tool definition: 'list_projects'
Successfully registered tool definition: 'list_project_tasks'
Successfully registered tool definition: 'create_or_update_project'
Successfully registered tool definition: 'create_or_update_task'

stderr | tests/unit/agent-tools/project-tasks/project-task-tools.test.ts > Project data tools — actual native preparation/execute and selected MCP adapter > rejects malformed Project input before native coercion with MCP parity: {"name":"x","workspaces":""}
Overwriting existing tool definition for name: 'list_projects'
Overwriting existing tool definition for name: 'list_project_tasks'
Overwriting existing tool definition for name: 'create_or_update_project'
Overwriting existing tool definition for name: 'create_or_update_task'

stdout | tests/unit/agent-tools/project-tasks/project-task-tools.test.ts > Project data tools — actual native preparation/execute and selected MCP adapter > rejects malformed Project input before native coercion with MCP parity: {"name":"x","workspaces":"[]"}
Platform detection: Windows=false
App root directory: /Users/normy/autobyteus_org/autobyteus-worktrees/task-run-resources-workspace-cleanup/autobyteus-server-ts
App data directory: /var/folders/7w/9r4_s1_s42z3f7c136bpjf0r0000gn/T/project-tools-unit-sD2xP7
Successfully registered tool definition: 'list_projects'
Successfully registered tool definition: 'list_project_tasks'
Successfully registered tool definition: 'create_or_update_project'
Successfully registered tool definition: 'create_or_update_task'

stderr | tests/unit/agent-tools/project-tasks/project-task-tools.test.ts > Project data tools — actual native preparation/execute and selected MCP adapter > rejects malformed Project input before native coercion with MCP parity: {"name":"x","workspaces":"[]"}
Overwriting existing tool definition for name: 'list_projects'
Overwriting existing tool definition for name: 'list_project_tasks'
Overwriting existing tool definition for name: 'create_or_update_project'
Overwriting existing tool definition for name: 'create_or_update_task'

stdout | tests/unit/agent-tools/project-tasks/project-task-tools.test.ts > Project data tools — actual native preparation/execute and selected MCP adapter > rejects malformed Project input before native coercion with MCP parity: {"name":"x","workspaces":null}
Platform detection: Windows=false
App root directory: /Users/normy/autobyteus_org/autobyteus-worktrees/task-run-resources-workspace-cleanup/autobyteus-server-ts
App data directory: /var/folders/7w/9r4_s1_s42z3f7c136bpjf0r0000gn/T/project-tools-unit-BuQTPd
Successfully registered tool definition: 'list_projects'
Successfully registered tool definition: 'list_project_tasks'
Successfully registered tool definition: 'create_or_update_project'
Successfully registered tool definition: 'create_or_update_task'

stderr | tests/unit/agent-tools/project-tasks/project-task-tools.test.ts > Project data tools — actual native preparation/execute and selected MCP adapter > rejects malformed Project input before native coercion with MCP parity: {"name":"x","workspaces":null}
Overwriting existing tool definition for name: 'list_projects'
Overwriting existing tool definition for name: 'list_project_tasks'
Overwriting existing tool definition for name: 'create_or_update_project'
Overwriting existing tool definition for name: 'create_or_update_task'

stdout | tests/unit/agent-tools/project-tasks/project-task-tools.test.ts > Project data tools — actual native preparation/execute and selected MCP adapter > rejects malformed Project input before native coercion with MCP parity: {"name":"x","workspaces":{}}
Platform detection: Windows=false
App root directory: /Users/normy/autobyteus_org/autobyteus-worktrees/task-run-resources-workspace-cleanup/autobyteus-server-ts
App data directory: /var/folders/7w/9r4_s1_s42z3f7c136bpjf0r0000gn/T/project-tools-unit-2f7KZA
Successfully registered tool definition: 'list_projects'
Successfully registered tool definition: 'list_project_tasks'
Successfully registered tool definition: 'create_or_update_project'
Successfully registered tool definition: 'create_or_update_task'

stderr | tests/unit/agent-tools/project-tasks/project-task-tools.test.ts > Project data tools — actual native preparation/execute and selected MCP adapter > rejects malformed Project input before native coercion with MCP parity: {"name":"x","workspaces":{}}
Overwriting existing tool definition for name: 'list_projects'
Overwriting existing tool definition for name: 'list_project_tasks'
Overwriting existing tool definition for name: 'create_or_update_project'
Overwriting existing tool definition for name: 'create_or_update_task'

stdout | tests/unit/agent-tools/project-tasks/project-task-tools.test.ts > Project data tools — actual native preparation/execute and selected MCP adapter > rejects malformed Project input before native coercion with MCP parity: {"name":"x"}
Platform detection: Windows=false
App root directory: /Users/normy/autobyteus_org/autobyteus-worktrees/task-run-resources-workspace-cleanup/autobyteus-server-ts
App data directory: /var/folders/7w/9r4_s1_s42z3f7c136bpjf0r0000gn/T/project-tools-unit-va8fWX
Successfully registered tool definition: 'list_projects'
Successfully registered tool definition: 'list_project_tasks'
Successfully registered tool definition: 'create_or_update_project'
Successfully registered tool definition: 'create_or_update_task'

stderr | tests/unit/agent-tools/project-tasks/project-task-tools.test.ts > Project data tools — actual native preparation/execute and selected MCP adapter > rejects malformed Project input before native coercion with MCP parity: {"name":"x"}
Overwriting existing tool definition for name: 'list_projects'
Overwriting existing tool definition for name: 'list_project_tasks'
Overwriting existing tool definition for name: 'create_or_update_project'
Overwriting existing tool definition for name: 'create_or_update_task'

stdout | tests/unit/agent-tools/project-tasks/project-task-tools.test.ts > Project data tools — actual native preparation/execute and selected MCP adapter > rejects malformed Project input before native coercion with MCP parity: {"name":"x","workspaces":[null]}
Platform detection: Windows=false
App root directory: /Users/normy/autobyteus_org/autobyteus-worktrees/task-run-resources-workspace-cleanup/autobyteus-server-ts
App data directory: /var/folders/7w/9r4_s1_s42z3f7c136bpjf0r0000gn/T/project-tools-unit-UiXzJq
Successfully registered tool definition: 'list_projects'
Successfully registered tool definition: 'list_project_tasks'
Successfully registered tool definition: 'create_or_update_project'
Successfully registered tool definition: 'create_or_update_task'

stderr | tests/unit/agent-tools/project-tasks/project-task-tools.test.ts > Project data tools — actual native preparation/execute and selected MCP adapter > rejects malformed Project input before native coercion with MCP parity: {"name":"x","workspaces":[null]}
Overwriting existing tool definition for name: 'list_projects'
Overwriting existing tool definition for name: 'list_project_tasks'
Overwriting existing tool definition for name: 'create_or_update_project'
Overwriting existing tool definition for name: 'create_or_update_task'

stdout | tests/unit/agent-tools/project-tasks/project-task-tools.test.ts > Project data tools — actual native preparation/execute and selected MCP adapter > rejects malformed Project input before native coercion with MCP parity: {"name":"x","workspaces":["ws"]}
Platform detection: Windows=false
App root directory: /Users/normy/autobyteus_org/autobyteus-worktrees/task-run-resources-workspace-cleanup/autobyteus-server-ts
App data directory: /var/folders/7w/9r4_s1_s42z3f7c136bpjf0r0000gn/T/project-tools-unit-JtGlbd
Successfully registered tool definition: 'list_projects'
Successfully registered tool definition: 'list_project_tasks'
Successfully registered tool definition: 'create_or_update_project'
Successfully registered tool definition: 'create_or_update_task'

stderr | tests/unit/agent-tools/project-tasks/project-task-tools.test.ts > Project data tools — actual native preparation/execute and selected MCP adapter > rejects malformed Project input before native coercion with MCP parity: {"name":"x","workspaces":["ws"]}
Overwriting existing tool definition for name: 'list_projects'
Overwriting existing tool definition for name: 'list_project_tasks'
Overwriting existing tool definition for name: 'create_or_update_project'
Overwriting existing tool definition for name: 'create_or_update_task'

stdout | tests/unit/agent-tools/project-tasks/project-task-tools.test.ts > Project data tools — actual native preparation/execute and selected MCP adapter > rejects malformed Project input before native coercion with MCP parity: {"name":"x","workspaces":[123]}
Platform detection: Windows=false
App root directory: /Users/normy/autobyteus_org/autobyteus-worktrees/task-run-resources-workspace-cleanup/autobyteus-server-ts
App data directory: /var/folders/7w/9r4_s1_s42z3f7c136bpjf0r0000gn/T/project-tools-unit-C5Hta4
Successfully registered tool definition: 'list_projects'
Successfully registered tool definition: 'list_project_tasks'
Successfully registered tool definition: 'create_or_update_project'
Successfully registered tool definition: 'create_or_update_task'

stderr | tests/unit/agent-tools/project-tasks/project-task-tools.test.ts > Project data tools — actual native preparation/execute and selected MCP adapter > rejects malformed Project input before native coercion with MCP parity: {"name":"x","workspaces":[123]}
Overwriting existing tool definition for name: 'list_projects'
Overwriting existing tool definition for name: 'list_project_tasks'
Overwriting existing tool definition for name: 'create_or_update_project'
Overwriting existing tool definition for name: 'create_or_update_task'

stdout | tests/unit/agent-tools/project-tasks/project-task-tools.test.ts > Project data tools — actual native preparation/execute and selected MCP adapter > rejects malformed Project input before native coercion with MCP parity: {"name":"x","workspaces":["2026-10-06T05:49:01.965Z"]}
Platform detection: Windows=false
App root directory: /Users/normy/autobyteus_org/autobyteus-worktrees/task-run-resources-workspace-cleanup/autobyteus-server-ts
App data directory: /var/folders/7w/9r4_s1_s42z3f7c136bpjf0r0000gn/T/project-tools-unit-Mz2wuC
Successfully registered tool definition: 'list_projects'
Successfully registered tool definition: 'list_project_tasks'
Successfully registered tool definition: 'create_or_update_project'
Successfully registered tool definition: 'create_or_update_task'

stderr | tests/unit/agent-tools/project-tasks/project-task-tools.test.ts > Project data tools — actual native preparation/execute and selected MCP adapter > rejects malformed Project input before native coercion with MCP parity: {"name":"x","workspaces":["2026-10-06T05:49:01.965Z"]}
Overwriting existing tool definition for name: 'list_projects'
Overwriting existing tool definition for name: 'list_project_tasks'
Overwriting existing tool definition for name: 'create_or_update_project'
Overwriting existing tool definition for name: 'create_or_update_task'

stdout | tests/unit/agent-tools/project-tasks/project-task-tools.test.ts > Project data tools — actual native preparation/execute and selected MCP adapter > rejects malformed Project input before native coercion with MCP parity: {"name":"x","workspaces":[[]]}
Platform detection: Windows=false
App root directory: /Users/normy/autobyteus_org/autobyteus-worktrees/task-run-resources-workspace-cleanup/autobyteus-server-ts
App data directory: /var/folders/7w/9r4_s1_s42z3f7c136bpjf0r0000gn/T/project-tools-unit-I73q9z
Successfully registered tool definition: 'list_projects'
Successfully registered tool definition: 'list_project_tasks'
Successfully registered tool definition: 'create_or_update_project'
Successfully registered tool definition: 'create_or_update_task'

stderr | tests/unit/agent-tools/project-tasks/project-task-tools.test.ts > Project data tools — actual native preparation/execute and selected MCP adapter > rejects malformed Project input before native coercion with MCP parity: {"name":"x","workspaces":[[]]}
Overwriting existing tool definition for name: 'list_projects'
Overwriting existing tool definition for name: 'list_project_tasks'
Overwriting existing tool definition for name: 'create_or_update_project'
Overwriting existing tool definition for name: 'create_or_update_task'

stdout | tests/unit/agent-tools/project-tasks/project-task-tools.test.ts > Project data tools — actual native preparation/execute and selected MCP adapter > rejects malformed Project input before native coercion with MCP parity: {"name":"x","workspaces":[null]}
Platform detection: Windows=false
App root directory: /Users/normy/autobyteus_org/autobyteus-worktrees/task-run-resources-workspace-cleanup/autobyteus-server-ts
App data directory: /var/folders/7w/9r4_s1_s42z3f7c136bpjf0r0000gn/T/project-tools-unit-7RJHtk
Successfully registered tool definition: 'list_projects'
Successfully registered tool definition: 'list_project_tasks'
Successfully registered tool definition: 'create_or_update_project'
Successfully registered tool definition: 'create_or_update_task'

stderr | tests/unit/agent-tools/project-tasks/project-task-tools.test.ts > Project data tools — actual native preparation/execute and selected MCP adapter > rejects malformed Project input before native coercion with MCP parity: {"name":"x","workspaces":[null]}
Overwriting existing tool definition for name: 'list_projects'
Overwriting existing tool definition for name: 'list_project_tasks'
Overwriting existing tool definition for name: 'create_or_update_project'
Overwriting existing tool definition for name: 'create_or_update_task'

stdout | tests/unit/agent-tools/project-tasks/project-task-tools.test.ts > Project data tools — actual native preparation/execute and selected MCP adapter > rejects malformed Project input before native coercion with MCP parity: {"name":"x","workspaces":[{}]}
Platform detection: Windows=false
App root directory: /Users/normy/autobyteus_org/autobyteus-worktrees/task-run-resources-workspace-cleanup/autobyteus-server-ts
App data directory: /var/folders/7w/9r4_s1_s42z3f7c136bpjf0r0000gn/T/project-tools-unit-qFbtRJ
Successfully registered tool definition: 'list_projects'
Successfully registered tool definition: 'list_project_tasks'
Successfully registered tool definition: 'create_or_update_project'
Successfully registered tool definition: 'create_or_update_task'

stderr | tests/unit/agent-tools/project-tasks/project-task-tools.test.ts > Project data tools — actual native preparation/execute and selected MCP adapter > rejects malformed Project input before native coercion with MCP parity: {"name":"x","workspaces":[{}]}
Overwriting existing tool definition for name: 'list_projects'
Overwriting existing tool definition for name: 'list_project_tasks'
Overwriting existing tool definition for name: 'create_or_update_project'
Overwriting existing tool definition for name: 'create_or_update_task'

stdout | tests/unit/agent-tools/project-tasks/project-task-tools.test.ts > Project data tools — actual native preparation/execute and selected MCP adapter > rejects malformed Project input before native coercion with MCP parity: {"name":"x","workspaces":[{"workspace_id":null}]}
Platform detection: Windows=false
App root directory: /Users/normy/autobyteus_org/autobyteus-worktrees/task-run-resources-workspace-cleanup/autobyteus-server-ts
App data directory: /var/folders/7w/9r4_s1_s42z3f7c136bpjf0r0000gn/T/project-tools-unit-x46KkD
Successfully registered tool definition: 'list_projects'
Successfully registered tool definition: 'list_project_tasks'
Successfully registered tool definition: 'create_or_update_project'
Successfully registered tool definition: 'create_or_update_task'

stderr | tests/unit/agent-tools/project-tasks/project-task-tools.test.ts > Project data tools — actual native preparation/execute and selected MCP adapter > rejects malformed Project input before native coercion with MCP parity: {"name":"x","workspaces":[{"workspace_id":null}]}
Overwriting existing tool definition for name: 'list_projects'
Overwriting existing tool definition for name: 'list_project_tasks'
Overwriting existing tool definition for name: 'create_or_update_project'
Overwriting existing tool definition for name: 'create_or_update_task'

stdout | tests/unit/agent-tools/project-tasks/project-task-tools.test.ts > Project data tools — actual native preparation/execute and selected MCP adapter > rejects malformed Project input before native coercion with MCP parity: {"name":"x","workspaces":[{"workspace_id":""}]}
Platform detection: Windows=false
App root directory: /Users/normy/autobyteus_org/autobyteus-worktrees/task-run-resources-workspace-cleanup/autobyteus-server-ts
App data directory: /var/folders/7w/9r4_s1_s42z3f7c136bpjf0r0000gn/T/project-tools-unit-dsQ6VZ
Successfully registered tool definition: 'list_projects'
Successfully registered tool definition: 'list_project_tasks'
Successfully registered tool definition: 'create_or_update_project'
Successfully registered tool definition: 'create_or_update_task'

stderr | tests/unit/agent-tools/project-tasks/project-task-tools.test.ts > Project data tools — actual native preparation/execute and selected MCP adapter > rejects malformed Project input before native coercion with MCP parity: {"name":"x","workspaces":[{"workspace_id":""}]}
Overwriting existing tool definition for name: 'list_projects'
Overwriting existing tool definition for name: 'list_project_tasks'
Overwriting existing tool definition for name: 'create_or_update_project'
Overwriting existing tool definition for name: 'create_or_update_task'

stdout | tests/unit/agent-tools/project-tasks/project-task-tools.test.ts > Project data tools — actual native preparation/execute and selected MCP adapter > rejects malformed Project input before native coercion with MCP parity: {"name":"x","workspaces":[{"workspace_id":123}]}
Platform detection: Windows=false
App root directory: /Users/normy/autobyteus_org/autobyteus-worktrees/task-run-resources-workspace-cleanup/autobyteus-server-ts
App data directory: /var/folders/7w/9r4_s1_s42z3f7c136bpjf0r0000gn/T/project-tools-unit-e6A683
Successfully registered tool definition: 'list_projects'
Successfully registered tool definition: 'list_project_tasks'
Successfully registered tool definition: 'create_or_update_project'
Successfully registered tool definition: 'create_or_update_task'

stderr | tests/unit/agent-tools/project-tasks/project-task-tools.test.ts > Project data tools — actual native preparation/execute and selected MCP adapter > rejects malformed Project input before native coercion with MCP parity: {"name":"x","workspaces":[{"workspace_id":123}]}
Overwriting existing tool definition for name: 'list_projects'
Overwriting existing tool definition for name: 'list_project_tasks'
Overwriting existing tool definition for name: 'create_or_update_project'
Overwriting existing tool definition for name: 'create_or_update_task'

stdout | tests/unit/agent-tools/project-tasks/project-task-tools.test.ts > Project data tools — actual native preparation/execute and selected MCP adapter > rejects malformed Project input before native coercion with MCP parity: {"name":"x","workspaces":[{"workspace_id":"ws","description":null}]}
Platform detection: Windows=false
App root directory: /Users/normy/autobyteus_org/autobyteus-worktrees/task-run-resources-workspace-cleanup/autobyteus-server-ts
App data directory: /var/folders/7w/9r4_s1_s42z3f7c136bpjf0r0000gn/T/project-tools-unit-MAOj6e
Successfully registered tool definition: 'list_projects'
Successfully registered tool definition: 'list_project_tasks'
Successfully registered tool definition: 'create_or_update_project'
Successfully registered tool definition: 'create_or_update_task'

stderr | tests/unit/agent-tools/project-tasks/project-task-tools.test.ts > Project data tools — actual native preparation/execute and selected MCP adapter > rejects malformed Project input before native coercion with MCP parity: {"name":"x","workspaces":[{"workspace_id":"ws","description":null}]}
Overwriting existing tool definition for name: 'list_projects'
Overwriting existing tool definition for name: 'list_project_tasks'
Overwriting existing tool definition for name: 'create_or_update_project'
Overwriting existing tool definition for name: 'create_or_update_task'

stdout | tests/unit/agent-tools/project-tasks/project-task-tools.test.ts > Project data tools — actual native preparation/execute and selected MCP adapter > rejects malformed Project input before native coercion with MCP parity: {"name":"x","workspaces":[{"workspace_id":"ws","description":false}]}
Platform detection: Windows=false
App root directory: /Users/normy/autobyteus_org/autobyteus-worktrees/task-run-resources-workspace-cleanup/autobyteus-server-ts
App data directory: /var/folders/7w/9r4_s1_s42z3f7c136bpjf0r0000gn/T/project-tools-unit-2gGusi
Successfully registered tool definition: 'list_projects'
Successfully registered tool definition: 'list_project_tasks'
Successfully registered tool definition: 'create_or_update_project'
Successfully registered tool definition: 'create_or_update_task'

stderr | tests/unit/agent-tools/project-tasks/project-task-tools.test.ts > Project data tools — actual native preparation/execute and selected MCP adapter > rejects malformed Project input before native coercion with MCP parity: {"name":"x","workspaces":[{"workspace_id":"ws","description":false}]}
Overwriting existing tool definition for name: 'list_projects'
Overwriting existing tool definition for name: 'list_project_tasks'
Overwriting existing tool definition for name: 'create_or_update_project'
Overwriting existing tool definition for name: 'create_or_update_task'

stdout | tests/unit/agent-tools/project-tasks/project-task-tools.test.ts > Project data tools — actual native preparation/execute and selected MCP adapter > rejects malformed Project input before native coercion with MCP parity: {"name":"x","workspaces":[{"workspace_id":"ws","description":123}]}
Platform detection: Windows=false
App root directory: /Users/normy/autobyteus_org/autobyteus-worktrees/task-run-resources-workspace-cleanup/autobyteus-server-ts
App data directory: /var/folders/7w/9r4_s1_s42z3f7c136bpjf0r0000gn/T/project-tools-unit-TUdbte
Successfully registered tool definition: 'list_projects'
Successfully registered tool definition: 'list_project_tasks'
Successfully registered tool definition: 'create_or_update_project'
Successfully registered tool definition: 'create_or_update_task'

stderr | tests/unit/agent-tools/project-tasks/project-task-tools.test.ts > Project data tools — actual native preparation/execute and selected MCP adapter > rejects malformed Project input before native coercion with MCP parity: {"name":"x","workspaces":[{"workspace_id":"ws","description":123}]}
Overwriting existing tool definition for name: 'list_projects'
Overwriting existing tool definition for name: 'list_project_tasks'
Overwriting existing tool definition for name: 'create_or_update_project'
Overwriting existing tool definition for name: 'create_or_update_task'

stdout | tests/unit/agent-tools/project-tasks/project-task-tools.test.ts > Project data tools — actual native preparation/execute and selected MCP adapter > rejects malformed Project input before native coercion with MCP parity: {"name":"x","workspaces":[{"workspace_id":"ws","extra":true}]}
Platform detection: Windows=false
App root directory: /Users/normy/autobyteus_org/autobyteus-worktrees/task-run-resources-workspace-cleanup/autobyteus-server-ts
App data directory: /var/folders/7w/9r4_s1_s42z3f7c136bpjf0r0000gn/T/project-tools-unit-UrH7UI
Successfully registered tool definition: 'list_projects'
Successfully registered tool definition: 'list_project_tasks'
Successfully registered tool definition: 'create_or_update_project'
Successfully registered tool definition: 'create_or_update_task'

stderr | tests/unit/agent-tools/project-tasks/project-task-tools.test.ts > Project data tools — actual native preparation/execute and selected MCP adapter > rejects malformed Project input before native coercion with MCP parity: {"name":"x","workspaces":[{"workspace_id":"ws","extra":true}]}
Overwriting existing tool definition for name: 'list_projects'
Overwriting existing tool definition for name: 'list_project_tasks'
Overwriting existing tool definition for name: 'create_or_update_project'
Overwriting existing tool definition for name: 'create_or_update_task'

stdout | tests/unit/agent-tools/project-tasks/project-task-tools.test.ts > Project data tools — actual native preparation/execute and selected MCP adapter > rejects malformed Project input before native coercion with MCP parity: {"name":"x","workspaces":[{"workspace_id":"ws"},{"workspace_id":" ws "}]}
Platform detection: Windows=false
App root directory: /Users/normy/autobyteus_org/autobyteus-worktrees/task-run-resources-workspace-cleanup/autobyteus-server-ts
App data directory: /var/folders/7w/9r4_s1_s42z3f7c136bpjf0r0000gn/T/project-tools-unit-kveA7y
Successfully registered tool definition: 'list_projects'
Successfully registered tool definition: 'list_project_tasks'
Successfully registered tool definition: 'create_or_update_project'
Successfully registered tool definition: 'create_or_update_task'

stderr | tests/unit/agent-tools/project-tasks/project-task-tools.test.ts > Project data tools — actual native preparation/execute and selected MCP adapter > rejects malformed Project input before native coercion with MCP parity: {"name":"x","workspaces":[{"workspace_id":"ws"},{"workspace_id":" ws "}]}
Overwriting existing tool definition for name: 'list_projects'
Overwriting existing tool definition for name: 'list_project_tasks'
Overwriting existing tool definition for name: 'create_or_update_project'
Overwriting existing tool definition for name: 'create_or_update_task'

stdout | tests/unit/agent-tools/project-tasks/project-task-tools.test.ts > Project data tools — actual native preparation/execute and selected MCP adapter > rejects nonplain top-level Project arguments
Platform detection: Windows=false
App root directory: /Users/normy/autobyteus_org/autobyteus-worktrees/task-run-resources-workspace-cleanup/autobyteus-server-ts
App data directory: /var/folders/7w/9r4_s1_s42z3f7c136bpjf0r0000gn/T/project-tools-unit-aIgzLT
Successfully registered tool definition: 'list_projects'
Successfully registered tool definition: 'list_project_tasks'
Successfully registered tool definition: 'create_or_update_project'
Successfully registered tool definition: 'create_or_update_task'

stderr | tests/unit/agent-tools/project-tasks/project-task-tools.test.ts > Project data tools — actual native preparation/execute and selected MCP adapter > rejects nonplain top-level Project arguments
Overwriting existing tool definition for name: 'list_projects'
Overwriting existing tool definition for name: 'list_project_tasks'
Overwriting existing tool definition for name: 'create_or_update_project'
Overwriting existing tool definition for name: 'create_or_update_task'

stdout | tests/unit/agent-tools/project-tasks/project-task-tools.test.ts > Project data tools — actual native preparation/execute and selected MCP adapter > rejects nonplain top-level Project arguments
Platform detection: Windows=false
App root directory: /Users/normy/autobyteus_org/autobyteus-worktrees/task-run-resources-workspace-cleanup/autobyteus-server-ts
App data directory: /var/folders/7w/9r4_s1_s42z3f7c136bpjf0r0000gn/T/project-tools-unit-GzcmN9
Successfully registered tool definition: 'list_projects'
Successfully registered tool definition: 'list_project_tasks'
Successfully registered tool definition: 'create_or_update_project'
Successfully registered tool definition: 'create_or_update_task'

stderr | tests/unit/agent-tools/project-tasks/project-task-tools.test.ts > Project data tools — actual native preparation/execute and selected MCP adapter > rejects nonplain top-level Project arguments
Overwriting existing tool definition for name: 'list_projects'
Overwriting existing tool definition for name: 'list_project_tasks'
Overwriting existing tool definition for name: 'create_or_update_project'
Overwriting existing tool definition for name: 'create_or_update_task'

stdout | tests/unit/agent-tools/project-tasks/project-task-tools.test.ts > Project data tools — actual native preparation/execute and selected MCP adapter > rejects nonplain top-level Project arguments
Platform detection: Windows=false
App root directory: /Users/normy/autobyteus_org/autobyteus-worktrees/task-run-resources-workspace-cleanup/autobyteus-server-ts
App data directory: /var/folders/7w/9r4_s1_s42z3f7c136bpjf0r0000gn/T/project-tools-unit-0hNgps
Successfully registered tool definition: 'list_projects'
Successfully registered tool definition: 'list_project_tasks'
Successfully registered tool definition: 'create_or_update_project'
Successfully registered tool definition: 'create_or_update_task'

stderr | tests/unit/agent-tools/project-tasks/project-task-tools.test.ts > Project data tools — actual native preparation/execute and selected MCP adapter > rejects nonplain top-level Project arguments
Overwriting existing tool definition for name: 'list_projects'
Overwriting existing tool definition for name: 'list_project_tasks'
Overwriting existing tool definition for name: 'create_or_update_project'
Overwriting existing tool definition for name: 'create_or_update_task'

stdout | tests/unit/agent-tools/project-tasks/project-task-tools.test.ts > Project data tools — actual native preparation/execute and selected MCP adapter > rejects nonplain top-level Project arguments
Platform detection: Windows=false
App root directory: /Users/normy/autobyteus_org/autobyteus-worktrees/task-run-resources-workspace-cleanup/autobyteus-server-ts
App data directory: /var/folders/7w/9r4_s1_s42z3f7c136bpjf0r0000gn/T/project-tools-unit-8psJD9
Successfully registered tool definition: 'list_projects'
Successfully registered tool definition: 'list_project_tasks'
Successfully registered tool definition: 'create_or_update_project'
Successfully registered tool definition: 'create_or_update_task'

stderr | tests/unit/agent-tools/project-tasks/project-task-tools.test.ts > Project data tools — actual native preparation/execute and selected MCP adapter > rejects nonplain top-level Project arguments
Overwriting existing tool definition for name: 'list_projects'
Overwriting existing tool definition for name: 'list_project_tasks'
Overwriting existing tool definition for name: 'create_or_update_project'
Overwriting existing tool definition for name: 'create_or_update_task'

stdout | tests/unit/agent-tools/project-tasks/project-task-tools.test.ts > Project data tools — actual native preparation/execute and selected MCP adapter > returns service validation errors without partial metadata or implicit upsert
Platform detection: Windows=false
App root directory: /Users/normy/autobyteus_org/autobyteus-worktrees/task-run-resources-workspace-cleanup/autobyteus-server-ts
App data directory: /var/folders/7w/9r4_s1_s42z3f7c136bpjf0r0000gn/T/project-tools-unit-TdsLIm
Successfully registered tool definition: 'list_projects'
Successfully registered tool definition: 'list_project_tasks'
Successfully registered tool definition: 'create_or_update_project'
Successfully registered tool definition: 'create_or_update_task'

stderr | tests/unit/agent-tools/project-tasks/project-task-tools.test.ts > Project data tools — actual native preparation/execute and selected MCP adapter > returns service validation errors without partial metadata or implicit upsert
Overwriting existing tool definition for name: 'list_projects'
Overwriting existing tool definition for name: 'list_project_tasks'
Overwriting existing tool definition for name: 'create_or_update_project'
Overwriting existing tool definition for name: 'create_or_update_task'

stdout | tests/unit/agent-tools/project-tasks/project-task-tools.test.ts > Project data tools — actual native preparation/execute and selected MCP adapter > reports unconfirmed Project writes truthfully through native without exposing private failure details
Platform detection: Windows=false
App root directory: /Users/normy/autobyteus_org/autobyteus-worktrees/task-run-resources-workspace-cleanup/autobyteus-server-ts
App data directory: /var/folders/7w/9r4_s1_s42z3f7c136bpjf0r0000gn/T/project-tools-unit-jc5K7D
Successfully registered tool definition: 'list_projects'
Successfully registered tool definition: 'list_project_tasks'
Successfully registered tool definition: 'create_or_update_project'
Successfully registered tool definition: 'create_or_update_task'

stderr | tests/unit/agent-tools/project-tasks/project-task-tools.test.ts > Project data tools — actual native preparation/execute and selected MCP adapter > reports unconfirmed Project writes truthfully through native without exposing private failure details
Overwriting existing tool definition for name: 'list_projects'
Overwriting existing tool definition for name: 'list_project_tasks'
Overwriting existing tool definition for name: 'create_or_update_project'
Overwriting existing tool definition for name: 'create_or_update_task'

stdout | tests/unit/agent-tools/project-tasks/project-task-tools.test.ts > Project data tools — actual native preparation/execute and selected MCP adapter > reports unconfirmed Project writes truthfully through mcp without exposing private failure details
Platform detection: Windows=false
App root directory: /Users/normy/autobyteus_org/autobyteus-worktrees/task-run-resources-workspace-cleanup/autobyteus-server-ts
App data directory: /var/folders/7w/9r4_s1_s42z3f7c136bpjf0r0000gn/T/project-tools-unit-uIVq3h
Successfully registered tool definition: 'list_projects'
Successfully registered tool definition: 'list_project_tasks'
Successfully registered tool definition: 'create_or_update_project'
Successfully registered tool definition: 'create_or_update_task'

stderr | tests/unit/agent-tools/project-tasks/project-task-tools.test.ts > Project data tools — actual native preparation/execute and selected MCP adapter > reports unconfirmed Project writes truthfully through mcp without exposing private failure details
Overwriting existing tool definition for name: 'list_projects'
Overwriting existing tool definition for name: 'list_project_tasks'
Overwriting existing tool definition for name: 'create_or_update_project'
Overwriting existing tool definition for name: 'create_or_update_task'

stdout | tests/unit/agent-tools/project-tasks/project-task-tools.test.ts > Project data tools — actual native preparation/execute and selected MCP adapter > shares business reads and compact TODO create/known-ID status acknowledgements
Platform detection: Windows=false
App root directory: /Users/normy/autobyteus_org/autobyteus-worktrees/task-run-resources-workspace-cleanup/autobyteus-server-ts
App data directory: /var/folders/7w/9r4_s1_s42z3f7c136bpjf0r0000gn/T/project-tools-unit-TzeP0l
Successfully registered tool definition: 'list_projects'
Successfully registered tool definition: 'list_project_tasks'
Successfully registered tool definition: 'create_or_update_project'
Successfully registered tool definition: 'create_or_update_task'

stderr | tests/unit/agent-tools/project-tasks/project-task-tools.test.ts > Project data tools — actual native preparation/execute and selected MCP adapter > shares business reads and compact TODO create/known-ID status acknowledgements
Overwriting existing tool definition for name: 'list_projects'
Overwriting existing tool definition for name: 'list_project_tasks'
Overwriting existing tool definition for name: 'create_or_update_project'
Overwriting existing tool definition for name: 'create_or_update_task'

stdout | tests/unit/agent-tools/project-tasks/project-task-tools.test.ts > Project data tools — actual native preparation/execute and selected MCP adapter > preserves domain errors before BaseTool coercion for list_projects
Platform detection: Windows=false
App root directory: /Users/normy/autobyteus_org/autobyteus-worktrees/task-run-resources-workspace-cleanup/autobyteus-server-ts
App data directory: /var/folders/7w/9r4_s1_s42z3f7c136bpjf0r0000gn/T/project-tools-unit-ccHm9X
Successfully registered tool definition: 'list_projects'
Successfully registered tool definition: 'list_project_tasks'
Successfully registered tool definition: 'create_or_update_project'
Successfully registered tool definition: 'create_or_update_task'

stderr | tests/unit/agent-tools/project-tasks/project-task-tools.test.ts > Project data tools — actual native preparation/execute and selected MCP adapter > preserves domain errors before BaseTool coercion for list_projects
Overwriting existing tool definition for name: 'list_projects'
Overwriting existing tool definition for name: 'list_project_tasks'
Overwriting existing tool definition for name: 'create_or_update_project'
Overwriting existing tool definition for name: 'create_or_update_task'

stdout | tests/unit/agent-tools/project-tasks/project-task-tools.test.ts > Project data tools — actual native preparation/execute and selected MCP adapter > preserves domain errors before BaseTool coercion for list_project_tasks
Platform detection: Windows=false
App root directory: /Users/normy/autobyteus_org/autobyteus-worktrees/task-run-resources-workspace-cleanup/autobyteus-server-ts
App data directory: /var/folders/7w/9r4_s1_s42z3f7c136bpjf0r0000gn/T/project-tools-unit-SCcN7T
Successfully registered tool definition: 'list_projects'
Successfully registered tool definition: 'list_project_tasks'
Successfully registered tool definition: 'create_or_update_project'
Successfully registered tool definition: 'create_or_update_task'

stderr | tests/unit/agent-tools/project-tasks/project-task-tools.test.ts > Project data tools — actual native preparation/execute and selected MCP adapter > preserves domain errors before BaseTool coercion for list_project_tasks
Overwriting existing tool definition for name: 'list_projects'
Overwriting existing tool definition for name: 'list_project_tasks'
Overwriting existing tool definition for name: 'create_or_update_project'
Overwriting existing tool definition for name: 'create_or_update_task'

stdout | tests/unit/agent-tools/project-tasks/project-task-tools.test.ts > Project data tools — actual native preparation/execute and selected MCP adapter > preserves domain errors before BaseTool coercion for list_project_tasks
Platform detection: Windows=false
App root directory: /Users/normy/autobyteus_org/autobyteus-worktrees/task-run-resources-workspace-cleanup/autobyteus-server-ts
App data directory: /var/folders/7w/9r4_s1_s42z3f7c136bpjf0r0000gn/T/project-tools-unit-1oV4Nu
Successfully registered tool definition: 'list_projects'
Successfully registered tool definition: 'list_project_tasks'
Successfully registered tool definition: 'create_or_update_project'
Successfully registered tool definition: 'create_or_update_task'

stderr | tests/unit/agent-tools/project-tasks/project-task-tools.test.ts > Project data tools — actual native preparation/execute and selected MCP adapter > preserves domain errors before BaseTool coercion for list_project_tasks
Overwriting existing tool definition for name: 'list_projects'
Overwriting existing tool definition for name: 'list_project_tasks'
Overwriting existing tool definition for name: 'create_or_update_project'
Overwriting existing tool definition for name: 'create_or_update_task'

stdout | tests/unit/agent-tools/project-tasks/project-task-tools.test.ts > Project data tools — actual native preparation/execute and selected MCP adapter > preserves domain errors before BaseTool coercion for create_or_update_task
Platform detection: Windows=false
App root directory: /Users/normy/autobyteus_org/autobyteus-worktrees/task-run-resources-workspace-cleanup/autobyteus-server-ts
App data directory: /var/folders/7w/9r4_s1_s42z3f7c136bpjf0r0000gn/T/project-tools-unit-DRW8H9
Successfully registered tool definition: 'list_projects'
Successfully registered tool definition: 'list_project_tasks'
Successfully registered tool definition: 'create_or_update_project'
Successfully registered tool definition: 'create_or_update_task'

stderr | tests/unit/agent-tools/project-tasks/project-task-tools.test.ts > Project data tools — actual native preparation/execute and selected MCP adapter > preserves domain errors before BaseTool coercion for create_or_update_task
Overwriting existing tool definition for name: 'list_projects'
Overwriting existing tool definition for name: 'list_project_tasks'
Overwriting existing tool definition for name: 'create_or_update_project'
Overwriting existing tool definition for name: 'create_or_update_task'

stdout | tests/unit/agent-tools/project-tasks/project-task-tools.test.ts > Project data tools — actual native preparation/execute and selected MCP adapter > preserves domain errors before BaseTool coercion for create_or_update_task
Platform detection: Windows=false
App root directory: /Users/normy/autobyteus_org/autobyteus-worktrees/task-run-resources-workspace-cleanup/autobyteus-server-ts
App data directory: /var/folders/7w/9r4_s1_s42z3f7c136bpjf0r0000gn/T/project-tools-unit-ZwAVpZ
Successfully registered tool definition: 'list_projects'
Successfully registered tool definition: 'list_project_tasks'
Successfully registered tool definition: 'create_or_update_project'
Successfully registered tool definition: 'create_or_update_task'

stderr | tests/unit/agent-tools/project-tasks/project-task-tools.test.ts > Project data tools — actual native preparation/execute and selected MCP adapter > preserves domain errors before BaseTool coercion for create_or_update_task
Overwriting existing tool definition for name: 'list_projects'
Overwriting existing tool definition for name: 'list_project_tasks'
Overwriting existing tool definition for name: 'create_or_update_project'
Overwriting existing tool definition for name: 'create_or_update_task'

stdout | tests/unit/agent-tools/project-tasks/project-task-tools.test.ts > Project data tools — actual native preparation/execute and selected MCP adapter > preserves domain errors before BaseTool coercion for create_or_update_task
Platform detection: Windows=false
App root directory: /Users/normy/autobyteus_org/autobyteus-worktrees/task-run-resources-workspace-cleanup/autobyteus-server-ts
App data directory: /var/folders/7w/9r4_s1_s42z3f7c136bpjf0r0000gn/T/project-tools-unit-1WIk2B
Successfully registered tool definition: 'list_projects'
Successfully registered tool definition: 'list_project_tasks'
Successfully registered tool definition: 'create_or_update_project'
Successfully registered tool definition: 'create_or_update_task'

stderr | tests/unit/agent-tools/project-tasks/project-task-tools.test.ts > Project data tools — actual native preparation/execute and selected MCP adapter > preserves domain errors before BaseTool coercion for create_or_update_task
Overwriting existing tool definition for name: 'list_projects'
Overwriting existing tool definition for name: 'list_project_tasks'
Overwriting existing tool definition for name: 'create_or_update_project'
Overwriting existing tool definition for name: 'create_or_update_task'

stdout | tests/unit/agent-tools/project-tasks/project-task-tools.test.ts > Project data tools — actual native preparation/execute and selected MCP adapter > preserves domain errors before BaseTool coercion for create_or_update_task
Platform detection: Windows=false
App root directory: /Users/normy/autobyteus_org/autobyteus-worktrees/task-run-resources-workspace-cleanup/autobyteus-server-ts
App data directory: /var/folders/7w/9r4_s1_s42z3f7c136bpjf0r0000gn/T/project-tools-unit-GKsOf9
Successfully registered tool definition: 'list_projects'
Successfully registered tool definition: 'list_project_tasks'
Successfully registered tool definition: 'create_or_update_project'
Successfully registered tool definition: 'create_or_update_task'

stderr | tests/unit/agent-tools/project-tasks/project-task-tools.test.ts > Project data tools — actual native preparation/execute and selected MCP adapter > preserves domain errors before BaseTool coercion for create_or_update_task
Overwriting existing tool definition for name: 'list_projects'
Overwriting existing tool definition for name: 'list_project_tasks'
Overwriting existing tool definition for name: 'create_or_update_project'
Overwriting existing tool definition for name: 'create_or_update_task'

stdout | tests/unit/agent-tools/project-tasks/project-task-tools.test.ts > Project data tools — actual native preparation/execute and selected MCP adapter > preserves domain errors before BaseTool coercion for create_or_update_task
Platform detection: Windows=false
App root directory: /Users/normy/autobyteus_org/autobyteus-worktrees/task-run-resources-workspace-cleanup/autobyteus-server-ts
App data directory: /var/folders/7w/9r4_s1_s42z3f7c136bpjf0r0000gn/T/project-tools-unit-tf5jPM
Successfully registered tool definition: 'list_projects'
Successfully registered tool definition: 'list_project_tasks'
Successfully registered tool definition: 'create_or_update_project'
Successfully registered tool definition: 'create_or_update_task'

stderr | tests/unit/agent-tools/project-tasks/project-task-tools.test.ts > Project data tools — actual native preparation/execute and selected MCP adapter > preserves domain errors before BaseTool coercion for create_or_update_task
Overwriting existing tool definition for name: 'list_projects'
Overwriting existing tool definition for name: 'list_project_tasks'
Overwriting existing tool definition for name: 'create_or_update_project'
Overwriting existing tool definition for name: 'create_or_update_task'

stdout | tests/unit/agent-tools/project-tasks/project-task-tools.test.ts > Project data tools — actual native preparation/execute and selected MCP adapter > unknown Task IDs fail without creating and aborted native execution stays a transport error
Platform detection: Windows=false
App root directory: /Users/normy/autobyteus_org/autobyteus-worktrees/task-run-resources-workspace-cleanup/autobyteus-server-ts
App data directory: /var/folders/7w/9r4_s1_s42z3f7c136bpjf0r0000gn/T/project-tools-unit-bwfYb4
Successfully registered tool definition: 'list_projects'
Successfully registered tool definition: 'list_project_tasks'
Successfully registered tool definition: 'create_or_update_project'
Successfully registered tool definition: 'create_or_update_task'

stderr | tests/unit/agent-tools/project-tasks/project-task-tools.test.ts > Project data tools — actual native preparation/execute and selected MCP adapter > unknown Task IDs fail without creating and aborted native execution stays a transport error
Overwriting existing tool definition for name: 'list_projects'
Overwriting existing tool definition for name: 'list_project_tasks'
Overwriting existing tool definition for name: 'create_or_update_project'
Overwriting existing tool definition for name: 'create_or_update_task'

stdout | tests/unit/agent-tools/project-tasks/project-task-tools.test.ts > Project data tools — actual native preparation/execute and selected MCP adapter > exposes exactly explicit selections to catalog/Claude/native members, never legacy task aliases
Platform detection: Windows=false
App root directory: /Users/normy/autobyteus_org/autobyteus-worktrees/task-run-resources-workspace-cleanup/autobyteus-server-ts
App data directory: /var/folders/7w/9r4_s1_s42z3f7c136bpjf0r0000gn/T/project-tools-unit-HYyRY8
Successfully registered tool definition: 'list_projects'
Successfully registered tool definition: 'list_project_tasks'
Successfully registered tool definition: 'create_or_update_project'
Successfully registered tool definition: 'create_or_update_task'

stderr | tests/unit/agent-tools/project-tasks/project-task-tools.test.ts > Project data tools — actual native preparation/execute and selected MCP adapter > exposes exactly explicit selections to catalog/Claude/native members, never legacy task aliases
Overwriting existing tool definition for name: 'list_projects'
Overwriting existing tool definition for name: 'list_project_tasks'
Overwriting existing tool definition for name: 'create_or_update_project'
Overwriting existing tool definition for name: 'create_or_update_task'

 ✓ tests/unit/agent-tools/project-tasks/project-task-tools.test.ts (59 tests) 1230ms
stdout | tests/unit/agent-collaboration/configured-root-first-work.test.ts
AgentFactory (Singleton) initialized.

stdout | tests/unit/agent-collaboration/configured-root-first-work.test.ts > standalone_team configured first work > scope stays Offline; 'autobyteus' / 'none' / null readies only receivers
Platform detection: Windows=false
App root directory: /Users/normy/autobyteus_org/autobyteus-worktrees/task-run-resources-workspace-cleanup/autobyteus-server-ts
App data directory: /Users/normy/autobyteus_org/autobyteus-worktrees/task-run-resources-workspace-cleanup/autobyteus-server-ts

 ✓ tests/unit/agent-collaboration/configured-root-first-work.test.ts (48 tests) 1607ms
stdout | tests/unit/agent-tools/project-tasks/project-task-business-results.test.ts
AgentFactory (Singleton) initialized.

 ✓ tests/unit/agent-tools/project-tasks/project-task-business-results.test.ts (9 tests) 594ms
 ✓ tests/unit/run-history/services/collaboration-root-history-public-projection.test.ts (11 tests) 513ms
stdout | tests/integration/agent-team-execution/task-delegation-tool-lifecycle.integration.test.ts
AgentFactory (Singleton) initialized.

stdout | tests/integration/agent-team-execution/task-delegation-tool-lifecycle.integration.test.ts > current delegate_task lifecycle integration (pure spawn, idle shutdown, wake-on-message) > keeps two Task address bring-ins independent at /scope_helper, reuses only their own helper and never adopts a borrowed member (AC-009/010/012/013)
Platform detection: Windows=false
App root directory: /Users/normy/autobyteus_org/autobyteus-worktrees/task-run-resources-workspace-cleanup/autobyteus-server-ts
App data directory: /Users/normy/autobyteus_org/autobyteus-worktrees/task-run-resources-workspace-cleanup/autobyteus-server-ts

 ✓ tests/integration/agent-team-execution/task-delegation-tool-lifecycle.integration.test.ts (10 tests) 929ms
     ✓ keeps two Task address bring-ins independent at /scope_helper, reuses only their own helper and never adopts a borrowed member (AC-009/010/012/013)  346ms
     ✓ keeps two Task address bring-ins independent at /scope_helpers, reuses only their own helper and never adopts a borrowed member (AC-009/010/012/013)  311ms
stdout | tests/unit/projects/project-task-service.test.ts
AgentFactory (Singleton) initialized.

 ✓ tests/unit/projects/project-task-service.test.ts (15 tests) 470ms
stdout | tests/unit/agent-org-execution/agent-org-run-config.test.ts
AgentFactory (Singleton) initialized.

 ✓ tests/unit/agent-org-execution/agent-org-run-config.test.ts (18 tests) 634ms
 ✓ tests/unit/run-history/services/root-run-package-readiness-index.test.ts (10 tests) 409ms
stdout | tests/integration/standalone-agent-run-root/native-root-termination.integration.test.ts
AgentFactory (Singleton) initialized.

stdout | tests/integration/standalone-agent-run-root/native-root-termination.integration.test.ts > whole-host termination result is later than actual child-root inactivity > agent: success
AgentRuntimeState initialized for agent_id 'recovery_tester_7320'. Initial status: uninitialized. Workspace linked. AgentEventInbox pending initialization. Output data via notifier.
Agent 'recovery_tester_7320': No tools provided in config.
Agent 'recovery_tester_7320': LLM instance 'Parent' and 0 tools prepared and stored in state.
AgentContext composed for agent_id 'recovery_tester_7320'. Config and State linked.
Instantiating AgentRuntime for agent_id: 'recovery_tester_7320' with config: 'recovery'.
AgentWorker initialized for agent_id 'recovery_tester_7320'.
Registered AgentContext for agent_id 'recovery_tester_7320'. Total registered contexts: 1
AgentRuntime initialized for agent_id 'recovery_tester_7320'. Context registered.
Agent facade initialized for agent_id 'recovery_tester_7320'.
Agent 'recovery_tester_7320' created and stored successfully.
Agent 'recovery_tester_7320' requesting runtime to start.
AgentRuntime for 'recovery_tester_7320': Starting worker.
AgentWorker 'recovery_tester_7320': Starting...
AgentWorker 'recovery_tester_7320' asyncRun(): Starting.
Agent 'recovery_tester_7320': Runtime init completed (event store initialized).
Agent 'recovery_tester_7320': Runtime init completed (status deriver initialized).
Agent 'recovery_tester_7320': Runtime init completed (AgentEventInbox initialized).
Agent 'recovery_tester_7320': Runtime init completed (AgentEventScheduler initialized).

stdout | tests/integration/standalone-agent-run-root/native-root-termination.integration.test.ts > whole-host termination result is later than actual child-root inactivity > agent: success
Agent 'recovery_tester_7320': Starting direct runtime bootstrap lifecycle.

stdout | tests/integration/standalone-agent-run-root/native-root-termination.integration.test.ts > whole-host termination result is later than actual child-root inactivity > agent: success
AgentExternalEventNotifier (NotifierID: 75d4391f-6cbc-4f43-9e18-cee10515fad8, AgentID: recovery_tester_7320) emitted agent_status. Kwarg keys for emit: agent_id,payload

stdout | tests/integration/standalone-agent-run-root/native-root-termination.integration.test.ts > whole-host termination result is later than actual child-root inactivity > agent: success
Agent 'recovery_tester_7320': Bootstrapper starting direct lifecycle execution.
Agent 'recovery_tester_7320': Running bootstrap step 0 (McpServerPrewarmingStep).
Agent 'recovery_tester_7320': Executing McpServerPrewarmingStep.

stdout | tests/integration/standalone-agent-run-root/native-root-termination.integration.test.ts > whole-host termination result is later than actual child-root inactivity > agent: success
Agent 'recovery_tester_7320': Running bootstrap step 1 (SystemPromptProcessingStep).
Agent 'recovery_tester_7320': Executing SystemPromptProcessingStep.
Agent 'recovery_tester_7320': No configured skills. Skipping skill catalog.
Agent 'recovery_tester_7320': Final processed system prompt configured and captured. Trace ID: rt_1791265754140_a3d7be67-0b61-46dd-937d-b2d3f9ae6b24. Final length: 28.

stdout | tests/integration/standalone-agent-run-root/native-root-termination.integration.test.ts > whole-host termination result is later than actual child-root inactivity > agent: success
Agent 'recovery_tester_7320': Running bootstrap step 2 (WorkingContextSnapshotRestoreStep).

stdout | tests/integration/standalone-agent-run-root/native-root-termination.integration.test.ts > whole-host termination result is later than actual child-root inactivity > agent: success
AgentExternalEventNotifier (NotifierID: 75d4391f-6cbc-4f43-9e18-cee10515fad8, AgentID: recovery_tester_7320) emitted agent_status. Kwarg keys for emit: agent_id,payload

stdout | tests/integration/standalone-agent-run-root/native-root-termination.integration.test.ts > whole-host termination result is later than actual child-root inactivity > agent: success
AgentWorker 'recovery_tester_7320' initialized successfully. Entering main event scheduler loop.

stdout | tests/integration/standalone-agent-run-root/native-root-termination.integration.test.ts > whole-host termination result is later than actual child-root inactivity > agent: success
AgentEventStream (ID: f325e200-468c-44f7-b598-e4ebdf9c58c0) initialized for agent_id 'recovery_tester_7320'. Subscribed to notifier.

stdout | tests/integration/standalone-agent-run-root/native-root-termination.integration.test.ts > whole-host termination result is later than actual child-root inactivity > agent: success
AgentExternalEventNotifier (NotifierID: 75d4391f-6cbc-4f43-9e18-cee10515fad8, AgentID: recovery_tester_7320) emitted agent_turn_started. Kwarg keys for emit: agent_id,payload

stdout | tests/integration/standalone-agent-run-root/native-root-termination.integration.test.ts > whole-host termination result is later than actual child-root inactivity > agent: success
AgentExternalEventNotifier (NotifierID: 75d4391f-6cbc-4f43-9e18-cee10515fad8, AgentID: recovery_tester_7320) emitted agent_status. Kwarg keys for emit: agent_id,payload

stdout | tests/integration/standalone-agent-run-root/native-root-termination.integration.test.ts > whole-host termination result is later than actual child-root inactivity > agent: success
AgentExternalEventNotifier (NotifierID: 75d4391f-6cbc-4f43-9e18-cee10515fad8, AgentID: recovery_tester_7320) emitted agent_status. Kwarg keys for emit: agent_id,payload

stdout | tests/integration/standalone-agent-run-root/native-root-termination.integration.test.ts > whole-host termination result is later than actual child-root inactivity > agent: success
AgentExternalEventNotifier (NotifierID: 75d4391f-6cbc-4f43-9e18-cee10515fad8, AgentID: recovery_tester_7320) emitted agent_token_usage_updated. Kwarg keys for emit: agent_id,payload
compaction_budget_evaluated {
  agent_id: 'recovery_tester_7320',
  prompt_tokens: 200,
  effective_total_context_tokens: 12000,
  context_derived_input_cap_tokens: 11800,
  provider_input_cap_tokens: null,
  effective_input_cap_tokens: 11800,
  reserved_output_tokens: 200,
  safety_margin_tokens: 10,
  input_budget_tokens: 11790,
  compaction_ratio: 0.5,
  trigger_threshold_tokens: 5895,
  trigger_headroom_tokens: 590,
  quality_retention_cap_tokens: 4126,
  post_compaction_target_tokens: 4126,
  budget_key: '11790:5895:4126:590:4126',
  override_active: false,
  compaction_required: false,
  threshold_episode_decision: 'none'
}

stdout | tests/integration/standalone-agent-run-root/native-root-termination.integration.test.ts > whole-host termination result is later than actual child-root inactivity > agent: success
AgentExternalEventNotifier (NotifierID: 75d4391f-6cbc-4f43-9e18-cee10515fad8, AgentID: recovery_tester_7320) emitted agent_status. Kwarg keys for emit: agent_id,payload

stdout | tests/integration/standalone-agent-run-root/native-root-termination.integration.test.ts > whole-host termination result is later than actual child-root inactivity > agent: success
AgentExternalEventNotifier (NotifierID: 75d4391f-6cbc-4f43-9e18-cee10515fad8, AgentID: recovery_tester_7320) emitted agent_data_assistant_complete_response. Kwarg keys for emit: agent_id,payload

stdout | tests/integration/standalone-agent-run-root/native-root-termination.integration.test.ts > whole-host termination result is later than actual child-root inactivity > agent: success
AgentExternalEventNotifier (NotifierID: 75d4391f-6cbc-4f43-9e18-cee10515fad8, AgentID: recovery_tester_7320) emitted agent_turn_completed. Kwarg keys for emit: agent_id,payload

stdout | tests/integration/standalone-agent-run-root/native-root-termination.integration.test.ts > whole-host termination result is later than actual child-root inactivity > agent: success
AgentExternalEventNotifier (NotifierID: 75d4391f-6cbc-4f43-9e18-cee10515fad8, AgentID: recovery_tester_7320) emitted agent_status. Kwarg keys for emit: agent_id,payload

stdout | tests/integration/standalone-agent-run-root/native-root-termination.integration.test.ts > whole-host termination result is later than actual child-root inactivity > agent: success
AgentExternalEventNotifier (NotifierID: 75d4391f-6cbc-4f43-9e18-cee10515fad8, AgentID: recovery_tester_7320) emitted agent_status. Kwarg keys for emit: agent_id,payload

stdout | tests/integration/standalone-agent-run-root/native-root-termination.integration.test.ts > whole-host termination result is later than actual child-root inactivity > agent: success
Platform detection: Windows=false
App root directory: /Users/normy/autobyteus_org/autobyteus-worktrees/task-run-resources-workspace-cleanup/autobyteus-server-ts
App data directory: /Users/normy/autobyteus_org/autobyteus-worktrees/task-run-resources-workspace-cleanup/autobyteus-server-ts

stdout | tests/integration/standalone-agent-run-root/native-root-termination.integration.test.ts > whole-host termination result is later than actual child-root inactivity > agent: success
prisma:info Starting a sqlite pool with 21 connections.

stdout | tests/integration/standalone-agent-run-root/native-root-termination.integration.test.ts > whole-host termination result is later than actual child-root inactivity > agent: success
AgentExternalEventNotifier (NotifierID: 75d4391f-6cbc-4f43-9e18-cee10515fad8, AgentID: recovery_tester_7320) emitted agent_turn_started. Kwarg keys for emit: agent_id,payload

stdout | tests/integration/standalone-agent-run-root/native-root-termination.integration.test.ts > whole-host termination result is later than actual child-root inactivity > agent: success
AgentExternalEventNotifier (NotifierID: 75d4391f-6cbc-4f43-9e18-cee10515fad8, AgentID: recovery_tester_7320) emitted agent_status. Kwarg keys for emit: agent_id,payload

stdout | tests/integration/standalone-agent-run-root/native-root-termination.integration.test.ts > whole-host termination result is later than actual child-root inactivity > agent: success
AgentExternalEventNotifier (NotifierID: 75d4391f-6cbc-4f43-9e18-cee10515fad8, AgentID: recovery_tester_7320) emitted agent_status. Kwarg keys for emit: agent_id,payload

stdout | tests/integration/standalone-agent-run-root/native-root-termination.integration.test.ts > whole-host termination result is later than actual child-root inactivity > agent: success
AgentExternalEventNotifier (NotifierID: 75d4391f-6cbc-4f43-9e18-cee10515fad8, AgentID: recovery_tester_7320) emitted agent_token_usage_updated. Kwarg keys for emit: agent_id,payload
compaction_budget_evaluated {
  agent_id: 'recovery_tester_7320',
  prompt_tokens: 200,
  effective_total_context_tokens: 12000,
  context_derived_input_cap_tokens: 11800,
  provider_input_cap_tokens: null,
  effective_input_cap_tokens: 11800,
  reserved_output_tokens: 200,
  safety_margin_tokens: 10,
  input_budget_tokens: 11790,
  compaction_ratio: 0.5,
  trigger_threshold_tokens: 5895,
  trigger_headroom_tokens: 590,
  quality_retention_cap_tokens: 4126,
  post_compaction_target_tokens: 4126,
  budget_key: '11790:5895:4126:590:4126',
  override_active: false,
  compaction_required: false,
  threshold_episode_decision: 'none'
}

stdout | tests/integration/standalone-agent-run-root/native-root-termination.integration.test.ts > whole-host termination result is later than actual child-root inactivity > agent: success
AgentExternalEventNotifier (NotifierID: 75d4391f-6cbc-4f43-9e18-cee10515fad8, AgentID: recovery_tester_7320) emitted agent_status. Kwarg keys for emit: agent_id,payload

stdout | tests/integration/standalone-agent-run-root/native-root-termination.integration.test.ts > whole-host termination result is later than actual child-root inactivity > agent: success
AgentExternalEventNotifier (NotifierID: 75d4391f-6cbc-4f43-9e18-cee10515fad8, AgentID: recovery_tester_7320) emitted agent_data_assistant_complete_response. Kwarg keys for emit: agent_id,payload

stdout | tests/integration/standalone-agent-run-root/native-root-termination.integration.test.ts > whole-host termination result is later than actual child-root inactivity > agent: success
AgentExternalEventNotifier (NotifierID: 75d4391f-6cbc-4f43-9e18-cee10515fad8, AgentID: recovery_tester_7320) emitted agent_turn_completed. Kwarg keys for emit: agent_id,payload

stdout | tests/integration/standalone-agent-run-root/native-root-termination.integration.test.ts > whole-host termination result is later than actual child-root inactivity > agent: success
AgentExternalEventNotifier (NotifierID: 75d4391f-6cbc-4f43-9e18-cee10515fad8, AgentID: recovery_tester_7320) emitted agent_status. Kwarg keys for emit: agent_id,payload

stdout | tests/integration/standalone-agent-run-root/native-root-termination.integration.test.ts > whole-host termination result is later than actual child-root inactivity > agent: success
AgentExternalEventNotifier (NotifierID: 75d4391f-6cbc-4f43-9e18-cee10515fad8, AgentID: recovery_tester_7320) emitted agent_status. Kwarg keys for emit: agent_id,payload

stdout | tests/integration/standalone-agent-run-root/native-root-termination.integration.test.ts > whole-host termination result is later than actual child-root inactivity > agent: success
AgentExternalEventNotifier (NotifierID: 75d4391f-6cbc-4f43-9e18-cee10515fad8, AgentID: recovery_tester_7320) emitted agent_turn_started. Kwarg keys for emit: agent_id,payload

stdout | tests/integration/standalone-agent-run-root/native-root-termination.integration.test.ts > whole-host termination result is later than actual child-root inactivity > agent: success
AgentExternalEventNotifier (NotifierID: 75d4391f-6cbc-4f43-9e18-cee10515fad8, AgentID: recovery_tester_7320) emitted agent_status. Kwarg keys for emit: agent_id,payload

stdout | tests/integration/standalone-agent-run-root/native-root-termination.integration.test.ts > whole-host termination result is later than actual child-root inactivity > agent: success
AgentExternalEventNotifier (NotifierID: 75d4391f-6cbc-4f43-9e18-cee10515fad8, AgentID: recovery_tester_7320) emitted agent_status. Kwarg keys for emit: agent_id,payload

stdout | tests/integration/standalone-agent-run-root/native-root-termination.integration.test.ts > whole-host termination result is later than actual child-root inactivity > agent: success
AgentExternalEventNotifier (NotifierID: 75d4391f-6cbc-4f43-9e18-cee10515fad8, AgentID: recovery_tester_7320) emitted agent_token_usage_updated. Kwarg keys for emit: agent_id,payload
compaction_budget_evaluated {
  agent_id: 'recovery_tester_7320',
  prompt_tokens: 200,
  effective_total_context_tokens: 12000,
  context_derived_input_cap_tokens: 11800,
  provider_input_cap_tokens: null,
  effective_input_cap_tokens: 11800,
  reserved_output_tokens: 200,
  safety_margin_tokens: 10,
  input_budget_tokens: 11790,
  compaction_ratio: 0.5,
  trigger_threshold_tokens: 5895,
  trigger_headroom_tokens: 590,
  quality_retention_cap_tokens: 4126,
  post_compaction_target_tokens: 4126,
  budget_key: '11790:5895:4126:590:4126',
  override_active: false,
  compaction_required: false,
  threshold_episode_decision: 'none'
}

stdout | tests/integration/standalone-agent-run-root/native-root-termination.integration.test.ts > whole-host termination result is later than actual child-root inactivity > agent: success
AgentExternalEventNotifier (NotifierID: 75d4391f-6cbc-4f43-9e18-cee10515fad8, AgentID: recovery_tester_7320) emitted agent_status. Kwarg keys for emit: agent_id,payload

stdout | tests/integration/standalone-agent-run-root/native-root-termination.integration.test.ts > whole-host termination result is later than actual child-root inactivity > agent: success
AgentExternalEventNotifier (NotifierID: 75d4391f-6cbc-4f43-9e18-cee10515fad8, AgentID: recovery_tester_7320) emitted agent_data_assistant_complete_response. Kwarg keys for emit: agent_id,payload

stdout | tests/integration/standalone-agent-run-root/native-root-termination.integration.test.ts > whole-host termination result is later than actual child-root inactivity > agent: success
AgentExternalEventNotifier (NotifierID: 75d4391f-6cbc-4f43-9e18-cee10515fad8, AgentID: recovery_tester_7320) emitted agent_turn_completed. Kwarg keys for emit: agent_id,payload

stdout | tests/integration/standalone-agent-run-root/native-root-termination.integration.test.ts > whole-host termination result is later than actual child-root inactivity > agent: success
AgentExternalEventNotifier (NotifierID: 75d4391f-6cbc-4f43-9e18-cee10515fad8, AgentID: recovery_tester_7320) emitted agent_status. Kwarg keys for emit: agent_id,payload

stdout | tests/integration/standalone-agent-run-root/native-root-termination.integration.test.ts > whole-host termination result is later than actual child-root inactivity > agent: success
AgentExternalEventNotifier (NotifierID: 75d4391f-6cbc-4f43-9e18-cee10515fad8, AgentID: recovery_tester_7320) emitted agent_status. Kwarg keys for emit: agent_id,payload

stdout | tests/integration/standalone-agent-run-root/native-root-termination.integration.test.ts > whole-host termination result is later than actual child-root inactivity > agent: success
AgentExternalEventNotifier (NotifierID: 75d4391f-6cbc-4f43-9e18-cee10515fad8, AgentID: recovery_tester_7320) emitted agent_turn_started. Kwarg keys for emit: agent_id,payload

stdout | tests/integration/standalone-agent-run-root/native-root-termination.integration.test.ts > whole-host termination result is later than actual child-root inactivity > agent: success
AgentExternalEventNotifier (NotifierID: 75d4391f-6cbc-4f43-9e18-cee10515fad8, AgentID: recovery_tester_7320) emitted agent_status. Kwarg keys for emit: agent_id,payload

stdout | tests/integration/standalone-agent-run-root/native-root-termination.integration.test.ts > whole-host termination result is later than actual child-root inactivity > agent: success
AgentExternalEventNotifier (NotifierID: 75d4391f-6cbc-4f43-9e18-cee10515fad8, AgentID: recovery_tester_7320) emitted agent_status. Kwarg keys for emit: agent_id,payload

stdout | tests/integration/standalone-agent-run-root/native-root-termination.integration.test.ts > whole-host termination result is later than actual child-root inactivity > agent: success
AgentExternalEventNotifier (NotifierID: 75d4391f-6cbc-4f43-9e18-cee10515fad8, AgentID: recovery_tester_7320) emitted agent_status. Kwarg keys for emit: agent_id,payload
compaction_started {
  agent_id: 'recovery_tester_7320',
  turn_id: 'turn_0004',
  compaction_operation_id: 'compaction_operation_muw9dq33_1',
  requested_turn_id: 'request',
  execution_turn_id: 'turn_0004',
  selected_block_count: 3,
  raw_trace_count: 3,
  phase: 'started'
}
AgentExternalEventNotifier (NotifierID: 75d4391f-6cbc-4f43-9e18-cee10515fad8, AgentID: recovery_tester_7320) emitted agent_compaction_status_updated. Kwarg keys for emit: agent_id,payload

stderr | tests/integration/standalone-agent-run-root/native-root-termination.integration.test.ts > whole-host termination result is later than actual child-root inactivity > agent: success
compaction_failed {
  agent_id: 'recovery_tester_7320',
  turn_id: 'turn_0004',
  compaction_operation_id: 'compaction_operation_muw9dq33_1',
  requested_turn_id: 'request',
  execution_turn_id: 'turn_0004',
  selected_block_count: 3,
  raw_trace_count: 3,
  phase: 'failed',
  error_message: 'Memory compaction failed before dispatch [execution_failure]: controlled recovery'
}

stdout | tests/integration/standalone-agent-run-root/native-root-termination.integration.test.ts > whole-host termination result is later than actual child-root inactivity > agent: success
AgentExternalEventNotifier (NotifierID: 75d4391f-6cbc-4f43-9e18-cee10515fad8, AgentID: recovery_tester_7320) emitted agent_compaction_status_updated. Kwarg keys for emit: agent_id,payload

stdout | tests/integration/standalone-agent-run-root/native-root-termination.integration.test.ts > whole-host termination result is later than actual child-root inactivity > agent: success
AgentExternalEventNotifier (NotifierID: 75d4391f-6cbc-4f43-9e18-cee10515fad8, AgentID: recovery_tester_7320) emitted agent_error_output_generation. Kwarg keys for emit: agent_id,payload

stdout | tests/integration/standalone-agent-run-root/native-root-termination.integration.test.ts > whole-host termination result is later than actual child-root inactivity > agent: success
AgentExternalEventNotifier (NotifierID: 75d4391f-6cbc-4f43-9e18-cee10515fad8, AgentID: recovery_tester_7320) emitted agent_compaction_blocked. Kwarg keys for emit: agent_id,payload
AgentExternalEventNotifier (NotifierID: 75d4391f-6cbc-4f43-9e18-cee10515fad8, AgentID: recovery_tester_7320) emitted agent_status. Kwarg keys for emit: agent_id,payload

stdout | tests/integration/standalone-agent-run-root/native-root-termination.integration.test.ts > whole-host termination result is later than actual child-root inactivity > agent: success
Agent 'recovery_tester_7320' requesting runtime interrupt.

stdout | tests/integration/standalone-agent-run-root/native-root-termination.integration.test.ts > whole-host termination result is later than actual child-root inactivity > agent: success
AgentExternalEventNotifier (NotifierID: 75d4391f-6cbc-4f43-9e18-cee10515fad8, AgentID: recovery_tester_7320) emitted agent_turn_interrupted. Kwarg keys for emit: agent_id,payload

stdout | tests/integration/standalone-agent-run-root/native-root-termination.integration.test.ts > whole-host termination result is later than actual child-root inactivity > agent: success
AgentExternalEventNotifier (NotifierID: 75d4391f-6cbc-4f43-9e18-cee10515fad8, AgentID: recovery_tester_7320) emitted agent_compaction_blocked. Kwarg keys for emit: agent_id,payload
AgentExternalEventNotifier (NotifierID: 75d4391f-6cbc-4f43-9e18-cee10515fad8, AgentID: recovery_tester_7320) emitted agent_status. Kwarg keys for emit: agent_id,payload

stdout | tests/integration/standalone-agent-run-root/native-root-termination.integration.test.ts > whole-host termination result is later than actual child-root inactivity > agent: success
Agent 'recovery_tester_7320' requesting runtime interrupt.
AgentExternalEventNotifier (NotifierID: 75d4391f-6cbc-4f43-9e18-cee10515fad8, AgentID: recovery_tester_7320) emitted agent_compaction_blocked. Kwarg keys for emit: agent_id,payload
AgentExternalEventNotifier (NotifierID: 75d4391f-6cbc-4f43-9e18-cee10515fad8, AgentID: recovery_tester_7320) emitted agent_status. Kwarg keys for emit: agent_id,payload

stdout | tests/integration/standalone-agent-run-root/native-root-termination.integration.test.ts > whole-host termination result is later than actual child-root inactivity > agent: success
Agent 'recovery_tester_7320' requesting runtime to stop (timeout: 2s).

stdout | tests/integration/standalone-agent-run-root/native-root-termination.integration.test.ts > whole-host termination result is later than actual child-root inactivity > agent: success
AgentExternalEventNotifier (NotifierID: 75d4391f-6cbc-4f43-9e18-cee10515fad8, AgentID: recovery_tester_7320) emitted agent_status. Kwarg keys for emit: agent_id,payload

stdout | tests/integration/standalone-agent-run-root/native-root-termination.integration.test.ts > whole-host termination result is later than actual child-root inactivity > agent: success
AgentWorker 'recovery_tester_7320': Stop requested.

stdout | tests/integration/standalone-agent-run-root/native-root-termination.integration.test.ts > whole-host termination result is later than actual child-root inactivity > agent: success
AgentExternalEventNotifier (NotifierID: 75d4391f-6cbc-4f43-9e18-cee10515fad8, AgentID: recovery_tester_7320) emitted agent_status. Kwarg keys for emit: agent_id,payload

stdout | tests/integration/standalone-agent-run-root/native-root-termination.integration.test.ts > whole-host termination result is later than actual child-root inactivity > agent: success
AgentExternalEventNotifier (NotifierID: 75d4391f-6cbc-4f43-9e18-cee10515fad8, AgentID: recovery_tester_7320) emitted agent_compaction_blocked. Kwarg keys for emit: agent_id,payload
AgentExternalEventNotifier (NotifierID: 75d4391f-6cbc-4f43-9e18-cee10515fad8, AgentID: recovery_tester_7320) emitted agent_status. Kwarg keys for emit: agent_id,payload
AgentWorker 'recovery_tester_7320' asyncRun() loop has finished.
AgentWorker 'recovery_tester_7320': Running shutdown sequence on worker loop.

stdout | tests/integration/standalone-agent-run-root/native-root-termination.integration.test.ts > whole-host termination result is later than actual child-root inactivity > agent: success
AgentWorker 'recovery_tester_7320': Shutdown resource cleanup completed successfully.
AgentWorker 'recovery_tester_7320': Shutdown sequence completed.

stdout | tests/integration/standalone-agent-run-root/native-root-termination.integration.test.ts > whole-host termination result is later than actual child-root inactivity > agent: success
Unregistered AgentContext for agent_id 'recovery_tester_7320'.
AgentRuntime for 'recovery_tester_7320': Context unregistered.

stdout | tests/integration/standalone-agent-run-root/native-root-termination.integration.test.ts > whole-host termination result is later than actual child-root inactivity > agent: success
AgentRuntime for 'recovery_tester_7320' stop() method completed.

stdout | tests/integration/standalone-agent-run-root/native-root-termination.integration.test.ts > whole-host termination result is later than actual child-root inactivity > agent: success
AgentEventStream (ID: f325e200-468c-44f7-b598-e4ebdf9c58c0) for 'recovery_tester_7320': close() called. Unsubscribing all listeners and signaling.

stdout | tests/integration/standalone-agent-run-root/native-root-termination.integration.test.ts > whole-host termination result is later than actual child-root inactivity > agent: success
AgentEventStream (ID: f325e200-468c-44f7-b598-e4ebdf9c58c0) for 'recovery_tester_7320': close() called. Unsubscribing all listeners and signaling.

stdout | tests/integration/standalone-agent-run-root/native-root-termination.integration.test.ts > whole-host termination result is later than actual child-root inactivity > agent: child-finish-failure
AgentRuntimeState initialized for agent_id 'recovery_tester_5489'. Initial status: uninitialized. Workspace linked. AgentEventInbox pending initialization. Output data via notifier.
Agent 'recovery_tester_5489': No tools provided in config.
Agent 'recovery_tester_5489': LLM instance 'Parent' and 0 tools prepared and stored in state.
AgentContext composed for agent_id 'recovery_tester_5489'. Config and State linked.
Instantiating AgentRuntime for agent_id: 'recovery_tester_5489' with config: 'recovery'.
AgentWorker initialized for agent_id 'recovery_tester_5489'.
Registered AgentContext for agent_id 'recovery_tester_5489'. Total registered contexts: 1
AgentRuntime initialized for agent_id 'recovery_tester_5489'. Context registered.
Agent facade initialized for agent_id 'recovery_tester_5489'.
Agent 'recovery_tester_5489' created and stored successfully.
Agent 'recovery_tester_5489' requesting runtime to start.
AgentRuntime for 'recovery_tester_5489': Starting worker.
AgentWorker 'recovery_tester_5489': Starting...
AgentWorker 'recovery_tester_5489' asyncRun(): Starting.
Agent 'recovery_tester_5489': Runtime init completed (event store initialized).
Agent 'recovery_tester_5489': Runtime init completed (status deriver initialized).
Agent 'recovery_tester_5489': Runtime init completed (AgentEventInbox initialized).
Agent 'recovery_tester_5489': Runtime init completed (AgentEventScheduler initialized).

stdout | tests/integration/standalone-agent-run-root/native-root-termination.integration.test.ts > whole-host termination result is later than actual child-root inactivity > agent: child-finish-failure
Agent 'recovery_tester_5489': Starting direct runtime bootstrap lifecycle.

stdout | tests/integration/standalone-agent-run-root/native-root-termination.integration.test.ts > whole-host termination result is later than actual child-root inactivity > agent: child-finish-failure
AgentExternalEventNotifier (NotifierID: efee4392-67eb-4a17-87c2-c71816b4e4e0, AgentID: recovery_tester_5489) emitted agent_status. Kwarg keys for emit: agent_id,payload

stdout | tests/integration/standalone-agent-run-root/native-root-termination.integration.test.ts > whole-host termination result is later than actual child-root inactivity > agent: child-finish-failure
Agent 'recovery_tester_5489': Bootstrapper starting direct lifecycle execution.
Agent 'recovery_tester_5489': Running bootstrap step 0 (McpServerPrewarmingStep).
Agent 'recovery_tester_5489': Executing McpServerPrewarmingStep.

stdout | tests/integration/standalone-agent-run-root/native-root-termination.integration.test.ts > whole-host termination result is later than actual child-root inactivity > agent: child-finish-failure
Agent 'recovery_tester_5489': Running bootstrap step 1 (SystemPromptProcessingStep).
Agent 'recovery_tester_5489': Executing SystemPromptProcessingStep.
Agent 'recovery_tester_5489': No configured skills. Skipping skill catalog.
Agent 'recovery_tester_5489': Final processed system prompt configured and captured. Trace ID: rt_1791265754777_41efd633-e8c8-46f2-85fb-cc1d53847a14. Final length: 28.

stdout | tests/integration/standalone-agent-run-root/native-root-termination.integration.test.ts > whole-host termination result is later than actual child-root inactivity > agent: child-finish-failure
Agent 'recovery_tester_5489': Running bootstrap step 2 (WorkingContextSnapshotRestoreStep).

stdout | tests/integration/standalone-agent-run-root/native-root-termination.integration.test.ts > whole-host termination result is later than actual child-root inactivity > agent: child-finish-failure
AgentExternalEventNotifier (NotifierID: efee4392-67eb-4a17-87c2-c71816b4e4e0, AgentID: recovery_tester_5489) emitted agent_status. Kwarg keys for emit: agent_id,payload

stdout | tests/integration/standalone-agent-run-root/native-root-termination.integration.test.ts > whole-host termination result is later than actual child-root inactivity > agent: child-finish-failure
AgentWorker 'recovery_tester_5489' initialized successfully. Entering main event scheduler loop.

stdout | tests/integration/standalone-agent-run-root/native-root-termination.integration.test.ts > whole-host termination result is later than actual child-root inactivity > agent: child-finish-failure
AgentEventStream (ID: fd93fa9d-ea04-4354-8dfd-8343390ac875) initialized for agent_id 'recovery_tester_5489'. Subscribed to notifier.

stdout | tests/integration/standalone-agent-run-root/native-root-termination.integration.test.ts > whole-host termination result is later than actual child-root inactivity > agent: child-finish-failure
AgentExternalEventNotifier (NotifierID: efee4392-67eb-4a17-87c2-c71816b4e4e0, AgentID: recovery_tester_5489) emitted agent_turn_started. Kwarg keys for emit: agent_id,payload

stdout | tests/integration/standalone-agent-run-root/native-root-termination.integration.test.ts > whole-host termination result is later than actual child-root inactivity > agent: child-finish-failure
AgentExternalEventNotifier (NotifierID: efee4392-67eb-4a17-87c2-c71816b4e4e0, AgentID: recovery_tester_5489) emitted agent_status. Kwarg keys for emit: agent_id,payload

stdout | tests/integration/standalone-agent-run-root/native-root-termination.integration.test.ts > whole-host termination result is later than actual child-root inactivity > agent: child-finish-failure
AgentExternalEventNotifier (NotifierID: efee4392-67eb-4a17-87c2-c71816b4e4e0, AgentID: recovery_tester_5489) emitted agent_status. Kwarg keys for emit: agent_id,payload

stdout | tests/integration/standalone-agent-run-root/native-root-termination.integration.test.ts > whole-host termination result is later than actual child-root inactivity > agent: child-finish-failure
AgentExternalEventNotifier (NotifierID: efee4392-67eb-4a17-87c2-c71816b4e4e0, AgentID: recovery_tester_5489) emitted agent_token_usage_updated. Kwarg keys for emit: agent_id,payload
compaction_budget_evaluated {
  agent_id: 'recovery_tester_5489',
  prompt_tokens: 200,
  effective_total_context_tokens: 12000,
  context_derived_input_cap_tokens: 11800,
  provider_input_cap_tokens: null,
  effective_input_cap_tokens: 11800,
  reserved_output_tokens: 200,
  safety_margin_tokens: 10,
  input_budget_tokens: 11790,
  compaction_ratio: 0.5,
  trigger_threshold_tokens: 5895,
  trigger_headroom_tokens: 590,
  quality_retention_cap_tokens: 4126,
  post_compaction_target_tokens: 4126,
  budget_key: '11790:5895:4126:590:4126',
  override_active: false,
  compaction_required: false,
  threshold_episode_decision: 'none'
}

stdout | tests/integration/standalone-agent-run-root/native-root-termination.integration.test.ts > whole-host termination result is later than actual child-root inactivity > agent: child-finish-failure
AgentExternalEventNotifier (NotifierID: efee4392-67eb-4a17-87c2-c71816b4e4e0, AgentID: recovery_tester_5489) emitted agent_status. Kwarg keys for emit: agent_id,payload

stdout | tests/integration/standalone-agent-run-root/native-root-termination.integration.test.ts > whole-host termination result is later than actual child-root inactivity > agent: child-finish-failure
AgentExternalEventNotifier (NotifierID: efee4392-67eb-4a17-87c2-c71816b4e4e0, AgentID: recovery_tester_5489) emitted agent_data_assistant_complete_response. Kwarg keys for emit: agent_id,payload

stdout | tests/integration/standalone-agent-run-root/native-root-termination.integration.test.ts > whole-host termination result is later than actual child-root inactivity > agent: child-finish-failure
AgentExternalEventNotifier (NotifierID: efee4392-67eb-4a17-87c2-c71816b4e4e0, AgentID: recovery_tester_5489) emitted agent_turn_completed. Kwarg keys for emit: agent_id,payload

stdout | tests/integration/standalone-agent-run-root/native-root-termination.integration.test.ts > whole-host termination result is later than actual child-root inactivity > agent: child-finish-failure
AgentExternalEventNotifier (NotifierID: efee4392-67eb-4a17-87c2-c71816b4e4e0, AgentID: recovery_tester_5489) emitted agent_status. Kwarg keys for emit: agent_id,payload

stdout | tests/integration/standalone-agent-run-root/native-root-termination.integration.test.ts > whole-host termination result is later than actual child-root inactivity > agent: child-finish-failure
AgentExternalEventNotifier (NotifierID: efee4392-67eb-4a17-87c2-c71816b4e4e0, AgentID: recovery_tester_5489) emitted agent_status. Kwarg keys for emit: agent_id,payload

stdout | tests/integration/standalone-agent-run-root/native-root-termination.integration.test.ts > whole-host termination result is later than actual child-root inactivity > agent: child-finish-failure
AgentExternalEventNotifier (NotifierID: efee4392-67eb-4a17-87c2-c71816b4e4e0, AgentID: recovery_tester_5489) emitted agent_turn_started. Kwarg keys for emit: agent_id,payload

stdout | tests/integration/standalone-agent-run-root/native-root-termination.integration.test.ts > whole-host termination result is later than actual child-root inactivity > agent: child-finish-failure
AgentExternalEventNotifier (NotifierID: efee4392-67eb-4a17-87c2-c71816b4e4e0, AgentID: recovery_tester_5489) emitted agent_status. Kwarg keys for emit: agent_id,payload

stdout | tests/integration/standalone-agent-run-root/native-root-termination.integration.test.ts > whole-host termination result is later than actual child-root inactivity > agent: child-finish-failure
AgentExternalEventNotifier (NotifierID: efee4392-67eb-4a17-87c2-c71816b4e4e0, AgentID: recovery_tester_5489) emitted agent_status. Kwarg keys for emit: agent_id,payload

stdout | tests/integration/standalone-agent-run-root/native-root-termination.integration.test.ts > whole-host termination result is later than actual child-root inactivity > agent: child-finish-failure
AgentExternalEventNotifier (NotifierID: efee4392-67eb-4a17-87c2-c71816b4e4e0, AgentID: recovery_tester_5489) emitted agent_token_usage_updated. Kwarg keys for emit: agent_id,payload
compaction_budget_evaluated {
  agent_id: 'recovery_tester_5489',
  prompt_tokens: 200,
  effective_total_context_tokens: 12000,
  context_derived_input_cap_tokens: 11800,
  provider_input_cap_tokens: null,
  effective_input_cap_tokens: 11800,
  reserved_output_tokens: 200,
  safety_margin_tokens: 10,
  input_budget_tokens: 11790,
  compaction_ratio: 0.5,
  trigger_threshold_tokens: 5895,
  trigger_headroom_tokens: 590,
  quality_retention_cap_tokens: 4126,
  post_compaction_target_tokens: 4126,
  budget_key: '11790:5895:4126:590:4126',
  override_active: false,
  compaction_required: false,
  threshold_episode_decision: 'none'
}

stdout | tests/integration/standalone-agent-run-root/native-root-termination.integration.test.ts > whole-host termination result is later than actual child-root inactivity > agent: child-finish-failure
AgentExternalEventNotifier (NotifierID: efee4392-67eb-4a17-87c2-c71816b4e4e0, AgentID: recovery_tester_5489) emitted agent_status. Kwarg keys for emit: agent_id,payload

stdout | tests/integration/standalone-agent-run-root/native-root-termination.integration.test.ts > whole-host termination result is later than actual child-root inactivity > agent: child-finish-failure
AgentExternalEventNotifier (NotifierID: efee4392-67eb-4a17-87c2-c71816b4e4e0, AgentID: recovery_tester_5489) emitted agent_data_assistant_complete_response. Kwarg keys for emit: agent_id,payload

stdout | tests/integration/standalone-agent-run-root/native-root-termination.integration.test.ts > whole-host termination result is later than actual child-root inactivity > agent: child-finish-failure
AgentExternalEventNotifier (NotifierID: efee4392-67eb-4a17-87c2-c71816b4e4e0, AgentID: recovery_tester_5489) emitted agent_turn_completed. Kwarg keys for emit: agent_id,payload

stdout | tests/integration/standalone-agent-run-root/native-root-termination.integration.test.ts > whole-host termination result is later than actual child-root inactivity > agent: child-finish-failure
AgentExternalEventNotifier (NotifierID: efee4392-67eb-4a17-87c2-c71816b4e4e0, AgentID: recovery_tester_5489) emitted agent_status. Kwarg keys for emit: agent_id,payload

stdout | tests/integration/standalone-agent-run-root/native-root-termination.integration.test.ts > whole-host termination result is later than actual child-root inactivity > agent: child-finish-failure
AgentExternalEventNotifier (NotifierID: efee4392-67eb-4a17-87c2-c71816b4e4e0, AgentID: recovery_tester_5489) emitted agent_status. Kwarg keys for emit: agent_id,payload

stdout | tests/integration/standalone-agent-run-root/native-root-termination.integration.test.ts > whole-host termination result is later than actual child-root inactivity > agent: child-finish-failure
AgentExternalEventNotifier (NotifierID: efee4392-67eb-4a17-87c2-c71816b4e4e0, AgentID: recovery_tester_5489) emitted agent_turn_started. Kwarg keys for emit: agent_id,payload

stdout | tests/integration/standalone-agent-run-root/native-root-termination.integration.test.ts > whole-host termination result is later than actual child-root inactivity > agent: child-finish-failure
AgentExternalEventNotifier (NotifierID: efee4392-67eb-4a17-87c2-c71816b4e4e0, AgentID: recovery_tester_5489) emitted agent_status. Kwarg keys for emit: agent_id,payload

stdout | tests/integration/standalone-agent-run-root/native-root-termination.integration.test.ts > whole-host termination result is later than actual child-root inactivity > agent: child-finish-failure
AgentExternalEventNotifier (NotifierID: efee4392-67eb-4a17-87c2-c71816b4e4e0, AgentID: recovery_tester_5489) emitted agent_status. Kwarg keys for emit: agent_id,payload

stdout | tests/integration/standalone-agent-run-root/native-root-termination.integration.test.ts > whole-host termination result is later than actual child-root inactivity > agent: child-finish-failure
AgentExternalEventNotifier (NotifierID: efee4392-67eb-4a17-87c2-c71816b4e4e0, AgentID: recovery_tester_5489) emitted agent_token_usage_updated. Kwarg keys for emit: agent_id,payload
compaction_budget_evaluated {
  agent_id: 'recovery_tester_5489',
  prompt_tokens: 200,
  effective_total_context_tokens: 12000,
  context_derived_input_cap_tokens: 11800,
  provider_input_cap_tokens: null,
  effective_input_cap_tokens: 11800,
  reserved_output_tokens: 200,
  safety_margin_tokens: 10,
  input_budget_tokens: 11790,
  compaction_ratio: 0.5,
  trigger_threshold_tokens: 5895,
  trigger_headroom_tokens: 590,
  quality_retention_cap_tokens: 4126,
  post_compaction_target_tokens: 4126,
  budget_key: '11790:5895:4126:590:4126',
  override_active: false,
  compaction_required: false,
  threshold_episode_decision: 'none'
}

stdout | tests/integration/standalone-agent-run-root/native-root-termination.integration.test.ts > whole-host termination result is later than actual child-root inactivity > agent: child-finish-failure
AgentExternalEventNotifier (NotifierID: efee4392-67eb-4a17-87c2-c71816b4e4e0, AgentID: recovery_tester_5489) emitted agent_status. Kwarg keys for emit: agent_id,payload

stdout | tests/integration/standalone-agent-run-root/native-root-termination.integration.test.ts > whole-host termination result is later than actual child-root inactivity > agent: child-finish-failure
AgentExternalEventNotifier (NotifierID: efee4392-67eb-4a17-87c2-c71816b4e4e0, AgentID: recovery_tester_5489) emitted agent_data_assistant_complete_response. Kwarg keys for emit: agent_id,payload

stdout | tests/integration/standalone-agent-run-root/native-root-termination.integration.test.ts > whole-host termination result is later than actual child-root inactivity > agent: child-finish-failure
AgentExternalEventNotifier (NotifierID: efee4392-67eb-4a17-87c2-c71816b4e4e0, AgentID: recovery_tester_5489) emitted agent_turn_completed. Kwarg keys for emit: agent_id,payload

stdout | tests/integration/standalone-agent-run-root/native-root-termination.integration.test.ts > whole-host termination result is later than actual child-root inactivity > agent: child-finish-failure
AgentExternalEventNotifier (NotifierID: efee4392-67eb-4a17-87c2-c71816b4e4e0, AgentID: recovery_tester_5489) emitted agent_status. Kwarg keys for emit: agent_id,payload

stdout | tests/integration/standalone-agent-run-root/native-root-termination.integration.test.ts > whole-host termination result is later than actual child-root inactivity > agent: child-finish-failure
AgentExternalEventNotifier (NotifierID: efee4392-67eb-4a17-87c2-c71816b4e4e0, AgentID: recovery_tester_5489) emitted agent_status. Kwarg keys for emit: agent_id,payload

stdout | tests/integration/standalone-agent-run-root/native-root-termination.integration.test.ts > whole-host termination result is later than actual child-root inactivity > agent: child-finish-failure
AgentExternalEventNotifier (NotifierID: efee4392-67eb-4a17-87c2-c71816b4e4e0, AgentID: recovery_tester_5489) emitted agent_turn_started. Kwarg keys for emit: agent_id,payload

stdout | tests/integration/standalone-agent-run-root/native-root-termination.integration.test.ts > whole-host termination result is later than actual child-root inactivity > agent: child-finish-failure
AgentExternalEventNotifier (NotifierID: efee4392-67eb-4a17-87c2-c71816b4e4e0, AgentID: recovery_tester_5489) emitted agent_status. Kwarg keys for emit: agent_id,payload

stdout | tests/integration/standalone-agent-run-root/native-root-termination.integration.test.ts > whole-host termination result is later than actual child-root inactivity > agent: child-finish-failure
AgentExternalEventNotifier (NotifierID: efee4392-67eb-4a17-87c2-c71816b4e4e0, AgentID: recovery_tester_5489) emitted agent_status. Kwarg keys for emit: agent_id,payload

stdout | tests/integration/standalone-agent-run-root/native-root-termination.integration.test.ts > whole-host termination result is later than actual child-root inactivity > agent: child-finish-failure
AgentExternalEventNotifier (NotifierID: efee4392-67eb-4a17-87c2-c71816b4e4e0, AgentID: recovery_tester_5489) emitted agent_status. Kwarg keys for emit: agent_id,payload
compaction_started {
  agent_id: 'recovery_tester_5489',
  turn_id: 'turn_0004',
  compaction_operation_id: 'compaction_operation_muw9dq7r_1',
  requested_turn_id: 'request',
  execution_turn_id: 'turn_0004',
  selected_block_count: 3,
  raw_trace_count: 3,
  phase: 'started'
}
AgentExternalEventNotifier (NotifierID: efee4392-67eb-4a17-87c2-c71816b4e4e0, AgentID: recovery_tester_5489) emitted agent_compaction_status_updated. Kwarg keys for emit: agent_id,payload

stderr | tests/integration/standalone-agent-run-root/native-root-termination.integration.test.ts > whole-host termination result is later than actual child-root inactivity > agent: child-finish-failure
compaction_failed {
  agent_id: 'recovery_tester_5489',
  turn_id: 'turn_0004',
  compaction_operation_id: 'compaction_operation_muw9dq7r_1',
  requested_turn_id: 'request',
  execution_turn_id: 'turn_0004',
  selected_block_count: 3,
  raw_trace_count: 3,
  phase: 'failed',
  error_message: 'Memory compaction failed before dispatch [execution_failure]: controlled recovery'
}

stdout | tests/integration/standalone-agent-run-root/native-root-termination.integration.test.ts > whole-host termination result is later than actual child-root inactivity > agent: child-finish-failure
AgentExternalEventNotifier (NotifierID: efee4392-67eb-4a17-87c2-c71816b4e4e0, AgentID: recovery_tester_5489) emitted agent_compaction_status_updated. Kwarg keys for emit: agent_id,payload

stdout | tests/integration/standalone-agent-run-root/native-root-termination.integration.test.ts > whole-host termination result is later than actual child-root inactivity > agent: child-finish-failure
AgentExternalEventNotifier (NotifierID: efee4392-67eb-4a17-87c2-c71816b4e4e0, AgentID: recovery_tester_5489) emitted agent_error_output_generation. Kwarg keys for emit: agent_id,payload

stdout | tests/integration/standalone-agent-run-root/native-root-termination.integration.test.ts > whole-host termination result is later than actual child-root inactivity > agent: child-finish-failure
AgentExternalEventNotifier (NotifierID: efee4392-67eb-4a17-87c2-c71816b4e4e0, AgentID: recovery_tester_5489) emitted agent_compaction_blocked. Kwarg keys for emit: agent_id,payload
AgentExternalEventNotifier (NotifierID: efee4392-67eb-4a17-87c2-c71816b4e4e0, AgentID: recovery_tester_5489) emitted agent_status. Kwarg keys for emit: agent_id,payload

stdout | tests/integration/standalone-agent-run-root/native-root-termination.integration.test.ts > whole-host termination result is later than actual child-root inactivity > agent: child-finish-failure
Agent 'recovery_tester_5489' requesting runtime interrupt.

stdout | tests/integration/standalone-agent-run-root/native-root-termination.integration.test.ts > whole-host termination result is later than actual child-root inactivity > agent: child-finish-failure
AgentExternalEventNotifier (NotifierID: efee4392-67eb-4a17-87c2-c71816b4e4e0, AgentID: recovery_tester_5489) emitted agent_turn_interrupted. Kwarg keys for emit: agent_id,payload

stdout | tests/integration/standalone-agent-run-root/native-root-termination.integration.test.ts > whole-host termination result is later than actual child-root inactivity > agent: child-finish-failure
AgentExternalEventNotifier (NotifierID: efee4392-67eb-4a17-87c2-c71816b4e4e0, AgentID: recovery_tester_5489) emitted agent_compaction_blocked. Kwarg keys for emit: agent_id,payload
AgentExternalEventNotifier (NotifierID: efee4392-67eb-4a17-87c2-c71816b4e4e0, AgentID: recovery_tester_5489) emitted agent_status. Kwarg keys for emit: agent_id,payload

stdout | tests/integration/standalone-agent-run-root/native-root-termination.integration.test.ts > whole-host termination result is later than actual child-root inactivity > agent: child-finish-failure
Agent 'recovery_tester_5489' requesting runtime interrupt.
AgentExternalEventNotifier (NotifierID: efee4392-67eb-4a17-87c2-c71816b4e4e0, AgentID: recovery_tester_5489) emitted agent_compaction_blocked. Kwarg keys for emit: agent_id,payload
AgentExternalEventNotifier (NotifierID: efee4392-67eb-4a17-87c2-c71816b4e4e0, AgentID: recovery_tester_5489) emitted agent_status. Kwarg keys for emit: agent_id,payload

stdout | tests/integration/standalone-agent-run-root/native-root-termination.integration.test.ts > whole-host termination result is later than actual child-root inactivity > agent: child-finish-failure
Agent 'recovery_tester_5489' requesting runtime to stop (timeout: 2s).

stdout | tests/integration/standalone-agent-run-root/native-root-termination.integration.test.ts > whole-host termination result is later than actual child-root inactivity > agent: child-finish-failure
AgentExternalEventNotifier (NotifierID: efee4392-67eb-4a17-87c2-c71816b4e4e0, AgentID: recovery_tester_5489) emitted agent_status. Kwarg keys for emit: agent_id,payload

stdout | tests/integration/standalone-agent-run-root/native-root-termination.integration.test.ts > whole-host termination result is later than actual child-root inactivity > agent: child-finish-failure
AgentWorker 'recovery_tester_5489': Stop requested.

stdout | tests/integration/standalone-agent-run-root/native-root-termination.integration.test.ts > whole-host termination result is later than actual child-root inactivity > agent: child-finish-failure
AgentExternalEventNotifier (NotifierID: efee4392-67eb-4a17-87c2-c71816b4e4e0, AgentID: recovery_tester_5489) emitted agent_status. Kwarg keys for emit: agent_id,payload

stdout | tests/integration/standalone-agent-run-root/native-root-termination.integration.test.ts > whole-host termination result is later than actual child-root inactivity > agent: child-finish-failure
AgentExternalEventNotifier (NotifierID: efee4392-67eb-4a17-87c2-c71816b4e4e0, AgentID: recovery_tester_5489) emitted agent_compaction_blocked. Kwarg keys for emit: agent_id,payload
AgentExternalEventNotifier (NotifierID: efee4392-67eb-4a17-87c2-c71816b4e4e0, AgentID: recovery_tester_5489) emitted agent_status. Kwarg keys for emit: agent_id,payload
AgentWorker 'recovery_tester_5489' asyncRun() loop has finished.
AgentWorker 'recovery_tester_5489': Running shutdown sequence on worker loop.

stdout | tests/integration/standalone-agent-run-root/native-root-termination.integration.test.ts > whole-host termination result is later than actual child-root inactivity > agent: child-finish-failure
AgentWorker 'recovery_tester_5489': Shutdown resource cleanup completed successfully.
AgentWorker 'recovery_tester_5489': Shutdown sequence completed.

stdout | tests/integration/standalone-agent-run-root/native-root-termination.integration.test.ts > whole-host termination result is later than actual child-root inactivity > agent: child-finish-failure
Unregistered AgentContext for agent_id 'recovery_tester_5489'.
AgentRuntime for 'recovery_tester_5489': Context unregistered.

stdout | tests/integration/standalone-agent-run-root/native-root-termination.integration.test.ts > whole-host termination result is later than actual child-root inactivity > agent: child-finish-failure
AgentRuntime for 'recovery_tester_5489' stop() method completed.

stdout | tests/integration/standalone-agent-run-root/native-root-termination.integration.test.ts > whole-host termination result is later than actual child-root inactivity > agent: child-finish-failure
AgentEventStream (ID: fd93fa9d-ea04-4354-8dfd-8343390ac875) for 'recovery_tester_5489': close() called. Unsubscribing all listeners and signaling.

stdout | tests/integration/standalone-agent-run-root/native-root-termination.integration.test.ts > whole-host termination result is later than actual child-root inactivity > agent: child-finish-failure
AgentEventStream (ID: fd93fa9d-ea04-4354-8dfd-8343390ac875) for 'recovery_tester_5489': close() called. Unsubscribing all listeners and signaling.

stdout | tests/integration/standalone-agent-run-root/native-root-termination.integration.test.ts > whole-host termination result is later than actual child-root inactivity > agent: later-host-failure
AgentRuntimeState initialized for agent_id 'recovery_tester_8556'. Initial status: uninitialized. Workspace linked. AgentEventInbox pending initialization. Output data via notifier.
Agent 'recovery_tester_8556': No tools provided in config.
Agent 'recovery_tester_8556': LLM instance 'Parent' and 0 tools prepared and stored in state.
AgentContext composed for agent_id 'recovery_tester_8556'. Config and State linked.
Instantiating AgentRuntime for agent_id: 'recovery_tester_8556' with config: 'recovery'.
AgentWorker initialized for agent_id 'recovery_tester_8556'.
Registered AgentContext for agent_id 'recovery_tester_8556'. Total registered contexts: 1
AgentRuntime initialized for agent_id 'recovery_tester_8556'. Context registered.
Agent facade initialized for agent_id 'recovery_tester_8556'.
Agent 'recovery_tester_8556' created and stored successfully.
Agent 'recovery_tester_8556' requesting runtime to start.
AgentRuntime for 'recovery_tester_8556': Starting worker.
AgentWorker 'recovery_tester_8556': Starting...
AgentWorker 'recovery_tester_8556' asyncRun(): Starting.
Agent 'recovery_tester_8556': Runtime init completed (event store initialized).
Agent 'recovery_tester_8556': Runtime init completed (status deriver initialized).
Agent 'recovery_tester_8556': Runtime init completed (AgentEventInbox initialized).
Agent 'recovery_tester_8556': Runtime init completed (AgentEventScheduler initialized).

stdout | tests/integration/standalone-agent-run-root/native-root-termination.integration.test.ts > whole-host termination result is later than actual child-root inactivity > agent: later-host-failure
Agent 'recovery_tester_8556': Starting direct runtime bootstrap lifecycle.

stdout | tests/integration/standalone-agent-run-root/native-root-termination.integration.test.ts > whole-host termination result is later than actual child-root inactivity > agent: later-host-failure
AgentExternalEventNotifier (NotifierID: 34ded290-eae8-4fb9-9c1a-8de9a344ed55, AgentID: recovery_tester_8556) emitted agent_status. Kwarg keys for emit: agent_id,payload

stdout | tests/integration/standalone-agent-run-root/native-root-termination.integration.test.ts > whole-host termination result is later than actual child-root inactivity > agent: later-host-failure
Agent 'recovery_tester_8556': Bootstrapper starting direct lifecycle execution.
Agent 'recovery_tester_8556': Running bootstrap step 0 (McpServerPrewarmingStep).
Agent 'recovery_tester_8556': Executing McpServerPrewarmingStep.

stdout | tests/integration/standalone-agent-run-root/native-root-termination.integration.test.ts > whole-host termination result is later than actual child-root inactivity > agent: later-host-failure
Agent 'recovery_tester_8556': Running bootstrap step 1 (SystemPromptProcessingStep).
Agent 'recovery_tester_8556': Executing SystemPromptProcessingStep.
Agent 'recovery_tester_8556': No configured skills. Skipping skill catalog.
Agent 'recovery_tester_8556': Final processed system prompt configured and captured. Trace ID: rt_1791265754918_38c9acc2-7182-4c09-a498-0e3d54da248c. Final length: 28.

stdout | tests/integration/standalone-agent-run-root/native-root-termination.integration.test.ts > whole-host termination result is later than actual child-root inactivity > agent: later-host-failure
Agent 'recovery_tester_8556': Running bootstrap step 2 (WorkingContextSnapshotRestoreStep).

stdout | tests/integration/standalone-agent-run-root/native-root-termination.integration.test.ts > whole-host termination result is later than actual child-root inactivity > agent: later-host-failure
AgentExternalEventNotifier (NotifierID: 34ded290-eae8-4fb9-9c1a-8de9a344ed55, AgentID: recovery_tester_8556) emitted agent_status. Kwarg keys for emit: agent_id,payload

stdout | tests/integration/standalone-agent-run-root/native-root-termination.integration.test.ts > whole-host termination result is later than actual child-root inactivity > agent: later-host-failure
AgentWorker 'recovery_tester_8556' initialized successfully. Entering main event scheduler loop.

stdout | tests/integration/standalone-agent-run-root/native-root-termination.integration.test.ts > whole-host termination result is later than actual child-root inactivity > agent: later-host-failure
AgentEventStream (ID: 915547e9-d3d2-46b2-9cab-f6e0d699a891) initialized for agent_id 'recovery_tester_8556'. Subscribed to notifier.

stdout | tests/integration/standalone-agent-run-root/native-root-termination.integration.test.ts > whole-host termination result is later than actual child-root inactivity > agent: later-host-failure
AgentExternalEventNotifier (NotifierID: 34ded290-eae8-4fb9-9c1a-8de9a344ed55, AgentID: recovery_tester_8556) emitted agent_turn_started. Kwarg keys for emit: agent_id,payload

stdout | tests/integration/standalone-agent-run-root/native-root-termination.integration.test.ts > whole-host termination result is later than actual child-root inactivity > agent: later-host-failure
AgentExternalEventNotifier (NotifierID: 34ded290-eae8-4fb9-9c1a-8de9a344ed55, AgentID: recovery_tester_8556) emitted agent_status. Kwarg keys for emit: agent_id,payload

stdout | tests/integration/standalone-agent-run-root/native-root-termination.integration.test.ts > whole-host termination result is later than actual child-root inactivity > agent: later-host-failure
AgentExternalEventNotifier (NotifierID: 34ded290-eae8-4fb9-9c1a-8de9a344ed55, AgentID: recovery_tester_8556) emitted agent_status. Kwarg keys for emit: agent_id,payload

stdout | tests/integration/standalone-agent-run-root/native-root-termination.integration.test.ts > whole-host termination result is later than actual child-root inactivity > agent: later-host-failure
AgentExternalEventNotifier (NotifierID: 34ded290-eae8-4fb9-9c1a-8de9a344ed55, AgentID: recovery_tester_8556) emitted agent_token_usage_updated. Kwarg keys for emit: agent_id,payload
compaction_budget_evaluated {
  agent_id: 'recovery_tester_8556',
  prompt_tokens: 200,
  effective_total_context_tokens: 12000,
  context_derived_input_cap_tokens: 11800,
  provider_input_cap_tokens: null,
  effective_input_cap_tokens: 11800,
  reserved_output_tokens: 200,
  safety_margin_tokens: 10,
  input_budget_tokens: 11790,
  compaction_ratio: 0.5,
  trigger_threshold_tokens: 5895,
  trigger_headroom_tokens: 590,
  quality_retention_cap_tokens: 4126,
  post_compaction_target_tokens: 4126,
  budget_key: '11790:5895:4126:590:4126',
  override_active: false,
  compaction_required: false,
  threshold_episode_decision: 'none'
}

stdout | tests/integration/standalone-agent-run-root/native-root-termination.integration.test.ts > whole-host termination result is later than actual child-root inactivity > agent: later-host-failure
AgentExternalEventNotifier (NotifierID: 34ded290-eae8-4fb9-9c1a-8de9a344ed55, AgentID: recovery_tester_8556) emitted agent_status. Kwarg keys for emit: agent_id,payload

stdout | tests/integration/standalone-agent-run-root/native-root-termination.integration.test.ts > whole-host termination result is later than actual child-root inactivity > agent: later-host-failure
AgentExternalEventNotifier (NotifierID: 34ded290-eae8-4fb9-9c1a-8de9a344ed55, AgentID: recovery_tester_8556) emitted agent_data_assistant_complete_response. Kwarg keys for emit: agent_id,payload

stdout | tests/integration/standalone-agent-run-root/native-root-termination.integration.test.ts > whole-host termination result is later than actual child-root inactivity > agent: later-host-failure
AgentExternalEventNotifier (NotifierID: 34ded290-eae8-4fb9-9c1a-8de9a344ed55, AgentID: recovery_tester_8556) emitted agent_turn_completed. Kwarg keys for emit: agent_id,payload

stdout | tests/integration/standalone-agent-run-root/native-root-termination.integration.test.ts > whole-host termination result is later than actual child-root inactivity > agent: later-host-failure
AgentExternalEventNotifier (NotifierID: 34ded290-eae8-4fb9-9c1a-8de9a344ed55, AgentID: recovery_tester_8556) emitted agent_status. Kwarg keys for emit: agent_id,payload

stdout | tests/integration/standalone-agent-run-root/native-root-termination.integration.test.ts > whole-host termination result is later than actual child-root inactivity > agent: later-host-failure
AgentExternalEventNotifier (NotifierID: 34ded290-eae8-4fb9-9c1a-8de9a344ed55, AgentID: recovery_tester_8556) emitted agent_status. Kwarg keys for emit: agent_id,payload

stdout | tests/integration/standalone-agent-run-root/native-root-termination.integration.test.ts > whole-host termination result is later than actual child-root inactivity > agent: later-host-failure
AgentExternalEventNotifier (NotifierID: 34ded290-eae8-4fb9-9c1a-8de9a344ed55, AgentID: recovery_tester_8556) emitted agent_turn_started. Kwarg keys for emit: agent_id,payload

stdout | tests/integration/standalone-agent-run-root/native-root-termination.integration.test.ts > whole-host termination result is later than actual child-root inactivity > agent: later-host-failure
AgentExternalEventNotifier (NotifierID: 34ded290-eae8-4fb9-9c1a-8de9a344ed55, AgentID: recovery_tester_8556) emitted agent_status. Kwarg keys for emit: agent_id,payload

stdout | tests/integration/standalone-agent-run-root/native-root-termination.integration.test.ts > whole-host termination result is later than actual child-root inactivity > agent: later-host-failure
AgentExternalEventNotifier (NotifierID: 34ded290-eae8-4fb9-9c1a-8de9a344ed55, AgentID: recovery_tester_8556) emitted agent_status. Kwarg keys for emit: agent_id,payload

stdout | tests/integration/standalone-agent-run-root/native-root-termination.integration.test.ts > whole-host termination result is later than actual child-root inactivity > agent: later-host-failure
AgentExternalEventNotifier (NotifierID: 34ded290-eae8-4fb9-9c1a-8de9a344ed55, AgentID: recovery_tester_8556) emitted agent_token_usage_updated. Kwarg keys for emit: agent_id,payload
compaction_budget_evaluated {
  agent_id: 'recovery_tester_8556',
  prompt_tokens: 200,
  effective_total_context_tokens: 12000,
  context_derived_input_cap_tokens: 11800,
  provider_input_cap_tokens: null,
  effective_input_cap_tokens: 11800,
  reserved_output_tokens: 200,
  safety_margin_tokens: 10,
  input_budget_tokens: 11790,
  compaction_ratio: 0.5,
  trigger_threshold_tokens: 5895,
  trigger_headroom_tokens: 590,
  quality_retention_cap_tokens: 4126,
  post_compaction_target_tokens: 4126,
  budget_key: '11790:5895:4126:590:4126',
  override_active: false,
  compaction_required: false,
  threshold_episode_decision: 'none'
}

stdout | tests/integration/standalone-agent-run-root/native-root-termination.integration.test.ts > whole-host termination result is later than actual child-root inactivity > agent: later-host-failure
AgentExternalEventNotifier (NotifierID: 34ded290-eae8-4fb9-9c1a-8de9a344ed55, AgentID: recovery_tester_8556) emitted agent_status. Kwarg keys for emit: agent_id,payload

stdout | tests/integration/standalone-agent-run-root/native-root-termination.integration.test.ts > whole-host termination result is later than actual child-root inactivity > agent: later-host-failure
AgentExternalEventNotifier (NotifierID: 34ded290-eae8-4fb9-9c1a-8de9a344ed55, AgentID: recovery_tester_8556) emitted agent_data_assistant_complete_response. Kwarg keys for emit: agent_id,payload

stdout | tests/integration/standalone-agent-run-root/native-root-termination.integration.test.ts > whole-host termination result is later than actual child-root inactivity > agent: later-host-failure
AgentExternalEventNotifier (NotifierID: 34ded290-eae8-4fb9-9c1a-8de9a344ed55, AgentID: recovery_tester_8556) emitted agent_turn_completed. Kwarg keys for emit: agent_id,payload

stdout | tests/integration/standalone-agent-run-root/native-root-termination.integration.test.ts > whole-host termination result is later than actual child-root inactivity > agent: later-host-failure
AgentExternalEventNotifier (NotifierID: 34ded290-eae8-4fb9-9c1a-8de9a344ed55, AgentID: recovery_tester_8556) emitted agent_status. Kwarg keys for emit: agent_id,payload

stdout | tests/integration/standalone-agent-run-root/native-root-termination.integration.test.ts > whole-host termination result is later than actual child-root inactivity > agent: later-host-failure
AgentExternalEventNotifier (NotifierID: 34ded290-eae8-4fb9-9c1a-8de9a344ed55, AgentID: recovery_tester_8556) emitted agent_status. Kwarg keys for emit: agent_id,payload

stdout | tests/integration/standalone-agent-run-root/native-root-termination.integration.test.ts > whole-host termination result is later than actual child-root inactivity > agent: later-host-failure
AgentExternalEventNotifier (NotifierID: 34ded290-eae8-4fb9-9c1a-8de9a344ed55, AgentID: recovery_tester_8556) emitted agent_turn_started. Kwarg keys for emit: agent_id,payload

stdout | tests/integration/standalone-agent-run-root/native-root-termination.integration.test.ts > whole-host termination result is later than actual child-root inactivity > agent: later-host-failure
AgentExternalEventNotifier (NotifierID: 34ded290-eae8-4fb9-9c1a-8de9a344ed55, AgentID: recovery_tester_8556) emitted agent_status. Kwarg keys for emit: agent_id,payload

stdout | tests/integration/standalone-agent-run-root/native-root-termination.integration.test.ts > whole-host termination result is later than actual child-root inactivity > agent: later-host-failure
AgentExternalEventNotifier (NotifierID: 34ded290-eae8-4fb9-9c1a-8de9a344ed55, AgentID: recovery_tester_8556) emitted agent_status. Kwarg keys for emit: agent_id,payload

stdout | tests/integration/standalone-agent-run-root/native-root-termination.integration.test.ts > whole-host termination result is later than actual child-root inactivity > agent: later-host-failure
AgentExternalEventNotifier (NotifierID: 34ded290-eae8-4fb9-9c1a-8de9a344ed55, AgentID: recovery_tester_8556) emitted agent_token_usage_updated. Kwarg keys for emit: agent_id,payload
compaction_budget_evaluated {
  agent_id: 'recovery_tester_8556',
  prompt_tokens: 200,
  effective_total_context_tokens: 12000,
  context_derived_input_cap_tokens: 11800,
  provider_input_cap_tokens: null,
  effective_input_cap_tokens: 11800,
  reserved_output_tokens: 200,
  safety_margin_tokens: 10,
  input_budget_tokens: 11790,
  compaction_ratio: 0.5,
  trigger_threshold_tokens: 5895,
  trigger_headroom_tokens: 590,
  quality_retention_cap_tokens: 4126,
  post_compaction_target_tokens: 4126,
  budget_key: '11790:5895:4126:590:4126',
  override_active: false,
  compaction_required: false,
  threshold_episode_decision: 'none'
}

stdout | tests/integration/standalone-agent-run-root/native-root-termination.integration.test.ts > whole-host termination result is later than actual child-root inactivity > agent: later-host-failure
AgentExternalEventNotifier (NotifierID: 34ded290-eae8-4fb9-9c1a-8de9a344ed55, AgentID: recovery_tester_8556) emitted agent_status. Kwarg keys for emit: agent_id,payload

stdout | tests/integration/standalone-agent-run-root/native-root-termination.integration.test.ts > whole-host termination result is later than actual child-root inactivity > agent: later-host-failure
AgentExternalEventNotifier (NotifierID: 34ded290-eae8-4fb9-9c1a-8de9a344ed55, AgentID: recovery_tester_8556) emitted agent_data_assistant_complete_response. Kwarg keys for emit: agent_id,payload

stdout | tests/integration/standalone-agent-run-root/native-root-termination.integration.test.ts > whole-host termination result is later than actual child-root inactivity > agent: later-host-failure
AgentExternalEventNotifier (NotifierID: 34ded290-eae8-4fb9-9c1a-8de9a344ed55, AgentID: recovery_tester_8556) emitted agent_turn_completed. Kwarg keys for emit: agent_id,payload

stdout | tests/integration/standalone-agent-run-root/native-root-termination.integration.test.ts > whole-host termination result is later than actual child-root inactivity > agent: later-host-failure
AgentExternalEventNotifier (NotifierID: 34ded290-eae8-4fb9-9c1a-8de9a344ed55, AgentID: recovery_tester_8556) emitted agent_status. Kwarg keys for emit: agent_id,payload

stdout | tests/integration/standalone-agent-run-root/native-root-termination.integration.test.ts > whole-host termination result is later than actual child-root inactivity > agent: later-host-failure
AgentExternalEventNotifier (NotifierID: 34ded290-eae8-4fb9-9c1a-8de9a344ed55, AgentID: recovery_tester_8556) emitted agent_status. Kwarg keys for emit: agent_id,payload

stdout | tests/integration/standalone-agent-run-root/native-root-termination.integration.test.ts > whole-host termination result is later than actual child-root inactivity > agent: later-host-failure
AgentExternalEventNotifier (NotifierID: 34ded290-eae8-4fb9-9c1a-8de9a344ed55, AgentID: recovery_tester_8556) emitted agent_turn_started. Kwarg keys for emit: agent_id,payload

stdout | tests/integration/standalone-agent-run-root/native-root-termination.integration.test.ts > whole-host termination result is later than actual child-root inactivity > agent: later-host-failure
AgentExternalEventNotifier (NotifierID: 34ded290-eae8-4fb9-9c1a-8de9a344ed55, AgentID: recovery_tester_8556) emitted agent_status. Kwarg keys for emit: agent_id,payload

stdout | tests/integration/standalone-agent-run-root/native-root-termination.integration.test.ts > whole-host termination result is later than actual child-root inactivity > agent: later-host-failure
AgentExternalEventNotifier (NotifierID: 34ded290-eae8-4fb9-9c1a-8de9a344ed55, AgentID: recovery_tester_8556) emitted agent_status. Kwarg keys for emit: agent_id,payload

stdout | tests/integration/standalone-agent-run-root/native-root-termination.integration.test.ts > whole-host termination result is later than actual child-root inactivity > agent: later-host-failure
AgentExternalEventNotifier (NotifierID: 34ded290-eae8-4fb9-9c1a-8de9a344ed55, AgentID: recovery_tester_8556) emitted agent_status. Kwarg keys for emit: agent_id,payload
compaction_started {
  agent_id: 'recovery_tester_8556',
  turn_id: 'turn_0004',
  compaction_operation_id: 'compaction_operation_muw9dqbo_1',
  requested_turn_id: 'request',
  execution_turn_id: 'turn_0004',
  selected_block_count: 3,
  raw_trace_count: 3,
  phase: 'started'
}
AgentExternalEventNotifier (NotifierID: 34ded290-eae8-4fb9-9c1a-8de9a344ed55, AgentID: recovery_tester_8556) emitted agent_compaction_status_updated. Kwarg keys for emit: agent_id,payload

stderr | tests/integration/standalone-agent-run-root/native-root-termination.integration.test.ts > whole-host termination result is later than actual child-root inactivity > agent: later-host-failure
compaction_failed {
  agent_id: 'recovery_tester_8556',
  turn_id: 'turn_0004',
  compaction_operation_id: 'compaction_operation_muw9dqbo_1',
  requested_turn_id: 'request',
  execution_turn_id: 'turn_0004',
  selected_block_count: 3,
  raw_trace_count: 3,
  phase: 'failed',
  error_message: 'Memory compaction failed before dispatch [execution_failure]: controlled recovery'
}

stdout | tests/integration/standalone-agent-run-root/native-root-termination.integration.test.ts > whole-host termination result is later than actual child-root inactivity > agent: later-host-failure
AgentExternalEventNotifier (NotifierID: 34ded290-eae8-4fb9-9c1a-8de9a344ed55, AgentID: recovery_tester_8556) emitted agent_compaction_status_updated. Kwarg keys for emit: agent_id,payload

stdout | tests/integration/standalone-agent-run-root/native-root-termination.integration.test.ts > whole-host termination result is later than actual child-root inactivity > agent: later-host-failure
AgentExternalEventNotifier (NotifierID: 34ded290-eae8-4fb9-9c1a-8de9a344ed55, AgentID: recovery_tester_8556) emitted agent_error_output_generation. Kwarg keys for emit: agent_id,payload

stdout | tests/integration/standalone-agent-run-root/native-root-termination.integration.test.ts > whole-host termination result is later than actual child-root inactivity > agent: later-host-failure
AgentExternalEventNotifier (NotifierID: 34ded290-eae8-4fb9-9c1a-8de9a344ed55, AgentID: recovery_tester_8556) emitted agent_compaction_blocked. Kwarg keys for emit: agent_id,payload
AgentExternalEventNotifier (NotifierID: 34ded290-eae8-4fb9-9c1a-8de9a344ed55, AgentID: recovery_tester_8556) emitted agent_status. Kwarg keys for emit: agent_id,payload

stdout | tests/integration/standalone-agent-run-root/native-root-termination.integration.test.ts > whole-host termination result is later than actual child-root inactivity > agent: later-host-failure
Agent 'recovery_tester_8556' requesting runtime interrupt.

stdout | tests/integration/standalone-agent-run-root/native-root-termination.integration.test.ts > whole-host termination result is later than actual child-root inactivity > agent: later-host-failure
AgentExternalEventNotifier (NotifierID: 34ded290-eae8-4fb9-9c1a-8de9a344ed55, AgentID: recovery_tester_8556) emitted agent_turn_interrupted. Kwarg keys for emit: agent_id,payload

stdout | tests/integration/standalone-agent-run-root/native-root-termination.integration.test.ts > whole-host termination result is later than actual child-root inactivity > agent: later-host-failure
AgentExternalEventNotifier (NotifierID: 34ded290-eae8-4fb9-9c1a-8de9a344ed55, AgentID: recovery_tester_8556) emitted agent_compaction_blocked. Kwarg keys for emit: agent_id,payload
AgentExternalEventNotifier (NotifierID: 34ded290-eae8-4fb9-9c1a-8de9a344ed55, AgentID: recovery_tester_8556) emitted agent_status. Kwarg keys for emit: agent_id,payload

stdout | tests/integration/standalone-agent-run-root/native-root-termination.integration.test.ts > whole-host termination result is later than actual child-root inactivity > agent: later-host-failure
Agent 'recovery_tester_8556' requesting runtime interrupt.
AgentExternalEventNotifier (NotifierID: 34ded290-eae8-4fb9-9c1a-8de9a344ed55, AgentID: recovery_tester_8556) emitted agent_compaction_blocked. Kwarg keys for emit: agent_id,payload
AgentExternalEventNotifier (NotifierID: 34ded290-eae8-4fb9-9c1a-8de9a344ed55, AgentID: recovery_tester_8556) emitted agent_status. Kwarg keys for emit: agent_id,payload

stdout | tests/integration/standalone-agent-run-root/native-root-termination.integration.test.ts > whole-host termination result is later than actual child-root inactivity > agent: later-host-failure
Agent 'recovery_tester_8556' requesting runtime to stop (timeout: 2s).

stdout | tests/integration/standalone-agent-run-root/native-root-termination.integration.test.ts > whole-host termination result is later than actual child-root inactivity > agent: later-host-failure
AgentExternalEventNotifier (NotifierID: 34ded290-eae8-4fb9-9c1a-8de9a344ed55, AgentID: recovery_tester_8556) emitted agent_status. Kwarg keys for emit: agent_id,payload

stdout | tests/integration/standalone-agent-run-root/native-root-termination.integration.test.ts > whole-host termination result is later than actual child-root inactivity > agent: later-host-failure
AgentWorker 'recovery_tester_8556': Stop requested.

stdout | tests/integration/standalone-agent-run-root/native-root-termination.integration.test.ts > whole-host termination result is later than actual child-root inactivity > agent: later-host-failure
AgentExternalEventNotifier (NotifierID: 34ded290-eae8-4fb9-9c1a-8de9a344ed55, AgentID: recovery_tester_8556) emitted agent_status. Kwarg keys for emit: agent_id,payload

stdout | tests/integration/standalone-agent-run-root/native-root-termination.integration.test.ts > whole-host termination result is later than actual child-root inactivity > agent: later-host-failure
AgentExternalEventNotifier (NotifierID: 34ded290-eae8-4fb9-9c1a-8de9a344ed55, AgentID: recovery_tester_8556) emitted agent_compaction_blocked. Kwarg keys for emit: agent_id,payload
AgentExternalEventNotifier (NotifierID: 34ded290-eae8-4fb9-9c1a-8de9a344ed55, AgentID: recovery_tester_8556) emitted agent_status. Kwarg keys for emit: agent_id,payload
AgentWorker 'recovery_tester_8556' asyncRun() loop has finished.
AgentWorker 'recovery_tester_8556': Running shutdown sequence on worker loop.

stdout | tests/integration/standalone-agent-run-root/native-root-termination.integration.test.ts > whole-host termination result is later than actual child-root inactivity > agent: later-host-failure
AgentWorker 'recovery_tester_8556': Shutdown resource cleanup completed successfully.
AgentWorker 'recovery_tester_8556': Shutdown sequence completed.

stdout | tests/integration/standalone-agent-run-root/native-root-termination.integration.test.ts > whole-host termination result is later than actual child-root inactivity > agent: later-host-failure
Unregistered AgentContext for agent_id 'recovery_tester_8556'.
AgentRuntime for 'recovery_tester_8556': Context unregistered.

stdout | tests/integration/standalone-agent-run-root/native-root-termination.integration.test.ts > whole-host termination result is later than actual child-root inactivity > agent: later-host-failure
AgentRuntime for 'recovery_tester_8556' stop() method completed.

stdout | tests/integration/standalone-agent-run-root/native-root-termination.integration.test.ts > whole-host termination result is later than actual child-root inactivity > agent: later-host-failure
AgentEventStream (ID: 915547e9-d3d2-46b2-9cab-f6e0d699a891) for 'recovery_tester_8556': close() called. Unsubscribing all listeners and signaling.

stdout | tests/integration/standalone-agent-run-root/native-root-termination.integration.test.ts > whole-host termination result is later than actual child-root inactivity > agent: later-host-failure
AgentEventStream (ID: 915547e9-d3d2-46b2-9cab-f6e0d699a891) for 'recovery_tester_8556': close() called. Unsubscribing all listeners and signaling.

stdout | tests/integration/standalone-agent-run-root/native-root-termination.integration.test.ts > whole-host termination result is later than actual child-root inactivity > agent_team: success
AgentRuntimeState initialized for agent_id 'recovery_tester_1895'. Initial status: uninitialized. Workspace linked. AgentEventInbox pending initialization. Output data via notifier.
Agent 'recovery_tester_1895': No tools provided in config.
Agent 'recovery_tester_1895': LLM instance 'Parent' and 0 tools prepared and stored in state.
AgentContext composed for agent_id 'recovery_tester_1895'. Config and State linked.
Instantiating AgentRuntime for agent_id: 'recovery_tester_1895' with config: 'recovery'.
AgentWorker initialized for agent_id 'recovery_tester_1895'.
Registered AgentContext for agent_id 'recovery_tester_1895'. Total registered contexts: 1
AgentRuntime initialized for agent_id 'recovery_tester_1895'. Context registered.
Agent facade initialized for agent_id 'recovery_tester_1895'.
Agent 'recovery_tester_1895' created and stored successfully.
Agent 'recovery_tester_1895' requesting runtime to start.
AgentRuntime for 'recovery_tester_1895': Starting worker.
AgentWorker 'recovery_tester_1895': Starting...
AgentWorker 'recovery_tester_1895' asyncRun(): Starting.
Agent 'recovery_tester_1895': Runtime init completed (event store initialized).
Agent 'recovery_tester_1895': Runtime init completed (status deriver initialized).
Agent 'recovery_tester_1895': Runtime init completed (AgentEventInbox initialized).
Agent 'recovery_tester_1895': Runtime init completed (AgentEventScheduler initialized).

stdout | tests/integration/standalone-agent-run-root/native-root-termination.integration.test.ts > whole-host termination result is later than actual child-root inactivity > agent_team: success
Agent 'recovery_tester_1895': Starting direct runtime bootstrap lifecycle.

stdout | tests/integration/standalone-agent-run-root/native-root-termination.integration.test.ts > whole-host termination result is later than actual child-root inactivity > agent_team: success
AgentExternalEventNotifier (NotifierID: a9e46390-2547-469d-bfa3-10bba59e5d30, AgentID: recovery_tester_1895) emitted agent_status. Kwarg keys for emit: agent_id,payload

stdout | tests/integration/standalone-agent-run-root/native-root-termination.integration.test.ts > whole-host termination result is later than actual child-root inactivity > agent_team: success
Agent 'recovery_tester_1895': Bootstrapper starting direct lifecycle execution.
Agent 'recovery_tester_1895': Running bootstrap step 0 (McpServerPrewarmingStep).
Agent 'recovery_tester_1895': Executing McpServerPrewarmingStep.

stdout | tests/integration/standalone-agent-run-root/native-root-termination.integration.test.ts > whole-host termination result is later than actual child-root inactivity > agent_team: success
Agent 'recovery_tester_1895': Running bootstrap step 1 (SystemPromptProcessingStep).
Agent 'recovery_tester_1895': Executing SystemPromptProcessingStep.
Agent 'recovery_tester_1895': No configured skills. Skipping skill catalog.
Agent 'recovery_tester_1895': Final processed system prompt configured and captured. Trace ID: rt_1791265755056_43773c49-de04-4a82-88a9-16bf26492efd. Final length: 28.

stdout | tests/integration/standalone-agent-run-root/native-root-termination.integration.test.ts > whole-host termination result is later than actual child-root inactivity > agent_team: success
Agent 'recovery_tester_1895': Running bootstrap step 2 (WorkingContextSnapshotRestoreStep).

stdout | tests/integration/standalone-agent-run-root/native-root-termination.integration.test.ts > whole-host termination result is later than actual child-root inactivity > agent_team: success
AgentExternalEventNotifier (NotifierID: a9e46390-2547-469d-bfa3-10bba59e5d30, AgentID: recovery_tester_1895) emitted agent_status. Kwarg keys for emit: agent_id,payload

stdout | tests/integration/standalone-agent-run-root/native-root-termination.integration.test.ts > whole-host termination result is later than actual child-root inactivity > agent_team: success
AgentWorker 'recovery_tester_1895' initialized successfully. Entering main event scheduler loop.

stdout | tests/integration/standalone-agent-run-root/native-root-termination.integration.test.ts > whole-host termination result is later than actual child-root inactivity > agent_team: success
AgentEventStream (ID: 5e90aa23-f484-47a5-a818-9ce6fe4ec301) initialized for agent_id 'recovery_tester_1895'. Subscribed to notifier.

stdout | tests/integration/standalone-agent-run-root/native-root-termination.integration.test.ts > whole-host termination result is later than actual child-root inactivity > agent_team: success
AgentExternalEventNotifier (NotifierID: a9e46390-2547-469d-bfa3-10bba59e5d30, AgentID: recovery_tester_1895) emitted agent_turn_started. Kwarg keys for emit: agent_id,payload

stdout | tests/integration/standalone-agent-run-root/native-root-termination.integration.test.ts > whole-host termination result is later than actual child-root inactivity > agent_team: success
AgentExternalEventNotifier (NotifierID: a9e46390-2547-469d-bfa3-10bba59e5d30, AgentID: recovery_tester_1895) emitted agent_status. Kwarg keys for emit: agent_id,payload

stdout | tests/integration/standalone-agent-run-root/native-root-termination.integration.test.ts > whole-host termination result is later than actual child-root inactivity > agent_team: success
AgentExternalEventNotifier (NotifierID: a9e46390-2547-469d-bfa3-10bba59e5d30, AgentID: recovery_tester_1895) emitted agent_status. Kwarg keys for emit: agent_id,payload

stdout | tests/integration/standalone-agent-run-root/native-root-termination.integration.test.ts > whole-host termination result is later than actual child-root inactivity > agent_team: success
AgentExternalEventNotifier (NotifierID: a9e46390-2547-469d-bfa3-10bba59e5d30, AgentID: recovery_tester_1895) emitted agent_token_usage_updated. Kwarg keys for emit: agent_id,payload
compaction_budget_evaluated {
  agent_id: 'recovery_tester_1895',
  prompt_tokens: 200,
  effective_total_context_tokens: 12000,
  context_derived_input_cap_tokens: 11800,
  provider_input_cap_tokens: null,
  effective_input_cap_tokens: 11800,
  reserved_output_tokens: 200,
  safety_margin_tokens: 10,
  input_budget_tokens: 11790,
  compaction_ratio: 0.5,
  trigger_threshold_tokens: 5895,
  trigger_headroom_tokens: 590,
  quality_retention_cap_tokens: 4126,
  post_compaction_target_tokens: 4126,
  budget_key: '11790:5895:4126:590:4126',
  override_active: false,
  compaction_required: false,
  threshold_episode_decision: 'none'
}

stdout | tests/integration/standalone-agent-run-root/native-root-termination.integration.test.ts > whole-host termination result is later than actual child-root inactivity > agent_team: success
AgentExternalEventNotifier (NotifierID: a9e46390-2547-469d-bfa3-10bba59e5d30, AgentID: recovery_tester_1895) emitted agent_status. Kwarg keys for emit: agent_id,payload

stdout | tests/integration/standalone-agent-run-root/native-root-termination.integration.test.ts > whole-host termination result is later than actual child-root inactivity > agent_team: success
AgentExternalEventNotifier (NotifierID: a9e46390-2547-469d-bfa3-10bba59e5d30, AgentID: recovery_tester_1895) emitted agent_data_assistant_complete_response. Kwarg keys for emit: agent_id,payload

stdout | tests/integration/standalone-agent-run-root/native-root-termination.integration.test.ts > whole-host termination result is later than actual child-root inactivity > agent_team: success
AgentExternalEventNotifier (NotifierID: a9e46390-2547-469d-bfa3-10bba59e5d30, AgentID: recovery_tester_1895) emitted agent_turn_completed. Kwarg keys for emit: agent_id,payload

stdout | tests/integration/standalone-agent-run-root/native-root-termination.integration.test.ts > whole-host termination result is later than actual child-root inactivity > agent_team: success
AgentExternalEventNotifier (NotifierID: a9e46390-2547-469d-bfa3-10bba59e5d30, AgentID: recovery_tester_1895) emitted agent_status. Kwarg keys for emit: agent_id,payload

stdout | tests/integration/standalone-agent-run-root/native-root-termination.integration.test.ts > whole-host termination result is later than actual child-root inactivity > agent_team: success
AgentExternalEventNotifier (NotifierID: a9e46390-2547-469d-bfa3-10bba59e5d30, AgentID: recovery_tester_1895) emitted agent_status. Kwarg keys for emit: agent_id,payload

stdout | tests/integration/standalone-agent-run-root/native-root-termination.integration.test.ts > whole-host termination result is later than actual child-root inactivity > agent_team: success
AgentExternalEventNotifier (NotifierID: a9e46390-2547-469d-bfa3-10bba59e5d30, AgentID: recovery_tester_1895) emitted agent_turn_started. Kwarg keys for emit: agent_id,payload

stdout | tests/integration/standalone-agent-run-root/native-root-termination.integration.test.ts > whole-host termination result is later than actual child-root inactivity > agent_team: success
AgentExternalEventNotifier (NotifierID: a9e46390-2547-469d-bfa3-10bba59e5d30, AgentID: recovery_tester_1895) emitted agent_status. Kwarg keys for emit: agent_id,payload

stdout | tests/integration/standalone-agent-run-root/native-root-termination.integration.test.ts > whole-host termination result is later than actual child-root inactivity > agent_team: success
AgentExternalEventNotifier (NotifierID: a9e46390-2547-469d-bfa3-10bba59e5d30, AgentID: recovery_tester_1895) emitted agent_status. Kwarg keys for emit: agent_id,payload

stdout | tests/integration/standalone-agent-run-root/native-root-termination.integration.test.ts > whole-host termination result is later than actual child-root inactivity > agent_team: success
AgentExternalEventNotifier (NotifierID: a9e46390-2547-469d-bfa3-10bba59e5d30, AgentID: recovery_tester_1895) emitted agent_token_usage_updated. Kwarg keys for emit: agent_id,payload
compaction_budget_evaluated {
  agent_id: 'recovery_tester_1895',
  prompt_tokens: 200,
  effective_total_context_tokens: 12000,
  context_derived_input_cap_tokens: 11800,
  provider_input_cap_tokens: null,
  effective_input_cap_tokens: 11800,
  reserved_output_tokens: 200,
  safety_margin_tokens: 10,
  input_budget_tokens: 11790,
  compaction_ratio: 0.5,
  trigger_threshold_tokens: 5895,
  trigger_headroom_tokens: 590,
  quality_retention_cap_tokens: 4126,
  post_compaction_target_tokens: 4126,
  budget_key: '11790:5895:4126:590:4126',
  override_active: false,
  compaction_required: false,
  threshold_episode_decision: 'none'
}

stdout | tests/integration/standalone-agent-run-root/native-root-termination.integration.test.ts > whole-host termination result is later than actual child-root inactivity > agent_team: success
AgentExternalEventNotifier (NotifierID: a9e46390-2547-469d-bfa3-10bba59e5d30, AgentID: recovery_tester_1895) emitted agent_status. Kwarg keys for emit: agent_id,payload

stdout | tests/integration/standalone-agent-run-root/native-root-termination.integration.test.ts > whole-host termination result is later than actual child-root inactivity > agent_team: success
AgentExternalEventNotifier (NotifierID: a9e46390-2547-469d-bfa3-10bba59e5d30, AgentID: recovery_tester_1895) emitted agent_data_assistant_complete_response. Kwarg keys for emit: agent_id,payload

stdout | tests/integration/standalone-agent-run-root/native-root-termination.integration.test.ts > whole-host termination result is later than actual child-root inactivity > agent_team: success
AgentExternalEventNotifier (NotifierID: a9e46390-2547-469d-bfa3-10bba59e5d30, AgentID: recovery_tester_1895) emitted agent_turn_completed. Kwarg keys for emit: agent_id,payload

stdout | tests/integration/standalone-agent-run-root/native-root-termination.integration.test.ts > whole-host termination result is later than actual child-root inactivity > agent_team: success
AgentExternalEventNotifier (NotifierID: a9e46390-2547-469d-bfa3-10bba59e5d30, AgentID: recovery_tester_1895) emitted agent_status. Kwarg keys for emit: agent_id,payload

stdout | tests/integration/standalone-agent-run-root/native-root-termination.integration.test.ts > whole-host termination result is later than actual child-root inactivity > agent_team: success
AgentExternalEventNotifier (NotifierID: a9e46390-2547-469d-bfa3-10bba59e5d30, AgentID: recovery_tester_1895) emitted agent_status. Kwarg keys for emit: agent_id,payload

stdout | tests/integration/standalone-agent-run-root/native-root-termination.integration.test.ts > whole-host termination result is later than actual child-root inactivity > agent_team: success
AgentExternalEventNotifier (NotifierID: a9e46390-2547-469d-bfa3-10bba59e5d30, AgentID: recovery_tester_1895) emitted agent_turn_started. Kwarg keys for emit: agent_id,payload

stdout | tests/integration/standalone-agent-run-root/native-root-termination.integration.test.ts > whole-host termination result is later than actual child-root inactivity > agent_team: success
AgentExternalEventNotifier (NotifierID: a9e46390-2547-469d-bfa3-10bba59e5d30, AgentID: recovery_tester_1895) emitted agent_status. Kwarg keys for emit: agent_id,payload

stdout | tests/integration/standalone-agent-run-root/native-root-termination.integration.test.ts > whole-host termination result is later than actual child-root inactivity > agent_team: success
AgentExternalEventNotifier (NotifierID: a9e46390-2547-469d-bfa3-10bba59e5d30, AgentID: recovery_tester_1895) emitted agent_status. Kwarg keys for emit: agent_id,payload

stdout | tests/integration/standalone-agent-run-root/native-root-termination.integration.test.ts > whole-host termination result is later than actual child-root inactivity > agent_team: success
AgentExternalEventNotifier (NotifierID: a9e46390-2547-469d-bfa3-10bba59e5d30, AgentID: recovery_tester_1895) emitted agent_token_usage_updated. Kwarg keys for emit: agent_id,payload
compaction_budget_evaluated {
  agent_id: 'recovery_tester_1895',
  prompt_tokens: 200,
  effective_total_context_tokens: 12000,
  context_derived_input_cap_tokens: 11800,
  provider_input_cap_tokens: null,
  effective_input_cap_tokens: 11800,
  reserved_output_tokens: 200,
  safety_margin_tokens: 10,
  input_budget_tokens: 11790,
  compaction_ratio: 0.5,
  trigger_threshold_tokens: 5895,
  trigger_headroom_tokens: 590,
  quality_retention_cap_tokens: 4126,
  post_compaction_target_tokens: 4126,
  budget_key: '11790:5895:4126:590:4126',
  override_active: false,
  compaction_required: false,
  threshold_episode_decision: 'none'
}

stdout | tests/integration/standalone-agent-run-root/native-root-termination.integration.test.ts > whole-host termination result is later than actual child-root inactivity > agent_team: success
AgentExternalEventNotifier (NotifierID: a9e46390-2547-469d-bfa3-10bba59e5d30, AgentID: recovery_tester_1895) emitted agent_status. Kwarg keys for emit: agent_id,payload

stdout | tests/integration/standalone-agent-run-root/native-root-termination.integration.test.ts > whole-host termination result is later than actual child-root inactivity > agent_team: success
AgentExternalEventNotifier (NotifierID: a9e46390-2547-469d-bfa3-10bba59e5d30, AgentID: recovery_tester_1895) emitted agent_data_assistant_complete_response. Kwarg keys for emit: agent_id,payload

stdout | tests/integration/standalone-agent-run-root/native-root-termination.integration.test.ts > whole-host termination result is later than actual child-root inactivity > agent_team: success
AgentExternalEventNotifier (NotifierID: a9e46390-2547-469d-bfa3-10bba59e5d30, AgentID: recovery_tester_1895) emitted agent_turn_completed. Kwarg keys for emit: agent_id,payload

stdout | tests/integration/standalone-agent-run-root/native-root-termination.integration.test.ts > whole-host termination result is later than actual child-root inactivity > agent_team: success
AgentExternalEventNotifier (NotifierID: a9e46390-2547-469d-bfa3-10bba59e5d30, AgentID: recovery_tester_1895) emitted agent_status. Kwarg keys for emit: agent_id,payload

stdout | tests/integration/standalone-agent-run-root/native-root-termination.integration.test.ts > whole-host termination result is later than actual child-root inactivity > agent_team: success
AgentExternalEventNotifier (NotifierID: a9e46390-2547-469d-bfa3-10bba59e5d30, AgentID: recovery_tester_1895) emitted agent_status. Kwarg keys for emit: agent_id,payload

stdout | tests/integration/standalone-agent-run-root/native-root-termination.integration.test.ts > whole-host termination result is later than actual child-root inactivity > agent_team: success
AgentExternalEventNotifier (NotifierID: a9e46390-2547-469d-bfa3-10bba59e5d30, AgentID: recovery_tester_1895) emitted agent_turn_started. Kwarg keys for emit: agent_id,payload

stdout | tests/integration/standalone-agent-run-root/native-root-termination.integration.test.ts > whole-host termination result is later than actual child-root inactivity > agent_team: success
AgentExternalEventNotifier (NotifierID: a9e46390-2547-469d-bfa3-10bba59e5d30, AgentID: recovery_tester_1895) emitted agent_status. Kwarg keys for emit: agent_id,payload

stdout | tests/integration/standalone-agent-run-root/native-root-termination.integration.test.ts > whole-host termination result is later than actual child-root inactivity > agent_team: success
AgentExternalEventNotifier (NotifierID: a9e46390-2547-469d-bfa3-10bba59e5d30, AgentID: recovery_tester_1895) emitted agent_status. Kwarg keys for emit: agent_id,payload

stdout | tests/integration/standalone-agent-run-root/native-root-termination.integration.test.ts > whole-host termination result is later than actual child-root inactivity > agent_team: success
AgentExternalEventNotifier (NotifierID: a9e46390-2547-469d-bfa3-10bba59e5d30, AgentID: recovery_tester_1895) emitted agent_status. Kwarg keys for emit: agent_id,payload
compaction_started {
  agent_id: 'recovery_tester_1895',
  turn_id: 'turn_0004',
  compaction_operation_id: 'compaction_operation_muw9dqfo_1',
  requested_turn_id: 'request',
  execution_turn_id: 'turn_0004',
  selected_block_count: 3,
  raw_trace_count: 3,
  phase: 'started'
}
AgentExternalEventNotifier (NotifierID: a9e46390-2547-469d-bfa3-10bba59e5d30, AgentID: recovery_tester_1895) emitted agent_compaction_status_updated. Kwarg keys for emit: agent_id,payload

stderr | tests/integration/standalone-agent-run-root/native-root-termination.integration.test.ts > whole-host termination result is later than actual child-root inactivity > agent_team: success
compaction_failed {
  agent_id: 'recovery_tester_1895',
  turn_id: 'turn_0004',
  compaction_operation_id: 'compaction_operation_muw9dqfo_1',
  requested_turn_id: 'request',
  execution_turn_id: 'turn_0004',
  selected_block_count: 3,
  raw_trace_count: 3,
  phase: 'failed',
  error_message: 'Memory compaction failed before dispatch [execution_failure]: controlled recovery'
}

stdout | tests/integration/standalone-agent-run-root/native-root-termination.integration.test.ts > whole-host termination result is later than actual child-root inactivity > agent_team: success
AgentExternalEventNotifier (NotifierID: a9e46390-2547-469d-bfa3-10bba59e5d30, AgentID: recovery_tester_1895) emitted agent_compaction_status_updated. Kwarg keys for emit: agent_id,payload

stdout | tests/integration/standalone-agent-run-root/native-root-termination.integration.test.ts > whole-host termination result is later than actual child-root inactivity > agent_team: success
AgentExternalEventNotifier (NotifierID: a9e46390-2547-469d-bfa3-10bba59e5d30, AgentID: recovery_tester_1895) emitted agent_error_output_generation. Kwarg keys for emit: agent_id,payload

stdout | tests/integration/standalone-agent-run-root/native-root-termination.integration.test.ts > whole-host termination result is later than actual child-root inactivity > agent_team: success
AgentExternalEventNotifier (NotifierID: a9e46390-2547-469d-bfa3-10bba59e5d30, AgentID: recovery_tester_1895) emitted agent_compaction_blocked. Kwarg keys for emit: agent_id,payload
AgentExternalEventNotifier (NotifierID: a9e46390-2547-469d-bfa3-10bba59e5d30, AgentID: recovery_tester_1895) emitted agent_status. Kwarg keys for emit: agent_id,payload

stdout | tests/integration/standalone-agent-run-root/native-root-termination.integration.test.ts > whole-host termination result is later than actual child-root inactivity > agent_team: success
Agent 'recovery_tester_1895' requesting runtime interrupt.

stdout | tests/integration/standalone-agent-run-root/native-root-termination.integration.test.ts > whole-host termination result is later than actual child-root inactivity > agent_team: success
AgentExternalEventNotifier (NotifierID: a9e46390-2547-469d-bfa3-10bba59e5d30, AgentID: recovery_tester_1895) emitted agent_turn_interrupted. Kwarg keys for emit: agent_id,payload

stdout | tests/integration/standalone-agent-run-root/native-root-termination.integration.test.ts > whole-host termination result is later than actual child-root inactivity > agent_team: success
AgentExternalEventNotifier (NotifierID: a9e46390-2547-469d-bfa3-10bba59e5d30, AgentID: recovery_tester_1895) emitted agent_compaction_blocked. Kwarg keys for emit: agent_id,payload
AgentExternalEventNotifier (NotifierID: a9e46390-2547-469d-bfa3-10bba59e5d30, AgentID: recovery_tester_1895) emitted agent_status. Kwarg keys for emit: agent_id,payload

stdout | tests/integration/standalone-agent-run-root/native-root-termination.integration.test.ts > whole-host termination result is later than actual child-root inactivity > agent_team: success
Agent 'recovery_tester_1895' requesting runtime interrupt.
AgentExternalEventNotifier (NotifierID: a9e46390-2547-469d-bfa3-10bba59e5d30, AgentID: recovery_tester_1895) emitted agent_compaction_blocked. Kwarg keys for emit: agent_id,payload
AgentExternalEventNotifier (NotifierID: a9e46390-2547-469d-bfa3-10bba59e5d30, AgentID: recovery_tester_1895) emitted agent_status. Kwarg keys for emit: agent_id,payload

stdout | tests/integration/standalone-agent-run-root/native-root-termination.integration.test.ts > whole-host termination result is later than actual child-root inactivity > agent_team: success
Agent 'recovery_tester_1895' requesting runtime to stop (timeout: 2s).

stdout | tests/integration/standalone-agent-run-root/native-root-termination.integration.test.ts > whole-host termination result is later than actual child-root inactivity > agent_team: success
AgentExternalEventNotifier (NotifierID: a9e46390-2547-469d-bfa3-10bba59e5d30, AgentID: recovery_tester_1895) emitted agent_status. Kwarg keys for emit: agent_id,payload

stdout | tests/integration/standalone-agent-run-root/native-root-termination.integration.test.ts > whole-host termination result is later than actual child-root inactivity > agent_team: success
AgentWorker 'recovery_tester_1895': Stop requested.

stdout | tests/integration/standalone-agent-run-root/native-root-termination.integration.test.ts > whole-host termination result is later than actual child-root inactivity > agent_team: success
AgentExternalEventNotifier (NotifierID: a9e46390-2547-469d-bfa3-10bba59e5d30, AgentID: recovery_tester_1895) emitted agent_status. Kwarg keys for emit: agent_id,payload

stdout | tests/integration/standalone-agent-run-root/native-root-termination.integration.test.ts > whole-host termination result is later than actual child-root inactivity > agent_team: success
AgentExternalEventNotifier (NotifierID: a9e46390-2547-469d-bfa3-10bba59e5d30, AgentID: recovery_tester_1895) emitted agent_compaction_blocked. Kwarg keys for emit: agent_id,payload
AgentExternalEventNotifier (NotifierID: a9e46390-2547-469d-bfa3-10bba59e5d30, AgentID: recovery_tester_1895) emitted agent_status. Kwarg keys for emit: agent_id,payload
AgentWorker 'recovery_tester_1895' asyncRun() loop has finished.
AgentWorker 'recovery_tester_1895': Running shutdown sequence on worker loop.

stdout | tests/integration/standalone-agent-run-root/native-root-termination.integration.test.ts > whole-host termination result is later than actual child-root inactivity > agent_team: success
AgentWorker 'recovery_tester_1895': Shutdown resource cleanup completed successfully.
AgentWorker 'recovery_tester_1895': Shutdown sequence completed.

stdout | tests/integration/standalone-agent-run-root/native-root-termination.integration.test.ts > whole-host termination result is later than actual child-root inactivity > agent_team: success
Unregistered AgentContext for agent_id 'recovery_tester_1895'.
AgentRuntime for 'recovery_tester_1895': Context unregistered.

stdout | tests/integration/standalone-agent-run-root/native-root-termination.integration.test.ts > whole-host termination result is later than actual child-root inactivity > agent_team: success
AgentRuntime for 'recovery_tester_1895' stop() method completed.

stdout | tests/integration/standalone-agent-run-root/native-root-termination.integration.test.ts > whole-host termination result is later than actual child-root inactivity > agent_team: success
AgentEventStream (ID: 5e90aa23-f484-47a5-a818-9ce6fe4ec301) for 'recovery_tester_1895': close() called. Unsubscribing all listeners and signaling.

stdout | tests/integration/standalone-agent-run-root/native-root-termination.integration.test.ts > whole-host termination result is later than actual child-root inactivity > agent_team: success
AgentEventStream (ID: 5e90aa23-f484-47a5-a818-9ce6fe4ec301) for 'recovery_tester_1895': close() called. Unsubscribing all listeners and signaling.

stdout | tests/integration/standalone-agent-run-root/native-root-termination.integration.test.ts > whole-host termination result is later than actual child-root inactivity > agent_team: child-finish-failure
AgentRuntimeState initialized for agent_id 'recovery_tester_8708'. Initial status: uninitialized. Workspace linked. AgentEventInbox pending initialization. Output data via notifier.
Agent 'recovery_tester_8708': No tools provided in config.
Agent 'recovery_tester_8708': LLM instance 'Parent' and 0 tools prepared and stored in state.
AgentContext composed for agent_id 'recovery_tester_8708'. Config and State linked.
Instantiating AgentRuntime for agent_id: 'recovery_tester_8708' with config: 'recovery'.
AgentWorker initialized for agent_id 'recovery_tester_8708'.
Registered AgentContext for agent_id 'recovery_tester_8708'. Total registered contexts: 1
AgentRuntime initialized for agent_id 'recovery_tester_8708'. Context registered.
Agent facade initialized for agent_id 'recovery_tester_8708'.
Agent 'recovery_tester_8708' created and stored successfully.
Agent 'recovery_tester_8708' requesting runtime to start.
AgentRuntime for 'recovery_tester_8708': Starting worker.
AgentWorker 'recovery_tester_8708': Starting...
AgentWorker 'recovery_tester_8708' asyncRun(): Starting.
Agent 'recovery_tester_8708': Runtime init completed (event store initialized).
Agent 'recovery_tester_8708': Runtime init completed (status deriver initialized).
Agent 'recovery_tester_8708': Runtime init completed (AgentEventInbox initialized).
Agent 'recovery_tester_8708': Runtime init completed (AgentEventScheduler initialized).

stdout | tests/integration/standalone-agent-run-root/native-root-termination.integration.test.ts > whole-host termination result is later than actual child-root inactivity > agent_team: child-finish-failure
Agent 'recovery_tester_8708': Starting direct runtime bootstrap lifecycle.

stdout | tests/integration/standalone-agent-run-root/native-root-termination.integration.test.ts > whole-host termination result is later than actual child-root inactivity > agent_team: child-finish-failure
AgentExternalEventNotifier (NotifierID: 1c036e6b-1c56-41f8-aaf5-bf22cc84c344, AgentID: recovery_tester_8708) emitted agent_status. Kwarg keys for emit: agent_id,payload

stdout | tests/integration/standalone-agent-run-root/native-root-termination.integration.test.ts > whole-host termination result is later than actual child-root inactivity > agent_team: child-finish-failure
Agent 'recovery_tester_8708': Bootstrapper starting direct lifecycle execution.
Agent 'recovery_tester_8708': Running bootstrap step 0 (McpServerPrewarmingStep).
Agent 'recovery_tester_8708': Executing McpServerPrewarmingStep.

stdout | tests/integration/standalone-agent-run-root/native-root-termination.integration.test.ts > whole-host termination result is later than actual child-root inactivity > agent_team: child-finish-failure
Agent 'recovery_tester_8708': Running bootstrap step 1 (SystemPromptProcessingStep).
Agent 'recovery_tester_8708': Executing SystemPromptProcessingStep.
Agent 'recovery_tester_8708': No configured skills. Skipping skill catalog.
Agent 'recovery_tester_8708': Final processed system prompt configured and captured. Trace ID: rt_1791265755199_4a9ce8e3-27c5-4565-96e5-312d3c47f84e. Final length: 28.

stdout | tests/integration/standalone-agent-run-root/native-root-termination.integration.test.ts > whole-host termination result is later than actual child-root inactivity > agent_team: child-finish-failure
Agent 'recovery_tester_8708': Running bootstrap step 2 (WorkingContextSnapshotRestoreStep).

stdout | tests/integration/standalone-agent-run-root/native-root-termination.integration.test.ts > whole-host termination result is later than actual child-root inactivity > agent_team: child-finish-failure
AgentExternalEventNotifier (NotifierID: 1c036e6b-1c56-41f8-aaf5-bf22cc84c344, AgentID: recovery_tester_8708) emitted agent_status. Kwarg keys for emit: agent_id,payload

stdout | tests/integration/standalone-agent-run-root/native-root-termination.integration.test.ts > whole-host termination result is later than actual child-root inactivity > agent_team: child-finish-failure
AgentWorker 'recovery_tester_8708' initialized successfully. Entering main event scheduler loop.

stdout | tests/integration/standalone-agent-run-root/native-root-termination.integration.test.ts > whole-host termination result is later than actual child-root inactivity > agent_team: child-finish-failure
AgentEventStream (ID: 7beaac29-6975-4909-be2c-df425082f7a0) initialized for agent_id 'recovery_tester_8708'. Subscribed to notifier.

stdout | tests/integration/standalone-agent-run-root/native-root-termination.integration.test.ts > whole-host termination result is later than actual child-root inactivity > agent_team: child-finish-failure
AgentExternalEventNotifier (NotifierID: 1c036e6b-1c56-41f8-aaf5-bf22cc84c344, AgentID: recovery_tester_8708) emitted agent_turn_started. Kwarg keys for emit: agent_id,payload

stdout | tests/integration/standalone-agent-run-root/native-root-termination.integration.test.ts > whole-host termination result is later than actual child-root inactivity > agent_team: child-finish-failure
AgentExternalEventNotifier (NotifierID: 1c036e6b-1c56-41f8-aaf5-bf22cc84c344, AgentID: recovery_tester_8708) emitted agent_status. Kwarg keys for emit: agent_id,payload

stdout | tests/integration/standalone-agent-run-root/native-root-termination.integration.test.ts > whole-host termination result is later than actual child-root inactivity > agent_team: child-finish-failure
AgentExternalEventNotifier (NotifierID: 1c036e6b-1c56-41f8-aaf5-bf22cc84c344, AgentID: recovery_tester_8708) emitted agent_status. Kwarg keys for emit: agent_id,payload

stdout | tests/integration/standalone-agent-run-root/native-root-termination.integration.test.ts > whole-host termination result is later than actual child-root inactivity > agent_team: child-finish-failure
AgentExternalEventNotifier (NotifierID: 1c036e6b-1c56-41f8-aaf5-bf22cc84c344, AgentID: recovery_tester_8708) emitted agent_token_usage_updated. Kwarg keys for emit: agent_id,payload
compaction_budget_evaluated {
  agent_id: 'recovery_tester_8708',
  prompt_tokens: 200,
  effective_total_context_tokens: 12000,
  context_derived_input_cap_tokens: 11800,
  provider_input_cap_tokens: null,
  effective_input_cap_tokens: 11800,
  reserved_output_tokens: 200,
  safety_margin_tokens: 10,
  input_budget_tokens: 11790,
  compaction_ratio: 0.5,
  trigger_threshold_tokens: 5895,
  trigger_headroom_tokens: 590,
  quality_retention_cap_tokens: 4126,
  post_compaction_target_tokens: 4126,
  budget_key: '11790:5895:4126:590:4126',
  override_active: false,
  compaction_required: false,
  threshold_episode_decision: 'none'
}

stdout | tests/integration/standalone-agent-run-root/native-root-termination.integration.test.ts > whole-host termination result is later than actual child-root inactivity > agent_team: child-finish-failure
AgentExternalEventNotifier (NotifierID: 1c036e6b-1c56-41f8-aaf5-bf22cc84c344, AgentID: recovery_tester_8708) emitted agent_status. Kwarg keys for emit: agent_id,payload

stdout | tests/integration/standalone-agent-run-root/native-root-termination.integration.test.ts > whole-host termination result is later than actual child-root inactivity > agent_team: child-finish-failure
AgentExternalEventNotifier (NotifierID: 1c036e6b-1c56-41f8-aaf5-bf22cc84c344, AgentID: recovery_tester_8708) emitted agent_data_assistant_complete_response. Kwarg keys for emit: agent_id,payload

stdout | tests/integration/standalone-agent-run-root/native-root-termination.integration.test.ts > whole-host termination result is later than actual child-root inactivity > agent_team: child-finish-failure
AgentExternalEventNotifier (NotifierID: 1c036e6b-1c56-41f8-aaf5-bf22cc84c344, AgentID: recovery_tester_8708) emitted agent_turn_completed. Kwarg keys for emit: agent_id,payload

stdout | tests/integration/standalone-agent-run-root/native-root-termination.integration.test.ts > whole-host termination result is later than actual child-root inactivity > agent_team: child-finish-failure
AgentExternalEventNotifier (NotifierID: 1c036e6b-1c56-41f8-aaf5-bf22cc84c344, AgentID: recovery_tester_8708) emitted agent_status. Kwarg keys for emit: agent_id,payload

stdout | tests/integration/standalone-agent-run-root/native-root-termination.integration.test.ts > whole-host termination result is later than actual child-root inactivity > agent_team: child-finish-failure
AgentExternalEventNotifier (NotifierID: 1c036e6b-1c56-41f8-aaf5-bf22cc84c344, AgentID: recovery_tester_8708) emitted agent_status. Kwarg keys for emit: agent_id,payload

stdout | tests/integration/standalone-agent-run-root/native-root-termination.integration.test.ts > whole-host termination result is later than actual child-root inactivity > agent_team: child-finish-failure
AgentExternalEventNotifier (NotifierID: 1c036e6b-1c56-41f8-aaf5-bf22cc84c344, AgentID: recovery_tester_8708) emitted agent_turn_started. Kwarg keys for emit: agent_id,payload

stdout | tests/integration/standalone-agent-run-root/native-root-termination.integration.test.ts > whole-host termination result is later than actual child-root inactivity > agent_team: child-finish-failure
AgentExternalEventNotifier (NotifierID: 1c036e6b-1c56-41f8-aaf5-bf22cc84c344, AgentID: recovery_tester_8708) emitted agent_status. Kwarg keys for emit: agent_id,payload

stdout | tests/integration/standalone-agent-run-root/native-root-termination.integration.test.ts > whole-host termination result is later than actual child-root inactivity > agent_team: child-finish-failure
AgentExternalEventNotifier (NotifierID: 1c036e6b-1c56-41f8-aaf5-bf22cc84c344, AgentID: recovery_tester_8708) emitted agent_status. Kwarg keys for emit: agent_id,payload

stdout | tests/integration/standalone-agent-run-root/native-root-termination.integration.test.ts > whole-host termination result is later than actual child-root inactivity > agent_team: child-finish-failure
AgentExternalEventNotifier (NotifierID: 1c036e6b-1c56-41f8-aaf5-bf22cc84c344, AgentID: recovery_tester_8708) emitted agent_token_usage_updated. Kwarg keys for emit: agent_id,payload
compaction_budget_evaluated {
  agent_id: 'recovery_tester_8708',
  prompt_tokens: 200,
  effective_total_context_tokens: 12000,
  context_derived_input_cap_tokens: 11800,
  provider_input_cap_tokens: null,
  effective_input_cap_tokens: 11800,
  reserved_output_tokens: 200,
  safety_margin_tokens: 10,
  input_budget_tokens: 11790,
  compaction_ratio: 0.5,
  trigger_threshold_tokens: 5895,
  trigger_headroom_tokens: 590,
  quality_retention_cap_tokens: 4126,
  post_compaction_target_tokens: 4126,
  budget_key: '11790:5895:4126:590:4126',
  override_active: false,
  compaction_required: false,
  threshold_episode_decision: 'none'
}

stdout | tests/integration/standalone-agent-run-root/native-root-termination.integration.test.ts > whole-host termination result is later than actual child-root inactivity > agent_team: child-finish-failure
AgentExternalEventNotifier (NotifierID: 1c036e6b-1c56-41f8-aaf5-bf22cc84c344, AgentID: recovery_tester_8708) emitted agent_status. Kwarg keys for emit: agent_id,payload

stdout | tests/integration/standalone-agent-run-root/native-root-termination.integration.test.ts > whole-host termination result is later than actual child-root inactivity > agent_team: child-finish-failure
AgentExternalEventNotifier (NotifierID: 1c036e6b-1c56-41f8-aaf5-bf22cc84c344, AgentID: recovery_tester_8708) emitted agent_data_assistant_complete_response. Kwarg keys for emit: agent_id,payload

stdout | tests/integration/standalone-agent-run-root/native-root-termination.integration.test.ts > whole-host termination result is later than actual child-root inactivity > agent_team: child-finish-failure
AgentExternalEventNotifier (NotifierID: 1c036e6b-1c56-41f8-aaf5-bf22cc84c344, AgentID: recovery_tester_8708) emitted agent_turn_completed. Kwarg keys for emit: agent_id,payload

stdout | tests/integration/standalone-agent-run-root/native-root-termination.integration.test.ts > whole-host termination result is later than actual child-root inactivity > agent_team: child-finish-failure
AgentExternalEventNotifier (NotifierID: 1c036e6b-1c56-41f8-aaf5-bf22cc84c344, AgentID: recovery_tester_8708) emitted agent_status. Kwarg keys for emit: agent_id,payload

stdout | tests/integration/standalone-agent-run-root/native-root-termination.integration.test.ts > whole-host termination result is later than actual child-root inactivity > agent_team: child-finish-failure
AgentExternalEventNotifier (NotifierID: 1c036e6b-1c56-41f8-aaf5-bf22cc84c344, AgentID: recovery_tester_8708) emitted agent_status. Kwarg keys for emit: agent_id,payload

stdout | tests/integration/standalone-agent-run-root/native-root-termination.integration.test.ts > whole-host termination result is later than actual child-root inactivity > agent_team: child-finish-failure
AgentExternalEventNotifier (NotifierID: 1c036e6b-1c56-41f8-aaf5-bf22cc84c344, AgentID: recovery_tester_8708) emitted agent_turn_started. Kwarg keys for emit: agent_id,payload

stdout | tests/integration/standalone-agent-run-root/native-root-termination.integration.test.ts > whole-host termination result is later than actual child-root inactivity > agent_team: child-finish-failure
AgentExternalEventNotifier (NotifierID: 1c036e6b-1c56-41f8-aaf5-bf22cc84c344, AgentID: recovery_tester_8708) emitted agent_status. Kwarg keys for emit: agent_id,payload

stdout | tests/integration/standalone-agent-run-root/native-root-termination.integration.test.ts > whole-host termination result is later than actual child-root inactivity > agent_team: child-finish-failure
AgentExternalEventNotifier (NotifierID: 1c036e6b-1c56-41f8-aaf5-bf22cc84c344, AgentID: recovery_tester_8708) emitted agent_status. Kwarg keys for emit: agent_id,payload

stdout | tests/integration/standalone-agent-run-root/native-root-termination.integration.test.ts > whole-host termination result is later than actual child-root inactivity > agent_team: child-finish-failure
AgentExternalEventNotifier (NotifierID: 1c036e6b-1c56-41f8-aaf5-bf22cc84c344, AgentID: recovery_tester_8708) emitted agent_token_usage_updated. Kwarg keys for emit: agent_id,payload
compaction_budget_evaluated {
  agent_id: 'recovery_tester_8708',
  prompt_tokens: 200,
  effective_total_context_tokens: 12000,
  context_derived_input_cap_tokens: 11800,
  provider_input_cap_tokens: null,
  effective_input_cap_tokens: 11800,
  reserved_output_tokens: 200,
  safety_margin_tokens: 10,
  input_budget_tokens: 11790,
  compaction_ratio: 0.5,
  trigger_threshold_tokens: 5895,
  trigger_headroom_tokens: 590,
  quality_retention_cap_tokens: 4126,
  post_compaction_target_tokens: 4126,
  budget_key: '11790:5895:4126:590:4126',
  override_active: false,
  compaction_required: false,
  threshold_episode_decision: 'none'
}

stdout | tests/integration/standalone-agent-run-root/native-root-termination.integration.test.ts > whole-host termination result is later than actual child-root inactivity > agent_team: child-finish-failure
AgentExternalEventNotifier (NotifierID: 1c036e6b-1c56-41f8-aaf5-bf22cc84c344, AgentID: recovery_tester_8708) emitted agent_status. Kwarg keys for emit: agent_id,payload

stdout | tests/integration/standalone-agent-run-root/native-root-termination.integration.test.ts > whole-host termination result is later than actual child-root inactivity > agent_team: child-finish-failure
AgentExternalEventNotifier (NotifierID: 1c036e6b-1c56-41f8-aaf5-bf22cc84c344, AgentID: recovery_tester_8708) emitted agent_data_assistant_complete_response. Kwarg keys for emit: agent_id,payload

stdout | tests/integration/standalone-agent-run-root/native-root-termination.integration.test.ts > whole-host termination result is later than actual child-root inactivity > agent_team: child-finish-failure
AgentExternalEventNotifier (NotifierID: 1c036e6b-1c56-41f8-aaf5-bf22cc84c344, AgentID: recovery_tester_8708) emitted agent_turn_completed. Kwarg keys for emit: agent_id,payload

stdout | tests/integration/standalone-agent-run-root/native-root-termination.integration.test.ts > whole-host termination result is later than actual child-root inactivity > agent_team: child-finish-failure
AgentExternalEventNotifier (NotifierID: 1c036e6b-1c56-41f8-aaf5-bf22cc84c344, AgentID: recovery_tester_8708) emitted agent_status. Kwarg keys for emit: agent_id,payload

stdout | tests/integration/standalone-agent-run-root/native-root-termination.integration.test.ts > whole-host termination result is later than actual child-root inactivity > agent_team: child-finish-failure
AgentExternalEventNotifier (NotifierID: 1c036e6b-1c56-41f8-aaf5-bf22cc84c344, AgentID: recovery_tester_8708) emitted agent_status. Kwarg keys for emit: agent_id,payload

stdout | tests/integration/standalone-agent-run-root/native-root-termination.integration.test.ts > whole-host termination result is later than actual child-root inactivity > agent_team: child-finish-failure
AgentExternalEventNotifier (NotifierID: 1c036e6b-1c56-41f8-aaf5-bf22cc84c344, AgentID: recovery_tester_8708) emitted agent_turn_started. Kwarg keys for emit: agent_id,payload

stdout | tests/integration/standalone-agent-run-root/native-root-termination.integration.test.ts > whole-host termination result is later than actual child-root inactivity > agent_team: child-finish-failure
AgentExternalEventNotifier (NotifierID: 1c036e6b-1c56-41f8-aaf5-bf22cc84c344, AgentID: recovery_tester_8708) emitted agent_status. Kwarg keys for emit: agent_id,payload

stdout | tests/integration/standalone-agent-run-root/native-root-termination.integration.test.ts > whole-host termination result is later than actual child-root inactivity > agent_team: child-finish-failure
AgentExternalEventNotifier (NotifierID: 1c036e6b-1c56-41f8-aaf5-bf22cc84c344, AgentID: recovery_tester_8708) emitted agent_status. Kwarg keys for emit: agent_id,payload

stdout | tests/integration/standalone-agent-run-root/native-root-termination.integration.test.ts > whole-host termination result is later than actual child-root inactivity > agent_team: child-finish-failure
AgentExternalEventNotifier (NotifierID: 1c036e6b-1c56-41f8-aaf5-bf22cc84c344, AgentID: recovery_tester_8708) emitted agent_status. Kwarg keys for emit: agent_id,payload
compaction_started {
  agent_id: 'recovery_tester_8708',
  turn_id: 'turn_0004',
  compaction_operation_id: 'compaction_operation_muw9dqjh_1',
  requested_turn_id: 'request',
  execution_turn_id: 'turn_0004',
  selected_block_count: 3,
  raw_trace_count: 3,
  phase: 'started'
}
AgentExternalEventNotifier (NotifierID: 1c036e6b-1c56-41f8-aaf5-bf22cc84c344, AgentID: recovery_tester_8708) emitted agent_compaction_status_updated. Kwarg keys for emit: agent_id,payload

stderr | tests/integration/standalone-agent-run-root/native-root-termination.integration.test.ts > whole-host termination result is later than actual child-root inactivity > agent_team: child-finish-failure
compaction_failed {
  agent_id: 'recovery_tester_8708',
  turn_id: 'turn_0004',
  compaction_operation_id: 'compaction_operation_muw9dqjh_1',
  requested_turn_id: 'request',
  execution_turn_id: 'turn_0004',
  selected_block_count: 3,
  raw_trace_count: 3,
  phase: 'failed',
  error_message: 'Memory compaction failed before dispatch [execution_failure]: controlled recovery'
}

stdout | tests/integration/standalone-agent-run-root/native-root-termination.integration.test.ts > whole-host termination result is later than actual child-root inactivity > agent_team: child-finish-failure
AgentExternalEventNotifier (NotifierID: 1c036e6b-1c56-41f8-aaf5-bf22cc84c344, AgentID: recovery_tester_8708) emitted agent_compaction_status_updated. Kwarg keys for emit: agent_id,payload

stdout | tests/integration/standalone-agent-run-root/native-root-termination.integration.test.ts > whole-host termination result is later than actual child-root inactivity > agent_team: child-finish-failure
AgentExternalEventNotifier (NotifierID: 1c036e6b-1c56-41f8-aaf5-bf22cc84c344, AgentID: recovery_tester_8708) emitted agent_error_output_generation. Kwarg keys for emit: agent_id,payload

stdout | tests/integration/standalone-agent-run-root/native-root-termination.integration.test.ts > whole-host termination result is later than actual child-root inactivity > agent_team: child-finish-failure
AgentExternalEventNotifier (NotifierID: 1c036e6b-1c56-41f8-aaf5-bf22cc84c344, AgentID: recovery_tester_8708) emitted agent_compaction_blocked. Kwarg keys for emit: agent_id,payload
AgentExternalEventNotifier (NotifierID: 1c036e6b-1c56-41f8-aaf5-bf22cc84c344, AgentID: recovery_tester_8708) emitted agent_status. Kwarg keys for emit: agent_id,payload

stdout | tests/integration/standalone-agent-run-root/native-root-termination.integration.test.ts > whole-host termination result is later than actual child-root inactivity > agent_team: child-finish-failure
Agent 'recovery_tester_8708' requesting runtime interrupt.

stdout | tests/integration/standalone-agent-run-root/native-root-termination.integration.test.ts > whole-host termination result is later than actual child-root inactivity > agent_team: child-finish-failure
AgentExternalEventNotifier (NotifierID: 1c036e6b-1c56-41f8-aaf5-bf22cc84c344, AgentID: recovery_tester_8708) emitted agent_turn_interrupted. Kwarg keys for emit: agent_id,payload

stdout | tests/integration/standalone-agent-run-root/native-root-termination.integration.test.ts > whole-host termination result is later than actual child-root inactivity > agent_team: child-finish-failure
AgentExternalEventNotifier (NotifierID: 1c036e6b-1c56-41f8-aaf5-bf22cc84c344, AgentID: recovery_tester_8708) emitted agent_compaction_blocked. Kwarg keys for emit: agent_id,payload
AgentExternalEventNotifier (NotifierID: 1c036e6b-1c56-41f8-aaf5-bf22cc84c344, AgentID: recovery_tester_8708) emitted agent_status. Kwarg keys for emit: agent_id,payload

stdout | tests/integration/standalone-agent-run-root/native-root-termination.integration.test.ts > whole-host termination result is later than actual child-root inactivity > agent_team: child-finish-failure
Agent 'recovery_tester_8708' requesting runtime interrupt.
AgentExternalEventNotifier (NotifierID: 1c036e6b-1c56-41f8-aaf5-bf22cc84c344, AgentID: recovery_tester_8708) emitted agent_compaction_blocked. Kwarg keys for emit: agent_id,payload
AgentExternalEventNotifier (NotifierID: 1c036e6b-1c56-41f8-aaf5-bf22cc84c344, AgentID: recovery_tester_8708) emitted agent_status. Kwarg keys for emit: agent_id,payload

stdout | tests/integration/standalone-agent-run-root/native-root-termination.integration.test.ts > whole-host termination result is later than actual child-root inactivity > agent_team: child-finish-failure
Agent 'recovery_tester_8708' requesting runtime to stop (timeout: 2s).

stdout | tests/integration/standalone-agent-run-root/native-root-termination.integration.test.ts > whole-host termination result is later than actual child-root inactivity > agent_team: child-finish-failure
AgentExternalEventNotifier (NotifierID: 1c036e6b-1c56-41f8-aaf5-bf22cc84c344, AgentID: recovery_tester_8708) emitted agent_status. Kwarg keys for emit: agent_id,payload

stdout | tests/integration/standalone-agent-run-root/native-root-termination.integration.test.ts > whole-host termination result is later than actual child-root inactivity > agent_team: child-finish-failure
AgentWorker 'recovery_tester_8708': Stop requested.

stdout | tests/integration/standalone-agent-run-root/native-root-termination.integration.test.ts > whole-host termination result is later than actual child-root inactivity > agent_team: child-finish-failure
AgentExternalEventNotifier (NotifierID: 1c036e6b-1c56-41f8-aaf5-bf22cc84c344, AgentID: recovery_tester_8708) emitted agent_status. Kwarg keys for emit: agent_id,payload

stdout | tests/integration/standalone-agent-run-root/native-root-termination.integration.test.ts > whole-host termination result is later than actual child-root inactivity > agent_team: child-finish-failure
AgentExternalEventNotifier (NotifierID: 1c036e6b-1c56-41f8-aaf5-bf22cc84c344, AgentID: recovery_tester_8708) emitted agent_compaction_blocked. Kwarg keys for emit: agent_id,payload
AgentExternalEventNotifier (NotifierID: 1c036e6b-1c56-41f8-aaf5-bf22cc84c344, AgentID: recovery_tester_8708) emitted agent_status. Kwarg keys for emit: agent_id,payload
AgentWorker 'recovery_tester_8708' asyncRun() loop has finished.
AgentWorker 'recovery_tester_8708': Running shutdown sequence on worker loop.

stdout | tests/integration/standalone-agent-run-root/native-root-termination.integration.test.ts > whole-host termination result is later than actual child-root inactivity > agent_team: child-finish-failure
AgentWorker 'recovery_tester_8708': Shutdown resource cleanup completed successfully.
AgentWorker 'recovery_tester_8708': Shutdown sequence completed.

stdout | tests/integration/standalone-agent-run-root/native-root-termination.integration.test.ts > whole-host termination result is later than actual child-root inactivity > agent_team: child-finish-failure
Unregistered AgentContext for agent_id 'recovery_tester_8708'.
AgentRuntime for 'recovery_tester_8708': Context unregistered.

stdout | tests/integration/standalone-agent-run-root/native-root-termination.integration.test.ts > whole-host termination result is later than actual child-root inactivity > agent_team: child-finish-failure
AgentRuntime for 'recovery_tester_8708' stop() method completed.

stdout | tests/integration/standalone-agent-run-root/native-root-termination.integration.test.ts > whole-host termination result is later than actual child-root inactivity > agent_team: child-finish-failure
AgentEventStream (ID: 7beaac29-6975-4909-be2c-df425082f7a0) for 'recovery_tester_8708': close() called. Unsubscribing all listeners and signaling.

stdout | tests/integration/standalone-agent-run-root/native-root-termination.integration.test.ts > whole-host termination result is later than actual child-root inactivity > agent_team: child-finish-failure
AgentEventStream (ID: 7beaac29-6975-4909-be2c-df425082f7a0) for 'recovery_tester_8708': close() called. Unsubscribing all listeners and signaling.

stdout | tests/integration/standalone-agent-run-root/native-root-termination.integration.test.ts > whole-host termination result is later than actual child-root inactivity > agent_team: later-host-failure
AgentRuntimeState initialized for agent_id 'recovery_tester_1800'. Initial status: uninitialized. Workspace linked. AgentEventInbox pending initialization. Output data via notifier.
Agent 'recovery_tester_1800': No tools provided in config.
Agent 'recovery_tester_1800': LLM instance 'Parent' and 0 tools prepared and stored in state.
AgentContext composed for agent_id 'recovery_tester_1800'. Config and State linked.
Instantiating AgentRuntime for agent_id: 'recovery_tester_1800' with config: 'recovery'.
AgentWorker initialized for agent_id 'recovery_tester_1800'.
Registered AgentContext for agent_id 'recovery_tester_1800'. Total registered contexts: 1
AgentRuntime initialized for agent_id 'recovery_tester_1800'. Context registered.
Agent facade initialized for agent_id 'recovery_tester_1800'.
Agent 'recovery_tester_1800' created and stored successfully.
Agent 'recovery_tester_1800' requesting runtime to start.
AgentRuntime for 'recovery_tester_1800': Starting worker.
AgentWorker 'recovery_tester_1800': Starting...
AgentWorker 'recovery_tester_1800' asyncRun(): Starting.
Agent 'recovery_tester_1800': Runtime init completed (event store initialized).
Agent 'recovery_tester_1800': Runtime init completed (status deriver initialized).
Agent 'recovery_tester_1800': Runtime init completed (AgentEventInbox initialized).
Agent 'recovery_tester_1800': Runtime init completed (AgentEventScheduler initialized).

stdout | tests/integration/standalone-agent-run-root/native-root-termination.integration.test.ts > whole-host termination result is later than actual child-root inactivity > agent_team: later-host-failure
Agent 'recovery_tester_1800': Starting direct runtime bootstrap lifecycle.

stdout | tests/integration/standalone-agent-run-root/native-root-termination.integration.test.ts > whole-host termination result is later than actual child-root inactivity > agent_team: later-host-failure
AgentExternalEventNotifier (NotifierID: b482a376-ecc8-48a0-bb91-0e9ecd8ed854, AgentID: recovery_tester_1800) emitted agent_status. Kwarg keys for emit: agent_id,payload

stdout | tests/integration/standalone-agent-run-root/native-root-termination.integration.test.ts > whole-host termination result is later than actual child-root inactivity > agent_team: later-host-failure
Agent 'recovery_tester_1800': Bootstrapper starting direct lifecycle execution.
Agent 'recovery_tester_1800': Running bootstrap step 0 (McpServerPrewarmingStep).
Agent 'recovery_tester_1800': Executing McpServerPrewarmingStep.

stdout | tests/integration/standalone-agent-run-root/native-root-termination.integration.test.ts > whole-host termination result is later than actual child-root inactivity > agent_team: later-host-failure
Agent 'recovery_tester_1800': Running bootstrap step 1 (SystemPromptProcessingStep).
Agent 'recovery_tester_1800': Executing SystemPromptProcessingStep.
Agent 'recovery_tester_1800': No configured skills. Skipping skill catalog.
Agent 'recovery_tester_1800': Final processed system prompt configured and captured. Trace ID: rt_1791265755336_ab11def2-27a5-4547-8a80-92f890fbd1de. Final length: 28.

stdout | tests/integration/standalone-agent-run-root/native-root-termination.integration.test.ts > whole-host termination result is later than actual child-root inactivity > agent_team: later-host-failure
Agent 'recovery_tester_1800': Running bootstrap step 2 (WorkingContextSnapshotRestoreStep).

stdout | tests/integration/standalone-agent-run-root/native-root-termination.integration.test.ts > whole-host termination result is later than actual child-root inactivity > agent_team: later-host-failure
AgentExternalEventNotifier (NotifierID: b482a376-ecc8-48a0-bb91-0e9ecd8ed854, AgentID: recovery_tester_1800) emitted agent_status. Kwarg keys for emit: agent_id,payload

stdout | tests/integration/standalone-agent-run-root/native-root-termination.integration.test.ts > whole-host termination result is later than actual child-root inactivity > agent_team: later-host-failure
AgentWorker 'recovery_tester_1800' initialized successfully. Entering main event scheduler loop.

stdout | tests/integration/standalone-agent-run-root/native-root-termination.integration.test.ts > whole-host termination result is later than actual child-root inactivity > agent_team: later-host-failure
AgentEventStream (ID: 7fe7b109-2ad6-43b0-a252-d95b6d3e2764) initialized for agent_id 'recovery_tester_1800'. Subscribed to notifier.

stdout | tests/integration/standalone-agent-run-root/native-root-termination.integration.test.ts > whole-host termination result is later than actual child-root inactivity > agent_team: later-host-failure
AgentExternalEventNotifier (NotifierID: b482a376-ecc8-48a0-bb91-0e9ecd8ed854, AgentID: recovery_tester_1800) emitted agent_turn_started. Kwarg keys for emit: agent_id,payload

stdout | tests/integration/standalone-agent-run-root/native-root-termination.integration.test.ts > whole-host termination result is later than actual child-root inactivity > agent_team: later-host-failure
AgentExternalEventNotifier (NotifierID: b482a376-ecc8-48a0-bb91-0e9ecd8ed854, AgentID: recovery_tester_1800) emitted agent_status. Kwarg keys for emit: agent_id,payload

stdout | tests/integration/standalone-agent-run-root/native-root-termination.integration.test.ts > whole-host termination result is later than actual child-root inactivity > agent_team: later-host-failure
AgentExternalEventNotifier (NotifierID: b482a376-ecc8-48a0-bb91-0e9ecd8ed854, AgentID: recovery_tester_1800) emitted agent_status. Kwarg keys for emit: agent_id,payload

stdout | tests/integration/standalone-agent-run-root/native-root-termination.integration.test.ts > whole-host termination result is later than actual child-root inactivity > agent_team: later-host-failure
AgentExternalEventNotifier (NotifierID: b482a376-ecc8-48a0-bb91-0e9ecd8ed854, AgentID: recovery_tester_1800) emitted agent_token_usage_updated. Kwarg keys for emit: agent_id,payload
compaction_budget_evaluated {
  agent_id: 'recovery_tester_1800',
  prompt_tokens: 200,
  effective_total_context_tokens: 12000,
  context_derived_input_cap_tokens: 11800,
  provider_input_cap_tokens: null,
  effective_input_cap_tokens: 11800,
  reserved_output_tokens: 200,
  safety_margin_tokens: 10,
  input_budget_tokens: 11790,
  compaction_ratio: 0.5,
  trigger_threshold_tokens: 5895,
  trigger_headroom_tokens: 590,
  quality_retention_cap_tokens: 4126,
  post_compaction_target_tokens: 4126,
  budget_key: '11790:5895:4126:590:4126',
  override_active: false,
  compaction_required: false,
  threshold_episode_decision: 'none'
}

stdout | tests/integration/standalone-agent-run-root/native-root-termination.integration.test.ts > whole-host termination result is later than actual child-root inactivity > agent_team: later-host-failure
AgentExternalEventNotifier (NotifierID: b482a376-ecc8-48a0-bb91-0e9ecd8ed854, AgentID: recovery_tester_1800) emitted agent_status. Kwarg keys for emit: agent_id,payload

stdout | tests/integration/standalone-agent-run-root/native-root-termination.integration.test.ts > whole-host termination result is later than actual child-root inactivity > agent_team: later-host-failure
AgentExternalEventNotifier (NotifierID: b482a376-ecc8-48a0-bb91-0e9ecd8ed854, AgentID: recovery_tester_1800) emitted agent_data_assistant_complete_response. Kwarg keys for emit: agent_id,payload

stdout | tests/integration/standalone-agent-run-root/native-root-termination.integration.test.ts > whole-host termination result is later than actual child-root inactivity > agent_team: later-host-failure
AgentExternalEventNotifier (NotifierID: b482a376-ecc8-48a0-bb91-0e9ecd8ed854, AgentID: recovery_tester_1800) emitted agent_turn_completed. Kwarg keys for emit: agent_id,payload

stdout | tests/integration/standalone-agent-run-root/native-root-termination.integration.test.ts > whole-host termination result is later than actual child-root inactivity > agent_team: later-host-failure
AgentExternalEventNotifier (NotifierID: b482a376-ecc8-48a0-bb91-0e9ecd8ed854, AgentID: recovery_tester_1800) emitted agent_status. Kwarg keys for emit: agent_id,payload

stdout | tests/integration/standalone-agent-run-root/native-root-termination.integration.test.ts > whole-host termination result is later than actual child-root inactivity > agent_team: later-host-failure
AgentExternalEventNotifier (NotifierID: b482a376-ecc8-48a0-bb91-0e9ecd8ed854, AgentID: recovery_tester_1800) emitted agent_status. Kwarg keys for emit: agent_id,payload

stdout | tests/integration/standalone-agent-run-root/native-root-termination.integration.test.ts > whole-host termination result is later than actual child-root inactivity > agent_team: later-host-failure
AgentExternalEventNotifier (NotifierID: b482a376-ecc8-48a0-bb91-0e9ecd8ed854, AgentID: recovery_tester_1800) emitted agent_turn_started. Kwarg keys for emit: agent_id,payload

stdout | tests/integration/standalone-agent-run-root/native-root-termination.integration.test.ts > whole-host termination result is later than actual child-root inactivity > agent_team: later-host-failure
AgentExternalEventNotifier (NotifierID: b482a376-ecc8-48a0-bb91-0e9ecd8ed854, AgentID: recovery_tester_1800) emitted agent_status. Kwarg keys for emit: agent_id,payload

stdout | tests/integration/standalone-agent-run-root/native-root-termination.integration.test.ts > whole-host termination result is later than actual child-root inactivity > agent_team: later-host-failure
AgentExternalEventNotifier (NotifierID: b482a376-ecc8-48a0-bb91-0e9ecd8ed854, AgentID: recovery_tester_1800) emitted agent_status. Kwarg keys for emit: agent_id,payload

stdout | tests/integration/standalone-agent-run-root/native-root-termination.integration.test.ts > whole-host termination result is later than actual child-root inactivity > agent_team: later-host-failure
AgentExternalEventNotifier (NotifierID: b482a376-ecc8-48a0-bb91-0e9ecd8ed854, AgentID: recovery_tester_1800) emitted agent_token_usage_updated. Kwarg keys for emit: agent_id,payload
compaction_budget_evaluated {
  agent_id: 'recovery_tester_1800',
  prompt_tokens: 200,
  effective_total_context_tokens: 12000,
  context_derived_input_cap_tokens: 11800,
  provider_input_cap_tokens: null,
  effective_input_cap_tokens: 11800,
  reserved_output_tokens: 200,
  safety_margin_tokens: 10,
  input_budget_tokens: 11790,
  compaction_ratio: 0.5,
  trigger_threshold_tokens: 5895,
  trigger_headroom_tokens: 590,
  quality_retention_cap_tokens: 4126,
  post_compaction_target_tokens: 4126,
  budget_key: '11790:5895:4126:590:4126',
  override_active: false,
  compaction_required: false,
  threshold_episode_decision: 'none'
}

stdout | tests/integration/standalone-agent-run-root/native-root-termination.integration.test.ts > whole-host termination result is later than actual child-root inactivity > agent_team: later-host-failure
AgentExternalEventNotifier (NotifierID: b482a376-ecc8-48a0-bb91-0e9ecd8ed854, AgentID: recovery_tester_1800) emitted agent_status. Kwarg keys for emit: agent_id,payload

stdout | tests/integration/standalone-agent-run-root/native-root-termination.integration.test.ts > whole-host termination result is later than actual child-root inactivity > agent_team: later-host-failure
AgentExternalEventNotifier (NotifierID: b482a376-ecc8-48a0-bb91-0e9ecd8ed854, AgentID: recovery_tester_1800) emitted agent_data_assistant_complete_response. Kwarg keys for emit: agent_id,payload

stdout | tests/integration/standalone-agent-run-root/native-root-termination.integration.test.ts > whole-host termination result is later than actual child-root inactivity > agent_team: later-host-failure
AgentExternalEventNotifier (NotifierID: b482a376-ecc8-48a0-bb91-0e9ecd8ed854, AgentID: recovery_tester_1800) emitted agent_turn_completed. Kwarg keys for emit: agent_id,payload

stdout | tests/integration/standalone-agent-run-root/native-root-termination.integration.test.ts > whole-host termination result is later than actual child-root inactivity > agent_team: later-host-failure
AgentExternalEventNotifier (NotifierID: b482a376-ecc8-48a0-bb91-0e9ecd8ed854, AgentID: recovery_tester_1800) emitted agent_status. Kwarg keys for emit: agent_id,payload

stdout | tests/integration/standalone-agent-run-root/native-root-termination.integration.test.ts > whole-host termination result is later than actual child-root inactivity > agent_team: later-host-failure
AgentExternalEventNotifier (NotifierID: b482a376-ecc8-48a0-bb91-0e9ecd8ed854, AgentID: recovery_tester_1800) emitted agent_status. Kwarg keys for emit: agent_id,payload

stdout | tests/integration/standalone-agent-run-root/native-root-termination.integration.test.ts > whole-host termination result is later than actual child-root inactivity > agent_team: later-host-failure
AgentExternalEventNotifier (NotifierID: b482a376-ecc8-48a0-bb91-0e9ecd8ed854, AgentID: recovery_tester_1800) emitted agent_turn_started. Kwarg keys for emit: agent_id,payload

stdout | tests/integration/standalone-agent-run-root/native-root-termination.integration.test.ts > whole-host termination result is later than actual child-root inactivity > agent_team: later-host-failure
AgentExternalEventNotifier (NotifierID: b482a376-ecc8-48a0-bb91-0e9ecd8ed854, AgentID: recovery_tester_1800) emitted agent_status. Kwarg keys for emit: agent_id,payload

stdout | tests/integration/standalone-agent-run-root/native-root-termination.integration.test.ts > whole-host termination result is later than actual child-root inactivity > agent_team: later-host-failure
AgentExternalEventNotifier (NotifierID: b482a376-ecc8-48a0-bb91-0e9ecd8ed854, AgentID: recovery_tester_1800) emitted agent_status. Kwarg keys for emit: agent_id,payload

stdout | tests/integration/standalone-agent-run-root/native-root-termination.integration.test.ts > whole-host termination result is later than actual child-root inactivity > agent_team: later-host-failure
AgentExternalEventNotifier (NotifierID: b482a376-ecc8-48a0-bb91-0e9ecd8ed854, AgentID: recovery_tester_1800) emitted agent_token_usage_updated. Kwarg keys for emit: agent_id,payload
compaction_budget_evaluated {
  agent_id: 'recovery_tester_1800',
  prompt_tokens: 200,
  effective_total_context_tokens: 12000,
  context_derived_input_cap_tokens: 11800,
  provider_input_cap_tokens: null,
  effective_input_cap_tokens: 11800,
  reserved_output_tokens: 200,
  safety_margin_tokens: 10,
  input_budget_tokens: 11790,
  compaction_ratio: 0.5,
  trigger_threshold_tokens: 5895,
  trigger_headroom_tokens: 590,
  quality_retention_cap_tokens: 4126,
  post_compaction_target_tokens: 4126,
  budget_key: '11790:5895:4126:590:4126',
  override_active: false,
  compaction_required: false,
  threshold_episode_decision: 'none'
}

stdout | tests/integration/standalone-agent-run-root/native-root-termination.integration.test.ts > whole-host termination result is later than actual child-root inactivity > agent_team: later-host-failure
AgentExternalEventNotifier (NotifierID: b482a376-ecc8-48a0-bb91-0e9ecd8ed854, AgentID: recovery_tester_1800) emitted agent_status. Kwarg keys for emit: agent_id,payload

stdout | tests/integration/standalone-agent-run-root/native-root-termination.integration.test.ts > whole-host termination result is later than actual child-root inactivity > agent_team: later-host-failure
AgentExternalEventNotifier (NotifierID: b482a376-ecc8-48a0-bb91-0e9ecd8ed854, AgentID: recovery_tester_1800) emitted agent_data_assistant_complete_response. Kwarg keys for emit: agent_id,payload

stdout | tests/integration/standalone-agent-run-root/native-root-termination.integration.test.ts > whole-host termination result is later than actual child-root inactivity > agent_team: later-host-failure
AgentExternalEventNotifier (NotifierID: b482a376-ecc8-48a0-bb91-0e9ecd8ed854, AgentID: recovery_tester_1800) emitted agent_turn_completed. Kwarg keys for emit: agent_id,payload

stdout | tests/integration/standalone-agent-run-root/native-root-termination.integration.test.ts > whole-host termination result is later than actual child-root inactivity > agent_team: later-host-failure
AgentExternalEventNotifier (NotifierID: b482a376-ecc8-48a0-bb91-0e9ecd8ed854, AgentID: recovery_tester_1800) emitted agent_status. Kwarg keys for emit: agent_id,payload

stdout | tests/integration/standalone-agent-run-root/native-root-termination.integration.test.ts > whole-host termination result is later than actual child-root inactivity > agent_team: later-host-failure
AgentExternalEventNotifier (NotifierID: b482a376-ecc8-48a0-bb91-0e9ecd8ed854, AgentID: recovery_tester_1800) emitted agent_status. Kwarg keys for emit: agent_id,payload

stdout | tests/integration/standalone-agent-run-root/native-root-termination.integration.test.ts > whole-host termination result is later than actual child-root inactivity > agent_team: later-host-failure
AgentExternalEventNotifier (NotifierID: b482a376-ecc8-48a0-bb91-0e9ecd8ed854, AgentID: recovery_tester_1800) emitted agent_turn_started. Kwarg keys for emit: agent_id,payload

stdout | tests/integration/standalone-agent-run-root/native-root-termination.integration.test.ts > whole-host termination result is later than actual child-root inactivity > agent_team: later-host-failure
AgentExternalEventNotifier (NotifierID: b482a376-ecc8-48a0-bb91-0e9ecd8ed854, AgentID: recovery_tester_1800) emitted agent_status. Kwarg keys for emit: agent_id,payload

stdout | tests/integration/standalone-agent-run-root/native-root-termination.integration.test.ts > whole-host termination result is later than actual child-root inactivity > agent_team: later-host-failure
AgentExternalEventNotifier (NotifierID: b482a376-ecc8-48a0-bb91-0e9ecd8ed854, AgentID: recovery_tester_1800) emitted agent_status. Kwarg keys for emit: agent_id,payload

stdout | tests/integration/standalone-agent-run-root/native-root-termination.integration.test.ts > whole-host termination result is later than actual child-root inactivity > agent_team: later-host-failure
AgentExternalEventNotifier (NotifierID: b482a376-ecc8-48a0-bb91-0e9ecd8ed854, AgentID: recovery_tester_1800) emitted agent_status. Kwarg keys for emit: agent_id,payload
compaction_started {
  agent_id: 'recovery_tester_1800',
  turn_id: 'turn_0004',
  compaction_operation_id: 'compaction_operation_muw9dqna_1',
  requested_turn_id: 'request',
  execution_turn_id: 'turn_0004',
  selected_block_count: 3,
  raw_trace_count: 3,
  phase: 'started'
}
AgentExternalEventNotifier (NotifierID: b482a376-ecc8-48a0-bb91-0e9ecd8ed854, AgentID: recovery_tester_1800) emitted agent_compaction_status_updated. Kwarg keys for emit: agent_id,payload

stderr | tests/integration/standalone-agent-run-root/native-root-termination.integration.test.ts > whole-host termination result is later than actual child-root inactivity > agent_team: later-host-failure
compaction_failed {
  agent_id: 'recovery_tester_1800',
  turn_id: 'turn_0004',
  compaction_operation_id: 'compaction_operation_muw9dqna_1',
  requested_turn_id: 'request',
  execution_turn_id: 'turn_0004',
  selected_block_count: 3,
  raw_trace_count: 3,
  phase: 'failed',
  error_message: 'Memory compaction failed before dispatch [execution_failure]: controlled recovery'
}

stdout | tests/integration/standalone-agent-run-root/native-root-termination.integration.test.ts > whole-host termination result is later than actual child-root inactivity > agent_team: later-host-failure
AgentExternalEventNotifier (NotifierID: b482a376-ecc8-48a0-bb91-0e9ecd8ed854, AgentID: recovery_tester_1800) emitted agent_compaction_status_updated. Kwarg keys for emit: agent_id,payload

stdout | tests/integration/standalone-agent-run-root/native-root-termination.integration.test.ts > whole-host termination result is later than actual child-root inactivity > agent_team: later-host-failure
AgentExternalEventNotifier (NotifierID: b482a376-ecc8-48a0-bb91-0e9ecd8ed854, AgentID: recovery_tester_1800) emitted agent_error_output_generation. Kwarg keys for emit: agent_id,payload

stdout | tests/integration/standalone-agent-run-root/native-root-termination.integration.test.ts > whole-host termination result is later than actual child-root inactivity > agent_team: later-host-failure
AgentExternalEventNotifier (NotifierID: b482a376-ecc8-48a0-bb91-0e9ecd8ed854, AgentID: recovery_tester_1800) emitted agent_compaction_blocked. Kwarg keys for emit: agent_id,payload
AgentExternalEventNotifier (NotifierID: b482a376-ecc8-48a0-bb91-0e9ecd8ed854, AgentID: recovery_tester_1800) emitted agent_status. Kwarg keys for emit: agent_id,payload

stdout | tests/integration/standalone-agent-run-root/native-root-termination.integration.test.ts > whole-host termination result is later than actual child-root inactivity > agent_team: later-host-failure
Agent 'recovery_tester_1800' requesting runtime interrupt.

stdout | tests/integration/standalone-agent-run-root/native-root-termination.integration.test.ts > whole-host termination result is later than actual child-root inactivity > agent_team: later-host-failure
AgentExternalEventNotifier (NotifierID: b482a376-ecc8-48a0-bb91-0e9ecd8ed854, AgentID: recovery_tester_1800) emitted agent_turn_interrupted. Kwarg keys for emit: agent_id,payload

stdout | tests/integration/standalone-agent-run-root/native-root-termination.integration.test.ts > whole-host termination result is later than actual child-root inactivity > agent_team: later-host-failure
AgentExternalEventNotifier (NotifierID: b482a376-ecc8-48a0-bb91-0e9ecd8ed854, AgentID: recovery_tester_1800) emitted agent_compaction_blocked. Kwarg keys for emit: agent_id,payload
AgentExternalEventNotifier (NotifierID: b482a376-ecc8-48a0-bb91-0e9ecd8ed854, AgentID: recovery_tester_1800) emitted agent_status. Kwarg keys for emit: agent_id,payload

stdout | tests/integration/standalone-agent-run-root/native-root-termination.integration.test.ts > whole-host termination result is later than actual child-root inactivity > agent_team: later-host-failure
Agent 'recovery_tester_1800' requesting runtime interrupt.
AgentExternalEventNotifier (NotifierID: b482a376-ecc8-48a0-bb91-0e9ecd8ed854, AgentID: recovery_tester_1800) emitted agent_compaction_blocked. Kwarg keys for emit: agent_id,payload
AgentExternalEventNotifier (NotifierID: b482a376-ecc8-48a0-bb91-0e9ecd8ed854, AgentID: recovery_tester_1800) emitted agent_status. Kwarg keys for emit: agent_id,payload

stdout | tests/integration/standalone-agent-run-root/native-root-termination.integration.test.ts > whole-host termination result is later than actual child-root inactivity > agent_team: later-host-failure
Agent 'recovery_tester_1800' requesting runtime to stop (timeout: 2s).

stdout | tests/integration/standalone-agent-run-root/native-root-termination.integration.test.ts > whole-host termination result is later than actual child-root inactivity > agent_team: later-host-failure
AgentExternalEventNotifier (NotifierID: b482a376-ecc8-48a0-bb91-0e9ecd8ed854, AgentID: recovery_tester_1800) emitted agent_status. Kwarg keys for emit: agent_id,payload

stdout | tests/integration/standalone-agent-run-root/native-root-termination.integration.test.ts > whole-host termination result is later than actual child-root inactivity > agent_team: later-host-failure
AgentWorker 'recovery_tester_1800': Stop requested.

stdout | tests/integration/standalone-agent-run-root/native-root-termination.integration.test.ts > whole-host termination result is later than actual child-root inactivity > agent_team: later-host-failure
AgentExternalEventNotifier (NotifierID: b482a376-ecc8-48a0-bb91-0e9ecd8ed854, AgentID: recovery_tester_1800) emitted agent_status. Kwarg keys for emit: agent_id,payload

stdout | tests/integration/standalone-agent-run-root/native-root-termination.integration.test.ts > whole-host termination result is later than actual child-root inactivity > agent_team: later-host-failure
AgentExternalEventNotifier (NotifierID: b482a376-ecc8-48a0-bb91-0e9ecd8ed854, AgentID: recovery_tester_1800) emitted agent_compaction_blocked. Kwarg keys for emit: agent_id,payload
AgentExternalEventNotifier (NotifierID: b482a376-ecc8-48a0-bb91-0e9ecd8ed854, AgentID: recovery_tester_1800) emitted agent_status. Kwarg keys for emit: agent_id,payload
AgentWorker 'recovery_tester_1800' asyncRun() loop has finished.
AgentWorker 'recovery_tester_1800': Running shutdown sequence on worker loop.

stdout | tests/integration/standalone-agent-run-root/native-root-termination.integration.test.ts > whole-host termination result is later than actual child-root inactivity > agent_team: later-host-failure
AgentWorker 'recovery_tester_1800': Shutdown resource cleanup completed successfully.
AgentWorker 'recovery_tester_1800': Shutdown sequence completed.

stdout | tests/integration/standalone-agent-run-root/native-root-termination.integration.test.ts > whole-host termination result is later than actual child-root inactivity > agent_team: later-host-failure
Unregistered AgentContext for agent_id 'recovery_tester_1800'.
AgentRuntime for 'recovery_tester_1800': Context unregistered.

stdout | tests/integration/standalone-agent-run-root/native-root-termination.integration.test.ts > whole-host termination result is later than actual child-root inactivity > agent_team: later-host-failure
AgentRuntime for 'recovery_tester_1800' stop() method completed.

stdout | tests/integration/standalone-agent-run-root/native-root-termination.integration.test.ts > whole-host termination result is later than actual child-root inactivity > agent_team: later-host-failure
AgentEventStream (ID: 7fe7b109-2ad6-43b0-a252-d95b6d3e2764) for 'recovery_tester_1800': close() called. Unsubscribing all listeners and signaling.

stdout | tests/integration/standalone-agent-run-root/native-root-termination.integration.test.ts > whole-host termination result is later than actual child-root inactivity > agent_team: later-host-failure
AgentEventStream (ID: 7fe7b109-2ad6-43b0-a252-d95b6d3e2764) for 'recovery_tester_1800': close() called. Unsubscribing all listeners and signaling.

 ✓ tests/integration/standalone-agent-run-root/native-root-termination.integration.test.ts (6 tests) 1336ms
     ✓ agent: success  641ms
stdout | tests/unit/agent-team-execution/team-root-agent-initiated-collaborators.test.ts
AgentFactory (Singleton) initialized.

stdout | tests/unit/agent-team-execution/team-root-agent-initiated-collaborators.test.ts > agent-initiated collaborators in a Team root > lists eligible definitions with addresses and never writes (AC-002, AR-005)
Platform detection: Windows=false
App root directory: /Users/normy/autobyteus_org/autobyteus-worktrees/task-run-resources-workspace-cleanup/autobyteus-server-ts
App data directory: /Users/normy/autobyteus_org/autobyteus-worktrees/task-run-resources-workspace-cleanup/autobyteus-server-ts

 ✓ tests/unit/agent-team-execution/team-root-agent-initiated-collaborators.test.ts (7 tests) 459ms
 ✓ tests/unit/projects/project-store-per-folder.test.ts (6 tests) 184ms
stdout | tests/unit/agent-team-execution/team-root-collaborators.test.ts
AgentFactory (Singleton) initialized.

stdout | tests/unit/agent-team-execution/team-root-collaborators.test.ts > collaborators hosted in a Team root (AR-006) > includes a hosted collaborator Team's live input snapshots in the root package
Platform detection: Windows=false
App root directory: /Users/normy/autobyteus_org/autobyteus-worktrees/task-run-resources-workspace-cleanup/autobyteus-server-ts
App data directory: /Users/normy/autobyteus_org/autobyteus-worktrees/task-run-resources-workspace-cleanup/autobyteus-server-ts

 ✓ tests/unit/agent-team-execution/team-root-collaborators.test.ts (6 tests) 308ms
stdout | tests/unit/agent-org-execution/agent-org-task-idle-shutdown.test.ts
AgentFactory (Singleton) initialized.

stdout | tests/unit/agent-org-execution/agent-org-task-idle-shutdown.test.ts > Org-root delegated executions: pure spawn, idle shutdown, and wake-on-message > spawns a agent with one tree write, shuts it down after the grace period, and restores it on a message
Platform detection: Windows=false
App root directory: /Users/normy/autobyteus_org/autobyteus-worktrees/task-run-resources-workspace-cleanup/autobyteus-server-ts
App data directory: /Users/normy/autobyteus_org/autobyteus-worktrees/task-run-resources-workspace-cleanup/autobyteus-server-ts

 ✓ tests/unit/agent-org-execution/agent-org-task-idle-shutdown.test.ts (6 tests) 293ms
stdout | tests/unit/standalone-agent-run-root/standalone-agent-run-root.test.ts
AgentFactory (Singleton) initialized.

stdout | tests/unit/standalone-agent-run-root/standalone-agent-run-root.test.ts > Agent root of a standalone run > creates the package on the first admitted mention, hosts each collaborator once, messages it, copies it and restores
Platform detection: Windows=false
App root directory: /Users/normy/autobyteus_org/autobyteus-worktrees/task-run-resources-workspace-cleanup/autobyteus-server-ts
App data directory: /Users/normy/autobyteus_org/autobyteus-worktrees/task-run-resources-workspace-cleanup/autobyteus-server-ts

 ✓ tests/unit/standalone-agent-run-root/standalone-agent-run-root.test.ts (17 tests) 616ms
 ✓ tests/unit/agent-collaboration/task-agent-resource-dispatch.test.ts (30 tests) 650ms
stdout | tests/unit/projects/task-agent-resources.test.ts
AgentFactory (Singleton) initialized.

 ✓ tests/unit/projects/task-agent-resources.test.ts (10 tests) 619ms
stdout | tests/unit/agent-org-execution/agent-org-agent-initiated-collaborators.test.ts
AgentFactory (Singleton) initialized.

stdout | tests/unit/agent-org-execution/agent-org-agent-initiated-collaborators.test.ts > agent-initiated collaborators and team instances in an AgentOrg > a copy of a mounted Team reaches its own members, not the mounted Team's (REQ-007 behavior change)
Platform detection: Windows=false
App root directory: /Users/normy/autobyteus_org/autobyteus-worktrees/task-run-resources-workspace-cleanup/autobyteus-server-ts
App data directory: /Users/normy/autobyteus_org/autobyteus-worktrees/task-run-resources-workspace-cleanup/autobyteus-server-ts

 ✓ tests/unit/agent-org-execution/agent-org-agent-initiated-collaborators.test.ts (5 tests) 309ms
stdout | tests/unit/agent-team-execution/inter-agent-message-router-claude-input-admission.test.ts
AgentFactory (Singleton) initialized.

stdout | tests/unit/agent-team-execution/inter-agent-message-router-claude-input-admission.test.ts > InterAgentMessageRouter Claude input admission > delivers a task-peer message into the running Claude turn without waiting for it to end (AC-004)
Platform detection: Windows=false
App root directory: /Users/normy/autobyteus_org/autobyteus-worktrees/task-run-resources-workspace-cleanup/autobyteus-server-ts
App data directory: /Users/normy/autobyteus_org/autobyteus-worktrees/task-run-resources-workspace-cleanup/autobyteus-server-ts

stdout | tests/unit/agent-team-execution/inter-agent-message-router-claude-input-admission.test.ts
prisma:info Starting a sqlite pool with 21 connections.

 ✓ tests/unit/agent-team-execution/inter-agent-message-router-claude-input-admission.test.ts (1 test) 21ms
stdout | tests/unit/agent-org-execution/agent-org-collaborators.test.ts
AgentFactory (Singleton) initialized.

stdout | tests/unit/agent-org-execution/agent-org-collaborators.test.ts > collaborators brought into an AgentOrg run with @ > admits mentions on SEND_MESSAGE, streams collaborator_added and posts the composed note
Platform detection: Windows=false
App root directory: /Users/normy/autobyteus_org/autobyteus-worktrees/task-run-resources-workspace-cleanup/autobyteus-server-ts
App data directory: /Users/normy/autobyteus_org/autobyteus-worktrees/task-run-resources-workspace-cleanup/autobyteus-server-ts

 ✓ tests/unit/agent-org-execution/agent-org-collaborators.test.ts (5 tests) 251ms
stdout | tests/unit/agent-team-execution/team-run-model-selection-save.test.ts
AgentFactory (Singleton) initialized.

 ✓ tests/unit/agent-team-execution/team-run-model-selection-save.test.ts (12 tests) 179ms
stdout | tests/unit/agent-org-execution/agent-org-execution-tree-location-service.test.ts
AgentFactory (Singleton) initialized.

 ✓ tests/unit/agent-org-execution/agent-org-execution-tree-location-service.test.ts (5 tests) 103ms
 ✓ tests/unit/run-history/removed-skill-access-mode-record-tolerance.test.ts (7 tests) 121ms
 ✓ tests/unit/run-history/services/collaboration-run-history-index-repair.test.ts (3 tests) 104ms
stdout | tests/unit/run-history/services/collaboration-root-history-readiness.test.ts
AgentFactory (Singleton) initialized.

 ✓ tests/unit/run-history/services/collaboration-root-history-readiness.test.ts (1 test) 61ms
stdout | tests/unit/agent-org-execution/agent-org-run-inspection.test.ts
AgentFactory (Singleton) initialized.

stderr | tests/unit/agent-org-execution/agent-org-run-inspection.test.ts > distinguishes a real empty local task trace from a physical read failure without provider activation
Memory file missing: /var/folders/7w/9r4_s1_s42z3f7c136bpjf0r0000gn/T/org-inspection-oWZtIh/agent_orgs/org/task-run/raw_traces_active.jsonl

 ✓ tests/unit/agent-org-execution/agent-org-run-inspection.test.ts (7 tests) 232ms
 ✓ tests/unit/run-history/services/team-run-package-catalog.test.ts (2 tests) 89ms
stdout | tests/unit/agent-collaboration/task-terminal-publication-lifecycle.test.ts
AgentFactory (Singleton) initialized.

 ✓ tests/unit/agent-collaboration/task-terminal-publication-lifecycle.test.ts (39 tests) 197ms
stdout | tests/unit/run-history/services/agent-run-view-projection-service.test.ts
AgentFactory (Singleton) initialized.

stderr | tests/unit/run-history/services/agent-run-view-projection-service.test.ts > AgentRunViewProjectionService > keeps Codex projection empty when local replay history is missing
Memory file missing: /var/folders/7w/9r4_s1_s42z3f7c136bpjf0r0000gn/T/run-projection-service-lhGyTn/agents/run-codex-missing-local/raw_traces_active.jsonl

stderr | tests/unit/run-history/services/agent-run-view-projection-service.test.ts > AgentRunViewProjectionService > returns deterministic empty projection when the local replay provider fails
[AgentRunViewProjectionService] local replay projection failed for run 'run-local-provider-fails' (autobyteus): Error: local replay failed

 ✓ tests/unit/run-history/services/agent-run-view-projection-service.test.ts (8 tests) 50ms
stderr | tests/unit/run-history/store/agent-run-history-index-store.test.ts > AgentRunHistoryIndexStore > does not treat legacy V1 status rows as a normal source catalog
Invalid run history index file format: /var/folders/7w/9r4_s1_s42z3f7c136bpjf0r0000gn/T/agent-run-history-index-store-nwGyJS/run_history_index.json

stderr | tests/unit/run-history/store/agent-run-history-index-store.test.ts > AgentRunHistoryIndexStore > does not treat a file-level version wrapper as the standalone source catalog
Invalid run history index file format: /var/folders/7w/9r4_s1_s42z3f7c136bpjf0r0000gn/T/agent-run-history-index-store-ckFZMJ/run_history_index.json

stderr | tests/unit/run-history/store/agent-run-history-index-store.test.ts > AgentRunHistoryIndexStore > rejects plain V2 rows that the catalog cannot normalize
Invalid run history index file format: /var/folders/7w/9r4_s1_s42z3f7c136bpjf0r0000gn/T/agent-run-history-index-store-Wpuzn8/run_history_index.json

 ✓ tests/unit/run-history/store/agent-run-history-index-store.test.ts (5 tests) 24ms
 ✓ tests/unit/run-history/team-run-file-commit-writer.test.ts (2 tests) 34ms
stdout | tests/unit/run-history/services/collaboration-run-history-existing-index.test.ts
AgentFactory (Singleton) initialized.

 ✓ tests/unit/run-history/services/collaboration-run-history-existing-index.test.ts (2 tests) 36ms
stdout | tests/unit/agent-org-execution/agent-org-execution-scope-builder.test.ts
AgentFactory (Singleton) initialized.

 ✓ tests/unit/agent-org-execution/agent-org-execution-scope-builder.test.ts (1 test) 92ms
stdout | tests/unit/agent-org-execution/agent-org-run-manager-lifecycle.test.ts
AgentFactory (Singleton) initialized.

 ✓ tests/unit/agent-org-execution/agent-org-run-manager-lifecycle.test.ts (6 tests) 114ms
stdout | tests/unit/run-history/projection/local-memory-run-view-projection-provider.test.ts
AgentFactory (Singleton) initialized.

 ✓ tests/unit/run-history/projection/local-memory-run-view-projection-provider.test.ts (9 tests) 18ms
stdout | tests/unit/agent-team-execution/flat-team-execution-manager-routing.test.ts
AgentFactory (Singleton) initialized.

 ✓ tests/unit/agent-team-execution/flat-team-execution-manager-routing.test.ts (7 tests) 118ms
 ✓ tests/unit/standalone-agent-run-root/standalone-host-agent-handle.test.ts (3 tests) 108ms
 ✓ tests/unit/run-history/atomic-run-package-file-commit-writer.test.ts (2 tests) 30ms
 ✓ tests/unit/run-history/team-run-current-package-schema.test.ts (5 tests) 36ms
 ✓ tests/unit/run-history/store/atomic-json-file-writer.test.ts (1 test) 35ms
 ✓ tests/unit/run-history/services/agent-run-history-index-service.test.ts (1 test) 15ms
stdout | tests/unit/api/graphql/types/agent-org-run-config.test.ts
AgentFactory (Singleton) initialized.

(node:60885) ExperimentalWarning: SQLite is an experimental feature and might change at any time
(Use `node --trace-warnings ...` to show where the warning was created)
 ✓ tests/unit/api/graphql/types/agent-org-run-config.test.ts (3 tests) 68ms
stdout | tests/unit/services/agent-streaming/agent-org-stream-handler.test.ts
AgentFactory (Singleton) initialized.

 ✓ tests/unit/services/agent-streaming/agent-org-stream-handler.test.ts (11 tests) 75ms
stdout | tests/unit/services/agent-streaming/collaboration-public-tree-projection.test.ts
AgentFactory (Singleton) initialized.

 ✓ tests/unit/services/agent-streaming/collaboration-public-tree-projection.test.ts (26 tests) 55ms
 ✓ tests/unit/run-history/agent-org-run-execution-tree-tolerance.test.ts (3 tests) 28ms
stdout | tests/unit/agent-org-execution/agent-org-run-termination.test.ts
AgentFactory (Singleton) initialized.

stdout | tests/unit/agent-org-execution/agent-org-run-termination.test.ts > AgentOrgRun termination stabilization > freezes and fences every direct/mounted Agent scope before task and persistence drain
Platform detection: Windows=false
App root directory: /Users/normy/autobyteus_org/autobyteus-worktrees/task-run-resources-workspace-cleanup/autobyteus-server-ts
App data directory: /Users/normy/autobyteus_org/autobyteus-worktrees/task-run-resources-workspace-cleanup/autobyteus-server-ts

 ✓ tests/unit/agent-org-execution/agent-org-run-termination.test.ts (6 tests) 67ms
stdout | tests/unit/agent-collaboration/configured-agent-execution-handle.test.ts
AgentFactory (Singleton) initialized.

 ✓ tests/unit/agent-collaboration/configured-agent-execution-handle.test.ts (21 tests) 33ms
stdout | tests/unit/agent-org-execution/agent-org-member-scope.test.ts
AgentFactory (Singleton) initialized.

stdout | tests/unit/agent-org-execution/agent-org-member-scope.test.ts > AgentOrg member collaboration scope (CR-001) > a mounted Team member keeps its cross-placement Org handoffs and its Team instruction (AC-012)
Platform detection: Windows=false
App root directory: /Users/normy/autobyteus_org/autobyteus-worktrees/task-run-resources-workspace-cleanup/autobyteus-server-ts
App data directory: /Users/normy/autobyteus_org/autobyteus-worktrees/task-run-resources-workspace-cleanup/autobyteus-server-ts

 ✓ tests/unit/agent-org-execution/agent-org-member-scope.test.ts (3 tests) 7ms
 ✓ tests/unit/run-history/store/agent-run-metadata-store.test.ts (3 tests) 56ms
stdout | tests/unit/api/graphql/types/definition-catalog-refresh.test.ts
AgentFactory (Singleton) initialized.

(node:60900) ExperimentalWarning: SQLite is an experimental feature and might change at any time
(Use `node --trace-warnings ...` to show where the warning was created)
 ✓ tests/unit/api/graphql/types/definition-catalog-refresh.test.ts (3 tests) 48ms
stdout | tests/unit/agent-team-execution/root-team-run-termination.test.ts
AgentFactory (Singleton) initialized.

stdout | tests/unit/agent-team-execution/root-team-run-termination.test.ts > RootTeamRun termination stabilization > closes admission synchronously and joins an admitted materializing command before freezing
Platform detection: Windows=false
App root directory: /Users/normy/autobyteus_org/autobyteus-worktrees/task-run-resources-workspace-cleanup/autobyteus-server-ts
App data directory: /Users/normy/autobyteus_org/autobyteus-worktrees/task-run-resources-workspace-cleanup/autobyteus-server-ts

 ✓ tests/unit/agent-team-execution/root-team-run-termination.test.ts (3 tests) 57ms
 ✓ tests/unit/run-history/store/team-run-history-index-store.test.ts (3 tests) 52ms
stdout | tests/unit/agent-org-execution/agent-org-communication-presentation.test.ts
AgentFactory (Singleton) initialized.

stdout | tests/unit/agent-org-execution/agent-org-communication-presentation.test.ts > AgentOrg committed communication presentation > publishes one root row then the configured receiver input before releasing delivery
Platform detection: Windows=false
App root directory: /Users/normy/autobyteus_org/autobyteus-worktrees/task-run-resources-workspace-cleanup/autobyteus-server-ts
App data directory: /Users/normy/autobyteus_org/autobyteus-worktrees/task-run-resources-workspace-cleanup/autobyteus-server-ts

 ✓ tests/unit/agent-org-execution/agent-org-communication-presentation.test.ts (15 tests) 39ms
stdout | tests/unit/agent-org-execution/agent-org-task-shutdown-event-retirement.test.ts
AgentFactory (Singleton) initialized.

stdout | tests/unit/agent-org-execution/agent-org-task-shutdown-event-retirement.test.ts > AgentOrg mounted-Team delegated execution shutdown event retirement > retires the child's teardown events, keeps the execution in the tree, and publishes one offline status
Platform detection: Windows=false
App root directory: /Users/normy/autobyteus_org/autobyteus-worktrees/task-run-resources-workspace-cleanup/autobyteus-server-ts
App data directory: /Users/normy/autobyteus_org/autobyteus-worktrees/task-run-resources-workspace-cleanup/autobyteus-server-ts

 ✓ tests/unit/agent-org-execution/agent-org-task-shutdown-event-retirement.test.ts (1 test) 10ms
 ✓ tests/unit/agent-collaboration/task-agent-resource-tree-scope.test.ts (17 tests) 20ms
stdout | tests/unit/agent-collaboration/task-agent-resource-quiet-generation.test.ts
AgentFactory (Singleton) initialized.

stdout | tests/unit/agent-collaboration/task-agent-resource-quiet-generation.test.ts > agent quiet-generation exact Task release > coordinator-only follow-up preserves verified nested Agent/Team/grandchild proof and separately stops sibling helper
Platform detection: Windows=false
App root directory: /Users/normy/autobyteus_org/autobyteus-worktrees/task-run-resources-workspace-cleanup/autobyteus-server-ts
App data directory: /Users/normy/autobyteus_org/autobyteus-worktrees/task-run-resources-workspace-cleanup/autobyteus-server-ts

 ✓ tests/unit/agent-collaboration/task-agent-resource-quiet-generation.test.ts (9 tests) 32ms
 ✓ tests/unit/run-history/team-member-run-view-projection-service.import.test.ts (1 test) 11ms
 ✓ tests/unit/api/graphql/types/definition-admission.test.ts (1 test) 15ms
stdout | tests/unit/agent-org-execution/agent-org-task-publication.test.ts
AgentFactory (Singleton) initialized.

 ✓ tests/unit/agent-org-execution/agent-org-task-publication.test.ts (6 tests) 12ms
stdout | tests/unit/services/agent-streaming/agent-stream-handler.test.ts
AgentFactory (Singleton) initialized.

stdout | tests/unit/services/agent-streaming/agent-stream-handler.test.ts > AgentStreamHandler > connects to a run identity and sends CONNECTED plus projected status without restoring runtime
Created agent session b50779af-2711-463b-bcc2-a8e5479c0a99 for run agent-123
Agent WebSocket connected: session=b50779af-2711-463b-bcc2-a8e5479c0a99, run=agent-123

stdout | tests/unit/services/agent-streaming/agent-stream-handler.test.ts > AgentStreamHandler > connects to run events through the AgentRun subject for active runtime-managed runs
Created agent session b38a1ffc-c75d-4a46-8484-a1a5181a99fb for run runtime-run-1
Agent WebSocket connected: session=b38a1ffc-c75d-4a46-8484-a1a5181a99fb, run=runtime-run-1

stdout | tests/unit/services/agent-streaming/agent-stream-handler.test.ts > AgentStreamHandler > maps Codex AgentRunEvents directly to websocket messages for single-agent runs
Created agent session 9b736a25-dfff-4563-8d23-6c72dbac7327 for run runtime-run-2
Agent WebSocket connected: session=9b736a25-dfff-4563-8d23-6c72dbac7327, run=runtime-run-2

stdout | tests/unit/services/agent-streaming/agent-stream-handler.test.ts > AgentStreamHandler > maps turn lifecycle AgentRunEvents directly to websocket messages
Created agent session 6b23c52f-515c-4dec-86e8-c248ab854002 for run runtime-run-3
Agent WebSocket connected: session=6b23c52f-515c-4dec-86e8-c248ab854002, run=runtime-run-3

stdout | tests/unit/services/agent-streaming/agent-stream-handler.test.ts > AgentStreamHandler > registers the websocket connection for run-scoped live message broadcasts
Created agent session a02486fe-98f5-429b-858b-fc3e529b2714 for run agent-123
Agent WebSocket connected: session=a02486fe-98f5-429b-858b-fc3e529b2714, run=agent-123

stdout | tests/unit/services/agent-streaming/agent-stream-handler.test.ts > AgentStreamHandler > publishes terminal offline status to an already-connected websocket when a run terminates
Created agent session ae1b3bf0-b724-444f-83dc-af8cf6afda58 for run run-terminate-1
Agent WebSocket connected: session=ae1b3bf0-b724-444f-83dc-af8cf6afda58, run=run-terminate-1

stdout | tests/unit/services/agent-streaming/agent-stream-handler.test.ts > AgentStreamHandler > handles SEND_MESSAGE through the command coordinator and returns an ACK
Created agent session e05f9e57-73e3-427f-b9ce-b44a4beffd95 for run agent-123
Agent WebSocket connected: session=e05f9e57-73e3-427f-b9ce-b44a4beffd95, run=agent-123

stdout | tests/unit/services/agent-streaming/agent-stream-handler.test.ts > AgentStreamHandler > defers runtime binding on identity-only connect until SEND_MESSAGE activates through the coordinator
Created agent session 7400d81a-26db-41a9-ab04-2f186745c834 for run agent-123
Agent WebSocket connected: session=7400d81a-26db-41a9-ab04-2f186745c834, run=agent-123

stdout | tests/unit/services/agent-streaming/agent-stream-handler.test.ts > AgentStreamHandler > keeps interrupt-generation active-only and does not activate a stopped agent run
Created agent session 477e6e18-42e7-4045-b6e9-43f029478842 for run agent-123
Agent WebSocket connected: session=477e6e18-42e7-4045-b6e9-43f029478842, run=agent-123

stderr | tests/unit/services/agent-streaming/agent-stream-handler.test.ts > AgentStreamHandler > keeps interrupt-generation active-only and does not activate a stopped agent run
INTERRUPT_GENERATION rejected for missing agent run agent-123.

stdout | tests/unit/services/agent-streaming/agent-stream-handler.test.ts > AgentStreamHandler > keeps tool approval active-only: an offline host is not started (AR-002)
Created agent session f6a0132f-1bc6-413e-b80e-291f9ebcf7e3 for run agent-123
Agent WebSocket connected: session=f6a0132f-1bc6-413e-b80e-291f9ebcf7e3, run=agent-123

stderr | tests/unit/services/agent-streaming/agent-stream-handler.test.ts > AgentStreamHandler > keeps tool approval active-only: an offline host is not started (AR-002)
Agent websocket session 'f6a0132f-1bc6-413e-b80e-291f9ebcf7e3' lost its active run subscription for run 'agent-123'.

stderr | tests/unit/services/agent-streaming/agent-stream-handler.test.ts > AgentStreamHandler > keeps tool approval active-only: an offline host is not started (AR-002)
Agent websocket session 'f6a0132f-1bc6-413e-b80e-291f9ebcf7e3' lost its active run subscription for run 'agent-123'.

stdout | tests/unit/services/agent-streaming/agent-stream-handler.test.ts > AgentStreamHandler > returns exactly one same-socket acknowledgement for an accepted interrupt
Created agent session 27b38a73-04d5-489e-ad90-9a0a6f95f271 for run agent-123
Agent WebSocket connected: session=27b38a73-04d5-489e-ad90-9a0a6f95f271, run=agent-123

stdout | tests/unit/services/agent-streaming/agent-stream-handler.test.ts > AgentStreamHandler > rejects an empty interrupt command id before runtime execution
Created agent session 815d2bec-346d-4a2a-b654-dc650fd40fe8 for run agent-123
Agent WebSocket connected: session=815d2bec-346d-4a2a-b654-dc650fd40fe8, run=agent-123

stdout | tests/unit/services/agent-streaming/agent-stream-handler.test.ts > AgentStreamHandler > maps interrupt provider failures without emitting lifecycle status
Created agent session 9baa10da-868b-46a6-bb09-981515447c7a for run agent-123
Agent WebSocket connected: session=9baa10da-868b-46a6-bb09-981515447c7a, run=agent-123

stderr | tests/unit/services/agent-streaming/agent-stream-handler.test.ts > AgentStreamHandler > maps interrupt provider failures without emitting lifecycle status
INTERRUPT_GENERATION rejected for agent run agent-123: [PROVIDER_REJECTED] Cannot interrupt now.

stdout | tests/unit/services/agent-streaming/agent-stream-handler.test.ts > AgentStreamHandler > handles tool approvals for active sessions
Created agent session a974257c-2c8a-4f08-a142-c59be626dfe8 for run agent-123
Agent WebSocket connected: session=a974257c-2c8a-4f08-a142-c59be626dfe8, run=agent-123

stderr | tests/unit/services/agent-streaming/agent-stream-handler.test.ts > AgentStreamHandler > ignores messages for unknown sessions
Message for unknown session: missing

 ✓ tests/unit/services/agent-streaming/agent-stream-handler.test.ts (19 tests) 16ms
 ✓ tests/unit/run-history/projection/codex-run-view-projection-provider.test.ts (8 tests) 15ms
stdout | tests/unit/agent-org-execution/agent-org-run-service-model-selection.test.ts
AgentFactory (Singleton) initialized.

 ✓ tests/unit/agent-org-execution/agent-org-run-service-model-selection.test.ts (11 tests) 14ms
stdout | tests/unit/api/graphql/types/app-data-migrations.test.ts > AppDataMigrationResolver > rebuilds compound current-package admission before a manual TeamRun migration Retry completes
Platform detection: Windows=false
App root directory: /Users/normy/autobyteus_org/autobyteus-worktrees/task-run-resources-workspace-cleanup/autobyteus-server-ts
App data directory: /Users/normy/autobyteus_org/autobyteus-worktrees/task-run-resources-workspace-cleanup/autobyteus-server-ts

 ✓ tests/unit/api/graphql/types/app-data-migrations.test.ts (2 tests) 17ms
 ✓ tests/unit/api/graphql/types/agent-team-run.test.ts (3 tests) 18ms
stdout | tests/unit/agent-collaboration/collaborators/collaborator-admission.test.ts
AgentFactory (Singleton) initialized.

 ✓ tests/unit/agent-collaboration/collaborators/collaborator-admission.test.ts (12 tests) 11ms
 ✓ tests/unit/run-history/services/agent-org-run-history-catalog-service.test.ts (9 tests) 19ms
stdout | tests/unit/services/agent-streaming/agent-team-stream-handler.test.ts
AgentFactory (Singleton) initialized.

stdout | tests/unit/services/agent-streaming/agent-team-stream-handler.test.ts > AgentTeamStreamHandler current root stream > connects with one atomic snapshot (tree, messages, statuses) before lifecycle changes
Created agent session 3e3dacc6-95ba-47b1-bdfb-05fe0eb7b295 for run team-run-root

stdout | tests/unit/services/agent-streaming/agent-team-stream-handler.test.ts > AgentTeamStreamHandler current root stream > connects with one atomic snapshot (tree, messages, statuses) before lifecycle changes
Agent Team WebSocket connected: session=3e3dacc6-95ba-47b1-bdfb-05fe0eb7b295, run=team-run-root

stdout | tests/unit/services/agent-streaming/agent-team-stream-handler.test.ts > AgentTeamStreamHandler current root stream > connects with one atomic snapshot (tree, messages, statuses) before lifecycle changes
Closed agent session 3e3dacc6-95ba-47b1-bdfb-05fe0eb7b295

stdout | tests/unit/services/agent-streaming/agent-team-stream-handler.test.ts > AgentTeamStreamHandler current root stream > streams strict live status N and the following Agent event N+1 after the snapshot barrier
Created agent session 73b56058-8f37-4d24-9263-cf64bfd73f9a for run team-run-root

stdout | tests/unit/services/agent-streaming/agent-team-stream-handler.test.ts > AgentTeamStreamHandler current root stream > streams strict live status N and the following Agent event N+1 after the snapshot barrier
Agent Team WebSocket connected: session=73b56058-8f37-4d24-9263-cf64bfd73f9a, run=team-run-root

stdout | tests/unit/services/agent-streaming/agent-team-stream-handler.test.ts > AgentTeamStreamHandler current root stream > streams strict live status N and the following Agent event N+1 after the snapshot barrier
Closed agent session 73b56058-8f37-4d24-9263-cf64bfd73f9a

stdout | tests/unit/services/agent-streaming/agent-team-stream-handler.test.ts > AgentTeamStreamHandler current root stream > routes SEND_MESSAGE by the exact concrete AgentRun ID and records activity once
Created agent session 6cb792ef-4e0f-4811-bbe1-31d3aefccf90 for run team-run-root

stdout | tests/unit/services/agent-streaming/agent-team-stream-handler.test.ts > AgentTeamStreamHandler current root stream > routes SEND_MESSAGE by the exact concrete AgentRun ID and records activity once
Agent Team WebSocket connected: session=6cb792ef-4e0f-4811-bbe1-31d3aefccf90, run=team-run-root

stdout | tests/unit/services/agent-streaming/agent-team-stream-handler.test.ts > AgentTeamStreamHandler current root stream > routes SEND_MESSAGE by the exact concrete AgentRun ID and records activity once
Closed agent session 6cb792ef-4e0f-4811-bbe1-31d3aefccf90

stdout | tests/unit/services/agent-streaming/agent-team-stream-handler.test.ts > AgentTeamStreamHandler current root stream > reports exact-target rejection without persistent or address fallback
Created agent session 1634af11-0b36-4c3a-9ef1-4d85b42ba055 for run team-run-root

stdout | tests/unit/services/agent-streaming/agent-team-stream-handler.test.ts > AgentTeamStreamHandler current root stream > reports exact-target rejection without persistent or address fallback
Agent Team WebSocket connected: session=1634af11-0b36-4c3a-9ef1-4d85b42ba055, run=team-run-root

stdout | tests/unit/services/agent-streaming/agent-team-stream-handler.test.ts > AgentTeamStreamHandler current root stream > reports exact-target rejection without persistent or address fallback
Closed agent session 1634af11-0b36-4c3a-9ef1-4d85b42ba055

stdout | tests/unit/services/agent-streaming/agent-team-stream-handler.test.ts > AgentTeamStreamHandler current root stream > returns a target-correlated failure when the exact AgentRun rejects message admission
Created agent session 7ccaa0c0-3c3d-4efd-a6c1-7fc9e730397f for run team-run-root

stdout | tests/unit/services/agent-streaming/agent-team-stream-handler.test.ts > AgentTeamStreamHandler current root stream > returns a target-correlated failure when the exact AgentRun rejects message admission
Agent Team WebSocket connected: session=7ccaa0c0-3c3d-4efd-a6c1-7fc9e730397f, run=team-run-root

stdout | tests/unit/services/agent-streaming/agent-team-stream-handler.test.ts > AgentTeamStreamHandler current root stream > returns a target-correlated failure when the exact AgentRun rejects message admission
Closed agent session 7ccaa0c0-3c3d-4efd-a6c1-7fc9e730397f

stdout | tests/unit/services/agent-streaming/agent-team-stream-handler.test.ts > AgentTeamStreamHandler current root stream > returns a target-correlated failure when message execution throws
Created agent session 2b7deb07-a10e-4ba1-be21-d267090a30a7 for run team-run-root

stdout | tests/unit/services/agent-streaming/agent-team-stream-handler.test.ts > AgentTeamStreamHandler current root stream > returns a target-correlated failure when message execution throws
Agent Team WebSocket connected: session=2b7deb07-a10e-4ba1-be21-d267090a30a7, run=team-run-root

stdout | tests/unit/services/agent-streaming/agent-team-stream-handler.test.ts > AgentTeamStreamHandler current root stream > returns a target-correlated failure when message execution throws
Closed agent session 2b7deb07-a10e-4ba1-be21-d267090a30a7

 ✓ tests/unit/services/agent-streaming/agent-team-stream-handler.test.ts (7 tests) 18ms
 ✓ tests/unit/services/agent-streaming/agent-stream-websocket-egress.test.ts (31 tests) 11ms
stdout | tests/unit/agent-org-execution/agent-org-status-snapshot-traversal.test.ts
AgentFactory (Singleton) initialized.

stdout | tests/unit/agent-org-execution/agent-org-status-snapshot-traversal.test.ts > AgentOrg status snapshot traversal > streams every root-owned and recursively Team-owned Agent exactly once across reselect
Platform detection: Windows=false
App root directory: /Users/normy/autobyteus_org/autobyteus-worktrees/task-run-resources-workspace-cleanup/autobyteus-server-ts
App data directory: /Users/normy/autobyteus_org/autobyteus-worktrees/task-run-resources-workspace-cleanup/autobyteus-server-ts

 ✓ tests/unit/agent-org-execution/agent-org-status-snapshot-traversal.test.ts (3 tests) 20ms
stdout | tests/unit/services/agent-streaming/agent-collaboration-stream-handler.test.ts
AgentFactory (Singleton) initialized.

 ✓ tests/unit/services/agent-streaming/agent-collaboration-stream-handler.test.ts (6 tests) 12ms
 ✓ tests/unit/run-history/services/collaboration-run-history-catalog-core.test.ts (4 tests) 13ms
stdout | tests/unit/agent-team-execution/team-run-service.test.ts
AgentFactory (Singleton) initialized.

 ✓ tests/unit/agent-team-execution/team-run-service.test.ts (19 tests) 13ms
stdout | tests/unit/agent-team-execution/team-agent-token-usage-event-transport.test.ts
AgentFactory (Singleton) initialized.

 ✓ tests/unit/agent-team-execution/team-agent-token-usage-event-transport.test.ts (3 tests) 12ms
 ✓ tests/unit/agent-team-execution/flat-team-topology-planner.test.ts (9 tests) 6ms
stdout | tests/unit/agent-org-execution/agent-org-run-manager-restore-self-heal.test.ts
AgentFactory (Singleton) initialized.

 ✓ tests/unit/agent-org-execution/agent-org-run-manager-restore-self-heal.test.ts (5 tests) 31ms
stdout | tests/unit/agent-team-execution/task-agent-execution-registry-memory.test.ts
AgentFactory (Singleton) initialized.

stdout | tests/unit/agent-team-execution/task-agent-execution-registry-memory.test.ts > TaskAgentExecutionRegistry task-agent memory > keeps a fresh task Agent as a leaf in its containing nested TeamRun scope and releases work only after commit
Platform detection: Windows=false
App root directory: /Users/normy/autobyteus_org/autobyteus-worktrees/task-run-resources-workspace-cleanup/autobyteus-server-ts
App data directory: /Users/normy/autobyteus_org/autobyteus-worktrees/task-run-resources-workspace-cleanup/autobyteus-server-ts

 ✓ tests/unit/agent-team-execution/task-agent-execution-registry-memory.test.ts (3 tests) 9ms
 ✓ tests/unit/agent-team-execution/team-agent-background-task-admission.test.ts (3 tests) 9ms
stdout | tests/unit/services/agent-streaming/team-execution-view-projector.test.ts
AgentFactory (Singleton) initialized.

 ✓ tests/unit/services/agent-streaming/team-execution-view-projector.test.ts (9 tests) 12ms
stdout | tests/unit/agent-team-execution/agent-team-run-manager-lifecycle.test.ts
AgentFactory (Singleton) initialized.

stderr | tests/unit/agent-team-execution/agent-team-run-manager-lifecycle.test.ts > AgentTeamRunManager root lifecycle > never unregisters from an inactive read and isolates lifecycle listener failures
RootTeamRun lifecycle listener failed: Error: listener failure
    at /Users/normy/autobyteus_org/autobyteus-worktrees/task-run-resources-workspace-cleanup/autobyteus-server-ts/tests/unit/agent-team-execution/agent-team-run-manager-lifecycle.test.ts:131:62
    at AgentTeamRunManager.notify (/Users/normy/autobyteus_org/autobyteus-worktrees/task-run-resources-workspace-cleanup/autobyteus-server-ts/src/agent-team-execution/services/agent-team-run-manager.ts:475:13)
    at AgentTeamRunManager.register (/Users/normy/autobyteus_org/autobyteus-worktrees/task-run-resources-workspace-cleanup/autobyteus-server-ts/src/agent-team-execution/services/agent-team-run-manager.ts:446:10)
    at register (/Users/normy/autobyteus_org/autobyteus-worktrees/task-run-resources-workspace-cleanup/autobyteus-server-ts/tests/unit/agent-team-execution/agent-team-run-manager-lifecycle.test.ts:47:65)
    at /Users/normy/autobyteus_org/autobyteus-worktrees/task-run-resources-workspace-cleanup/autobyteus-server-ts/tests/unit/agent-team-execution/agent-team-run-manager-lifecycle.test.ts:134:18
    at Proxy.assertThrows (file:///Users/normy/autobyteus_org/autobyteus-worktrees/task-run-resources-workspace-cleanup/node_modules/.pnpm/chai@6.2.2/node_modules/chai/index.js:2798:5)
    at Proxy.methodWrapper (file:///Users/normy/autobyteus_org/autobyteus-worktrees/task-run-resources-workspace-cleanup/node_modules/.pnpm/chai@6.2.2/node_modules/chai/index.js:1700:25)
    at Proxy.<anonymous> (file:///Users/normy/autobyteus_org/autobyteus-worktrees/task-run-resources-workspace-cleanup/node_modules/.pnpm/@vitest+expect@4.0.18/node_modules/@vitest/expect/dist/index.js:1149:12)
    at Proxy.overwritingMethodWrapper (file:///Users/normy/autobyteus_org/autobyteus-worktrees/task-run-resources-workspace-cleanup/node_modules/.pnpm/chai@6.2.2/node_modules/chai/index.js:1750:33)
    at Proxy.<anonymous> (file:///Users/normy/autobyteus_org/autobyteus-worktrees/task-run-resources-workspace-cleanup/node_modules/.pnpm/@vitest+expect@4.0.18/node_modules/@vitest/expect/dist/index.js:1485:16)

 ✓ tests/unit/agent-team-execution/agent-team-run-manager-lifecycle.test.ts (5 tests) 8ms
 ✓ tests/unit/agent-collaboration/root-task-execution-lifecycle.test.ts (16 tests) 10ms
stdout | tests/unit/agent-tools/task-delegation/task-delegation-runtime-descriptions.test.ts
AgentFactory (Singleton) initialized.

 ✓ tests/unit/agent-tools/task-delegation/task-delegation-runtime-descriptions.test.ts (6 tests) 7ms
 ✓ tests/unit/run-history/collaborator-tree-records.test.ts (7 tests) 9ms
stdout | tests/unit/run-history/projection/user-file-attachment-projection.test.ts
AgentFactory (Singleton) initialized.

 ✓ tests/unit/run-history/projection/user-file-attachment-projection.test.ts (14 tests) 9ms
stdout | tests/unit/agent-team-execution/flat-team-private-release-independence.test.ts
AgentFactory (Singleton) initialized.

 ✓ tests/unit/agent-team-execution/flat-team-private-release-independence.test.ts (4 tests) 8ms
 ✓ tests/unit/run-history/services/collaboration-root-history-scoped.test.ts (4 tests) 7ms
 ✓ tests/unit/run-history/services/studio-run-model-config-service.test.ts (6 tests) 7ms
stdout | tests/unit/run-history/services/run-file-change-projection-service.test.ts
AgentFactory (Singleton) initialized.

stdout | tests/unit/run-history/services/run-file-change-projection-service.test.ts > RunFileChangeProjectionService current run identity > reads an active standalone run from the runtime owner
Platform detection: Windows=false
App root directory: /Users/normy/autobyteus_org/autobyteus-worktrees/task-run-resources-workspace-cleanup/autobyteus-server-ts
App data directory: /Users/normy/autobyteus_org/autobyteus-worktrees/task-run-resources-workspace-cleanup/autobyteus-server-ts

 ✓ tests/unit/run-history/services/run-file-change-projection-service.test.ts (6 tests) 8ms
stdout | tests/unit/agent-team-execution/flat-team-execution-factory.test.ts
AgentFactory (Singleton) initialized.

 ✓ tests/unit/agent-team-execution/flat-team-execution-factory.test.ts (4 tests) 4ms
stdout | tests/unit/api/graphql/types/llm-provider.test.ts
AgentFactory (Singleton) initialized.

 ✓ tests/unit/api/graphql/types/llm-provider.test.ts (12 tests) 7ms
stdout | tests/unit/agent-collaboration/root-task-team-terminal-publication.test.ts
AgentFactory (Singleton) initialized.

 ✓ tests/unit/agent-collaboration/root-task-team-terminal-publication.test.ts (2 tests) 7ms
 ✓ tests/unit/agent-team-execution/team-run-execution-tree-mutator.test.ts (5 tests) 6ms
 ✓ tests/unit/agent-org-execution/agent-org-run-service-history-order.test.ts (2 tests) 6ms
 ✓ tests/unit/run-history/projection/raw-trace-to-historical-replay-events.test.ts (10 tests) 7ms
stdout | tests/unit/agent-team-execution/task-agent-execution-registry-liveness.test.ts
AgentFactory (Singleton) initialized.

 ✓ tests/unit/agent-team-execution/task-agent-execution-registry-liveness.test.ts (2 tests) 6ms
 ✓ tests/unit/agent-tools/task-delegation/task-delegation-work-source.test.ts (16 tests) 5ms
 ✓ tests/unit/services/agent-streaming/agent-collaboration-task-lifetime-projection.test.ts (2 tests) 5ms
stdout | tests/unit/agent-team-execution/member-team-context-builder.test.ts
AgentFactory (Singleton) initialized.

 ✓ tests/unit/agent-team-execution/member-team-context-builder.test.ts (4 tests) 5ms
stdout | tests/unit/agent-org-execution/agent-org-command-execution-kind.test.ts
AgentFactory (Singleton) initialized.

stdout | tests/unit/agent-org-execution/agent-org-command-execution-kind.test.ts > AgentOrgRun command execution kind > returns exact configured/task kind while preserving the generic result-only command surface
Platform detection: Windows=false
App root directory: /Users/normy/autobyteus_org/autobyteus-worktrees/task-run-resources-workspace-cleanup/autobyteus-server-ts
App data directory: /Users/normy/autobyteus_org/autobyteus-worktrees/task-run-resources-workspace-cleanup/autobyteus-server-ts

 ✓ tests/unit/agent-org-execution/agent-org-command-execution-kind.test.ts (1 test) 6ms
stdout | tests/unit/run-history/team-member-run-view-projection-service.test.ts
AgentFactory (Singleton) initialized.

stdout | tests/unit/run-history/team-member-run-view-projection-service.test.ts > TeamMemberRunViewProjectionService exact AgentRun identity > resolves and projects a member by root TeamRun plus concrete AgentRun ID
Platform detection: Windows=false
App root directory: /Users/normy/autobyteus_org/autobyteus-worktrees/task-run-resources-workspace-cleanup/autobyteus-server-ts
App data directory: /Users/normy/autobyteus_org/autobyteus-worktrees/task-run-resources-workspace-cleanup/autobyteus-server-ts

 ✓ tests/unit/run-history/team-member-run-view-projection-service.test.ts (4 tests) 5ms
stdout | tests/unit/run-history/services/agent-run-history-service.test.ts
AgentFactory (Singleton) initialized.

 ✓ tests/unit/run-history/services/agent-run-history-service.test.ts (5 tests) 5ms
stdout | tests/unit/run-history/services/team-run-history-service.test.ts
AgentFactory (Singleton) initialized.

 ✓ tests/unit/run-history/services/team-run-history-service.test.ts (5 tests) 5ms
stdout | tests/unit/agent-org-execution/agent-org-reference-content-service.test.ts
AgentFactory (Singleton) initialized.

 ✓ tests/unit/agent-org-execution/agent-org-reference-content-service.test.ts (2 tests) 6ms
stdout | tests/unit/services/agent-streaming/agent-session-manager.test.ts > AgentSessionManager > creates sessions successfully
Created agent session s1 for run agent-123

stdout | tests/unit/services/agent-streaming/agent-session-manager.test.ts > AgentSessionManager > throws when creating a duplicate session
Created agent session s1 for run agent-123

stdout | tests/unit/services/agent-streaming/agent-session-manager.test.ts > AgentSessionManager > allows multiple sessions for the same agent
Created agent session s1 for run agent-123
Created agent session s2 for run agent-123

stdout | tests/unit/services/agent-streaming/agent-session-manager.test.ts > AgentSessionManager > retrieves sessions by ID
Created agent session s1 for run agent-123

stdout | tests/unit/services/agent-streaming/agent-session-manager.test.ts > AgentSessionManager > retrieves sessions for an agent
Created agent session s1 for run agent-1
Created agent session s2 for run agent-1
Created agent session s3 for run agent-2

stdout | tests/unit/services/agent-streaming/agent-session-manager.test.ts > AgentSessionManager > closes sessions and removes them
Created agent session s1 for run agent-123
Closed agent session s1

stdout | tests/unit/services/agent-streaming/agent-session-manager.test.ts > AgentSessionManager > closes all sessions for an agent
Created agent session s1 for run agent-1
Created agent session s2 for run agent-1
Created agent session s3 for run agent-2
Closed agent session s1
Closed agent session s2

stdout | tests/unit/services/agent-streaming/agent-session-manager.test.ts > AgentSessionManager > closes all sessions
Created agent session s1 for run agent-1
Created agent session s2 for run agent-2
Closed agent session s1
Closed agent session s2

stdout | tests/unit/services/agent-streaming/agent-session-manager.test.ts > AgentSessionManager > lists active sessions
Created agent session s1 for run agent-1
Created agent session s2 for run agent-2

 ✓ tests/unit/services/agent-streaming/agent-session-manager.test.ts (11 tests) 5ms
 ✓ tests/unit/agent-collaboration/collaborators/message-recipient-resolution.test.ts (8 tests) 5ms
 ✓ tests/unit/agent-team-execution/team-run-physical-scope.test.ts (4 tests) 5ms
stdout | tests/unit/agent-collaboration/configured-agent-activation-planner.test.ts
AgentFactory (Singleton) initialized.

 ✓ tests/unit/agent-collaboration/configured-agent-activation-planner.test.ts (6 tests) 6ms
 ✓ tests/unit/agent-team-execution/team-run-persistence-coordinator.test.ts (4 tests) 5ms
stdout | tests/unit/agent-team-execution/team-agent-file-change-admission.test.ts
AgentFactory (Singleton) initialized.

 ✓ tests/unit/agent-team-execution/team-agent-file-change-admission.test.ts (1 test) 5ms
 ✓ tests/unit/run-history/projection/claude-run-view-projection-provider.test.ts (2 tests) 5ms
stdout | tests/unit/agent-team-execution/agent-team-run-manager-restore-self-heal.test.ts
AgentFactory (Singleton) initialized.

 ✓ tests/unit/agent-team-execution/agent-team-run-manager-restore-self-heal.test.ts (3 tests) 4ms
 ✓ tests/unit/api/graphql/types/projects.test.ts (7 tests) 4ms
 ✓ tests/unit/run-history/services/agent-org-run-history-summary-writer.test.ts (3 tests) 4ms
 ✓ tests/unit/run-history/projection/event-monitor-active-trace-page-projection.test.ts (5 tests) 4ms
 ✓ tests/unit/run-history/current-execution-tree-runtime-admission.test.ts (3 tests) 5ms
 ✓ tests/unit/agent-team-execution/team-run.test.ts (3 tests) 4ms
 ✓ tests/unit/agent-team-execution/member-collaboration-instruction-provider-parity.test.ts (2 tests) 4ms
 ✓ tests/unit/run-history/services/agent-run-model-selection-commit.test.ts (5 tests) 5ms
 ✓ tests/unit/agent-team-execution/agent-team-collaboration-llm-contract.test.ts (5 tests) 4ms
 ✓ tests/unit/agent-org-execution/agent-org-run-config-options.test.ts (1 test) 5ms
 ✓ tests/unit/agent-team-execution/team-run-config-localization.test.ts (4 tests) 4ms
 ✓ tests/unit/run-history/services/workspace-run-history-service.test.ts (4 tests) 4ms
 ✓ tests/unit/agent-collaboration/frozen-root-termination-scope.test.ts (2 tests) 4ms
 ✓ tests/unit/api/graphql/types/team-run-history.test.ts (4 tests) 4ms
 ✓ tests/unit/api/graphql/types/server-settings.test.ts (7 tests) 4ms
 ✓ tests/unit/agent-team-execution/task-delegation/task-execution-identity-capabilities.test.ts (4 tests) 4ms
 ✓ tests/unit/agent-team-execution/inter-agent-message-runtime-builders.test.ts (4 tests) 3ms
stdout | tests/unit/api/graphql/types/agent-run.test.ts > AgentRunResolver > routes tool approval through the live AgentRun subject
Received tool invocation approval request for agent run 'run-native-1', invocation 'tool-1', approved: true

stdout | tests/unit/api/graphql/types/agent-run.test.ts > AgentRunResolver > routes tool approval through the live AgentRun subject
Successfully posted tool execution approval for agent run 'run-native-1', invocation 'tool-1'.

 ✓ tests/unit/api/graphql/types/agent-run.test.ts (3 tests) 4ms
stderr | tests/unit/agent-team-execution/send-message-to-tool-argument-parser.test.ts > send-message-to-tool-argument-parser > fails malformed reference_files before delivery
[agent-communication] invalid reference_files validation toolName=send_message_to index=0 reason=path must be absolute

stderr | tests/unit/agent-team-execution/send-message-to-tool-argument-parser.test.ts > send-message-to-tool-argument-parser > rejects absolute-looking reference_files containing URL protocol markers before delivery
[agent-communication] invalid reference_files validation toolName=send_message_to index=0 reason=path must be a local filesystem path, not a URL or protocol path

 ✓ tests/unit/agent-team-execution/send-message-to-tool-argument-parser.test.ts (6 tests) 4ms
 ✓ tests/unit/agent-collaboration/collaborators/catalog-address-map.test.ts (6 tests) 3ms
 ✓ tests/unit/run-history/projection/active-trace-event-page-policy.test.ts (2 tests) 3ms
 ✓ tests/unit/agent-team-execution/team-system-instruction-admission.test.ts (2 tests) 3ms
 ✓ tests/unit/run-history/store/task-execution-source-schema.test.ts (3 tests) 4ms
 ✓ tests/unit/services/agent-streaming/agent-run-event-message-mapper.test.ts (7 tests) 3ms
stdout | tests/unit/projects/projects-capability-service.test.ts
AgentFactory (Singleton) initialized.

 ✓ tests/unit/projects/projects-capability-service.test.ts (3 tests) 3ms
 ✓ tests/unit/agent-team-execution/inter-agent-message-delivery.test.ts (2 tests) 2ms
 ✓ tests/unit/agent-collaboration/root-task-execution-command-queue.test.ts (3 tests) 3ms
 ✓ tests/unit/api/graphql/types/run-history.test.ts (1 test) 2ms
 ✓ tests/unit/services/agent-streaming/payload-serialization.test.ts (4 tests) 3ms
 ✓ tests/unit/agent-collaboration/execution/root-communication-runtime-builder.test.ts (4 tests) 3ms
 ✓ tests/unit/agent-collaboration/collaboration-logical-address.test.ts (2 tests) 2ms
 ✓ tests/unit/agent-team-execution/inter-agent-message-delivery-intent-builder.test.ts (1 test) 3ms
 ✓ tests/unit/agent-team-execution/team-run-model-config-mutator.test.ts (2 tests) 3ms
 ✓ tests/unit/agent-tools/task-delegation/task-delegation-tool-run-router.test.ts (1 test) 3ms
 ✓ tests/unit/agent-team-execution/team-command-start-status.test.ts (3 tests) 3ms
 ✓ tests/unit/run-history/projection/recent-run-projection-policy.test.ts (2 tests) 3ms
 ✓ tests/unit/run-history/services/agent-run-history-identity.test.ts (2 tests) 2ms
 ✓ tests/unit/services/agent-streaming/agent-stream-broadcaster.test.ts (2 tests) 3ms
stdout | tests/unit/services/agent-streaming/agent-session.test.ts > AgentSession > connects and reports connected state
AgentSession s1 connected to run agent-1

stdout | tests/unit/services/agent-streaming/agent-session.test.ts > AgentSession > prevents connecting a closed session
AgentSession s2 closed

stdout | tests/unit/services/agent-streaming/agent-session.test.ts > AgentSession > closes and resets connected state
AgentSession s3 connected to run agent-3
AgentSession s3 closed

 ✓ tests/unit/services/agent-streaming/agent-session.test.ts (3 tests) 2ms
 ✓ tests/unit/run-history/agent-run-metadata-service.test.ts (2 tests) 3ms
 ✓ tests/unit/agent-collaboration/execution/member-instance-scope.test.ts (3 tests) 2ms
 ✓ tests/unit/agent-collaboration/collaboration-launch-configuration-resolver.test.ts (1 test) 2ms
 ✓ tests/unit/api/graphql/types/memory-explorer-types.test.ts (3 tests) 2ms
 ✓ tests/unit/agent-collaboration/execution/task-copy-host.test.ts (2 tests) 2ms
 ✓ tests/unit/agent-collaboration/collaborators/catalog-copy-execution-source.test.ts (2 tests) 2ms
 ✓ tests/unit/agent-team-execution/team-run-id.test.ts (3 tests) 2ms
 ✓ tests/unit/agent-team-execution/services/team-member-input-event-builder.test.ts (1 test) 1ms
stdout | tests/unit/api/graphql/types/memory-view-types.test.ts
AgentFactory (Singleton) initialized.

 ✓ tests/unit/api/graphql/types/memory-view-types.test.ts (1 test) 1ms

⎯⎯⎯⎯⎯⎯⎯ Failed Tests 7 ⎯⎯⎯⎯⎯⎯⎯

 FAIL  tests/unit/run-history/services/published-artifact-projection-service.test.ts > PublishedArtifactProjectionService > reads historical published-artifact summaries and revision text from durable projection storage
Error: The process AgentRunManager is not initialized.
 ❯ Function.getInstance src/agent-execution/services/agent-run-manager.ts:73:13
     71|   static getInstance(): AgentRunManager {
     72|     if (!AgentRunManager.instance) {
     73|       throw new Error("The process AgentRunManager is not initialized.…
       |             ^
     74|     }
     75|     return AgentRunManager.instance;
 ❯ new PublishedArtifactProjectionService src/run-history/services/published-artifact-projection-service.ts:41:71
 ❯ tests/unit/run-history/services/published-artifact-projection-service.test.ts:70:21

⎯⎯⎯⎯⎯⎯⎯⎯⎯⎯⎯⎯⎯⎯⎯⎯⎯⎯⎯⎯⎯⎯⎯⎯[1/7]⎯

 FAIL  tests/unit/run-history/services/team-run-history-catalog-service.test.ts > TeamRunHistoryCatalogService current V2 tree > records the first summary only and serializes current lifecycle updates
AssertionError: expected null to match object { summary: 'first', …(1) }

- Expected: 
{
  "summary": "first",
  "terminatedAt": "2026-08-15T11:00:00.000Z",
}

+ Received: 
null

 ❯ tests/unit/run-history/services/team-run-history-catalog-service.test.ts:74:5
     72|     ]);
     73|     await service.recordTeamRunTerminated({ teamRunId: "team-1", termi…
     74|     await expect(service.getCatalogRow("team-1")).resolves.toMatchObje…
       |     ^
     75|       summary: "first",
     76|       terminatedAt: "2026-08-15T11:00:00.000Z",

⎯⎯⎯⎯⎯⎯⎯⎯⎯⎯⎯⎯⎯⎯⎯⎯⎯⎯⎯⎯⎯⎯⎯⎯[2/7]⎯

 FAIL  tests/unit/run-history/services/team-run-history-catalog-service.test.ts > TeamRunHistoryCatalogService current V2 tree > archives the exact V2 execution tree and derived catalog row together
AssertionError: expected null to match object { archivedAt: Any<String> }

- Expected: 
{
  "archivedAt": Any<String>,
}

+ Received: 
null

 ❯ tests/unit/run-history/services/team-run-history-catalog-service.test.ts:91:5
     89|     await expect(new TeamRunExecutionTreeStore().read(rootDir, "team-1…
     90|       .resolves.toMatchObject({ archivedAt: expect.any(String) });
     91|     await expect(service.getCatalogRow("team-1")).resolves.toMatchObje…
       |     ^
     92|   });
     93| 

⎯⎯⎯⎯⎯⎯⎯⎯⎯⎯⎯⎯⎯⎯⎯⎯⎯⎯⎯⎯⎯⎯⎯⎯[3/7]⎯

 FAIL  tests/unit/run-history/services/team-run-history-catalog-service.test.ts > TeamRunHistoryCatalogService current V2 tree > restores the exact tree and index snapshot after an archive index failure
AssertionError: expected null to match object { archivedAt: null }

- Expected: 
{
  "archivedAt": null,
}

+ Received: 
null

 ❯ tests/unit/run-history/services/team-run-history-catalog-service.test.ts:108:5
    106|     expect(await new TeamRunExecutionTreeStore().read(rootDir, "team-1…
    107|     expect((await indexStore.readIndexStrict()).rows).toEqual(beforeIn…
    108|     await expect(service.getCatalogRow("team-1")).resolves.toMatchObje…
       |     ^
    109|   });
    110| 

⎯⎯⎯⎯⎯⎯⎯⎯⎯⎯⎯⎯⎯⎯⎯⎯⎯⎯⎯⎯⎯⎯⎯⎯[4/7]⎯

 FAIL  tests/unit/run-history/services/team-run-history-catalog-service.test.ts > TeamRunHistoryCatalogService current V2 tree > keeps the current row and package when the candidate index write fails
AssertionError: expected null to match object { teamRunId: 'team-1' }

- Expected: 
{
  "teamRunId": "team-1",
}

+ Received: 
null

 ❯ tests/unit/run-history/services/team-run-history-catalog-service.test.ts:139:5
    137| 
    138|     await expect(service.deleteTeamRun("team-1")).resolves.toMatchObje…
    139|     await expect(service.getCatalogRow("team-1")).resolves.toMatchObje…
       |     ^
    140|     await expect(fs.stat(rootDir)).resolves.toBeDefined();
    141|     expect(packageCatalog.isAdmitted("team-1")).toBe(true);

⎯⎯⎯⎯⎯⎯⎯⎯⎯⎯⎯⎯⎯⎯⎯⎯⎯⎯⎯⎯⎯⎯⎯⎯[5/7]⎯

 FAIL  tests/unit/api/graphql/types/memory-view-member-resolver.test.ts > MemoryViewResolver member run views > reads an org member run's memory through its resolved org location
AssertionError: expected null to deeply equal [ ObjectContaining{…} ]

- Expected: 
[
  ObjectContaining {
    "fact": "org fact",
  },
]

+ Received: 
null

 ❯ tests/unit/api/graphql/types/memory-view-member-resolver.test.ts:62:27
     60|     const view = await new MemoryViewResolver().getAgentOrgMemberRunMe…
     61|     expect(view.runId).toBe("org-lead-run");
     62|     expect(view.semantic).toEqual([expect.objectContaining({ fact: "or…
       |                           ^
     63|   });
     64| 

⎯⎯⎯⎯⎯⎯⎯⎯⎯⎯⎯⎯⎯⎯⎯⎯⎯⎯⎯⎯⎯⎯⎯⎯[6/7]⎯

 FAIL  tests/unit/api/graphql/types/memory-view-member-resolver.test.ts > MemoryViewResolver member run views > keeps reading team member runs through the shared member view read
AssertionError: expected null to deeply equal [ ObjectContaining{…} ]

- Expected: 
[
  ObjectContaining {
    "fact": "team fact",
  },
]

+ Received: 
null

 ❯ tests/unit/api/graphql/types/memory-view-member-resolver.test.ts:74:27
     72|     const view = await new MemoryViewResolver().getTeamMemberRunMemory…
     73|     expect(view.runId).toBe("writer-run");
     74|     expect(view.semantic).toEqual([expect.objectContaining({ fact: "te…
       |                           ^
     75|   });
     76| });

⎯⎯⎯⎯⎯⎯⎯⎯⎯⎯⎯⎯⎯⎯⎯⎯⎯⎯⎯⎯⎯⎯⎯⎯[7/7]⎯

⎯⎯⎯⎯⎯⎯ Unhandled Errors ⎯⎯⎯⎯⎯⎯

Vitest caught 4 unhandled errors during the test run.
This might cause false positive tests. Resolve unhandled errors to make sure your tests are not affected.

⎯⎯⎯⎯ Unhandled Rejection ⎯⎯⎯⎯⎯
Error: Current run package 'agent_team:team-1' could not be admitted.
 ❯ RootRunPackageReadinessIndex.admitCurrent src/run-history/services/root-run-package-readiness-index.ts:52:45
     50|     this.state.mutationRevision += 1;
     51|     await this.rebuild();
     52|     if (!this.isAdmitted(family, id)) throw new Error(`Current run pac…
       |                                             ^
     53|   }
     54|   excludeCurrent(family: RootRunPackageFamily, id: string, reason: str…

This error originated in "tests/unit/run-history/services/team-run-history-catalog-service.test.ts" test file. It doesn't mean the error was thrown inside the file itself, but while it was running.
The latest test that might've caused the error is "records the first summary only and serializes current lifecycle updates". It might mean one of the following:
- The error was thrown, while Vitest was running this test.
- If the error occurred after the test had been completed, this was the last documented test before it was thrown.

⎯⎯⎯⎯ Unhandled Rejection ⎯⎯⎯⎯⎯
Error: Current run package 'agent_team:team-1' could not be admitted.
 ❯ RootRunPackageReadinessIndex.admitCurrent src/run-history/services/root-run-package-readiness-index.ts:52:45
     50|     this.state.mutationRevision += 1;
     51|     await this.rebuild();
     52|     if (!this.isAdmitted(family, id)) throw new Error(`Current run pac…
       |                                             ^
     53|   }
     54|   excludeCurrent(family: RootRunPackageFamily, id: string, reason: str…

This error originated in "tests/unit/run-history/services/team-run-history-catalog-service.test.ts" test file. It doesn't mean the error was thrown inside the file itself, but while it was running.
The latest test that might've caused the error is "archives the exact V2 execution tree and derived catalog row together". It might mean one of the following:
- The error was thrown, while Vitest was running this test.
- If the error occurred after the test had been completed, this was the last documented test before it was thrown.

⎯⎯⎯⎯ Unhandled Rejection ⎯⎯⎯⎯⎯
Error: Current run package 'agent_team:team-1' could not be admitted.
 ❯ RootRunPackageReadinessIndex.admitCurrent src/run-history/services/root-run-package-readiness-index.ts:52:45
     50|     this.state.mutationRevision += 1;
     51|     await this.rebuild();
     52|     if (!this.isAdmitted(family, id)) throw new Error(`Current run pac…
       |                                             ^
     53|   }
     54|   excludeCurrent(family: RootRunPackageFamily, id: string, reason: str…

This error originated in "tests/unit/run-history/services/team-run-history-catalog-service.test.ts" test file. It doesn't mean the error was thrown inside the file itself, but while it was running.
The latest test that might've caused the error is "restores the exact tree and index snapshot after an archive index failure". It might mean one of the following:
- The error was thrown, while Vitest was running this test.
- If the error occurred after the test had been completed, this was the last documented test before it was thrown.

⎯⎯⎯⎯ Unhandled Rejection ⎯⎯⎯⎯⎯
Error: Current run package 'agent_team:team-1' could not be admitted.
 ❯ RootRunPackageReadinessIndex.admitCurrent src/run-history/services/root-run-package-readiness-index.ts:52:45
     50|     this.state.mutationRevision += 1;
     51|     await this.rebuild();
     52|     if (!this.isAdmitted(family, id)) throw new Error(`Current run pac…
       |                                             ^
     53|   }
     54|   excludeCurrent(family: RootRunPackageFamily, id: string, reason: str…

This error originated in "tests/unit/run-history/services/team-run-history-catalog-service.test.ts" test file. It doesn't mean the error was thrown inside the file itself, but while it was running.
The latest test that might've caused the error is "keeps the current row and package when the candidate index write fails". It might mean one of the following:
- The error was thrown, while Vitest was running this test.
- If the error occurred after the test had been completed, this was the last documented test before it was thrown.
⎯⎯⎯⎯⎯⎯⎯⎯⎯⎯⎯⎯⎯⎯⎯⎯⎯⎯⎯⎯⎯⎯⎯⎯⎯⎯⎯⎯⎯⎯


 Test Files  3 failed | 160 passed (163)
      Tests  7 failed | 1103 passed (1110)
     Errors  4 errors
   Start at  07:48:48
   Duration  97.72s (transform 5.71s, setup 679ms, import 63.29s, tests 19.18s, environment 11ms)

