
[1m[46m RUN [49m[22m [36mv4.0.18 [39m[90m/Users/normy/autobyteus_org/autobyteus-worktrees/delegate-to-existing-copy/autobyteus-server-ts[39m

Prisma schema loaded from prisma/schema.prisma
Datasource "db": SQLite database "autobyteus-server-test.db" at "file:/Users/normy/autobyteus_org/autobyteus-worktrees/delegate-to-existing-copy/autobyteus-server-ts/tests/.tmp/autobyteus-server-test.db"

Applying migration `20260203074245_init`
Applying migration `20260208094000_add_external_channel_tables`
Applying migration `20260209174500_add_channel_message_receipt_turn_id`
Applying migration `20260209213000_remove_agent_conversation_tables`
Applying migration `20260210101500_add_agent_avatar`
Applying migration `20260210192000_add_agent_team_avatar`
Applying migration `20260211214500_add_sync_columns_and_tombstones`
Applying migration `20260212070000_remove_workflow_definition`
Applying migration `20260309103000_add_channel_binding_launch_preset`
Applying migration `20260310153000_add_channel_binding_team_definition_id`
Applying migration `20260331102000_remove_channel_bindings_table`
Applying migration `20260331130000_receipt_lifecycle_and_remove_channel_idempotency`
Applying migration `20260517090000_add_app_data_migration_records`
Applying migration `20260624090000_add_token_usage_ledger_events`
Applying migration `20260625193000_token_usage_component_pricing_explainability`
Applying migration `20260629120000_add_token_usage_display_fields`
Applying migration `20260702093000_token_usage_execution_address`
Applying migration `20260726090000_add_secret_vault`
Applying migration `20260730090000_add_token_usage_provider_name`
Applying migration `20260801090000_token_usage_member_display_name`
Applying migration `20260814090000_team_run_execution_tree_v1`
Applying migration `20260819090000_add_token_usage_run_records`
Applying migration `20260820090000_redesign_app_data_migration_summary`
Applying migration `20260822090000_add_token_usage_analytics`
Applying migration `20260923130000_add_claude_sdk_usage_state`
Applying migration `20260924120000_remove_external_channel_tables`

Database reset successful

The following migration(s) have been applied:

migrations/
  └─ 20260203074245_init/
    └─ migration.sql
  └─ 20260208094000_add_external_channel_tables/
    └─ migration.sql
  └─ 20260209174500_add_channel_message_receipt_turn_id/
    └─ migration.sql
  └─ 20260209213000_remove_agent_conversation_tables/
    └─ migration.sql
  └─ 20260210101500_add_agent_avatar/
    └─ migration.sql
  └─ 20260210192000_add_agent_team_avatar/
    └─ migration.sql
  └─ 20260211214500_add_sync_columns_and_tombstones/
    └─ migration.sql
  └─ 20260212070000_remove_workflow_definition/
    └─ migration.sql
  └─ 20260309103000_add_channel_binding_launch_preset/
    └─ migration.sql
  └─ 20260310153000_add_channel_binding_team_definition_id/
    └─ migration.sql
  └─ 20260331102000_remove_channel_bindings_table/
    └─ migration.sql
  └─ 20260331130000_receipt_lifecycle_and_remove_channel_idempotency/
    └─ migration.sql
  └─ 20260517090000_add_app_data_migration_records/
    └─ migration.sql
  └─ 20260624090000_add_token_usage_ledger_events/
    └─ migration.sql
  └─ 20260625193000_token_usage_component_pricing_explainability/
    └─ migration.sql
  └─ 20260629120000_add_token_usage_display_fields/
    └─ migration.sql
  └─ 20260702093000_token_usage_execution_address/
    └─ migration.sql
  └─ 20260726090000_add_secret_vault/
    └─ migration.sql
  └─ 20260730090000_add_token_usage_provider_name/
    └─ migration.sql
  └─ 20260801090000_token_usage_member_display_name/
    └─ migration.sql
  └─ 20260814090000_team_run_execution_tree_v1/
    └─ migration.sql
  └─ 20260819090000_add_token_usage_run_records/
    └─ migration.sql
  └─ 20260820090000_redesign_app_data_migration_summary/
    └─ migration.sql
  └─ 20260822090000_add_token_usage_analytics/
    └─ migration.sql
  └─ 20260923130000_add_claude_sdk_usage_state/
    └─ migration.sql
  └─ 20260924120000_remove_external_channel_tables/
    └─ migration.sql

[90mstdout[2m | tests/unit/agent-tools/project-tasks/project-task-tools.test.ts
[22m[39mAgentFactory (Singleton) initialized.

[90mstdout[2m | tests/unit/agent-tools/project-tasks/project-task-tools.test.ts[2m > [22m[2mProject data tools — actual native preparation/execute and selected MCP adapter[2m > [22m[2mprotects the selected Project mutator from configured MCP collision and rejects unselected calls
[22m[39mPlatform detection: Windows=false
App root directory: /Users/normy/autobyteus_org/autobyteus-worktrees/delegate-to-existing-copy/autobyteus-server-ts
App data directory: /var/folders/7w/9r4_s1_s42z3f7c136bpjf0r0000gn/T/project-tools-unit-ZdBJ2m
Successfully registered tool definition: 'list_projects'
Successfully registered tool definition: 'list_project_tasks'
Successfully registered tool definition: 'create_or_update_project'
Successfully registered tool definition: 'create_or_update_task'

[90mstdout[2m | tests/unit/agent-tools/project-tasks/project-task-tools.test.ts[2m > [22m[2mProject data tools — actual native preparation/execute and selected MCP adapter[2m > [22m[2mdocuments nested workspace rows with no omission-erasing defaults
[22m[39mPlatform detection: Windows=false
App root directory: /Users/normy/autobyteus_org/autobyteus-worktrees/delegate-to-existing-copy/autobyteus-server-ts
App data directory: /var/folders/7w/9r4_s1_s42z3f7c136bpjf0r0000gn/T/project-tools-unit-lz5dKq
Successfully registered tool definition: 'list_projects'
Successfully registered tool definition: 'list_project_tasks'
Successfully registered tool definition: 'create_or_update_project'
Successfully registered tool definition: 'create_or_update_task'

[90mstderr[2m | tests/unit/agent-tools/project-tasks/project-task-tools.test.ts[2m > [22m[2mProject data tools — actual native preparation/execute and selected MCP adapter[2m > [22m[2mdocuments nested workspace rows with no omission-erasing defaults
[22m[39mOverwriting existing tool definition for name: 'list_projects'
Overwriting existing tool definition for name: 'list_project_tasks'
Overwriting existing tool definition for name: 'create_or_update_project'
Overwriting existing tool definition for name: 'create_or_update_task'

[90mstdout[2m | tests/unit/agent-tools/project-tasks/project-task-tools.test.ts[2m > [22m[2mProject data tools — actual native preparation/execute and selected MCP adapter[2m > [22m[2mdocuments one optional additive context_files string array on create_or_update_task, identical on native and MCP (AC-011)
[22m[39mPlatform detection: Windows=false
App root directory: /Users/normy/autobyteus_org/autobyteus-worktrees/delegate-to-existing-copy/autobyteus-server-ts
App data directory: /var/folders/7w/9r4_s1_s42z3f7c136bpjf0r0000gn/T/project-tools-unit-O1Ey2C
Successfully registered tool definition: 'list_projects'
Successfully registered tool definition: 'list_project_tasks'
Successfully registered tool definition: 'create_or_update_project'
Successfully registered tool definition: 'create_or_update_task'

[90mstderr[2m | tests/unit/agent-tools/project-tasks/project-task-tools.test.ts[2m > [22m[2mProject data tools — actual native preparation/execute and selected MCP adapter[2m > [22m[2mdocuments one optional additive context_files string array on create_or_update_task, identical on native and MCP (AC-011)
[22m[39mOverwriting existing tool definition for name: 'list_projects'
Overwriting existing tool definition for name: 'list_project_tasks'
Overwriting existing tool definition for name: 'create_or_update_project'
Overwriting existing tool definition for name: 'create_or_update_task'

[90mstdout[2m | tests/unit/agent-tools/project-tasks/project-task-tools.test.ts[2m > [22m[2mProject data tools — actual native preparation/execute and selected MCP adapter[2m > [22m[2mcreates and patches compact saved Project results identically through native and MCP
[22m[39mPlatform detection: Windows=false
App root directory: /Users/normy/autobyteus_org/autobyteus-worktrees/delegate-to-existing-copy/autobyteus-server-ts
App data directory: /var/folders/7w/9r4_s1_s42z3f7c136bpjf0r0000gn/T/project-tools-unit-Cq5ZP8
Successfully registered tool definition: 'list_projects'
Successfully registered tool definition: 'list_project_tasks'
Successfully registered tool definition: 'create_or_update_project'
Successfully registered tool definition: 'create_or_update_task'

[90mstderr[2m | tests/unit/agent-tools/project-tasks/project-task-tools.test.ts[2m > [22m[2mProject data tools — actual native preparation/execute and selected MCP adapter[2m > [22m[2mcreates and patches compact saved Project results identically through native and MCP
[22m[39mOverwriting existing tool definition for name: 'list_projects'
Overwriting existing tool definition for name: 'list_project_tasks'
Overwriting existing tool definition for name: 'create_or_update_project'
Overwriting existing tool definition for name: 'create_or_update_task'

[90mstdout[2m | tests/unit/agent-tools/project-tasks/project-task-tools.test.ts[2m > [22m[2mProject data tools — actual native preparation/execute and selected MCP adapter[2m > [22m[2mpreserves nested omission through public native preparation/coercion and MCP replacement/clear
[22m[39mPlatform detection: Windows=false
App root directory: /Users/normy/autobyteus_org/autobyteus-worktrees/delegate-to-existing-copy/autobyteus-server-ts
App data directory: /var/folders/7w/9r4_s1_s42z3f7c136bpjf0r0000gn/T/project-tools-unit-N9Xk2M
Successfully registered tool definition: 'list_projects'
Successfully registered tool definition: 'list_project_tasks'
Successfully registered tool definition: 'create_or_update_project'
Successfully registered tool definition: 'create_or_update_task'

[90mstderr[2m | tests/unit/agent-tools/project-tasks/project-task-tools.test.ts[2m > [22m[2mProject data tools — actual native preparation/execute and selected MCP adapter[2m > [22m[2mpreserves nested omission through public native preparation/coercion and MCP replacement/clear
[22m[39mOverwriting existing tool definition for name: 'list_projects'
Overwriting existing tool definition for name: 'list_project_tasks'
Overwriting existing tool definition for name: 'create_or_update_project'
Overwriting existing tool definition for name: 'create_or_update_task'

[90mstdout[2m | tests/unit/agent-tools/project-tasks/project-task-tools.test.ts[2m > [22m[2mProject data tools — actual native preparation/execute and selected MCP adapter[2m > [22m[2mrejects malformed Project input before native coercion with MCP parity: {}
[22m[39mPlatform detection: Windows=false
App root directory: /Users/normy/autobyteus_org/autobyteus-worktrees/delegate-to-existing-copy/autobyteus-server-ts
App data directory: /var/folders/7w/9r4_s1_s42z3f7c136bpjf0r0000gn/T/project-tools-unit-6g0SWx
Successfully registered tool definition: 'list_projects'
Successfully registered tool definition: 'list_project_tasks'
Successfully registered tool definition: 'create_or_update_project'
Successfully registered tool definition: 'create_or_update_task'

[90mstderr[2m | tests/unit/agent-tools/project-tasks/project-task-tools.test.ts[2m > [22m[2mProject data tools — actual native preparation/execute and selected MCP adapter[2m > [22m[2mrejects malformed Project input before native coercion with MCP parity: {}
[22m[39mOverwriting existing tool definition for name: 'list_projects'
Overwriting existing tool definition for name: 'list_project_tasks'
Overwriting existing tool definition for name: 'create_or_update_project'
Overwriting existing tool definition for name: 'create_or_update_task'

[90mstdout[2m | tests/unit/agent-tools/project-tasks/project-task-tools.test.ts[2m > [22m[2mProject data tools — actual native preparation/execute and selected MCP adapter[2m > [22m[2mrejects malformed Project input before native coercion with MCP parity: {"name":""}
[22m[39mPlatform detection: Windows=false
App root directory: /Users/normy/autobyteus_org/autobyteus-worktrees/delegate-to-existing-copy/autobyteus-server-ts
App data directory: /var/folders/7w/9r4_s1_s42z3f7c136bpjf0r0000gn/T/project-tools-unit-5LIAZ9
Successfully registered tool definition: 'list_projects'
Successfully registered tool definition: 'list_project_tasks'
Successfully registered tool definition: 'create_or_update_project'
Successfully registered tool definition: 'create_or_update_task'

[90mstderr[2m | tests/unit/agent-tools/project-tasks/project-task-tools.test.ts[2m > [22m[2mProject data tools — actual native preparation/execute and selected MCP adapter[2m > [22m[2mrejects malformed Project input before native coercion with MCP parity: {"name":""}
[22m[39mOverwriting existing tool definition for name: 'list_projects'
Overwriting existing tool definition for name: 'list_project_tasks'
Overwriting existing tool definition for name: 'create_or_update_project'
Overwriting existing tool definition for name: 'create_or_update_task'

[90mstdout[2m | tests/unit/agent-tools/project-tasks/project-task-tools.test.ts[2m > [22m[2mProject data tools — actual native preparation/execute and selected MCP adapter[2m > [22m[2mrejects malformed Project input before native coercion with MCP parity: {"name":" "}
[22m[39mPlatform detection: Windows=false
App root directory: /Users/normy/autobyteus_org/autobyteus-worktrees/delegate-to-existing-copy/autobyteus-server-ts
App data directory: /var/folders/7w/9r4_s1_s42z3f7c136bpjf0r0000gn/T/project-tools-unit-OuihoD
Successfully registered tool definition: 'list_projects'
Successfully registered tool definition: 'list_project_tasks'
Successfully registered tool definition: 'create_or_update_project'
Successfully registered tool definition: 'create_or_update_task'

[90mstderr[2m | tests/unit/agent-tools/project-tasks/project-task-tools.test.ts[2m > [22m[2mProject data tools — actual native preparation/execute and selected MCP adapter[2m > [22m[2mrejects malformed Project input before native coercion with MCP parity: {"name":" "}
[22m[39mOverwriting existing tool definition for name: 'list_projects'
Overwriting existing tool definition for name: 'list_project_tasks'
Overwriting existing tool definition for name: 'create_or_update_project'
Overwriting existing tool definition for name: 'create_or_update_task'

[90mstdout[2m | tests/unit/agent-tools/project-tasks/project-task-tools.test.ts[2m > [22m[2mProject data tools — actual native preparation/execute and selected MCP adapter[2m > [22m[2mrejects malformed Project input before native coercion with MCP parity: {"name":null}
[22m[39mPlatform detection: Windows=false
App root directory: /Users/normy/autobyteus_org/autobyteus-worktrees/delegate-to-existing-copy/autobyteus-server-ts
App data directory: /var/folders/7w/9r4_s1_s42z3f7c136bpjf0r0000gn/T/project-tools-unit-xiTNeM
Successfully registered tool definition: 'list_projects'
Successfully registered tool definition: 'list_project_tasks'
Successfully registered tool definition: 'create_or_update_project'
Successfully registered tool definition: 'create_or_update_task'

[90mstderr[2m | tests/unit/agent-tools/project-tasks/project-task-tools.test.ts[2m > [22m[2mProject data tools — actual native preparation/execute and selected MCP adapter[2m > [22m[2mrejects malformed Project input before native coercion with MCP parity: {"name":null}
[22m[39mOverwriting existing tool definition for name: 'list_projects'
Overwriting existing tool definition for name: 'list_project_tasks'
Overwriting existing tool definition for name: 'create_or_update_project'
Overwriting existing tool definition for name: 'create_or_update_task'

[90mstdout[2m | tests/unit/agent-tools/project-tasks/project-task-tools.test.ts[2m > [22m[2mProject data tools — actual native preparation/execute and selected MCP adapter[2m > [22m[2mrejects malformed Project input before native coercion with MCP parity: {"name":123}
[22m[39mPlatform detection: Windows=false
App root directory: /Users/normy/autobyteus_org/autobyteus-worktrees/delegate-to-existing-copy/autobyteus-server-ts
App data directory: /var/folders/7w/9r4_s1_s42z3f7c136bpjf0r0000gn/T/project-tools-unit-cor0nn
Successfully registered tool definition: 'list_projects'
Successfully registered tool definition: 'list_project_tasks'
Successfully registered tool definition: 'create_or_update_project'
Successfully registered tool definition: 'create_or_update_task'

[90mstderr[2m | tests/unit/agent-tools/project-tasks/project-task-tools.test.ts[2m > [22m[2mProject data tools — actual native preparation/execute and selected MCP adapter[2m > [22m[2mrejects malformed Project input before native coercion with MCP parity: {"name":123}
[22m[39mOverwriting existing tool definition for name: 'list_projects'
Overwriting existing tool definition for name: 'list_project_tasks'
Overwriting existing tool definition for name: 'create_or_update_project'
Overwriting existing tool definition for name: 'create_or_update_task'

[90mstdout[2m | tests/unit/agent-tools/project-tasks/project-task-tools.test.ts[2m > [22m[2mProject data tools — actual native preparation/execute and selected MCP adapter[2m > [22m[2mrejects malformed Project input before native coercion with MCP parity: {"name":true}
[22m[39mPlatform detection: Windows=false
App root directory: /Users/normy/autobyteus_org/autobyteus-worktrees/delegate-to-existing-copy/autobyteus-server-ts
App data directory: /var/folders/7w/9r4_s1_s42z3f7c136bpjf0r0000gn/T/project-tools-unit-jKzYPG
Successfully registered tool definition: 'list_projects'
Successfully registered tool definition: 'list_project_tasks'
Successfully registered tool definition: 'create_or_update_project'
Successfully registered tool definition: 'create_or_update_task'

[90mstderr[2m | tests/unit/agent-tools/project-tasks/project-task-tools.test.ts[2m > [22m[2mProject data tools — actual native preparation/execute and selected MCP adapter[2m > [22m[2mrejects malformed Project input before native coercion with MCP parity: {"name":true}
[22m[39mOverwriting existing tool definition for name: 'list_projects'
Overwriting existing tool definition for name: 'list_project_tasks'
Overwriting existing tool definition for name: 'create_or_update_project'
Overwriting existing tool definition for name: 'create_or_update_task'

[90mstdout[2m | tests/unit/agent-tools/project-tasks/project-task-tools.test.ts[2m > [22m[2mProject data tools — actual native preparation/execute and selected MCP adapter[2m > [22m[2mrejects malformed Project input before native coercion with MCP parity: {"project_id":null,"name":"x"}
[22m[39mPlatform detection: Windows=false
App root directory: /Users/normy/autobyteus_org/autobyteus-worktrees/delegate-to-existing-copy/autobyteus-server-ts
App data directory: /var/folders/7w/9r4_s1_s42z3f7c136bpjf0r0000gn/T/project-tools-unit-suXLs3
Successfully registered tool definition: 'list_projects'
Successfully registered tool definition: 'list_project_tasks'
Successfully registered tool definition: 'create_or_update_project'
Successfully registered tool definition: 'create_or_update_task'

[90mstderr[2m | tests/unit/agent-tools/project-tasks/project-task-tools.test.ts[2m > [22m[2mProject data tools — actual native preparation/execute and selected MCP adapter[2m > [22m[2mrejects malformed Project input before native coercion with MCP parity: {"project_id":null,"name":"x"}
[22m[39mOverwriting existing tool definition for name: 'list_projects'
Overwriting existing tool definition for name: 'list_project_tasks'
Overwriting existing tool definition for name: 'create_or_update_project'
Overwriting existing tool definition for name: 'create_or_update_task'

[90mstdout[2m | tests/unit/agent-tools/project-tasks/project-task-tools.test.ts[2m > [22m[2mProject data tools — actual native preparation/execute and selected MCP adapter[2m > [22m[2mrejects malformed Project input before native coercion with MCP parity: {"project_id":"","name":"x"}
[22m[39mPlatform detection: Windows=false
App root directory: /Users/normy/autobyteus_org/autobyteus-worktrees/delegate-to-existing-copy/autobyteus-server-ts
App data directory: /var/folders/7w/9r4_s1_s42z3f7c136bpjf0r0000gn/T/project-tools-unit-G6rQN3
Successfully registered tool definition: 'list_projects'
Successfully registered tool definition: 'list_project_tasks'
Successfully registered tool definition: 'create_or_update_project'
Successfully registered tool definition: 'create_or_update_task'

[90mstderr[2m | tests/unit/agent-tools/project-tasks/project-task-tools.test.ts[2m > [22m[2mProject data tools — actual native preparation/execute and selected MCP adapter[2m > [22m[2mrejects malformed Project input before native coercion with MCP parity: {"project_id":"","name":"x"}
[22m[39mOverwriting existing tool definition for name: 'list_projects'
Overwriting existing tool definition for name: 'list_project_tasks'
Overwriting existing tool definition for name: 'create_or_update_project'
Overwriting existing tool definition for name: 'create_or_update_task'

[90mstdout[2m | tests/unit/agent-tools/project-tasks/project-task-tools.test.ts[2m > [22m[2mProject data tools — actual native preparation/execute and selected MCP adapter[2m > [22m[2mrejects malformed Project input before native coercion with MCP parity: {"project_id":" ","name":"x"}
[22m[39mPlatform detection: Windows=false
App root directory: /Users/normy/autobyteus_org/autobyteus-worktrees/delegate-to-existing-copy/autobyteus-server-ts
App data directory: /var/folders/7w/9r4_s1_s42z3f7c136bpjf0r0000gn/T/project-tools-unit-ZuIcao
Successfully registered tool definition: 'list_projects'
Successfully registered tool definition: 'list_project_tasks'
Successfully registered tool definition: 'create_or_update_project'
Successfully registered tool definition: 'create_or_update_task'

[90mstderr[2m | tests/unit/agent-tools/project-tasks/project-task-tools.test.ts[2m > [22m[2mProject data tools — actual native preparation/execute and selected MCP adapter[2m > [22m[2mrejects malformed Project input before native coercion with MCP parity: {"project_id":" ","name":"x"}
[22m[39mOverwriting existing tool definition for name: 'list_projects'
Overwriting existing tool definition for name: 'list_project_tasks'
Overwriting existing tool definition for name: 'create_or_update_project'
Overwriting existing tool definition for name: 'create_or_update_task'

[90mstdout[2m | tests/unit/agent-tools/project-tasks/project-task-tools.test.ts[2m > [22m[2mProject data tools — actual native preparation/execute and selected MCP adapter[2m > [22m[2mrejects malformed Project input before native coercion with MCP parity: {"project_id":123,"name":"x"}
[22m[39mPlatform detection: Windows=false
App root directory: /Users/normy/autobyteus_org/autobyteus-worktrees/delegate-to-existing-copy/autobyteus-server-ts
App data directory: /var/folders/7w/9r4_s1_s42z3f7c136bpjf0r0000gn/T/project-tools-unit-B3q61o
Successfully registered tool definition: 'list_projects'
Successfully registered tool definition: 'list_project_tasks'
Successfully registered tool definition: 'create_or_update_project'
Successfully registered tool definition: 'create_or_update_task'

[90mstderr[2m | tests/unit/agent-tools/project-tasks/project-task-tools.test.ts[2m > [22m[2mProject data tools — actual native preparation/execute and selected MCP adapter[2m > [22m[2mrejects malformed Project input before native coercion with MCP parity: {"project_id":123,"name":"x"}
[22m[39mOverwriting existing tool definition for name: 'list_projects'
Overwriting existing tool definition for name: 'list_project_tasks'
Overwriting existing tool definition for name: 'create_or_update_project'
Overwriting existing tool definition for name: 'create_or_update_task'

[90mstdout[2m | tests/unit/agent-tools/project-tasks/project-task-tools.test.ts[2m > [22m[2mProject data tools — actual native preparation/execute and selected MCP adapter[2m > [22m[2mrejects malformed Project input before native coercion with MCP parity: {"name":"x"}
[22m[39mPlatform detection: Windows=false
App root directory: /Users/normy/autobyteus_org/autobyteus-worktrees/delegate-to-existing-copy/autobyteus-server-ts
App data directory: /var/folders/7w/9r4_s1_s42z3f7c136bpjf0r0000gn/T/project-tools-unit-VbYUlf
Successfully registered tool definition: 'list_projects'
Successfully registered tool definition: 'list_project_tasks'
Successfully registered tool definition: 'create_or_update_project'
Successfully registered tool definition: 'create_or_update_task'

[90mstderr[2m | tests/unit/agent-tools/project-tasks/project-task-tools.test.ts[2m > [22m[2mProject data tools — actual native preparation/execute and selected MCP adapter[2m > [22m[2mrejects malformed Project input before native coercion with MCP parity: {"name":"x"}
[22m[39mOverwriting existing tool definition for name: 'list_projects'
Overwriting existing tool definition for name: 'list_project_tasks'
Overwriting existing tool definition for name: 'create_or_update_project'
Overwriting existing tool definition for name: 'create_or_update_task'

[90mstdout[2m | tests/unit/agent-tools/project-tasks/project-task-tools.test.ts[2m > [22m[2mProject data tools — actual native preparation/execute and selected MCP adapter[2m > [22m[2mrejects malformed Project input before native coercion with MCP parity: {"project_id":"p"}
[22m[39mPlatform detection: Windows=false
App root directory: /Users/normy/autobyteus_org/autobyteus-worktrees/delegate-to-existing-copy/autobyteus-server-ts
App data directory: /var/folders/7w/9r4_s1_s42z3f7c136bpjf0r0000gn/T/project-tools-unit-zfClad
Successfully registered tool definition: 'list_projects'
Successfully registered tool definition: 'list_project_tasks'
Successfully registered tool definition: 'create_or_update_project'
Successfully registered tool definition: 'create_or_update_task'

[90mstderr[2m | tests/unit/agent-tools/project-tasks/project-task-tools.test.ts[2m > [22m[2mProject data tools — actual native preparation/execute and selected MCP adapter[2m > [22m[2mrejects malformed Project input before native coercion with MCP parity: {"project_id":"p"}
[22m[39mOverwriting existing tool definition for name: 'list_projects'
Overwriting existing tool definition for name: 'list_project_tasks'
Overwriting existing tool definition for name: 'create_or_update_project'
Overwriting existing tool definition for name: 'create_or_update_task'

[90mstdout[2m | tests/unit/agent-tools/project-tasks/project-task-tools.test.ts[2m > [22m[2mProject data tools — actual native preparation/execute and selected MCP adapter[2m > [22m[2mrejects malformed Project input before native coercion with MCP parity: {"name":"x","description":null}
[22m[39mPlatform detection: Windows=false
App root directory: /Users/normy/autobyteus_org/autobyteus-worktrees/delegate-to-existing-copy/autobyteus-server-ts
App data directory: /var/folders/7w/9r4_s1_s42z3f7c136bpjf0r0000gn/T/project-tools-unit-G4CrPO
Successfully registered tool definition: 'list_projects'
Successfully registered tool definition: 'list_project_tasks'
Successfully registered tool definition: 'create_or_update_project'
Successfully registered tool definition: 'create_or_update_task'

[90mstderr[2m | tests/unit/agent-tools/project-tasks/project-task-tools.test.ts[2m > [22m[2mProject data tools — actual native preparation/execute and selected MCP adapter[2m > [22m[2mrejects malformed Project input before native coercion with MCP parity: {"name":"x","description":null}
[22m[39mOverwriting existing tool definition for name: 'list_projects'
Overwriting existing tool definition for name: 'list_project_tasks'
Overwriting existing tool definition for name: 'create_or_update_project'
Overwriting existing tool definition for name: 'create_or_update_task'

[90mstdout[2m | tests/unit/agent-tools/project-tasks/project-task-tools.test.ts[2m > [22m[2mProject data tools — actual native preparation/execute and selected MCP adapter[2m > [22m[2mrejects malformed Project input before native coercion with MCP parity: {"name":"x","description":false}
[22m[39mPlatform detection: Windows=false
App root directory: /Users/normy/autobyteus_org/autobyteus-worktrees/delegate-to-existing-copy/autobyteus-server-ts
App data directory: /var/folders/7w/9r4_s1_s42z3f7c136bpjf0r0000gn/T/project-tools-unit-0JAlxJ
Successfully registered tool definition: 'list_projects'
Successfully registered tool definition: 'list_project_tasks'
Successfully registered tool definition: 'create_or_update_project'
Successfully registered tool definition: 'create_or_update_task'

[90mstderr[2m | tests/unit/agent-tools/project-tasks/project-task-tools.test.ts[2m > [22m[2mProject data tools — actual native preparation/execute and selected MCP adapter[2m > [22m[2mrejects malformed Project input before native coercion with MCP parity: {"name":"x","description":false}
[22m[39mOverwriting existing tool definition for name: 'list_projects'
Overwriting existing tool definition for name: 'list_project_tasks'
Overwriting existing tool definition for name: 'create_or_update_project'
Overwriting existing tool definition for name: 'create_or_update_task'

[90mstdout[2m | tests/unit/agent-tools/project-tasks/project-task-tools.test.ts[2m > [22m[2mProject data tools — actual native preparation/execute and selected MCP adapter[2m > [22m[2mrejects malformed Project input before native coercion with MCP parity: {"name":"x","description":123}
[22m[39mPlatform detection: Windows=false
App root directory: /Users/normy/autobyteus_org/autobyteus-worktrees/delegate-to-existing-copy/autobyteus-server-ts
App data directory: /var/folders/7w/9r4_s1_s42z3f7c136bpjf0r0000gn/T/project-tools-unit-M7od9K
Successfully registered tool definition: 'list_projects'
Successfully registered tool definition: 'list_project_tasks'
Successfully registered tool definition: 'create_or_update_project'
Successfully registered tool definition: 'create_or_update_task'

[90mstderr[2m | tests/unit/agent-tools/project-tasks/project-task-tools.test.ts[2m > [22m[2mProject data tools — actual native preparation/execute and selected MCP adapter[2m > [22m[2mrejects malformed Project input before native coercion with MCP parity: {"name":"x","description":123}
[22m[39mOverwriting existing tool definition for name: 'list_projects'
Overwriting existing tool definition for name: 'list_project_tasks'
Overwriting existing tool definition for name: 'create_or_update_project'
Overwriting existing tool definition for name: 'create_or_update_task'

[90mstdout[2m | tests/unit/agent-tools/project-tasks/project-task-tools.test.ts[2m > [22m[2mProject data tools — actual native preparation/execute and selected MCP adapter[2m > [22m[2mrejects malformed Project input before native coercion with MCP parity: {"name":"x"}
[22m[39mPlatform detection: Windows=false
App root directory: /Users/normy/autobyteus_org/autobyteus-worktrees/delegate-to-existing-copy/autobyteus-server-ts
App data directory: /var/folders/7w/9r4_s1_s42z3f7c136bpjf0r0000gn/T/project-tools-unit-lpNO2Y
Successfully registered tool definition: 'list_projects'
Successfully registered tool definition: 'list_project_tasks'
Successfully registered tool definition: 'create_or_update_project'
Successfully registered tool definition: 'create_or_update_task'

[90mstderr[2m | tests/unit/agent-tools/project-tasks/project-task-tools.test.ts[2m > [22m[2mProject data tools — actual native preparation/execute and selected MCP adapter[2m > [22m[2mrejects malformed Project input before native coercion with MCP parity: {"name":"x"}
[22m[39mOverwriting existing tool definition for name: 'list_projects'
Overwriting existing tool definition for name: 'list_project_tasks'
Overwriting existing tool definition for name: 'create_or_update_project'
Overwriting existing tool definition for name: 'create_or_update_task'

[90mstdout[2m | tests/unit/agent-tools/project-tasks/project-task-tools.test.ts[2m > [22m[2mProject data tools — actual native preparation/execute and selected MCP adapter[2m > [22m[2mrejects malformed Project input before native coercion with MCP parity: {"name":"x","extra":true}
[22m[39mPlatform detection: Windows=false
App root directory: /Users/normy/autobyteus_org/autobyteus-worktrees/delegate-to-existing-copy/autobyteus-server-ts
App data directory: /var/folders/7w/9r4_s1_s42z3f7c136bpjf0r0000gn/T/project-tools-unit-ehvNlE
Successfully registered tool definition: 'list_projects'
Successfully registered tool definition: 'list_project_tasks'
Successfully registered tool definition: 'create_or_update_project'
Successfully registered tool definition: 'create_or_update_task'

[90mstderr[2m | tests/unit/agent-tools/project-tasks/project-task-tools.test.ts[2m > [22m[2mProject data tools — actual native preparation/execute and selected MCP adapter[2m > [22m[2mrejects malformed Project input before native coercion with MCP parity: {"name":"x","extra":true}
[22m[39mOverwriting existing tool definition for name: 'list_projects'
Overwriting existing tool definition for name: 'list_project_tasks'
Overwriting existing tool definition for name: 'create_or_update_project'
Overwriting existing tool definition for name: 'create_or_update_task'

[90mstdout[2m | tests/unit/agent-tools/project-tasks/project-task-tools.test.ts[2m > [22m[2mProject data tools — actual native preparation/execute and selected MCP adapter[2m > [22m[2mrejects malformed Project input before native coercion with MCP parity: {"name":"x","workspaces":""}
[22m[39mPlatform detection: Windows=false
App root directory: /Users/normy/autobyteus_org/autobyteus-worktrees/delegate-to-existing-copy/autobyteus-server-ts
App data directory: /var/folders/7w/9r4_s1_s42z3f7c136bpjf0r0000gn/T/project-tools-unit-BDMgdX
Successfully registered tool definition: 'list_projects'
Successfully registered tool definition: 'list_project_tasks'
Successfully registered tool definition: 'create_or_update_project'
Successfully registered tool definition: 'create_or_update_task'

[90mstderr[2m | tests/unit/agent-tools/project-tasks/project-task-tools.test.ts[2m > [22m[2mProject data tools — actual native preparation/execute and selected MCP adapter[2m > [22m[2mrejects malformed Project input before native coercion with MCP parity: {"name":"x","workspaces":""}
[22m[39mOverwriting existing tool definition for name: 'list_projects'
Overwriting existing tool definition for name: 'list_project_tasks'
Overwriting existing tool definition for name: 'create_or_update_project'
Overwriting existing tool definition for name: 'create_or_update_task'

[90mstdout[2m | tests/unit/agent-tools/project-tasks/project-task-tools.test.ts[2m > [22m[2mProject data tools — actual native preparation/execute and selected MCP adapter[2m > [22m[2mrejects malformed Project input before native coercion with MCP parity: {"name":"x","workspaces":"[]"}
[22m[39mPlatform detection: Windows=false
App root directory: /Users/normy/autobyteus_org/autobyteus-worktrees/delegate-to-existing-copy/autobyteus-server-ts
App data directory: /var/folders/7w/9r4_s1_s42z3f7c136bpjf0r0000gn/T/project-tools-unit-v0KUlD
Successfully registered tool definition: 'list_projects'
Successfully registered tool definition: 'list_project_tasks'
Successfully registered tool definition: 'create_or_update_project'
Successfully registered tool definition: 'create_or_update_task'

[90mstderr[2m | tests/unit/agent-tools/project-tasks/project-task-tools.test.ts[2m > [22m[2mProject data tools — actual native preparation/execute and selected MCP adapter[2m > [22m[2mrejects malformed Project input before native coercion with MCP parity: {"name":"x","workspaces":"[]"}
[22m[39mOverwriting existing tool definition for name: 'list_projects'
Overwriting existing tool definition for name: 'list_project_tasks'
Overwriting existing tool definition for name: 'create_or_update_project'
Overwriting existing tool definition for name: 'create_or_update_task'

[90mstdout[2m | tests/unit/agent-tools/project-tasks/project-task-tools.test.ts[2m > [22m[2mProject data tools — actual native preparation/execute and selected MCP adapter[2m > [22m[2mrejects malformed Project input before native coercion with MCP parity: {"name":"x","workspaces":null}
[22m[39mPlatform detection: Windows=false
App root directory: /Users/normy/autobyteus_org/autobyteus-worktrees/delegate-to-existing-copy/autobyteus-server-ts
App data directory: /var/folders/7w/9r4_s1_s42z3f7c136bpjf0r0000gn/T/project-tools-unit-hLHK3z
Successfully registered tool definition: 'list_projects'
Successfully registered tool definition: 'list_project_tasks'
Successfully registered tool definition: 'create_or_update_project'
Successfully registered tool definition: 'create_or_update_task'

[90mstderr[2m | tests/unit/agent-tools/project-tasks/project-task-tools.test.ts[2m > [22m[2mProject data tools — actual native preparation/execute and selected MCP adapter[2m > [22m[2mrejects malformed Project input before native coercion with MCP parity: {"name":"x","workspaces":null}
[22m[39mOverwriting existing tool definition for name: 'list_projects'
Overwriting existing tool definition for name: 'list_project_tasks'
Overwriting existing tool definition for name: 'create_or_update_project'
Overwriting existing tool definition for name: 'create_or_update_task'

[90mstdout[2m | tests/unit/agent-tools/project-tasks/project-task-tools.test.ts[2m > [22m[2mProject data tools — actual native preparation/execute and selected MCP adapter[2m > [22m[2mrejects malformed Project input before native coercion with MCP parity: {"name":"x","workspaces":{}}
[22m[39mPlatform detection: Windows=false
App root directory: /Users/normy/autobyteus_org/autobyteus-worktrees/delegate-to-existing-copy/autobyteus-server-ts
App data directory: /var/folders/7w/9r4_s1_s42z3f7c136bpjf0r0000gn/T/project-tools-unit-ziZa1B
Successfully registered tool definition: 'list_projects'
Successfully registered tool definition: 'list_project_tasks'
Successfully registered tool definition: 'create_or_update_project'
Successfully registered tool definition: 'create_or_update_task'

[90mstderr[2m | tests/unit/agent-tools/project-tasks/project-task-tools.test.ts[2m > [22m[2mProject data tools — actual native preparation/execute and selected MCP adapter[2m > [22m[2mrejects malformed Project input before native coercion with MCP parity: {"name":"x","workspaces":{}}
[22m[39mOverwriting existing tool definition for name: 'list_projects'
Overwriting existing tool definition for name: 'list_project_tasks'
Overwriting existing tool definition for name: 'create_or_update_project'
Overwriting existing tool definition for name: 'create_or_update_task'

[90mstdout[2m | tests/unit/agent-tools/project-tasks/project-task-tools.test.ts[2m > [22m[2mProject data tools — actual native preparation/execute and selected MCP adapter[2m > [22m[2mrejects malformed Project input before native coercion with MCP parity: {"name":"x"}
[22m[39mPlatform detection: Windows=false
App root directory: /Users/normy/autobyteus_org/autobyteus-worktrees/delegate-to-existing-copy/autobyteus-server-ts
App data directory: /var/folders/7w/9r4_s1_s42z3f7c136bpjf0r0000gn/T/project-tools-unit-yOrCCr
Successfully registered tool definition: 'list_projects'
Successfully registered tool definition: 'list_project_tasks'
Successfully registered tool definition: 'create_or_update_project'
Successfully registered tool definition: 'create_or_update_task'

[90mstderr[2m | tests/unit/agent-tools/project-tasks/project-task-tools.test.ts[2m > [22m[2mProject data tools — actual native preparation/execute and selected MCP adapter[2m > [22m[2mrejects malformed Project input before native coercion with MCP parity: {"name":"x"}
[22m[39mOverwriting existing tool definition for name: 'list_projects'
Overwriting existing tool definition for name: 'list_project_tasks'
Overwriting existing tool definition for name: 'create_or_update_project'
Overwriting existing tool definition for name: 'create_or_update_task'

[90mstdout[2m | tests/unit/agent-tools/project-tasks/project-task-tools.test.ts[2m > [22m[2mProject data tools — actual native preparation/execute and selected MCP adapter[2m > [22m[2mrejects malformed Project input before native coercion with MCP parity: {"name":"x","workspaces":[null]}
[22m[39mPlatform detection: Windows=false
App root directory: /Users/normy/autobyteus_org/autobyteus-worktrees/delegate-to-existing-copy/autobyteus-server-ts
App data directory: /var/folders/7w/9r4_s1_s42z3f7c136bpjf0r0000gn/T/project-tools-unit-U69Yya
Successfully registered tool definition: 'list_projects'
Successfully registered tool definition: 'list_project_tasks'
Successfully registered tool definition: 'create_or_update_project'
Successfully registered tool definition: 'create_or_update_task'

[90mstderr[2m | tests/unit/agent-tools/project-tasks/project-task-tools.test.ts[2m > [22m[2mProject data tools — actual native preparation/execute and selected MCP adapter[2m > [22m[2mrejects malformed Project input before native coercion with MCP parity: {"name":"x","workspaces":[null]}
[22m[39mOverwriting existing tool definition for name: 'list_projects'
Overwriting existing tool definition for name: 'list_project_tasks'
Overwriting existing tool definition for name: 'create_or_update_project'
Overwriting existing tool definition for name: 'create_or_update_task'

[90mstdout[2m | tests/unit/agent-tools/project-tasks/project-task-tools.test.ts[2m > [22m[2mProject data tools — actual native preparation/execute and selected MCP adapter[2m > [22m[2mrejects malformed Project input before native coercion with MCP parity: {"name":"x","workspaces":["ws"]}
[22m[39mPlatform detection: Windows=false
App root directory: /Users/normy/autobyteus_org/autobyteus-worktrees/delegate-to-existing-copy/autobyteus-server-ts
App data directory: /var/folders/7w/9r4_s1_s42z3f7c136bpjf0r0000gn/T/project-tools-unit-KLOXRO
Successfully registered tool definition: 'list_projects'
Successfully registered tool definition: 'list_project_tasks'
Successfully registered tool definition: 'create_or_update_project'
Successfully registered tool definition: 'create_or_update_task'

[90mstderr[2m | tests/unit/agent-tools/project-tasks/project-task-tools.test.ts[2m > [22m[2mProject data tools — actual native preparation/execute and selected MCP adapter[2m > [22m[2mrejects malformed Project input before native coercion with MCP parity: {"name":"x","workspaces":["ws"]}
[22m[39mOverwriting existing tool definition for name: 'list_projects'
Overwriting existing tool definition for name: 'list_project_tasks'
Overwriting existing tool definition for name: 'create_or_update_project'
Overwriting existing tool definition for name: 'create_or_update_task'

[90mstdout[2m | tests/unit/agent-tools/project-tasks/project-task-tools.test.ts[2m > [22m[2mProject data tools — actual native preparation/execute and selected MCP adapter[2m > [22m[2mrejects malformed Project input before native coercion with MCP parity: {"name":"x","workspaces":[123]}
[22m[39mPlatform detection: Windows=false
App root directory: /Users/normy/autobyteus_org/autobyteus-worktrees/delegate-to-existing-copy/autobyteus-server-ts
App data directory: /var/folders/7w/9r4_s1_s42z3f7c136bpjf0r0000gn/T/project-tools-unit-fPEecO
Successfully registered tool definition: 'list_projects'
Successfully registered tool definition: 'list_project_tasks'
Successfully registered tool definition: 'create_or_update_project'
Successfully registered tool definition: 'create_or_update_task'

[90mstderr[2m | tests/unit/agent-tools/project-tasks/project-task-tools.test.ts[2m > [22m[2mProject data tools — actual native preparation/execute and selected MCP adapter[2m > [22m[2mrejects malformed Project input before native coercion with MCP parity: {"name":"x","workspaces":[123]}
[22m[39mOverwriting existing tool definition for name: 'list_projects'
Overwriting existing tool definition for name: 'list_project_tasks'
Overwriting existing tool definition for name: 'create_or_update_project'
Overwriting existing tool definition for name: 'create_or_update_task'

[90mstdout[2m | tests/unit/agent-tools/project-tasks/project-task-tools.test.ts[2m > [22m[2mProject data tools — actual native preparation/execute and selected MCP adapter[2m > [22m[2mrejects malformed Project input before native coercion with MCP parity: {"name":"x","workspaces":["2026-10-09T08:27:41.735Z"]}
[22m[39mPlatform detection: Windows=false
App root directory: /Users/normy/autobyteus_org/autobyteus-worktrees/delegate-to-existing-copy/autobyteus-server-ts
App data directory: /var/folders/7w/9r4_s1_s42z3f7c136bpjf0r0000gn/T/project-tools-unit-PfEjeB
Successfully registered tool definition: 'list_projects'
Successfully registered tool definition: 'list_project_tasks'
Successfully registered tool definition: 'create_or_update_project'
Successfully registered tool definition: 'create_or_update_task'

[90mstderr[2m | tests/unit/agent-tools/project-tasks/project-task-tools.test.ts[2m > [22m[2mProject data tools — actual native preparation/execute and selected MCP adapter[2m > [22m[2mrejects malformed Project input before native coercion with MCP parity: {"name":"x","workspaces":["2026-10-09T08:27:41.735Z"]}
[22m[39mOverwriting existing tool definition for name: 'list_projects'
Overwriting existing tool definition for name: 'list_project_tasks'
Overwriting existing tool definition for name: 'create_or_update_project'
Overwriting existing tool definition for name: 'create_or_update_task'

[90mstdout[2m | tests/unit/agent-tools/project-tasks/project-task-tools.test.ts[2m > [22m[2mProject data tools — actual native preparation/execute and selected MCP adapter[2m > [22m[2mrejects malformed Project input before native coercion with MCP parity: {"name":"x","workspaces":[[]]}
[22m[39mPlatform detection: Windows=false
App root directory: /Users/normy/autobyteus_org/autobyteus-worktrees/delegate-to-existing-copy/autobyteus-server-ts
App data directory: /var/folders/7w/9r4_s1_s42z3f7c136bpjf0r0000gn/T/project-tools-unit-MP6n15
Successfully registered tool definition: 'list_projects'
Successfully registered tool definition: 'list_project_tasks'
Successfully registered tool definition: 'create_or_update_project'
Successfully registered tool definition: 'create_or_update_task'

[90mstderr[2m | tests/unit/agent-tools/project-tasks/project-task-tools.test.ts[2m > [22m[2mProject data tools — actual native preparation/execute and selected MCP adapter[2m > [22m[2mrejects malformed Project input before native coercion with MCP parity: {"name":"x","workspaces":[[]]}
[22m[39mOverwriting existing tool definition for name: 'list_projects'
Overwriting existing tool definition for name: 'list_project_tasks'
Overwriting existing tool definition for name: 'create_or_update_project'
Overwriting existing tool definition for name: 'create_or_update_task'

[90mstdout[2m | tests/unit/agent-tools/project-tasks/project-task-tools.test.ts[2m > [22m[2mProject data tools — actual native preparation/execute and selected MCP adapter[2m > [22m[2mrejects malformed Project input before native coercion with MCP parity: {"name":"x","workspaces":[null]}
[22m[39mPlatform detection: Windows=false
App root directory: /Users/normy/autobyteus_org/autobyteus-worktrees/delegate-to-existing-copy/autobyteus-server-ts
App data directory: /var/folders/7w/9r4_s1_s42z3f7c136bpjf0r0000gn/T/project-tools-unit-k8h2bb
Successfully registered tool definition: 'list_projects'
Successfully registered tool definition: 'list_project_tasks'
Successfully registered tool definition: 'create_or_update_project'
Successfully registered tool definition: 'create_or_update_task'

[90mstderr[2m | tests/unit/agent-tools/project-tasks/project-task-tools.test.ts[2m > [22m[2mProject data tools — actual native preparation/execute and selected MCP adapter[2m > [22m[2mrejects malformed Project input before native coercion with MCP parity: {"name":"x","workspaces":[null]}
[22m[39mOverwriting existing tool definition for name: 'list_projects'
Overwriting existing tool definition for name: 'list_project_tasks'
Overwriting existing tool definition for name: 'create_or_update_project'
Overwriting existing tool definition for name: 'create_or_update_task'

[90mstdout[2m | tests/unit/agent-tools/project-tasks/project-task-tools.test.ts[2m > [22m[2mProject data tools — actual native preparation/execute and selected MCP adapter[2m > [22m[2mrejects malformed Project input before native coercion with MCP parity: {"name":"x","workspaces":[{"workspace_id":"old_id"}]}
[22m[39mPlatform detection: Windows=false
App root directory: /Users/normy/autobyteus_org/autobyteus-worktrees/delegate-to-existing-copy/autobyteus-server-ts
App data directory: /var/folders/7w/9r4_s1_s42z3f7c136bpjf0r0000gn/T/project-tools-unit-uohXGh
Successfully registered tool definition: 'list_projects'
Successfully registered tool definition: 'list_project_tasks'
Successfully registered tool definition: 'create_or_update_project'
Successfully registered tool definition: 'create_or_update_task'

[90mstderr[2m | tests/unit/agent-tools/project-tasks/project-task-tools.test.ts[2m > [22m[2mProject data tools — actual native preparation/execute and selected MCP adapter[2m > [22m[2mrejects malformed Project input before native coercion with MCP parity: {"name":"x","workspaces":[{"workspace_id":"old_id"}]}
[22m[39mOverwriting existing tool definition for name: 'list_projects'
Overwriting existing tool definition for name: 'list_project_tasks'
Overwriting existing tool definition for name: 'create_or_update_project'
Overwriting existing tool definition for name: 'create_or_update_task'

[90mstdout[2m | tests/unit/agent-tools/project-tasks/project-task-tools.test.ts[2m > [22m[2mProject data tools — actual native preparation/execute and selected MCP adapter[2m > [22m[2mrejects malformed Project input before native coercion with MCP parity: {"name":"x","workspaces":[{}]}
[22m[39mPlatform detection: Windows=false
App root directory: /Users/normy/autobyteus_org/autobyteus-worktrees/delegate-to-existing-copy/autobyteus-server-ts
App data directory: /var/folders/7w/9r4_s1_s42z3f7c136bpjf0r0000gn/T/project-tools-unit-6On3Hv
Successfully registered tool definition: 'list_projects'
Successfully registered tool definition: 'list_project_tasks'
Successfully registered tool definition: 'create_or_update_project'
Successfully registered tool definition: 'create_or_update_task'

[90mstderr[2m | tests/unit/agent-tools/project-tasks/project-task-tools.test.ts[2m > [22m[2mProject data tools — actual native preparation/execute and selected MCP adapter[2m > [22m[2mrejects malformed Project input before native coercion with MCP parity: {"name":"x","workspaces":[{}]}
[22m[39mOverwriting existing tool definition for name: 'list_projects'
Overwriting existing tool definition for name: 'list_project_tasks'
Overwriting existing tool definition for name: 'create_or_update_project'
Overwriting existing tool definition for name: 'create_or_update_task'

[90mstdout[2m | tests/unit/agent-tools/project-tasks/project-task-tools.test.ts[2m > [22m[2mProject data tools — actual native preparation/execute and selected MCP adapter[2m > [22m[2mrejects malformed Project input before native coercion with MCP parity: {"name":"x","workspaces":[{"workspace_path":null}]}
[22m[39mPlatform detection: Windows=false
App root directory: /Users/normy/autobyteus_org/autobyteus-worktrees/delegate-to-existing-copy/autobyteus-server-ts
App data directory: /var/folders/7w/9r4_s1_s42z3f7c136bpjf0r0000gn/T/project-tools-unit-f4YSgj
Successfully registered tool definition: 'list_projects'
Successfully registered tool definition: 'list_project_tasks'
Successfully registered tool definition: 'create_or_update_project'
Successfully registered tool definition: 'create_or_update_task'

[90mstderr[2m | tests/unit/agent-tools/project-tasks/project-task-tools.test.ts[2m > [22m[2mProject data tools — actual native preparation/execute and selected MCP adapter[2m > [22m[2mrejects malformed Project input before native coercion with MCP parity: {"name":"x","workspaces":[{"workspace_path":null}]}
[22m[39mOverwriting existing tool definition for name: 'list_projects'
Overwriting existing tool definition for name: 'list_project_tasks'
Overwriting existing tool definition for name: 'create_or_update_project'
Overwriting existing tool definition for name: 'create_or_update_task'

[90mstdout[2m | tests/unit/agent-tools/project-tasks/project-task-tools.test.ts[2m > [22m[2mProject data tools — actual native preparation/execute and selected MCP adapter[2m > [22m[2mrejects malformed Project input before native coercion with MCP parity: {"name":"x","workspaces":[{"workspace_path":""}]}
[22m[39mPlatform detection: Windows=false
App root directory: /Users/normy/autobyteus_org/autobyteus-worktrees/delegate-to-existing-copy/autobyteus-server-ts
App data directory: /var/folders/7w/9r4_s1_s42z3f7c136bpjf0r0000gn/T/project-tools-unit-vSC1so
Successfully registered tool definition: 'list_projects'
Successfully registered tool definition: 'list_project_tasks'
Successfully registered tool definition: 'create_or_update_project'
Successfully registered tool definition: 'create_or_update_task'

[90mstderr[2m | tests/unit/agent-tools/project-tasks/project-task-tools.test.ts[2m > [22m[2mProject data tools — actual native preparation/execute and selected MCP adapter[2m > [22m[2mrejects malformed Project input before native coercion with MCP parity: {"name":"x","workspaces":[{"workspace_path":""}]}
[22m[39mOverwriting existing tool definition for name: 'list_projects'
Overwriting existing tool definition for name: 'list_project_tasks'
Overwriting existing tool definition for name: 'create_or_update_project'
Overwriting existing tool definition for name: 'create_or_update_task'

[90mstdout[2m | tests/unit/agent-tools/project-tasks/project-task-tools.test.ts[2m > [22m[2mProject data tools — actual native preparation/execute and selected MCP adapter[2m > [22m[2mrejects malformed Project input before native coercion with MCP parity: {"name":"x","workspaces":[{"workspace_path":123}]}
[22m[39mPlatform detection: Windows=false
App root directory: /Users/normy/autobyteus_org/autobyteus-worktrees/delegate-to-existing-copy/autobyteus-server-ts
App data directory: /var/folders/7w/9r4_s1_s42z3f7c136bpjf0r0000gn/T/project-tools-unit-qVsays
Successfully registered tool definition: 'list_projects'
Successfully registered tool definition: 'list_project_tasks'
Successfully registered tool definition: 'create_or_update_project'
Successfully registered tool definition: 'create_or_update_task'

[90mstderr[2m | tests/unit/agent-tools/project-tasks/project-task-tools.test.ts[2m > [22m[2mProject data tools — actual native preparation/execute and selected MCP adapter[2m > [22m[2mrejects malformed Project input before native coercion with MCP parity: {"name":"x","workspaces":[{"workspace_path":123}]}
[22m[39mOverwriting existing tool definition for name: 'list_projects'
Overwriting existing tool definition for name: 'list_project_tasks'
Overwriting existing tool definition for name: 'create_or_update_project'
Overwriting existing tool definition for name: 'create_or_update_task'

[90mstdout[2m | tests/unit/agent-tools/project-tasks/project-task-tools.test.ts[2m > [22m[2mProject data tools — actual native preparation/execute and selected MCP adapter[2m > [22m[2mrejects malformed Project input before native coercion with MCP parity: {"name":"x","workspaces":[{"workspace_path":"ws","description":null}]}
[22m[39mPlatform detection: Windows=false
App root directory: /Users/normy/autobyteus_org/autobyteus-worktrees/delegate-to-existing-copy/autobyteus-server-ts
App data directory: /var/folders/7w/9r4_s1_s42z3f7c136bpjf0r0000gn/T/project-tools-unit-IIFjsd
Successfully registered tool definition: 'list_projects'
Successfully registered tool definition: 'list_project_tasks'
Successfully registered tool definition: 'create_or_update_project'
Successfully registered tool definition: 'create_or_update_task'

[90mstderr[2m | tests/unit/agent-tools/project-tasks/project-task-tools.test.ts[2m > [22m[2mProject data tools — actual native preparation/execute and selected MCP adapter[2m > [22m[2mrejects malformed Project input before native coercion with MCP parity: {"name":"x","workspaces":[{"workspace_path":"ws","description":null}]}
[22m[39mOverwriting existing tool definition for name: 'list_projects'
Overwriting existing tool definition for name: 'list_project_tasks'
Overwriting existing tool definition for name: 'create_or_update_project'
Overwriting existing tool definition for name: 'create_or_update_task'

[90mstdout[2m | tests/unit/agent-tools/project-tasks/project-task-tools.test.ts[2m > [22m[2mProject data tools — actual native preparation/execute and selected MCP adapter[2m > [22m[2mrejects malformed Project input before native coercion with MCP parity: {"name":"x","workspaces":[{"workspace_path":"ws","description":false}]}
[22m[39mPlatform detection: Windows=false
App root directory: /Users/normy/autobyteus_org/autobyteus-worktrees/delegate-to-existing-copy/autobyteus-server-ts
App data directory: /var/folders/7w/9r4_s1_s42z3f7c136bpjf0r0000gn/T/project-tools-unit-wrkEH8
Successfully registered tool definition: 'list_projects'
Successfully registered tool definition: 'list_project_tasks'
Successfully registered tool definition: 'create_or_update_project'
Successfully registered tool definition: 'create_or_update_task'

[90mstderr[2m | tests/unit/agent-tools/project-tasks/project-task-tools.test.ts[2m > [22m[2mProject data tools — actual native preparation/execute and selected MCP adapter[2m > [22m[2mrejects malformed Project input before native coercion with MCP parity: {"name":"x","workspaces":[{"workspace_path":"ws","description":false}]}
[22m[39mOverwriting existing tool definition for name: 'list_projects'
Overwriting existing tool definition for name: 'list_project_tasks'
Overwriting existing tool definition for name: 'create_or_update_project'
Overwriting existing tool definition for name: 'create_or_update_task'

[90mstdout[2m | tests/unit/agent-tools/project-tasks/project-task-tools.test.ts[2m > [22m[2mProject data tools — actual native preparation/execute and selected MCP adapter[2m > [22m[2mrejects malformed Project input before native coercion with MCP parity: {"name":"x","workspaces":[{"workspace_path":"ws","description":123}]}
[22m[39mPlatform detection: Windows=false
App root directory: /Users/normy/autobyteus_org/autobyteus-worktrees/delegate-to-existing-copy/autobyteus-server-ts
App data directory: /var/folders/7w/9r4_s1_s42z3f7c136bpjf0r0000gn/T/project-tools-unit-AiIfDu
Successfully registered tool definition: 'list_projects'
Successfully registered tool definition: 'list_project_tasks'
Successfully registered tool definition: 'create_or_update_project'
Successfully registered tool definition: 'create_or_update_task'

[90mstderr[2m | tests/unit/agent-tools/project-tasks/project-task-tools.test.ts[2m > [22m[2mProject data tools — actual native preparation/execute and selected MCP adapter[2m > [22m[2mrejects malformed Project input before native coercion with MCP parity: {"name":"x","workspaces":[{"workspace_path":"ws","description":123}]}
[22m[39mOverwriting existing tool definition for name: 'list_projects'
Overwriting existing tool definition for name: 'list_project_tasks'
Overwriting existing tool definition for name: 'create_or_update_project'
Overwriting existing tool definition for name: 'create_or_update_task'

[90mstdout[2m | tests/unit/agent-tools/project-tasks/project-task-tools.test.ts[2m > [22m[2mProject data tools — actual native preparation/execute and selected MCP adapter[2m > [22m[2mrejects malformed Project input before native coercion with MCP parity: {"name":"x","workspaces":[{"workspace_path":"ws","extra":true}]}
[22m[39mPlatform detection: Windows=false
App root directory: /Users/normy/autobyteus_org/autobyteus-worktrees/delegate-to-existing-copy/autobyteus-server-ts
App data directory: /var/folders/7w/9r4_s1_s42z3f7c136bpjf0r0000gn/T/project-tools-unit-FBO5xV
Successfully registered tool definition: 'list_projects'
Successfully registered tool definition: 'list_project_tasks'
Successfully registered tool definition: 'create_or_update_project'
Successfully registered tool definition: 'create_or_update_task'

[90mstderr[2m | tests/unit/agent-tools/project-tasks/project-task-tools.test.ts[2m > [22m[2mProject data tools — actual native preparation/execute and selected MCP adapter[2m > [22m[2mrejects malformed Project input before native coercion with MCP parity: {"name":"x","workspaces":[{"workspace_path":"ws","extra":true}]}
[22m[39mOverwriting existing tool definition for name: 'list_projects'
Overwriting existing tool definition for name: 'list_project_tasks'
Overwriting existing tool definition for name: 'create_or_update_project'
Overwriting existing tool definition for name: 'create_or_update_task'

[90mstdout[2m | tests/unit/agent-tools/project-tasks/project-task-tools.test.ts[2m > [22m[2mProject data tools — actual native preparation/execute and selected MCP adapter[2m > [22m[2mrejects malformed Project input before native coercion with MCP parity: {"name":"x","workspaces":[{"workspace_path":"/work/site"},{"workspace_path":"/work/site/../site/"}]}
[22m[39mPlatform detection: Windows=false
App root directory: /Users/normy/autobyteus_org/autobyteus-worktrees/delegate-to-existing-copy/autobyteus-server-ts
App data directory: /var/folders/7w/9r4_s1_s42z3f7c136bpjf0r0000gn/T/project-tools-unit-sJAx3O
Successfully registered tool definition: 'list_projects'
Successfully registered tool definition: 'list_project_tasks'
Successfully registered tool definition: 'create_or_update_project'
Successfully registered tool definition: 'create_or_update_task'

[90mstderr[2m | tests/unit/agent-tools/project-tasks/project-task-tools.test.ts[2m > [22m[2mProject data tools — actual native preparation/execute and selected MCP adapter[2m > [22m[2mrejects malformed Project input before native coercion with MCP parity: {"name":"x","workspaces":[{"workspace_path":"/work/site"},{"workspace_path":"/work/site/../site/"}]}
[22m[39mOverwriting existing tool definition for name: 'list_projects'
Overwriting existing tool definition for name: 'list_project_tasks'
Overwriting existing tool definition for name: 'create_or_update_project'
Overwriting existing tool definition for name: 'create_or_update_task'

[90mstdout[2m | tests/unit/agent-tools/project-tasks/project-task-tools.test.ts[2m > [22m[2mProject data tools — actual native preparation/execute and selected MCP adapter[2m > [22m[2mrejects nonplain top-level Project arguments
[22m[39mPlatform detection: Windows=false
App root directory: /Users/normy/autobyteus_org/autobyteus-worktrees/delegate-to-existing-copy/autobyteus-server-ts
App data directory: /var/folders/7w/9r4_s1_s42z3f7c136bpjf0r0000gn/T/project-tools-unit-OvGyZZ
Successfully registered tool definition: 'list_projects'
Successfully registered tool definition: 'list_project_tasks'
Successfully registered tool definition: 'create_or_update_project'
Successfully registered tool definition: 'create_or_update_task'

[90mstderr[2m | tests/unit/agent-tools/project-tasks/project-task-tools.test.ts[2m > [22m[2mProject data tools — actual native preparation/execute and selected MCP adapter[2m > [22m[2mrejects nonplain top-level Project arguments
[22m[39mOverwriting existing tool definition for name: 'list_projects'
Overwriting existing tool definition for name: 'list_project_tasks'
Overwriting existing tool definition for name: 'create_or_update_project'
Overwriting existing tool definition for name: 'create_or_update_task'

[90mstdout[2m | tests/unit/agent-tools/project-tasks/project-task-tools.test.ts[2m > [22m[2mProject data tools — actual native preparation/execute and selected MCP adapter[2m > [22m[2mrejects nonplain top-level Project arguments
[22m[39mPlatform detection: Windows=false
App root directory: /Users/normy/autobyteus_org/autobyteus-worktrees/delegate-to-existing-copy/autobyteus-server-ts
App data directory: /var/folders/7w/9r4_s1_s42z3f7c136bpjf0r0000gn/T/project-tools-unit-RXpRqt
Successfully registered tool definition: 'list_projects'
Successfully registered tool definition: 'list_project_tasks'
Successfully registered tool definition: 'create_or_update_project'
Successfully registered tool definition: 'create_or_update_task'

[90mstderr[2m | tests/unit/agent-tools/project-tasks/project-task-tools.test.ts[2m > [22m[2mProject data tools — actual native preparation/execute and selected MCP adapter[2m > [22m[2mrejects nonplain top-level Project arguments
[22m[39mOverwriting existing tool definition for name: 'list_projects'
Overwriting existing tool definition for name: 'list_project_tasks'
Overwriting existing tool definition for name: 'create_or_update_project'
Overwriting existing tool definition for name: 'create_or_update_task'

[90mstdout[2m | tests/unit/agent-tools/project-tasks/project-task-tools.test.ts[2m > [22m[2mProject data tools — actual native preparation/execute and selected MCP adapter[2m > [22m[2mrejects nonplain top-level Project arguments
[22m[39mPlatform detection: Windows=false
App root directory: /Users/normy/autobyteus_org/autobyteus-worktrees/delegate-to-existing-copy/autobyteus-server-ts
App data directory: /var/folders/7w/9r4_s1_s42z3f7c136bpjf0r0000gn/T/project-tools-unit-OCBJkw
Successfully registered tool definition: 'list_projects'
Successfully registered tool definition: 'list_project_tasks'
Successfully registered tool definition: 'create_or_update_project'
Successfully registered tool definition: 'create_or_update_task'

[90mstderr[2m | tests/unit/agent-tools/project-tasks/project-task-tools.test.ts[2m > [22m[2mProject data tools — actual native preparation/execute and selected MCP adapter[2m > [22m[2mrejects nonplain top-level Project arguments
[22m[39mOverwriting existing tool definition for name: 'list_projects'
Overwriting existing tool definition for name: 'list_project_tasks'
Overwriting existing tool definition for name: 'create_or_update_project'
Overwriting existing tool definition for name: 'create_or_update_task'

[90mstdout[2m | tests/unit/agent-tools/project-tasks/project-task-tools.test.ts[2m > [22m[2mProject data tools — actual native preparation/execute and selected MCP adapter[2m > [22m[2mrejects nonplain top-level Project arguments
[22m[39mPlatform detection: Windows=false
App root directory: /Users/normy/autobyteus_org/autobyteus-worktrees/delegate-to-existing-copy/autobyteus-server-ts
App data directory: /var/folders/7w/9r4_s1_s42z3f7c136bpjf0r0000gn/T/project-tools-unit-lnIQWk
Successfully registered tool definition: 'list_projects'
Successfully registered tool definition: 'list_project_tasks'
Successfully registered tool definition: 'create_or_update_project'
Successfully registered tool definition: 'create_or_update_task'

[90mstderr[2m | tests/unit/agent-tools/project-tasks/project-task-tools.test.ts[2m > [22m[2mProject data tools — actual native preparation/execute and selected MCP adapter[2m > [22m[2mrejects nonplain top-level Project arguments
[22m[39mOverwriting existing tool definition for name: 'list_projects'
Overwriting existing tool definition for name: 'list_project_tasks'
Overwriting existing tool definition for name: 'create_or_update_project'
Overwriting existing tool definition for name: 'create_or_update_task'

[90mstdout[2m | tests/unit/agent-tools/project-tasks/project-task-tools.test.ts[2m > [22m[2mProject data tools — actual native preparation/execute and selected MCP adapter[2m > [22m[2mreturns service validation errors without partial metadata or implicit upsert
[22m[39mPlatform detection: Windows=false
App root directory: /Users/normy/autobyteus_org/autobyteus-worktrees/delegate-to-existing-copy/autobyteus-server-ts
App data directory: /var/folders/7w/9r4_s1_s42z3f7c136bpjf0r0000gn/T/project-tools-unit-o6ILUi
Successfully registered tool definition: 'list_projects'
Successfully registered tool definition: 'list_project_tasks'
Successfully registered tool definition: 'create_or_update_project'
Successfully registered tool definition: 'create_or_update_task'

[90mstderr[2m | tests/unit/agent-tools/project-tasks/project-task-tools.test.ts[2m > [22m[2mProject data tools — actual native preparation/execute and selected MCP adapter[2m > [22m[2mreturns service validation errors without partial metadata or implicit upsert
[22m[39mOverwriting existing tool definition for name: 'list_projects'
Overwriting existing tool definition for name: 'list_project_tasks'
Overwriting existing tool definition for name: 'create_or_update_project'
Overwriting existing tool definition for name: 'create_or_update_task'

[90mstdout[2m | tests/unit/agent-tools/project-tasks/project-task-tools.test.ts[2m > [22m[2mProject data tools — actual native preparation/execute and selected MCP adapter[2m > [22m[2mreports unconfirmed Project writes truthfully through native without exposing private failure details
[22m[39mPlatform detection: Windows=false
App root directory: /Users/normy/autobyteus_org/autobyteus-worktrees/delegate-to-existing-copy/autobyteus-server-ts
App data directory: /var/folders/7w/9r4_s1_s42z3f7c136bpjf0r0000gn/T/project-tools-unit-2OWF5p
Successfully registered tool definition: 'list_projects'
Successfully registered tool definition: 'list_project_tasks'
Successfully registered tool definition: 'create_or_update_project'
Successfully registered tool definition: 'create_or_update_task'

[90mstderr[2m | tests/unit/agent-tools/project-tasks/project-task-tools.test.ts[2m > [22m[2mProject data tools — actual native preparation/execute and selected MCP adapter[2m > [22m[2mreports unconfirmed Project writes truthfully through native without exposing private failure details
[22m[39mOverwriting existing tool definition for name: 'list_projects'
Overwriting existing tool definition for name: 'list_project_tasks'
Overwriting existing tool definition for name: 'create_or_update_project'
Overwriting existing tool definition for name: 'create_or_update_task'

[90mstdout[2m | tests/unit/agent-tools/project-tasks/project-task-tools.test.ts[2m > [22m[2mProject data tools — actual native preparation/execute and selected MCP adapter[2m > [22m[2mreports unconfirmed Project writes truthfully through mcp without exposing private failure details
[22m[39mPlatform detection: Windows=false
App root directory: /Users/normy/autobyteus_org/autobyteus-worktrees/delegate-to-existing-copy/autobyteus-server-ts
App data directory: /var/folders/7w/9r4_s1_s42z3f7c136bpjf0r0000gn/T/project-tools-unit-dXsoE6
Successfully registered tool definition: 'list_projects'
Successfully registered tool definition: 'list_project_tasks'
Successfully registered tool definition: 'create_or_update_project'
Successfully registered tool definition: 'create_or_update_task'

[90mstderr[2m | tests/unit/agent-tools/project-tasks/project-task-tools.test.ts[2m > [22m[2mProject data tools — actual native preparation/execute and selected MCP adapter[2m > [22m[2mreports unconfirmed Project writes truthfully through mcp without exposing private failure details
[22m[39mOverwriting existing tool definition for name: 'list_projects'
Overwriting existing tool definition for name: 'list_project_tasks'
Overwriting existing tool definition for name: 'create_or_update_project'
Overwriting existing tool definition for name: 'create_or_update_task'

[90mstdout[2m | tests/unit/agent-tools/project-tasks/project-task-tools.test.ts[2m > [22m[2mProject data tools — actual native preparation/execute and selected MCP adapter[2m > [22m[2mshares business reads and compact TODO create/known-ID status acknowledgements
[22m[39mPlatform detection: Windows=false
App root directory: /Users/normy/autobyteus_org/autobyteus-worktrees/delegate-to-existing-copy/autobyteus-server-ts
App data directory: /var/folders/7w/9r4_s1_s42z3f7c136bpjf0r0000gn/T/project-tools-unit-SQDyZQ
Successfully registered tool definition: 'list_projects'
Successfully registered tool definition: 'list_project_tasks'
Successfully registered tool definition: 'create_or_update_project'
Successfully registered tool definition: 'create_or_update_task'

[90mstderr[2m | tests/unit/agent-tools/project-tasks/project-task-tools.test.ts[2m > [22m[2mProject data tools — actual native preparation/execute and selected MCP adapter[2m > [22m[2mshares business reads and compact TODO create/known-ID status acknowledgements
[22m[39mOverwriting existing tool definition for name: 'list_projects'
Overwriting existing tool definition for name: 'list_project_tasks'
Overwriting existing tool definition for name: 'create_or_update_project'
Overwriting existing tool definition for name: 'create_or_update_task'

[90mstdout[2m | tests/unit/agent-tools/project-tasks/project-task-tools.test.ts[2m > [22m[2mProject data tools — actual native preparation/execute and selected MCP adapter[2m > [22m[2mdocuments and accepts CANCELLED (dropped as not needed) on patch and list, never on create (AC-004, AC-006, AC-007)
[22m[39mPlatform detection: Windows=false
App root directory: /Users/normy/autobyteus_org/autobyteus-worktrees/delegate-to-existing-copy/autobyteus-server-ts
App data directory: /var/folders/7w/9r4_s1_s42z3f7c136bpjf0r0000gn/T/project-tools-unit-zScXWy
Successfully registered tool definition: 'list_projects'
Successfully registered tool definition: 'list_project_tasks'
Successfully registered tool definition: 'create_or_update_project'
Successfully registered tool definition: 'create_or_update_task'

[90mstderr[2m | tests/unit/agent-tools/project-tasks/project-task-tools.test.ts[2m > [22m[2mProject data tools — actual native preparation/execute and selected MCP adapter[2m > [22m[2mdocuments and accepts CANCELLED (dropped as not needed) on patch and list, never on create (AC-004, AC-006, AC-007)
[22m[39mOverwriting existing tool definition for name: 'list_projects'
Overwriting existing tool definition for name: 'list_project_tasks'
Overwriting existing tool definition for name: 'create_or_update_project'
Overwriting existing tool definition for name: 'create_or_update_task'

[90mstdout[2m | tests/unit/agent-tools/project-tasks/project-task-tools.test.ts[2m > [22m[2mProject data tools — actual native preparation/execute and selected MCP adapter[2m > [22m[2mpreserves domain errors before BaseTool coercion for list_projects
[22m[39mPlatform detection: Windows=false
App root directory: /Users/normy/autobyteus_org/autobyteus-worktrees/delegate-to-existing-copy/autobyteus-server-ts
App data directory: /var/folders/7w/9r4_s1_s42z3f7c136bpjf0r0000gn/T/project-tools-unit-ezVHRd
Successfully registered tool definition: 'list_projects'
Successfully registered tool definition: 'list_project_tasks'
Successfully registered tool definition: 'create_or_update_project'
Successfully registered tool definition: 'create_or_update_task'

[90mstderr[2m | tests/unit/agent-tools/project-tasks/project-task-tools.test.ts[2m > [22m[2mProject data tools — actual native preparation/execute and selected MCP adapter[2m > [22m[2mpreserves domain errors before BaseTool coercion for list_projects
[22m[39mOverwriting existing tool definition for name: 'list_projects'
Overwriting existing tool definition for name: 'list_project_tasks'
Overwriting existing tool definition for name: 'create_or_update_project'
Overwriting existing tool definition for name: 'create_or_update_task'

[90mstdout[2m | tests/unit/agent-tools/project-tasks/project-task-tools.test.ts[2m > [22m[2mProject data tools — actual native preparation/execute and selected MCP adapter[2m > [22m[2mpreserves domain errors before BaseTool coercion for list_project_tasks
[22m[39mPlatform detection: Windows=false
App root directory: /Users/normy/autobyteus_org/autobyteus-worktrees/delegate-to-existing-copy/autobyteus-server-ts
App data directory: /var/folders/7w/9r4_s1_s42z3f7c136bpjf0r0000gn/T/project-tools-unit-hUYgro
Successfully registered tool definition: 'list_projects'
Successfully registered tool definition: 'list_project_tasks'
Successfully registered tool definition: 'create_or_update_project'
Successfully registered tool definition: 'create_or_update_task'

[90mstderr[2m | tests/unit/agent-tools/project-tasks/project-task-tools.test.ts[2m > [22m[2mProject data tools — actual native preparation/execute and selected MCP adapter[2m > [22m[2mpreserves domain errors before BaseTool coercion for list_project_tasks
[22m[39mOverwriting existing tool definition for name: 'list_projects'
Overwriting existing tool definition for name: 'list_project_tasks'
Overwriting existing tool definition for name: 'create_or_update_project'
Overwriting existing tool definition for name: 'create_or_update_task'

[90mstdout[2m | tests/unit/agent-tools/project-tasks/project-task-tools.test.ts[2m > [22m[2mProject data tools — actual native preparation/execute and selected MCP adapter[2m > [22m[2mpreserves domain errors before BaseTool coercion for list_project_tasks
[22m[39mPlatform detection: Windows=false
App root directory: /Users/normy/autobyteus_org/autobyteus-worktrees/delegate-to-existing-copy/autobyteus-server-ts
App data directory: /var/folders/7w/9r4_s1_s42z3f7c136bpjf0r0000gn/T/project-tools-unit-vGs1tq
Successfully registered tool definition: 'list_projects'
Successfully registered tool definition: 'list_project_tasks'
Successfully registered tool definition: 'create_or_update_project'
Successfully registered tool definition: 'create_or_update_task'

[90mstderr[2m | tests/unit/agent-tools/project-tasks/project-task-tools.test.ts[2m > [22m[2mProject data tools — actual native preparation/execute and selected MCP adapter[2m > [22m[2mpreserves domain errors before BaseTool coercion for list_project_tasks
[22m[39mOverwriting existing tool definition for name: 'list_projects'
Overwriting existing tool definition for name: 'list_project_tasks'
Overwriting existing tool definition for name: 'create_or_update_project'
Overwriting existing tool definition for name: 'create_or_update_task'

[90mstdout[2m | tests/unit/agent-tools/project-tasks/project-task-tools.test.ts[2m > [22m[2mProject data tools — actual native preparation/execute and selected MCP adapter[2m > [22m[2mpreserves domain errors before BaseTool coercion for create_or_update_task
[22m[39mPlatform detection: Windows=false
App root directory: /Users/normy/autobyteus_org/autobyteus-worktrees/delegate-to-existing-copy/autobyteus-server-ts
App data directory: /var/folders/7w/9r4_s1_s42z3f7c136bpjf0r0000gn/T/project-tools-unit-I9P2zM
Successfully registered tool definition: 'list_projects'
Successfully registered tool definition: 'list_project_tasks'
Successfully registered tool definition: 'create_or_update_project'
Successfully registered tool definition: 'create_or_update_task'

[90mstderr[2m | tests/unit/agent-tools/project-tasks/project-task-tools.test.ts[2m > [22m[2mProject data tools — actual native preparation/execute and selected MCP adapter[2m > [22m[2mpreserves domain errors before BaseTool coercion for create_or_update_task
[22m[39mOverwriting existing tool definition for name: 'list_projects'
Overwriting existing tool definition for name: 'list_project_tasks'
Overwriting existing tool definition for name: 'create_or_update_project'
Overwriting existing tool definition for name: 'create_or_update_task'

[90mstdout[2m | tests/unit/agent-tools/project-tasks/project-task-tools.test.ts[2m > [22m[2mProject data tools — actual native preparation/execute and selected MCP adapter[2m > [22m[2mpreserves domain errors before BaseTool coercion for create_or_update_task
[22m[39mPlatform detection: Windows=false
App root directory: /Users/normy/autobyteus_org/autobyteus-worktrees/delegate-to-existing-copy/autobyteus-server-ts
App data directory: /var/folders/7w/9r4_s1_s42z3f7c136bpjf0r0000gn/T/project-tools-unit-jBCUNY
Successfully registered tool definition: 'list_projects'
Successfully registered tool definition: 'list_project_tasks'
Successfully registered tool definition: 'create_or_update_project'
Successfully registered tool definition: 'create_or_update_task'

[90mstderr[2m | tests/unit/agent-tools/project-tasks/project-task-tools.test.ts[2m > [22m[2mProject data tools — actual native preparation/execute and selected MCP adapter[2m > [22m[2mpreserves domain errors before BaseTool coercion for create_or_update_task
[22m[39mOverwriting existing tool definition for name: 'list_projects'
Overwriting existing tool definition for name: 'list_project_tasks'
Overwriting existing tool definition for name: 'create_or_update_project'
Overwriting existing tool definition for name: 'create_or_update_task'

[90mstdout[2m | tests/unit/agent-tools/project-tasks/project-task-tools.test.ts[2m > [22m[2mProject data tools — actual native preparation/execute and selected MCP adapter[2m > [22m[2mpreserves domain errors before BaseTool coercion for create_or_update_task
[22m[39mPlatform detection: Windows=false
App root directory: /Users/normy/autobyteus_org/autobyteus-worktrees/delegate-to-existing-copy/autobyteus-server-ts
App data directory: /var/folders/7w/9r4_s1_s42z3f7c136bpjf0r0000gn/T/project-tools-unit-TbrxDw
Successfully registered tool definition: 'list_projects'
Successfully registered tool definition: 'list_project_tasks'
Successfully registered tool definition: 'create_or_update_project'
Successfully registered tool definition: 'create_or_update_task'

[90mstderr[2m | tests/unit/agent-tools/project-tasks/project-task-tools.test.ts[2m > [22m[2mProject data tools — actual native preparation/execute and selected MCP adapter[2m > [22m[2mpreserves domain errors before BaseTool coercion for create_or_update_task
[22m[39mOverwriting existing tool definition for name: 'list_projects'
Overwriting existing tool definition for name: 'list_project_tasks'
Overwriting existing tool definition for name: 'create_or_update_project'
Overwriting existing tool definition for name: 'create_or_update_task'

[90mstdout[2m | tests/unit/agent-tools/project-tasks/project-task-tools.test.ts[2m > [22m[2mProject data tools — actual native preparation/execute and selected MCP adapter[2m > [22m[2mpreserves domain errors before BaseTool coercion for create_or_update_task
[22m[39mPlatform detection: Windows=false
App root directory: /Users/normy/autobyteus_org/autobyteus-worktrees/delegate-to-existing-copy/autobyteus-server-ts
App data directory: /var/folders/7w/9r4_s1_s42z3f7c136bpjf0r0000gn/T/project-tools-unit-mvPRaG
Successfully registered tool definition: 'list_projects'
Successfully registered tool definition: 'list_project_tasks'
Successfully registered tool definition: 'create_or_update_project'
Successfully registered tool definition: 'create_or_update_task'

[90mstderr[2m | tests/unit/agent-tools/project-tasks/project-task-tools.test.ts[2m > [22m[2mProject data tools — actual native preparation/execute and selected MCP adapter[2m > [22m[2mpreserves domain errors before BaseTool coercion for create_or_update_task
[22m[39mOverwriting existing tool definition for name: 'list_projects'
Overwriting existing tool definition for name: 'list_project_tasks'
Overwriting existing tool definition for name: 'create_or_update_project'
Overwriting existing tool definition for name: 'create_or_update_task'

[90mstdout[2m | tests/unit/agent-tools/project-tasks/project-task-tools.test.ts[2m > [22m[2mProject data tools — actual native preparation/execute and selected MCP adapter[2m > [22m[2mpreserves domain errors before BaseTool coercion for create_or_update_task
[22m[39mPlatform detection: Windows=false
App root directory: /Users/normy/autobyteus_org/autobyteus-worktrees/delegate-to-existing-copy/autobyteus-server-ts
App data directory: /var/folders/7w/9r4_s1_s42z3f7c136bpjf0r0000gn/T/project-tools-unit-RShWOv
Successfully registered tool definition: 'list_projects'
Successfully registered tool definition: 'list_project_tasks'
Successfully registered tool definition: 'create_or_update_project'
Successfully registered tool definition: 'create_or_update_task'

[90mstderr[2m | tests/unit/agent-tools/project-tasks/project-task-tools.test.ts[2m > [22m[2mProject data tools — actual native preparation/execute and selected MCP adapter[2m > [22m[2mpreserves domain errors before BaseTool coercion for create_or_update_task
[22m[39mOverwriting existing tool definition for name: 'list_projects'
Overwriting existing tool definition for name: 'list_project_tasks'
Overwriting existing tool definition for name: 'create_or_update_project'
Overwriting existing tool definition for name: 'create_or_update_task'

[90mstdout[2m | tests/unit/agent-tools/project-tasks/project-task-tools.test.ts[2m > [22m[2mProject data tools — actual native preparation/execute and selected MCP adapter[2m > [22m[2mpreserves domain errors before BaseTool coercion for create_or_update_task
[22m[39mPlatform detection: Windows=false
App root directory: /Users/normy/autobyteus_org/autobyteus-worktrees/delegate-to-existing-copy/autobyteus-server-ts
App data directory: /var/folders/7w/9r4_s1_s42z3f7c136bpjf0r0000gn/T/project-tools-unit-5I0phS
Successfully registered tool definition: 'list_projects'
Successfully registered tool definition: 'list_project_tasks'
Successfully registered tool definition: 'create_or_update_project'
Successfully registered tool definition: 'create_or_update_task'

[90mstderr[2m | tests/unit/agent-tools/project-tasks/project-task-tools.test.ts[2m > [22m[2mProject data tools — actual native preparation/execute and selected MCP adapter[2m > [22m[2mpreserves domain errors before BaseTool coercion for create_or_update_task
[22m[39mOverwriting existing tool definition for name: 'list_projects'
Overwriting existing tool definition for name: 'list_project_tasks'
Overwriting existing tool definition for name: 'create_or_update_project'
Overwriting existing tool definition for name: 'create_or_update_task'

[90mstdout[2m | tests/unit/agent-tools/project-tasks/project-task-tools.test.ts[2m > [22m[2mProject data tools — actual native preparation/execute and selected MCP adapter[2m > [22m[2mpreserves domain errors before BaseTool coercion for create_or_update_task
[22m[39mPlatform detection: Windows=false
App root directory: /Users/normy/autobyteus_org/autobyteus-worktrees/delegate-to-existing-copy/autobyteus-server-ts
App data directory: /var/folders/7w/9r4_s1_s42z3f7c136bpjf0r0000gn/T/project-tools-unit-W9E3Ln
Successfully registered tool definition: 'list_projects'
Successfully registered tool definition: 'list_project_tasks'
Successfully registered tool definition: 'create_or_update_project'
Successfully registered tool definition: 'create_or_update_task'

[90mstderr[2m | tests/unit/agent-tools/project-tasks/project-task-tools.test.ts[2m > [22m[2mProject data tools — actual native preparation/execute and selected MCP adapter[2m > [22m[2mpreserves domain errors before BaseTool coercion for create_or_update_task
[22m[39mOverwriting existing tool definition for name: 'list_projects'
Overwriting existing tool definition for name: 'list_project_tasks'
Overwriting existing tool definition for name: 'create_or_update_project'
Overwriting existing tool definition for name: 'create_or_update_task'

[90mstdout[2m | tests/unit/agent-tools/project-tasks/project-task-tools.test.ts[2m > [22m[2mProject data tools — actual native preparation/execute and selected MCP adapter[2m > [22m[2mpreserves domain errors before BaseTool coercion for create_or_update_task
[22m[39mPlatform detection: Windows=false
App root directory: /Users/normy/autobyteus_org/autobyteus-worktrees/delegate-to-existing-copy/autobyteus-server-ts
App data directory: /var/folders/7w/9r4_s1_s42z3f7c136bpjf0r0000gn/T/project-tools-unit-KGxIeB
Successfully registered tool definition: 'list_projects'
Successfully registered tool definition: 'list_project_tasks'
Successfully registered tool definition: 'create_or_update_project'
Successfully registered tool definition: 'create_or_update_task'

[90mstderr[2m | tests/unit/agent-tools/project-tasks/project-task-tools.test.ts[2m > [22m[2mProject data tools — actual native preparation/execute and selected MCP adapter[2m > [22m[2mpreserves domain errors before BaseTool coercion for create_or_update_task
[22m[39mOverwriting existing tool definition for name: 'list_projects'
Overwriting existing tool definition for name: 'list_project_tasks'
Overwriting existing tool definition for name: 'create_or_update_project'
Overwriting existing tool definition for name: 'create_or_update_task'

[90mstdout[2m | tests/unit/agent-tools/project-tasks/project-task-tools.test.ts[2m > [22m[2mProject data tools — actual native preparation/execute and selected MCP adapter[2m > [22m[2mpreserves domain errors before BaseTool coercion for create_or_update_task
[22m[39mPlatform detection: Windows=false
App root directory: /Users/normy/autobyteus_org/autobyteus-worktrees/delegate-to-existing-copy/autobyteus-server-ts
App data directory: /var/folders/7w/9r4_s1_s42z3f7c136bpjf0r0000gn/T/project-tools-unit-zmSdfc
Successfully registered tool definition: 'list_projects'
Successfully registered tool definition: 'list_project_tasks'
Successfully registered tool definition: 'create_or_update_project'
Successfully registered tool definition: 'create_or_update_task'

[90mstderr[2m | tests/unit/agent-tools/project-tasks/project-task-tools.test.ts[2m > [22m[2mProject data tools — actual native preparation/execute and selected MCP adapter[2m > [22m[2mpreserves domain errors before BaseTool coercion for create_or_update_task
[22m[39mOverwriting existing tool definition for name: 'list_projects'
Overwriting existing tool definition for name: 'list_project_tasks'
Overwriting existing tool definition for name: 'create_or_update_project'
Overwriting existing tool definition for name: 'create_or_update_task'

[90mstdout[2m | tests/unit/agent-tools/project-tasks/project-task-tools.test.ts[2m > [22m[2mProject data tools — actual native preparation/execute and selected MCP adapter[2m > [22m[2mpreserves domain errors before BaseTool coercion for create_or_update_task
[22m[39mPlatform detection: Windows=false
App root directory: /Users/normy/autobyteus_org/autobyteus-worktrees/delegate-to-existing-copy/autobyteus-server-ts
App data directory: /var/folders/7w/9r4_s1_s42z3f7c136bpjf0r0000gn/T/project-tools-unit-0neNRf
Successfully registered tool definition: 'list_projects'
Successfully registered tool definition: 'list_project_tasks'
Successfully registered tool definition: 'create_or_update_project'
Successfully registered tool definition: 'create_or_update_task'

[90mstderr[2m | tests/unit/agent-tools/project-tasks/project-task-tools.test.ts[2m > [22m[2mProject data tools — actual native preparation/execute and selected MCP adapter[2m > [22m[2mpreserves domain errors before BaseTool coercion for create_or_update_task
[22m[39mOverwriting existing tool definition for name: 'list_projects'
Overwriting existing tool definition for name: 'list_project_tasks'
Overwriting existing tool definition for name: 'create_or_update_project'
Overwriting existing tool definition for name: 'create_or_update_task'

[90mstdout[2m | tests/unit/agent-tools/project-tasks/project-task-tools.test.ts[2m > [22m[2mProject data tools — actual native preparation/execute and selected MCP adapter[2m > [22m[2mpreserves domain errors before BaseTool coercion for create_or_update_task
[22m[39mPlatform detection: Windows=false
App root directory: /Users/normy/autobyteus_org/autobyteus-worktrees/delegate-to-existing-copy/autobyteus-server-ts
App data directory: /var/folders/7w/9r4_s1_s42z3f7c136bpjf0r0000gn/T/project-tools-unit-MHX1gO
Successfully registered tool definition: 'list_projects'
Successfully registered tool definition: 'list_project_tasks'
Successfully registered tool definition: 'create_or_update_project'
Successfully registered tool definition: 'create_or_update_task'

[90mstderr[2m | tests/unit/agent-tools/project-tasks/project-task-tools.test.ts[2m > [22m[2mProject data tools — actual native preparation/execute and selected MCP adapter[2m > [22m[2mpreserves domain errors before BaseTool coercion for create_or_update_task
[22m[39mOverwriting existing tool definition for name: 'list_projects'
Overwriting existing tool definition for name: 'list_project_tasks'
Overwriting existing tool definition for name: 'create_or_update_project'
Overwriting existing tool definition for name: 'create_or_update_task'

[90mstdout[2m | tests/unit/agent-tools/project-tasks/project-task-tools.test.ts[2m > [22m[2mProject data tools — actual native preparation/execute and selected MCP adapter[2m > [22m[2mpreserves domain errors before BaseTool coercion for create_or_update_task
[22m[39mPlatform detection: Windows=false
App root directory: /Users/normy/autobyteus_org/autobyteus-worktrees/delegate-to-existing-copy/autobyteus-server-ts
App data directory: /var/folders/7w/9r4_s1_s42z3f7c136bpjf0r0000gn/T/project-tools-unit-rZLfkn
Successfully registered tool definition: 'list_projects'
Successfully registered tool definition: 'list_project_tasks'
Successfully registered tool definition: 'create_or_update_project'
Successfully registered tool definition: 'create_or_update_task'

[90mstderr[2m | tests/unit/agent-tools/project-tasks/project-task-tools.test.ts[2m > [22m[2mProject data tools — actual native preparation/execute and selected MCP adapter[2m > [22m[2mpreserves domain errors before BaseTool coercion for create_or_update_task
[22m[39mOverwriting existing tool definition for name: 'list_projects'
Overwriting existing tool definition for name: 'list_project_tasks'
Overwriting existing tool definition for name: 'create_or_update_project'
Overwriting existing tool definition for name: 'create_or_update_task'

[90mstdout[2m | tests/unit/agent-tools/project-tasks/project-task-tools.test.ts[2m > [22m[2mProject data tools — actual native preparation/execute and selected MCP adapter[2m > [22m[2mpreserves domain errors before BaseTool coercion for create_or_update_task
[22m[39mPlatform detection: Windows=false
App root directory: /Users/normy/autobyteus_org/autobyteus-worktrees/delegate-to-existing-copy/autobyteus-server-ts
App data directory: /var/folders/7w/9r4_s1_s42z3f7c136bpjf0r0000gn/T/project-tools-unit-YjYw5m
Successfully registered tool definition: 'list_projects'
Successfully registered tool definition: 'list_project_tasks'
Successfully registered tool definition: 'create_or_update_project'
Successfully registered tool definition: 'create_or_update_task'

[90mstderr[2m | tests/unit/agent-tools/project-tasks/project-task-tools.test.ts[2m > [22m[2mProject data tools — actual native preparation/execute and selected MCP adapter[2m > [22m[2mpreserves domain errors before BaseTool coercion for create_or_update_task
[22m[39mOverwriting existing tool definition for name: 'list_projects'
Overwriting existing tool definition for name: 'list_project_tasks'
Overwriting existing tool definition for name: 'create_or_update_project'
Overwriting existing tool definition for name: 'create_or_update_task'

[90mstdout[2m | tests/unit/agent-tools/project-tasks/project-task-tools.test.ts[2m > [22m[2mProject data tools — actual native preparation/execute and selected MCP adapter[2m > [22m[2mpreserves domain errors before BaseTool coercion for create_or_update_task
[22m[39mPlatform detection: Windows=false
App root directory: /Users/normy/autobyteus_org/autobyteus-worktrees/delegate-to-existing-copy/autobyteus-server-ts
App data directory: /var/folders/7w/9r4_s1_s42z3f7c136bpjf0r0000gn/T/project-tools-unit-fF64O3
Successfully registered tool definition: 'list_projects'
Successfully registered tool definition: 'list_project_tasks'
Successfully registered tool definition: 'create_or_update_project'
Successfully registered tool definition: 'create_or_update_task'

[90mstderr[2m | tests/unit/agent-tools/project-tasks/project-task-tools.test.ts[2m > [22m[2mProject data tools — actual native preparation/execute and selected MCP adapter[2m > [22m[2mpreserves domain errors before BaseTool coercion for create_or_update_task
[22m[39mOverwriting existing tool definition for name: 'list_projects'
Overwriting existing tool definition for name: 'list_project_tasks'
Overwriting existing tool definition for name: 'create_or_update_project'
Overwriting existing tool definition for name: 'create_or_update_task'

[90mstdout[2m | tests/unit/agent-tools/project-tasks/project-task-tools.test.ts[2m > [22m[2mProject data tools — actual native preparation/execute and selected MCP adapter[2m > [22m[2mpreserves domain errors before BaseTool coercion for create_or_update_task
[22m[39mPlatform detection: Windows=false
App root directory: /Users/normy/autobyteus_org/autobyteus-worktrees/delegate-to-existing-copy/autobyteus-server-ts
App data directory: /var/folders/7w/9r4_s1_s42z3f7c136bpjf0r0000gn/T/project-tools-unit-PXVDip
Successfully registered tool definition: 'list_projects'
Successfully registered tool definition: 'list_project_tasks'
Successfully registered tool definition: 'create_or_update_project'
Successfully registered tool definition: 'create_or_update_task'

[90mstderr[2m | tests/unit/agent-tools/project-tasks/project-task-tools.test.ts[2m > [22m[2mProject data tools — actual native preparation/execute and selected MCP adapter[2m > [22m[2mpreserves domain errors before BaseTool coercion for create_or_update_task
[22m[39mOverwriting existing tool definition for name: 'list_projects'
Overwriting existing tool definition for name: 'list_project_tasks'
Overwriting existing tool definition for name: 'create_or_update_project'
Overwriting existing tool definition for name: 'create_or_update_task'

[90mstdout[2m | tests/unit/agent-tools/project-tasks/project-task-tools.test.ts[2m > [22m[2mProject data tools — actual native preparation/execute and selected MCP adapter[2m > [22m[2mpreserves domain errors before BaseTool coercion for create_or_update_task
[22m[39mPlatform detection: Windows=false
App root directory: /Users/normy/autobyteus_org/autobyteus-worktrees/delegate-to-existing-copy/autobyteus-server-ts
App data directory: /var/folders/7w/9r4_s1_s42z3f7c136bpjf0r0000gn/T/project-tools-unit-moEAbk
Successfully registered tool definition: 'list_projects'
Successfully registered tool definition: 'list_project_tasks'
Successfully registered tool definition: 'create_or_update_project'
Successfully registered tool definition: 'create_or_update_task'

[90mstderr[2m | tests/unit/agent-tools/project-tasks/project-task-tools.test.ts[2m > [22m[2mProject data tools — actual native preparation/execute and selected MCP adapter[2m > [22m[2mpreserves domain errors before BaseTool coercion for create_or_update_task
[22m[39mOverwriting existing tool definition for name: 'list_projects'
Overwriting existing tool definition for name: 'list_project_tasks'
Overwriting existing tool definition for name: 'create_or_update_project'
Overwriting existing tool definition for name: 'create_or_update_task'

[90mstdout[2m | tests/unit/agent-tools/project-tasks/project-task-tools.test.ts[2m > [22m[2mProject data tools — actual native preparation/execute and selected MCP adapter[2m > [22m[2mpreserves domain errors before BaseTool coercion for create_or_update_task
[22m[39mPlatform detection: Windows=false
App root directory: /Users/normy/autobyteus_org/autobyteus-worktrees/delegate-to-existing-copy/autobyteus-server-ts
App data directory: /var/folders/7w/9r4_s1_s42z3f7c136bpjf0r0000gn/T/project-tools-unit-0t9QZ6
Successfully registered tool definition: 'list_projects'
Successfully registered tool definition: 'list_project_tasks'
Successfully registered tool definition: 'create_or_update_project'
Successfully registered tool definition: 'create_or_update_task'

[90mstderr[2m | tests/unit/agent-tools/project-tasks/project-task-tools.test.ts[2m > [22m[2mProject data tools — actual native preparation/execute and selected MCP adapter[2m > [22m[2mpreserves domain errors before BaseTool coercion for create_or_update_task
[22m[39mOverwriting existing tool definition for name: 'list_projects'
Overwriting existing tool definition for name: 'list_project_tasks'
Overwriting existing tool definition for name: 'create_or_update_project'
Overwriting existing tool definition for name: 'create_or_update_task'

[90mstdout[2m | tests/unit/agent-tools/project-tasks/project-task-tools.test.ts[2m > [22m[2mProject data tools — actual native preparation/execute and selected MCP adapter[2m > [22m[2mpreserves domain errors before BaseTool coercion for create_or_update_task
[22m[39mPlatform detection: Windows=false
App root directory: /Users/normy/autobyteus_org/autobyteus-worktrees/delegate-to-existing-copy/autobyteus-server-ts
App data directory: /var/folders/7w/9r4_s1_s42z3f7c136bpjf0r0000gn/T/project-tools-unit-OWNuWV
Successfully registered tool definition: 'list_projects'
Successfully registered tool definition: 'list_project_tasks'
Successfully registered tool definition: 'create_or_update_project'
Successfully registered tool definition: 'create_or_update_task'

[90mstderr[2m | tests/unit/agent-tools/project-tasks/project-task-tools.test.ts[2m > [22m[2mProject data tools — actual native preparation/execute and selected MCP adapter[2m > [22m[2mpreserves domain errors before BaseTool coercion for create_or_update_task
[22m[39mOverwriting existing tool definition for name: 'list_projects'
Overwriting existing tool definition for name: 'list_project_tasks'
Overwriting existing tool definition for name: 'create_or_update_project'
Overwriting existing tool definition for name: 'create_or_update_task'

[90mstdout[2m | tests/unit/agent-tools/project-tasks/project-task-tools.test.ts[2m > [22m[2mProject data tools — actual native preparation/execute and selected MCP adapter[2m > [22m[2mpreserves domain errors before BaseTool coercion for create_or_update_task
[22m[39mPlatform detection: Windows=false
App root directory: /Users/normy/autobyteus_org/autobyteus-worktrees/delegate-to-existing-copy/autobyteus-server-ts
App data directory: /var/folders/7w/9r4_s1_s42z3f7c136bpjf0r0000gn/T/project-tools-unit-9zBMQ3
Successfully registered tool definition: 'list_projects'
Successfully registered tool definition: 'list_project_tasks'
Successfully registered tool definition: 'create_or_update_project'
Successfully registered tool definition: 'create_or_update_task'

[90mstderr[2m | tests/unit/agent-tools/project-tasks/project-task-tools.test.ts[2m > [22m[2mProject data tools — actual native preparation/execute and selected MCP adapter[2m > [22m[2mpreserves domain errors before BaseTool coercion for create_or_update_task
[22m[39mOverwriting existing tool definition for name: 'list_projects'
Overwriting existing tool definition for name: 'list_project_tasks'
Overwriting existing tool definition for name: 'create_or_update_project'
Overwriting existing tool definition for name: 'create_or_update_task'

[90mstdout[2m | tests/unit/agent-tools/project-tasks/project-task-tools.test.ts[2m > [22m[2mProject data tools — actual native preparation/execute and selected MCP adapter[2m > [22m[2mpreserves domain errors before BaseTool coercion for list_project_tasks
[22m[39mPlatform detection: Windows=false
App root directory: /Users/normy/autobyteus_org/autobyteus-worktrees/delegate-to-existing-copy/autobyteus-server-ts
App data directory: /var/folders/7w/9r4_s1_s42z3f7c136bpjf0r0000gn/T/project-tools-unit-x6NgcB
Successfully registered tool definition: 'list_projects'
Successfully registered tool definition: 'list_project_tasks'
Successfully registered tool definition: 'create_or_update_project'
Successfully registered tool definition: 'create_or_update_task'

[90mstderr[2m | tests/unit/agent-tools/project-tasks/project-task-tools.test.ts[2m > [22m[2mProject data tools — actual native preparation/execute and selected MCP adapter[2m > [22m[2mpreserves domain errors before BaseTool coercion for list_project_tasks
[22m[39mOverwriting existing tool definition for name: 'list_projects'
Overwriting existing tool definition for name: 'list_project_tasks'
Overwriting existing tool definition for name: 'create_or_update_project'
Overwriting existing tool definition for name: 'create_or_update_task'

[90mstdout[2m | tests/unit/agent-tools/project-tasks/project-task-tools.test.ts[2m > [22m[2mProject data tools — actual native preparation/execute and selected MCP adapter[2m > [22m[2munknown Task IDs fail without creating and aborted native execution stays a transport error
[22m[39mPlatform detection: Windows=false
App root directory: /Users/normy/autobyteus_org/autobyteus-worktrees/delegate-to-existing-copy/autobyteus-server-ts
App data directory: /var/folders/7w/9r4_s1_s42z3f7c136bpjf0r0000gn/T/project-tools-unit-snreZF
Successfully registered tool definition: 'list_projects'
Successfully registered tool definition: 'list_project_tasks'
Successfully registered tool definition: 'create_or_update_project'
Successfully registered tool definition: 'create_or_update_task'

[90mstderr[2m | tests/unit/agent-tools/project-tasks/project-task-tools.test.ts[2m > [22m[2mProject data tools — actual native preparation/execute and selected MCP adapter[2m > [22m[2munknown Task IDs fail without creating and aborted native execution stays a transport error
[22m[39mOverwriting existing tool definition for name: 'list_projects'
Overwriting existing tool definition for name: 'list_project_tasks'
Overwriting existing tool definition for name: 'create_or_update_project'
Overwriting existing tool definition for name: 'create_or_update_task'

[90mstdout[2m | tests/unit/agent-tools/project-tasks/project-task-tools.test.ts[2m > [22m[2mProject data tools — actual native preparation/execute and selected MCP adapter[2m > [22m[2mexposes exactly explicit selections to catalog/Claude/native members, never legacy task aliases
[22m[39mPlatform detection: Windows=false
App root directory: /Users/normy/autobyteus_org/autobyteus-worktrees/delegate-to-existing-copy/autobyteus-server-ts
App data directory: /var/folders/7w/9r4_s1_s42z3f7c136bpjf0r0000gn/T/project-tools-unit-9oEYR3
Successfully registered tool definition: 'list_projects'
Successfully registered tool definition: 'list_project_tasks'
Successfully registered tool definition: 'create_or_update_project'
Successfully registered tool definition: 'create_or_update_task'

[90mstderr[2m | tests/unit/agent-tools/project-tasks/project-task-tools.test.ts[2m > [22m[2mProject data tools — actual native preparation/execute and selected MCP adapter[2m > [22m[2mexposes exactly explicit selections to catalog/Claude/native members, never legacy task aliases
[22m[39mOverwriting existing tool definition for name: 'list_projects'
Overwriting existing tool definition for name: 'list_project_tasks'
Overwriting existing tool definition for name: 'create_or_update_project'
Overwriting existing tool definition for name: 'create_or_update_task'

 [32m✓[39m tests/unit/agent-tools/project-tasks/project-task-tools.test.ts [2m([22m[2m77 tests[22m[2m)[22m[33m 1537[2mms[22m[39m
[90mstdout[2m | tests/unit/agent-collaboration/configured-root-first-work.test.ts
[22m[39mAgentFactory (Singleton) initialized.

[90mstdout[2m | tests/unit/agent-collaboration/configured-root-first-work.test.ts[2m > [22m[2mstandalone_team configured first work[2m > [22m[2mscope stays Offline; 'autobyteus' / 'none' / null readies only receivers
[22m[39mPlatform detection: Windows=false
App root directory: /Users/normy/autobyteus_org/autobyteus-worktrees/delegate-to-existing-copy/autobyteus-server-ts
App data directory: /Users/normy/autobyteus_org/autobyteus-worktrees/delegate-to-existing-copy/autobyteus-server-ts

 [32m✓[39m tests/unit/agent-collaboration/configured-root-first-work.test.ts [2m([22m[2m48 tests[22m[2m)[22m[33m 1551[2mms[22m[39m
[90mstdout[2m | tests/unit/projects/project-service.test.ts
[22m[39mAgentFactory (Singleton) initialized.

 [32m✓[39m tests/unit/projects/project-service.test.ts [2m([22m[2m43 tests[22m[2m)[22m[33m 1330[2mms[22m[39m
[90mstdout[2m | tests/unit/projects/task-execution-existing-copy-assignment.test.ts
[22m[39mAgentFactory (Singleton) initialized.

 [32m✓[39m tests/unit/projects/task-execution-existing-copy-assignment.test.ts [2m([22m[2m12 tests[22m[2m)[22m[33m 1083[2mms[22m[39m
[90mstdout[2m | tests/unit/projects/project-task-context-store.test.ts
[22m[39mAgentFactory (Singleton) initialized.

[90mstdout[2m | tests/unit/projects/project-task-context-store.test.ts[2m > [22m[2mTask-owned context transaction[2m > [22m[2mcopies real bytes, persists metadata only, projects restart references and retains on Done
[22m[39mPlatform detection: Windows=false
App root directory: /Users/normy/autobyteus_org/autobyteus-worktrees/delegate-to-existing-copy/autobyteus-server-ts
App data directory: /Users/normy/autobyteus_org/autobyteus-worktrees/delegate-to-existing-copy/autobyteus-server-ts

[90mstderr[2m | tests/unit/projects/project-task-context-store.test.ts[2m > [22m[2mTask-owned context transaction[2m > [22m[2mreturns proven committed metadata even when subsequent lock finalization fails
[22m[39mProjects data committed; lock finalization failed. Error: release failure
    at Object.<anonymous> [90m(/Users/normy/autobyteus_org/autobyteus-worktrees/delegate-to-existing-copy/autobyteus-server-ts/[39mtests/unit/projects/project-task-context-store.test.ts:92:69[90m)[39m
    at Object.unlink (file:///Users/normy/autobyteus_org/autobyteus-worktrees/delegate-to-existing-copy/node_modules/[4m.pnpm[24m/@vitest+spy@4.0.18/node_modules/[4m@vitest/spy[24m/dist/index.js:285:34)
    at code [90m(/Users/normy/autobyteus_org/autobyteus-worktrees/delegate-to-existing-copy/autobyteus-server-ts/[39msrc/persistence/file/store-utils.ts:55:20[90m)[39m
    at withFilePathLock [90m(/Users/normy/autobyteus_org/autobyteus-worktrees/delegate-to-existing-copy/autobyteus-server-ts/[39msrc/persistence/file/store-utils.ts:123:9[90m)[39m
    at ProjectStore.withCommitLock [90m(/Users/normy/autobyteus_org/autobyteus-worktrees/delegate-to-existing-copy/autobyteus-server-ts/[39msrc/projects/stores/project-store.ts:204:14[90m)[39m
    at ProjectTaskService.create [90m(/Users/normy/autobyteus_org/autobyteus-worktrees/delegate-to-existing-copy/autobyteus-server-ts/[39msrc/projects/services/project-task-service.ts:393:18[90m)[39m
    at [90m/Users/normy/autobyteus_org/autobyteus-worktrees/delegate-to-existing-copy/autobyteus-server-ts/[39mtests/unit/projects/project-task-context-store.test.ts:95:18
    at file:///Users/normy/autobyteus_org/autobyteus-worktrees/delegate-to-existing-copy/node_modules/[4m.pnpm[24m/@vitest+runner@4.0.18/node_modules/[4m@vitest/runner[24m/dist/index.js:915:20

[90mstderr[2m | tests/unit/projects/project-task-context-store.test.ts[2m > [22m[2mTask-owned context transaction[2m > [22m[2mcleanup failure cannot turn a confirmed file-removal commit into rollback
[22m[39mTask context cleanup failed. Error: cleanup unavailable
    at [90m/Users/normy/autobyteus_org/autobyteus-worktrees/delegate-to-existing-copy/autobyteus-server-ts/[39mtests/unit/projects/project-task-context-store.test.ts:121:63
    at file:///Users/normy/autobyteus_org/autobyteus-worktrees/delegate-to-existing-copy/node_modules/[4m.pnpm[24m/@vitest+runner@4.0.18/node_modules/[4m@vitest/runner[24m/dist/index.js:915:20

 [32m✓[39m tests/unit/projects/project-task-context-store.test.ts [2m([22m[2m9 tests[22m[2m)[22m[33m 954[2mms[22m[39m
[90mstdout[2m | tests/unit/standalone-agent-run-root/standalone-agent-run-root.test.ts
[22m[39mAgentFactory (Singleton) initialized.

[90mstdout[2m | tests/unit/standalone-agent-run-root/standalone-agent-run-root.test.ts[2m > [22m[2mAgent root of a standalone run[2m > [22m[2m`@` resolves addresses and adds nothing; first messages host each collaborator once, then it is messaged, copied and restored
[22m[39mPlatform detection: Windows=false
App root directory: /Users/normy/autobyteus_org/autobyteus-worktrees/delegate-to-existing-copy/autobyteus-server-ts
App data directory: /Users/normy/autobyteus_org/autobyteus-worktrees/delegate-to-existing-copy/autobyteus-server-ts

 [32m✓[39m tests/unit/standalone-agent-run-root/standalone-agent-run-root.test.ts [2m([22m[2m20 tests[22m[2m)[22m[33m 768[2mms[22m[39m
[90mstdout[2m | tests/unit/projects/task-execution-resources.test.ts
[22m[39mAgentFactory (Singleton) initialized.

[90mstdout[2m | tests/unit/projects/task-execution-resources.test.ts[2m > [22m[2mTask agent run resources (SR-023/SR-024)[2m > [22m[2mlinks `starting` before resources, writes the exact documented file, and settles start once
[22m[39mPlatform detection: Windows=false
App root directory: /Users/normy/autobyteus_org/autobyteus-worktrees/delegate-to-existing-copy/autobyteus-server-ts
App data directory: /Users/normy/autobyteus_org/autobyteus-worktrees/delegate-to-existing-copy/autobyteus-server-ts

 [32m✓[39m tests/unit/projects/task-execution-resources.test.ts [2m([22m[2m11 tests[22m[2m)[22m[33m 705[2mms[22m[39m
[90mstdout[2m | tests/unit/agent-tools/project-tasks/project-task-business-results.test.ts
[22m[39mAgentFactory (Singleton) initialized.

 [32m✓[39m tests/unit/agent-tools/project-tasks/project-task-business-results.test.ts [2m([22m[2m12 tests[22m[2m)[22m[33m 691[2mms[22m[39m
 [32m✓[39m tests/unit/agent-collaboration/task-execution-resource-dispatch.test.ts [2m([22m[2m39 tests[22m[2m)[22m[33m 650[2mms[22m[39m
[90mstdout[2m | tests/unit/agent-org-execution/agent-org-run-config.test.ts
[22m[39mAgentFactory (Singleton) initialized.

 [32m✓[39m tests/unit/agent-org-execution/agent-org-run-config.test.ts [2m([22m[2m18 tests[22m[2m)[22m[33m 603[2mms[22m[39m
[90mstdout[2m | tests/unit/projects/project-task-local-context-files.test.ts
[22m[39mAgentFactory (Singleton) initialized.

 [32m✓[39m tests/unit/projects/project-task-local-context-files.test.ts [2m([22m[2m18 tests[22m[2m)[22m[33m 609[2mms[22m[39m
[90mstdout[2m | tests/unit/projects/task-execution-resource-reactivation.test.ts
[22m[39mAgentFactory (Singleton) initialized.

 [32m✓[39m tests/unit/projects/task-execution-resource-reactivation.test.ts [2m([22m[2m6 tests[22m[2m)[22m[33m 581[2mms[22m[39m
[90mstdout[2m | tests/unit/projects/ad-hoc-tasks.test.ts
[22m[39mAgentFactory (Singleton) initialized.

 [32m✓[39m tests/unit/projects/ad-hoc-tasks.test.ts [2m([22m[2m10 tests[22m[2m)[22m[33m 480[2mms[22m[39m
[90mstdout[2m | tests/unit/agent-team-execution/team-root-agent-initiated-collaborators.test.ts
[22m[39mAgentFactory (Singleton) initialized.

[90mstdout[2m | tests/unit/agent-team-execution/team-root-agent-initiated-collaborators.test.ts[2m > [22m[2magent-initiated collaborators in a Team root[2m > [22m[2mlists eligible definitions with addresses and never writes (AC-002, AR-005)
[22m[39mPlatform detection: Windows=false
App root directory: /Users/normy/autobyteus_org/autobyteus-worktrees/delegate-to-existing-copy/autobyteus-server-ts
App data directory: /Users/normy/autobyteus_org/autobyteus-worktrees/delegate-to-existing-copy/autobyteus-server-ts

 [32m✓[39m tests/unit/agent-team-execution/team-root-agent-initiated-collaborators.test.ts [2m([22m[2m8 tests[22m[2m)[22m[33m 498[2mms[22m[39m
[90mstdout[2m | tests/unit/projects/project-task-service.test.ts
[22m[39mAgentFactory (Singleton) initialized.

[90mstdout[2m | tests/unit/projects/project-task-service.test.ts[2m > [22m[2mProjectTaskService[2m > [22m[2mcreates a TODO Task from a trimmed multi-line description in its own task.json
[22m[39mPlatform detection: Windows=false
App root directory: /Users/normy/autobyteus_org/autobyteus-worktrees/delegate-to-existing-copy/autobyteus-server-ts
App data directory: /Users/normy/autobyteus_org/autobyteus-worktrees/delegate-to-existing-copy/autobyteus-server-ts

 [32m✓[39m tests/unit/projects/project-task-service.test.ts [2m([22m[2m15 tests[22m[2m)[22m[33m 429[2mms[22m[39m
[90mstdout[2m | tests/unit/projects/task-cancelled-status.test.ts
[22m[39mAgentFactory (Singleton) initialized.

 [32m✓[39m tests/unit/projects/task-cancelled-status.test.ts [2m([22m[2m10 tests[22m[2m)[22m[33m 426[2mms[22m[39m
[90mstdout[2m | tests/unit/agent-team-execution/team-root-collaborators.test.ts
[22m[39mAgentFactory (Singleton) initialized.

[90mstdout[2m | tests/unit/agent-team-execution/team-root-collaborators.test.ts[2m > [22m[2mcollaborators hosted in a Team root (AR-006)[2m > [22m[2mincludes a hosted collaborator Team's live input snapshots in the root package
[22m[39mPlatform detection: Windows=false
App root directory: /Users/normy/autobyteus_org/autobyteus-worktrees/delegate-to-existing-copy/autobyteus-server-ts
App data directory: /Users/normy/autobyteus_org/autobyteus-worktrees/delegate-to-existing-copy/autobyteus-server-ts

 [32m✓[39m tests/unit/agent-team-execution/team-root-collaborators.test.ts [2m([22m[2m7 tests[22m[2m)[22m[33m 855[2mms[22m[39m
[90mstdout[2m | tests/unit/agent-org-execution/agent-org-task-idle-shutdown.test.ts
[22m[39mAgentFactory (Singleton) initialized.

[90mstdout[2m | tests/unit/agent-org-execution/agent-org-task-idle-shutdown.test.ts[2m > [22m[2mOrg-root delegated executions: pure spawn, idle shutdown, and wake-on-message[2m > [22m[2mspawns a agent with one tree write, shuts it down after the grace period, and restores it on a message
[22m[39mPlatform detection: Windows=false
App root directory: /Users/normy/autobyteus_org/autobyteus-worktrees/delegate-to-existing-copy/autobyteus-server-ts
App data directory: /Users/normy/autobyteus_org/autobyteus-worktrees/delegate-to-existing-copy/autobyteus-server-ts

 [32m✓[39m tests/unit/agent-org-execution/agent-org-task-idle-shutdown.test.ts [2m([22m[2m8 tests[22m[2m)[22m[33m 383[2mms[22m[39m
[90mstdout[2m | tests/unit/agent-org-execution/agent-org-agent-initiated-collaborators.test.ts
[22m[39mAgentFactory (Singleton) initialized.

[90mstdout[2m | tests/unit/agent-org-execution/agent-org-agent-initiated-collaborators.test.ts[2m > [22m[2magent-initiated collaborators and team instances in an AgentOrg[2m > [22m[2mgives a closed Team copy a follow-up Task by its team run ID; its coordinator gets B's work from the delegator (AC-002)
[22m[39mPlatform detection: Windows=false
App root directory: /Users/normy/autobyteus_org/autobyteus-worktrees/delegate-to-existing-copy/autobyteus-server-ts
App data directory: /Users/normy/autobyteus_org/autobyteus-worktrees/delegate-to-existing-copy/autobyteus-server-ts

 [32m✓[39m tests/unit/agent-org-execution/agent-org-agent-initiated-collaborators.test.ts [2m([22m[2m6 tests[22m[2m)[22m[33m 359[2mms[22m[39m
[90mstdout[2m | tests/unit/projects/project-change-publication.test.ts
[22m[39mAgentFactory (Singleton) initialized.

 [32m✓[39m tests/unit/projects/project-change-publication.test.ts [2m([22m[2m7 tests[22m[2m)[22m[32m 238[2mms[22m[39m
[90mstdout[2m | tests/unit/agent-org-execution/agent-org-collaborators.test.ts
[22m[39mAgentFactory (Singleton) initialized.

[90mstdout[2m | tests/unit/agent-org-execution/agent-org-collaborators.test.ts[2m > [22m[2m`@` and collaborators of an AgentOrg run[2m > [22m[2mresolves mentions on SEND_MESSAGE without adding anything and posts the note steering to delegate_task
[22m[39mPlatform detection: Windows=false
App root directory: /Users/normy/autobyteus_org/autobyteus-worktrees/delegate-to-existing-copy/autobyteus-server-ts
App data directory: /Users/normy/autobyteus_org/autobyteus-worktrees/delegate-to-existing-copy/autobyteus-server-ts

 [32m✓[39m tests/unit/agent-org-execution/agent-org-collaborators.test.ts [2m([22m[2m5 tests[22m[2m)[22m[32m 243[2mms[22m[39m
 [32m✓[39m tests/unit/projects/project-store-per-folder.test.ts [2m([22m[2m8 tests[22m[2m)[22m[32m 250[2mms[22m[39m
[90mstdout[2m | tests/unit/agent-org-execution/agent-org-run-inspection.test.ts
[22m[39mAgentFactory (Singleton) initialized.

[90mstderr[2m | tests/unit/agent-org-execution/agent-org-run-inspection.test.ts[2m > [22m[2mdistinguishes a real empty local task trace from a physical read failure without provider activation
[22m[39mMemory file missing: /var/folders/7w/9r4_s1_s42z3f7c136bpjf0r0000gn/T/org-inspection-2alh99/agent_orgs/org/task-run/raw_traces_active.jsonl

 [32m✓[39m tests/unit/agent-org-execution/agent-org-run-inspection.test.ts [2m([22m[2m7 tests[22m[2m)[22m[32m 229[2mms[22m[39m
[90mstdout[2m | tests/unit/agent-collaboration/task-terminal-publication-lifecycle.test.ts
[22m[39mAgentFactory (Singleton) initialized.

 [32m✓[39m tests/unit/agent-collaboration/task-terminal-publication-lifecycle.test.ts [2m([22m[2m39 tests[22m[2m)[22m[32m 194[2mms[22m[39m
[90mstdout[2m | tests/unit/agent-team-execution/team-run-model-selection-save.test.ts
[22m[39mAgentFactory (Singleton) initialized.

 [32m✓[39m tests/unit/agent-team-execution/team-run-model-selection-save.test.ts [2m([22m[2m12 tests[22m[2m)[22m[32m 174[2mms[22m[39m
[90mstdout[2m | tests/unit/agent-team-execution/flat-team-execution-manager-routing.test.ts
[22m[39mAgentFactory (Singleton) initialized.

 [32m✓[39m tests/unit/agent-team-execution/flat-team-execution-manager-routing.test.ts [2m([22m[2m7 tests[22m[2m)[22m[32m 114[2mms[22m[39m
[90mstdout[2m | tests/unit/agent-org-execution/agent-org-run-manager-lifecycle.test.ts
[22m[39mAgentFactory (Singleton) initialized.

 [32m✓[39m tests/unit/agent-org-execution/agent-org-run-manager-lifecycle.test.ts [2m([22m[2m6 tests[22m[2m)[22m[32m 113[2mms[22m[39m
[90mstdout[2m | tests/unit/agent-org-execution/agent-org-execution-tree-location-service.test.ts
[22m[39mAgentFactory (Singleton) initialized.

 [32m✓[39m tests/unit/agent-org-execution/agent-org-execution-tree-location-service.test.ts [2m([22m[2m5 tests[22m[2m)[22m[32m 87[2mms[22m[39m
 [32m✓[39m tests/unit/standalone-agent-run-root/standalone-host-agent-handle.test.ts [2m([22m[2m3 tests[22m[2m)[22m[32m 106[2mms[22m[39m
[90mstdout[2m | tests/unit/agent-org-execution/agent-org-execution-scope-builder.test.ts
[22m[39mAgentFactory (Singleton) initialized.

 [32m✓[39m tests/unit/agent-org-execution/agent-org-execution-scope-builder.test.ts [2m([22m[2m1 test[22m[2m)[22m[32m 94[2mms[22m[39m
 [32m✓[39m tests/unit/agent-collaboration/root-task-existing-copy-assignment.test.ts [2m([22m[2m26 tests[22m[2m)[22m[32m 68[2mms[22m[39m
 [32m✓[39m tests/unit/projects/task-root-view.test.ts [2m([22m[2m3 tests[22m[2m)[22m[32m 63[2mms[22m[39m
[90mstdout[2m | tests/unit/agent-org-execution/agent-org-run-termination.test.ts
[22m[39mAgentFactory (Singleton) initialized.

[90mstdout[2m | tests/unit/agent-org-execution/agent-org-run-termination.test.ts[2m > [22m[2mAgentOrgRun termination stabilization[2m > [22m[2mfreezes and fences every direct/mounted Agent scope before task and persistence drain
[22m[39mPlatform detection: Windows=false
App root directory: /Users/normy/autobyteus_org/autobyteus-worktrees/delegate-to-existing-copy/autobyteus-server-ts
App data directory: /Users/normy/autobyteus_org/autobyteus-worktrees/delegate-to-existing-copy/autobyteus-server-ts

 [32m✓[39m tests/unit/agent-org-execution/agent-org-run-termination.test.ts [2m([22m[2m6 tests[22m[2m)[22m[32m 65[2mms[22m[39m
 [32m✓[39m tests/unit/agent-collaboration/root-task-reactivation.test.ts [2m([22m[2m15 tests[22m[2m)[22m[32m 61[2mms[22m[39m
[90mstdout[2m | tests/unit/agent-team-execution/root-team-run-termination.test.ts
[22m[39mAgentFactory (Singleton) initialized.

[90mstdout[2m | tests/unit/agent-team-execution/root-team-run-termination.test.ts[2m > [22m[2mRootTeamRun termination stabilization[2m > [22m[2mcloses admission synchronously and joins an admitted materializing command before freezing
[22m[39mPlatform detection: Windows=false
App root directory: /Users/normy/autobyteus_org/autobyteus-worktrees/delegate-to-existing-copy/autobyteus-server-ts
App data directory: /Users/normy/autobyteus_org/autobyteus-worktrees/delegate-to-existing-copy/autobyteus-server-ts

 [32m✓[39m tests/unit/agent-team-execution/root-team-run-termination.test.ts [2m([22m[2m3 tests[22m[2m)[22m[32m 59[2mms[22m[39m
[90mstdout[2m | tests/unit/agent-tools/team-communication/collaboration-result-contracts.test.ts
[22m[39mAgentFactory (Singleton) initialized.

 [32m✓[39m tests/unit/agent-tools/team-communication/collaboration-result-contracts.test.ts [2m([22m[2m5 tests[22m[2m)[22m[32m 54[2mms[22m[39m
[90mstdout[2m | tests/unit/agent-collaboration/task-reactivation-backends.test.ts
[22m[39mAgentFactory (Singleton) initialized.

[90mstdout[2m | tests/unit/agent-collaboration/task-reactivation-backends.test.ts[2m > [22m[2magent root: reactivation over the actual released runtime authority[2m > [22m[2man Agent copy stopped by DONE is discarded and restored as a fresh run, and the cycle repeats (AC-001/010/011)
[22m[39mPlatform detection: Windows=false
App root directory: /Users/normy/autobyteus_org/autobyteus-worktrees/delegate-to-existing-copy/autobyteus-server-ts
App data directory: /Users/normy/autobyteus_org/autobyteus-worktrees/delegate-to-existing-copy/autobyteus-server-ts

 [32m✓[39m tests/unit/agent-collaboration/task-reactivation-backends.test.ts [2m([22m[2m12 tests[22m[2m)[22m[32m 37[2mms[22m[39m
[90mstdout[2m | tests/unit/agent-org-execution/agent-org-communication-presentation.test.ts
[22m[39mAgentFactory (Singleton) initialized.

[90mstdout[2m | tests/unit/agent-org-execution/agent-org-communication-presentation.test.ts[2m > [22m[2mAgentOrg committed communication presentation[2m > [22m[2mpublishes one root row then the configured receiver input before releasing delivery
[22m[39mPlatform detection: Windows=false
App root directory: /Users/normy/autobyteus_org/autobyteus-worktrees/delegate-to-existing-copy/autobyteus-server-ts
App data directory: /Users/normy/autobyteus_org/autobyteus-worktrees/delegate-to-existing-copy/autobyteus-server-ts

 [32m✓[39m tests/unit/agent-org-execution/agent-org-communication-presentation.test.ts [2m([22m[2m15 tests[22m[2m)[22m[32m 39[2mms[22m[39m
[90mstdout[2m | tests/unit/agent-tools/mcp/agent-tools-mcp-host.test.ts
[22m[39mAgentFactory (Singleton) initialized.

[90mstdout[2m | tests/unit/agent-tools/mcp/agent-tools-mcp-host.test.ts[2m > [22m[2mAgentToolsMcpHost[2m > [22m[2mowns one one-shot loopback listener and publishes only ready descriptors
[22m[39mPlatform detection: Windows=false
App root directory: /Users/normy/autobyteus_org/autobyteus-worktrees/delegate-to-existing-copy/autobyteus-server-ts
App data directory: /Users/normy/autobyteus_org/autobyteus-worktrees/delegate-to-existing-copy/autobyteus-server-ts

 [32m✓[39m tests/unit/agent-tools/mcp/agent-tools-mcp-host.test.ts [2m([22m[2m2 tests[22m[2m)[22m[32m 44[2mms[22m[39m
[90mstdout[2m | tests/unit/agent-collaboration/configured-agent-execution-handle.test.ts
[22m[39mAgentFactory (Singleton) initialized.

 [32m✓[39m tests/unit/agent-collaboration/configured-agent-execution-handle.test.ts [2m([22m[2m33 tests[22m[2m)[22m[32m 39[2mms[22m[39m
[90mstdout[2m | tests/unit/agent-collaboration/task-execution-resource-quiet-generation.test.ts
[22m[39mAgentFactory (Singleton) initialized.

[90mstdout[2m | tests/unit/agent-collaboration/task-execution-resource-quiet-generation.test.ts[2m > [22m[2magent quiet-generation exact Task release[2m > [22m[2mcoordinator-only follow-up preserves verified nested Agent/Team/grandchild proof and separately stops sibling helper
[22m[39mPlatform detection: Windows=false
App root directory: /Users/normy/autobyteus_org/autobyteus-worktrees/delegate-to-existing-copy/autobyteus-server-ts
App data directory: /Users/normy/autobyteus_org/autobyteus-worktrees/delegate-to-existing-copy/autobyteus-server-ts

 [32m✓[39m tests/unit/agent-collaboration/task-execution-resource-quiet-generation.test.ts [2m([22m[2m9 tests[22m[2m)[22m[32m 33[2mms[22m[39m
[90mstdout[2m | tests/unit/agent-collaboration/delegated-team-lazy-member-activation.test.ts
[22m[39mAgentFactory (Singleton) initialized.

 [32m✓[39m tests/unit/agent-collaboration/delegated-team-lazy-member-activation.test.ts [2m([22m[2m24 tests[22m[2m)[22m[32m 30[2mms[22m[39m
[90mstdout[2m | tests/unit/agent-tools/media/media-generation-service.test.ts
[22m[39mAgentFactory (Singleton) initialized.

 [32m✓[39m tests/unit/agent-tools/media/media-generation-service.test.ts [2m([22m[2m12 tests[22m[2m)[22m[32m 19[2mms[22m[39m
[90mstdout[2m | tests/unit/agent-collaboration/task-execution-status.test.ts
[22m[39mAgentFactory (Singleton) initialized.

[90mstdout[2m | tests/unit/agent-collaboration/task-execution-status.test.ts[2m > [22m[2magent root: a task execution's own live status for the Task side[2m > [22m[2mreports the live worker status, the folded team status, and offline once stopped or not admitting (DEC-006)
[22m[39mPlatform detection: Windows=false
App root directory: /Users/normy/autobyteus_org/autobyteus-worktrees/delegate-to-existing-copy/autobyteus-server-ts
App data directory: /Users/normy/autobyteus_org/autobyteus-worktrees/delegate-to-existing-copy/autobyteus-server-ts

 [32m✓[39m tests/unit/agent-collaboration/task-execution-status.test.ts [2m([22m[2m6 tests[22m[2m)[22m[32m 21[2mms[22m[39m
 [32m✓[39m tests/unit/projects/project-change-publisher.test.ts [2m([22m[2m6 tests[22m[2m)[22m[32m 20[2mms[22m[39m
[90mstdout[2m | tests/unit/agent-org-execution/agent-org-status-snapshot-traversal.test.ts
[22m[39mAgentFactory (Singleton) initialized.

[90mstdout[2m | tests/unit/agent-org-execution/agent-org-status-snapshot-traversal.test.ts[2m > [22m[2mAgentOrg status snapshot traversal[2m > [22m[2mstreams every root-owned and recursively Team-owned Agent exactly once across reselect
[22m[39mPlatform detection: Windows=false
App root directory: /Users/normy/autobyteus_org/autobyteus-worktrees/delegate-to-existing-copy/autobyteus-server-ts
App data directory: /Users/normy/autobyteus_org/autobyteus-worktrees/delegate-to-existing-copy/autobyteus-server-ts

 [32m✓[39m tests/unit/agent-org-execution/agent-org-status-snapshot-traversal.test.ts [2m([22m[2m3 tests[22m[2m)[22m[32m 18[2mms[22m[39m
 [32m✓[39m tests/unit/agent-collaboration/task-execution-resource-tree-scope.test.ts [2m([22m[2m17 tests[22m[2m)[22m[32m 21[2mms[22m[39m
 [32m✓[39m tests/unit/projects/task-execution-current-entry.test.ts [2m([22m[2m4 tests[22m[2m)[22m[32m 18[2mms[22m[39m
[90mstdout[2m | tests/unit/agent-team-execution/inter-agent-message-router-claude-input-admission.test.ts
[22m[39mAgentFactory (Singleton) initialized.

[90mstdout[2m | tests/unit/agent-team-execution/inter-agent-message-router-claude-input-admission.test.ts[2m > [22m[2mInterAgentMessageRouter Claude input admission[2m > [22m[2mdelivers a task-peer message into the running Claude turn without waiting for it to end (AC-004)
[22m[39mPlatform detection: Windows=false
App root directory: /Users/normy/autobyteus_org/autobyteus-worktrees/delegate-to-existing-copy/autobyteus-server-ts
App data directory: /Users/normy/autobyteus_org/autobyteus-worktrees/delegate-to-existing-copy/autobyteus-server-ts

 [32m✓[39m tests/unit/agent-team-execution/inter-agent-message-router-claude-input-admission.test.ts [2m([22m[2m1 test[22m[2m)[22m[32m 15[2mms[22m[39m
[90mstdout[2m | tests/unit/agent-org-execution/agent-org-run-service-model-selection.test.ts
[22m[39mAgentFactory (Singleton) initialized.

 [32m✓[39m tests/unit/agent-org-execution/agent-org-run-service-model-selection.test.ts [2m([22m[2m11 tests[22m[2m)[22m[32m 14[2mms[22m[39m
[90mstdout[2m | tests/unit/agent-org-execution/agent-org-reference-content-service.test.ts
[22m[39mAgentFactory (Singleton) initialized.

 [32m✓[39m tests/unit/agent-org-execution/agent-org-reference-content-service.test.ts [2m([22m[2m2 tests[22m[2m)[22m[32m 6[2mms[22m[39m
[90mstdout[2m | tests/unit/agent-collaboration/collaborators/collaborator-admission.test.ts
[22m[39mAgentFactory (Singleton) initialized.

 [32m✓[39m tests/unit/agent-collaboration/collaborators/collaborator-admission.test.ts [2m([22m[2m15 tests[22m[2m)[22m[32m 12[2mms[22m[39m
[90mstdout[2m | tests/unit/agent-team-execution/team-agent-token-usage-event-transport.test.ts
[22m[39mAgentFactory (Singleton) initialized.

 [32m✓[39m tests/unit/agent-team-execution/team-agent-token-usage-event-transport.test.ts [2m([22m[2m3 tests[22m[2m)[22m[32m 12[2mms[22m[39m
[90mstdout[2m | tests/unit/agent-team-execution/team-run-service.test.ts
[22m[39mAgentFactory (Singleton) initialized.

 [32m✓[39m tests/unit/agent-team-execution/team-run-service.test.ts [2m([22m[2m19 tests[22m[2m)[22m[32m 12[2mms[22m[39m
[90mstdout[2m | tests/unit/agent-org-execution/agent-org-task-shutdown-event-retirement.test.ts
[22m[39mAgentFactory (Singleton) initialized.

[90mstdout[2m | tests/unit/agent-org-execution/agent-org-task-shutdown-event-retirement.test.ts[2m > [22m[2mAgentOrg mounted-Team delegated execution shutdown event retirement[2m > [22m[2mretires the child's teardown events, keeps the execution in the tree, and publishes one offline status
[22m[39mPlatform detection: Windows=false
App root directory: /Users/normy/autobyteus_org/autobyteus-worktrees/delegate-to-existing-copy/autobyteus-server-ts
App data directory: /Users/normy/autobyteus_org/autobyteus-worktrees/delegate-to-existing-copy/autobyteus-server-ts

 [32m✓[39m tests/unit/agent-org-execution/agent-org-task-shutdown-event-retirement.test.ts [2m([22m[2m1 test[22m[2m)[22m[32m 9[2mms[22m[39m
[90mstdout[2m | tests/unit/agent-org-execution/agent-org-task-publication.test.ts
[22m[39mAgentFactory (Singleton) initialized.

 [32m✓[39m tests/unit/agent-org-execution/agent-org-task-publication.test.ts [2m([22m[2m5 tests[22m[2m)[22m[32m 11[2mms[22m[39m
 [32m✓[39m tests/unit/agent-tools/media/media-tool-path-resolver.test.ts [2m([22m[2m8 tests[22m[2m)[22m[32m 8[2mms[22m[39m
 [32m✓[39m tests/unit/agent-collaboration/root-task-execution-lifecycle.test.ts [2m([22m[2m21 tests[22m[2m)[22m[32m 10[2mms[22m[39m
[90mstdout[2m | tests/unit/agent-tools/mcp/agent-tool-mcp-session-service.test.ts
[22m[39mAgentFactory (Singleton) initialized.

 [32m✓[39m tests/unit/agent-tools/mcp/agent-tool-mcp-session-service.test.ts [2m([22m[2m8 tests[22m[2m)[22m[32m 8[2mms[22m[39m
[90mstdout[2m | tests/unit/agent-team-execution/task-agent-execution-registry-memory.test.ts
[22m[39mAgentFactory (Singleton) initialized.

[90mstdout[2m | tests/unit/agent-team-execution/task-agent-execution-registry-memory.test.ts[2m > [22m[2mTaskAgentExecutionRegistry task-agent memory[2m > [22m[2mkeeps a fresh task Agent as a leaf in its containing nested TeamRun scope and releases work only after commit
[22m[39mPlatform detection: Windows=false
App root directory: /Users/normy/autobyteus_org/autobyteus-worktrees/delegate-to-existing-copy/autobyteus-server-ts
App data directory: /Users/normy/autobyteus_org/autobyteus-worktrees/delegate-to-existing-copy/autobyteus-server-ts

 [32m✓[39m tests/unit/agent-team-execution/task-agent-execution-registry-memory.test.ts [2m([22m[2m3 tests[22m[2m)[22m[32m 8[2mms[22m[39m
[90mstdout[2m | tests/unit/agent-team-execution/flat-team-member-release-independence.test.ts
[22m[39mAgentFactory (Singleton) initialized.

 [32m✓[39m tests/unit/agent-team-execution/flat-team-member-release-independence.test.ts [2m([22m[2m4 tests[22m[2m)[22m[32m 11[2mms[22m[39m
[90mstdout[2m | tests/unit/agent-communication/global-agent-run-message-router.test.ts
[22m[39mAgentFactory (Singleton) initialized.

 [32m✓[39m tests/unit/agent-communication/global-agent-run-message-router.test.ts [2m([22m[2m10 tests[22m[2m)[22m[32m 11[2mms[22m[39m
 [32m✓[39m tests/unit/agent-org-execution/agent-org-run-service-history-order.test.ts [2m([22m[2m2 tests[22m[2m)[22m[32m 7[2mms[22m[39m
[90mstdout[2m | tests/unit/agent-tools/task-delegation/task-delegation-runtime-descriptions.test.ts
[22m[39mAgentFactory (Singleton) initialized.

 [32m✓[39m tests/unit/agent-tools/task-delegation/task-delegation-runtime-descriptions.test.ts [2m([22m[2m6 tests[22m[2m)[22m[32m 10[2mms[22m[39m
[90mstdout[2m | tests/unit/agent-tools/team-communication/send-message-to.test.ts
[22m[39mAgentFactory (Singleton) initialized.

[90mstdout[2m | tests/unit/agent-tools/team-communication/send-message-to.test.ts[2m > [22m[2mAutoByteus server-owned send_message_to[2m > [22m[2mroutes a hierarchical recipient_address through Team delivery and returns canonical JSON
[22m[39mSuccessfully registered tool definition: 'send_message_to'

 [32m✓[39m tests/unit/agent-tools/team-communication/send-message-to.test.ts [2m([22m[2m7 tests[22m[2m)[22m[32m 11[2mms[22m[39m
[90mstdout[2m | tests/unit/agent-tools/agent-discovery/list-available-agents-tool.test.ts
[22m[39mAgentFactory (Singleton) initialized.

[90mstdout[2m | tests/unit/agent-tools/agent-discovery/list-available-agents-tool.test.ts[2m > [22m[2mlist_available_agents (REQ-001/002)[2m > [22m[2mexposes actual Daily Assistant discovery through native and MCP bindings in a standalone host context
[22m[39mSuccessfully registered tool definition: 'list_available_agents'
Successfully registered tool definition: 'send_message_to'
Successfully registered tool definition: 'delegate_task'

[90mstdout[2m | tests/unit/agent-tools/agent-discovery/list-available-agents-tool.test.ts[2m > [22m[2mlist_available_agents (REQ-001/002)[2m > [22m[2mbinds the AutoByteus tool to the sender's member context, and skips it where nothing can be listed
[22m[39mSuccessfully registered tool definition: 'get_handoff_rules'

 [32m✓[39m tests/unit/agent-tools/agent-discovery/list-available-agents-tool.test.ts [2m([22m[2m8 tests[22m[2m)[22m[32m 8[2mms[22m[39m
 [32m✓[39m tests/unit/agent-tools/mcp/agent-tools-mcp-local-access.test.ts [2m([22m[2m16 tests[22m[2m)[22m[32m 6[2mms[22m[39m
 [32m✓[39m tests/unit/agent-team-execution/team-agent-background-task-admission.test.ts [2m([22m[2m3 tests[22m[2m)[22m[32m 9[2mms[22m[39m
[90mstdout[2m | tests/unit/agent-tools/mcp/agent-tool-mcp-catalog.test.ts
[22m[39mAgentFactory (Singleton) initialized.

[90mstdout[2m | tests/unit/agent-tools/mcp/agent-tool-mcp-catalog.test.ts[2m > [22m[2mAgentToolMcpCatalog[2m > [22m[2mresolves configured supported tools across families with browser and team availability gates
[22m[39mPlatform detection: Windows=false
App root directory: /Users/normy/autobyteus_org/autobyteus-worktrees/delegate-to-existing-copy/autobyteus-server-ts
App data directory: /Users/normy/autobyteus_org/autobyteus-worktrees/delegate-to-existing-copy/autobyteus-server-ts

[90mstderr[2m | tests/unit/agent-tools/mcp/agent-tool-mcp-catalog.test.ts[2m > [22m[2mAgentToolMcpCatalog configured MCP bridge[2m > [22m[2mkeeps built-in adapter names authoritative when a configured MCP tool collides
[22m[39mConfigured MCP tool 'send_message_to' was not exposed because it collides with a protected Agent Tools MCP adapter.

[90mstderr[2m | tests/unit/agent-tools/mcp/agent-tool-mcp-catalog.test.ts[2m > [22m[2mAgentToolMcpCatalog configured MCP bridge[2m > [22m[2mresolves configured MCP calls through a registry-backed adapter
[22m[39mTool 'FakeConfiguredMcpTool' does not define an argument schema but received arguments: {"sql":"select 1"}.

 [32m✓[39m tests/unit/agent-tools/mcp/agent-tool-mcp-catalog.test.ts [2m([22m[2m13 tests[22m[2m)[22m[32m 10[2mms[22m[39m
[90mstdout[2m | tests/unit/agent-org-execution/agent-org-run-manager-restore-self-heal.test.ts
[22m[39mAgentFactory (Singleton) initialized.

 [32m✓[39m tests/unit/agent-org-execution/agent-org-run-manager-restore-self-heal.test.ts [2m([22m[2m5 tests[22m[2m)[22m[32m 8[2mms[22m[39m
[90mstdout[2m | tests/unit/agent-collaboration/root-task-team-terminal-publication.test.ts
[22m[39mAgentFactory (Singleton) initialized.

 [32m✓[39m tests/unit/agent-collaboration/root-task-team-terminal-publication.test.ts [2m([22m[2m2 tests[22m[2m)[22m[32m 7[2mms[22m[39m
[90mstdout[2m | tests/unit/agent-org-execution/agent-org-member-scope.test.ts
[22m[39mAgentFactory (Singleton) initialized.

[90mstdout[2m | tests/unit/agent-org-execution/agent-org-member-scope.test.ts[2m > [22m[2mAgentOrg member collaboration scope (CR-001)[2m > [22m[2ma mounted Team member keeps its cross-placement Org handoffs and its Team instruction (AC-012)
[22m[39mPlatform detection: Windows=false
App root directory: /Users/normy/autobyteus_org/autobyteus-worktrees/delegate-to-existing-copy/autobyteus-server-ts
App data directory: /Users/normy/autobyteus_org/autobyteus-worktrees/delegate-to-existing-copy/autobyteus-server-ts

 [32m✓[39m tests/unit/agent-org-execution/agent-org-member-scope.test.ts [2m([22m[2m3 tests[22m[2m)[22m[32m 7[2mms[22m[39m
[90mstdout[2m | tests/unit/agent-team-execution/agent-team-run-manager-lifecycle.test.ts
[22m[39mAgentFactory (Singleton) initialized.

[90mstderr[2m | tests/unit/agent-team-execution/agent-team-run-manager-lifecycle.test.ts[2m > [22m[2mAgentTeamRunManager root lifecycle[2m > [22m[2mnever unregisters from an inactive read and isolates lifecycle listener failures
[22m[39mRootTeamRun lifecycle listener failed: Error: listener failure
    at [90m/Users/normy/autobyteus_org/autobyteus-worktrees/delegate-to-existing-copy/autobyteus-server-ts/[39mtests/unit/agent-team-execution/agent-team-run-manager-lifecycle.test.ts:131:62
    at AgentTeamRunManager.notify [90m(/Users/normy/autobyteus_org/autobyteus-worktrees/delegate-to-existing-copy/autobyteus-server-ts/[39msrc/agent-team-execution/services/agent-team-run-manager.ts:475:13[90m)[39m
    at AgentTeamRunManager.register [90m(/Users/normy/autobyteus_org/autobyteus-worktrees/delegate-to-existing-copy/autobyteus-server-ts/[39msrc/agent-team-execution/services/agent-team-run-manager.ts:446:10[90m)[39m
    at register [90m(/Users/normy/autobyteus_org/autobyteus-worktrees/delegate-to-existing-copy/autobyteus-server-ts/[39mtests/unit/agent-team-execution/agent-team-run-manager-lifecycle.test.ts:47:65[90m)[39m
    at [90m/Users/normy/autobyteus_org/autobyteus-worktrees/delegate-to-existing-copy/autobyteus-server-ts/[39mtests/unit/agent-team-execution/agent-team-run-manager-lifecycle.test.ts:134:18
    at Proxy.assertThrows (file:///Users/normy/autobyteus_org/autobyteus-worktrees/delegate-to-existing-copy/node_modules/[4m.pnpm[24m/chai@6.2.2/node_modules/[4mchai[24m/index.js:2798:5)
    at Proxy.methodWrapper (file:///Users/normy/autobyteus_org/autobyteus-worktrees/delegate-to-existing-copy/node_modules/[4m.pnpm[24m/chai@6.2.2/node_modules/[4mchai[24m/index.js:1700:25)
    at Proxy.<anonymous> (file:///Users/normy/autobyteus_org/autobyteus-worktrees/delegate-to-existing-copy/node_modules/[4m.pnpm[24m/@vitest+expect@4.0.18/node_modules/[4m@vitest/expect[24m/dist/index.js:1149:12)
    at Proxy.overwritingMethodWrapper (file:///Users/normy/autobyteus_org/autobyteus-worktrees/delegate-to-existing-copy/node_modules/[4m.pnpm[24m/chai@6.2.2/node_modules/[4mchai[24m/index.js:1750:33)
    at Proxy.<anonymous> (file:///Users/normy/autobyteus_org/autobyteus-worktrees/delegate-to-existing-copy/node_modules/[4m.pnpm[24m/@vitest+expect@4.0.18/node_modules/[4m@vitest/expect[24m/dist/index.js:1485:16)

 [32m✓[39m tests/unit/agent-team-execution/agent-team-run-manager-lifecycle.test.ts [2m([22m[2m5 tests[22m[2m)[22m[32m 8[2mms[22m[39m
[90mstdout[2m | tests/unit/agent-tools/published-artifacts/publish-artifacts-tool.test.ts
[22m[39mAgentFactory (Singleton) initialized.

[90mstdout[2m | tests/unit/agent-tools/published-artifacts/publish-artifacts-tool.test.ts[2m > [22m[2mpublishArtifactsTool[2m > [22m[2mdescribes one-item artifact arrays and workspace-relative or absolute paths
[22m[39mSuccessfully registered tool definition: 'publish_artifacts'

[90mstdout[2m | tests/unit/agent-tools/published-artifacts/publish-artifacts-tool.test.ts[2m > [22m[2mpublishArtifactsTool[2m > [22m[2mpublishes one workspace file through the plural array contract
[22m[39mSuccessfully registered tool definition: 'publish_artifacts'

[90mstderr[2m | tests/unit/agent-tools/published-artifacts/publish-artifacts-tool.test.ts[2m > [22m[2mpublishArtifactsTool[2m > [22m[2mpublishes one workspace file through the plural array contract
[22m[39mOverwriting existing tool definition for name: 'publish_artifacts'

[90mstdout[2m | tests/unit/agent-tools/published-artifacts/publish-artifacts-tool.test.ts[2m > [22m[2mpublishArtifactsTool[2m > [22m[2mpublishes multiple workspace files in the requested order
[22m[39mSuccessfully registered tool definition: 'publish_artifacts'

[90mstderr[2m | tests/unit/agent-tools/published-artifacts/publish-artifacts-tool.test.ts[2m > [22m[2mpublishArtifactsTool[2m > [22m[2mpublishes multiple workspace files in the requested order
[22m[39mOverwriting existing tool definition for name: 'publish_artifacts'

[90mstdout[2m | tests/unit/agent-tools/published-artifacts/publish-artifacts-tool.test.ts[2m > [22m[2mpublishArtifactsTool[2m > [22m[2mrejects the old top-level single-file payload before publishing
[22m[39mSuccessfully registered tool definition: 'publish_artifacts'

[90mstderr[2m | tests/unit/agent-tools/published-artifacts/publish-artifacts-tool.test.ts[2m > [22m[2mpublishArtifactsTool[2m > [22m[2mrejects the old top-level single-file payload before publishing
[22m[39mOverwriting existing tool definition for name: 'publish_artifacts'
Invalid arguments for tool 'publish_artifacts': Required parameter 'artifacts' is missing.

[90mstdout[2m | tests/unit/agent-tools/published-artifacts/publish-artifacts-tool.test.ts[2m > [22m[2mpublishArtifactsTool[2m > [22m[2mrejects removed rich artifact fields at the item boundary
[22m[39mSuccessfully registered tool definition: 'publish_artifacts'

[90mstderr[2m | tests/unit/agent-tools/published-artifacts/publish-artifacts-tool.test.ts[2m > [22m[2mpublishArtifactsTool[2m > [22m[2mrejects removed rich artifact fields at the item boundary
[22m[39mOverwriting existing tool definition for name: 'publish_artifacts'

[90mstdout[2m | tests/unit/agent-tools/published-artifacts/publish-artifacts-tool.test.ts[2m > [22m[2mpublishArtifactsTool[2m > [22m[2mrequires an agent runtime context
[22m[39mSuccessfully registered tool definition: 'publish_artifacts'

[90mstderr[2m | tests/unit/agent-tools/published-artifacts/publish-artifacts-tool.test.ts[2m > [22m[2mpublishArtifactsTool[2m > [22m[2mrequires an agent runtime context
[22m[39mOverwriting existing tool definition for name: 'publish_artifacts'

[90mstdout[2m | tests/unit/agent-tools/published-artifacts/publish-artifacts-tool.test.ts[2m > [22m[2mpublishArtifactsTool[2m > [22m[2muses the team-member runtime fallback context when publishing from an AutoByteus team member
[22m[39mSuccessfully registered tool definition: 'publish_artifacts'

[90mstderr[2m | tests/unit/agent-tools/published-artifacts/publish-artifacts-tool.test.ts[2m > [22m[2mpublishArtifactsTool[2m > [22m[2muses the team-member runtime fallback context when publishing from an AutoByteus team member
[22m[39mOverwriting existing tool definition for name: 'publish_artifacts'

 [32m✓[39m tests/unit/agent-tools/published-artifacts/publish-artifacts-tool.test.ts [2m([22m[2m7 tests[22m[2m)[22m[32m 7[2mms[22m[39m
 [32m✓[39m tests/unit/agent-tools/task-delegation/task-delegation-work-source.test.ts [2m([22m[2m28 tests[22m[2m)[22m[32m 7[2mms[22m[39m
 [32m✓[39m tests/unit/agent-tools/media/media-tool-parameter-schemas.test.ts [2m([22m[2m6 tests[22m[2m)[22m[32m 7[2mms[22m[39m
[90mstdout[2m | tests/unit/agent-tools/media/register-media-tools.test.ts
[22m[39mAgentFactory (Singleton) initialized.

[90mstdout[2m | tests/unit/agent-tools/media/register-media-tools.test.ts[2m > [22m[2mregisterMediaTools[2m > [22m[2mregisters server-owned media local tools without duplicate overwrite ownership
[22m[39mPlatform detection: Windows=false
App root directory: /Users/normy/autobyteus_org/autobyteus-worktrees/delegate-to-existing-copy/autobyteus-server-ts
App data directory: /Users/normy/autobyteus_org/autobyteus-worktrees/delegate-to-existing-copy/autobyteus-server-ts
Successfully registered tool definition: 'generate_image'
Successfully registered tool definition: 'edit_image'
Successfully registered tool definition: 'generate_speech'
Successfully registered tool definition: 'generate_video'

[90mstdout[2m | tests/unit/agent-tools/media/register-media-tools.test.ts[2m > [22m[2mregisterMediaTools[2m > [22m[2mregisters server-owned media local tools without duplicate overwrite ownership
[22m[39mSuccessfully unregistered tool definition: 'generate_image'
Successfully unregistered tool definition: 'edit_image'
Successfully unregistered tool definition: 'generate_speech'
Successfully unregistered tool definition: 'generate_video'

[90mstdout[2m | tests/unit/agent-tools/media/register-media-tools.test.ts[2m > [22m[2mregisterMediaTools[2m > [22m[2mreloads cached schemas for registered media tools without touching unrelated tools
[22m[39mSuccessfully registered tool definition: 'generate_image'
Successfully registered tool definition: 'edit_image'
Successfully registered tool definition: 'generate_speech'
Successfully registered tool definition: 'generate_video'
Successfully registered tool definition: 'not_media_schema_reload_probe'

[90mstdout[2m | tests/unit/agent-tools/media/register-media-tools.test.ts[2m > [22m[2mregisterMediaTools[2m > [22m[2mreloads cached schemas for registered media tools without touching unrelated tools
[22m[39mSuccessfully unregistered tool definition: 'generate_image'
Successfully unregistered tool definition: 'edit_image'
Successfully unregistered tool definition: 'generate_speech'
Successfully unregistered tool definition: 'generate_video'
Successfully unregistered tool definition: 'not_media_schema_reload_probe'

 [32m✓[39m tests/unit/agent-tools/media/register-media-tools.test.ts [2m([22m[2m2 tests[22m[2m)[22m[32m 6[2mms[22m[39m
[90mstdout[2m | tests/unit/agent-org-execution/agent-org-command-execution-kind.test.ts
[22m[39mAgentFactory (Singleton) initialized.

[90mstdout[2m | tests/unit/agent-org-execution/agent-org-command-execution-kind.test.ts[2m > [22m[2mAgentOrgRun command execution kind[2m > [22m[2mreturns exact configured/task kind while preserving the generic result-only command surface
[22m[39mPlatform detection: Windows=false
App root directory: /Users/normy/autobyteus_org/autobyteus-worktrees/delegate-to-existing-copy/autobyteus-server-ts
App data directory: /Users/normy/autobyteus_org/autobyteus-worktrees/delegate-to-existing-copy/autobyteus-server-ts

 [32m✓[39m tests/unit/agent-org-execution/agent-org-command-execution-kind.test.ts [2m([22m[2m1 test[22m[2m)[22m[32m 5[2mms[22m[39m
 [32m✓[39m tests/unit/agent-team-execution/team-run-execution-tree-mutator.test.ts [2m([22m[2m5 tests[22m[2m)[22m[32m 7[2mms[22m[39m
[90mstdout[2m | tests/unit/agent-tools/mcp/scoped-agent-tool-mcp-session-authority.test.ts
[22m[39mAgentFactory (Singleton) initialized.

 [32m✓[39m tests/unit/agent-tools/mcp/scoped-agent-tool-mcp-session-authority.test.ts [2m([22m[2m6 tests[22m[2m)[22m[32m 6[2mms[22m[39m
 [32m✓[39m tests/unit/agent-team-execution/flat-team-topology-planner.test.ts [2m([22m[2m9 tests[22m[2m)[22m[32m 6[2mms[22m[39m
[90mstdout[2m | tests/unit/agent-team-execution/task-agent-execution-registry-liveness.test.ts
[22m[39mAgentFactory (Singleton) initialized.

 [32m✓[39m tests/unit/agent-team-execution/task-agent-execution-registry-liveness.test.ts [2m([22m[2m2 tests[22m[2m)[22m[32m 6[2mms[22m[39m
[90mstdout[2m | tests/unit/agent-collaboration/configured-agent-activation-planner.test.ts
[22m[39mAgentFactory (Singleton) initialized.

 [32m✓[39m tests/unit/agent-collaboration/configured-agent-activation-planner.test.ts [2m([22m[2m6 tests[22m[2m)[22m[32m 5[2mms[22m[39m
 [32m✓[39m tests/unit/projects/project-change-hub.test.ts [2m([22m[2m2 tests[22m[2m)[22m[32m 6[2mms[22m[39m
[90mstdout[2m | tests/unit/agent-team-execution/member-team-context-builder.test.ts
[22m[39mAgentFactory (Singleton) initialized.

 [32m✓[39m tests/unit/agent-team-execution/member-team-context-builder.test.ts [2m([22m[2m4 tests[22m[2m)[22m[32m 6[2mms[22m[39m
 [32m✓[39m tests/unit/agent-collaboration/collaborators/message-recipient-resolution.test.ts [2m([22m[2m8 tests[22m[2m)[22m[32m 5[2mms[22m[39m
 [32m✓[39m tests/unit/agent-tools/browser/browser-bridge-client.test.ts [2m([22m[2m5 tests[22m[2m)[22m[32m 5[2mms[22m[39m
 [32m✓[39m tests/unit/agent-team-execution/team-run-persistence-coordinator.test.ts [2m([22m[2m4 tests[22m[2m)[22m[32m 5[2mms[22m[39m
[90mstdout[2m | tests/unit/agent-team-execution/team-agent-file-change-admission.test.ts
[22m[39mAgentFactory (Singleton) initialized.

 [32m✓[39m tests/unit/agent-team-execution/team-agent-file-change-admission.test.ts [2m([22m[2m1 test[22m[2m)[22m[32m 5[2mms[22m[39m
[90mstdout[2m | tests/unit/agent-tools/agent-team-management/delete-agent-team-definition.test.ts
[22m[39mAgentFactory (Singleton) initialized.

[90mstdout[2m | tests/unit/agent-tools/agent-team-management/delete-agent-team-definition.test.ts[2m > [22m[2mdeleteAgentTeamDefinitionTool[2m > [22m[2mreturns confirmation on success
[22m[39mSuccessfully registered tool definition: 'delete_agent_team_definition'

[90mstdout[2m | tests/unit/agent-tools/agent-team-management/delete-agent-team-definition.test.ts[2m > [22m[2mdeleteAgentTeamDefinitionTool[2m > [22m[2mreturns confirmation on success
[22m[39mdelete_agent_team_definition tool invoked by agent run test-agent for ID '1'.

[90mstdout[2m | tests/unit/agent-tools/agent-team-management/delete-agent-team-definition.test.ts[2m > [22m[2mdeleteAgentTeamDefinitionTool[2m > [22m[2mreturns confirmation on success
[22m[39mAgent team definition with ID 1 deleted successfully.

[90mstdout[2m | tests/unit/agent-tools/agent-team-management/delete-agent-team-definition.test.ts[2m > [22m[2mdeleteAgentTeamDefinitionTool[2m > [22m[2mreturns message when deletion fails
[22m[39mdelete_agent_team_definition tool invoked by agent run test-agent for ID '1'.

[90mstderr[2m | tests/unit/agent-tools/agent-team-management/delete-agent-team-definition.test.ts[2m > [22m[2mdeleteAgentTeamDefinitionTool[2m > [22m[2mreturns message when deletion fails
[22m[39mAgent team definition with ID 1 could not be deleted.

[90mstdout[2m | tests/unit/agent-tools/agent-team-management/delete-agent-team-definition.test.ts[2m > [22m[2mdeleteAgentTeamDefinitionTool[2m > [22m[2mpropagates service errors
[22m[39mdelete_agent_team_definition tool invoked by agent run test-agent for ID '1'.

[90mstderr[2m | tests/unit/agent-tools/agent-team-management/delete-agent-team-definition.test.ts[2m > [22m[2mdeleteAgentTeamDefinitionTool[2m > [22m[2mpropagates service errors
[22m[39mError deleting agent team definition ID '1': Definition not found

 [32m✓[39m tests/unit/agent-tools/agent-team-management/delete-agent-team-definition.test.ts [2m([22m[2m3 tests[22m[2m)[22m[32m 4[2mms[22m[39m
 [32m✓[39m tests/unit/agent-team-execution/team-run-physical-scope.test.ts [2m([22m[2m4 tests[22m[2m)[22m[32m 5[2mms[22m[39m
 [32m✓[39m tests/unit/agent-tools/task-delegation/task-delegation-tool-run-router.test.ts [2m([22m[2m3 tests[22m[2m)[22m[32m 5[2mms[22m[39m
 [32m✓[39m tests/unit/agent-team-execution/agent-team-collaboration-llm-contract.test.ts [2m([22m[2m7 tests[22m[2m)[22m[32m 4[2mms[22m[39m
[90mstdout[2m | tests/unit/agent-tools/agent-team-management/update-agent-team-definition.test.ts
[22m[39mAgentFactory (Singleton) initialized.

[90mstdout[2m | tests/unit/agent-tools/agent-team-management/update-agent-team-definition.test.ts[2m > [22m[2mupdateAgentTeamDefinitionTool[2m > [22m[2mupdates a team definition
[22m[39mSuccessfully registered tool definition: 'update_agent_team_definition'

[90mstdout[2m | tests/unit/agent-tools/agent-team-management/update-agent-team-definition.test.ts[2m > [22m[2mupdateAgentTeamDefinitionTool[2m > [22m[2mupdates a team definition
[22m[39mupdate_agent_team_definition tool invoked by agent run test-agent for ID '1'.

[90mstdout[2m | tests/unit/agent-tools/agent-team-management/update-agent-team-definition.test.ts[2m > [22m[2mupdateAgentTeamDefinitionTool[2m > [22m[2mupdates a team definition
[22m[39mAgent team definition with ID 1 updated successfully.

[90mstdout[2m | tests/unit/agent-tools/agent-team-management/update-agent-team-definition.test.ts[2m > [22m[2mupdateAgentTeamDefinitionTool[2m > [22m[2mthrows when no update fields are provided
[22m[39mupdate_agent_team_definition tool invoked by agent run test-agent for ID '1'.

[90mstdout[2m | tests/unit/agent-tools/agent-team-management/update-agent-team-definition.test.ts[2m > [22m[2mupdateAgentTeamDefinitionTool[2m > [22m[2mpropagates service errors
[22m[39mupdate_agent_team_definition tool invoked by agent run test-agent for ID '99'.

[90mstderr[2m | tests/unit/agent-tools/agent-team-management/update-agent-team-definition.test.ts[2m > [22m[2mupdateAgentTeamDefinitionTool[2m > [22m[2mpropagates service errors
[22m[39mAn unexpected error occurred while updating agent team definition ID '99': Definition not found

 [32m✓[39m tests/unit/agent-tools/agent-team-management/update-agent-team-definition.test.ts [2m([22m[2m3 tests[22m[2m)[22m[32m 4[2mms[22m[39m
 [32m✓[39m tests/unit/agent-tools/mcp/mcp-effective-tool-result-projector.test.ts [2m([22m[2m10 tests[22m[2m)[22m[32m 4[2mms[22m[39m
 [32m✓[39m tests/unit/agent-tools/browser/browser-mcp-result-normalizer.test.ts [2m([22m[2m7 tests[22m[2m)[22m[32m 4[2mms[22m[39m
 [32m✓[39m tests/unit/agent-org-execution/agent-org-run-config-options.test.ts [2m([22m[2m1 test[22m[2m)[22m[32m 4[2mms[22m[39m
[90mstdout[2m | tests/unit/agent-tools/agent-team-management/create-agent-team-definition.test.ts
[22m[39mAgentFactory (Singleton) initialized.

[90mstdout[2m | tests/unit/agent-tools/agent-team-management/create-agent-team-definition.test.ts[2m > [22m[2mcreateAgentTeamDefinitionTool[2m > [22m[2mcreates a team definition and returns success message
[22m[39mSuccessfully registered tool definition: 'create_agent_team_definition'

[90mstdout[2m | tests/unit/agent-tools/agent-team-management/create-agent-team-definition.test.ts[2m > [22m[2mcreateAgentTeamDefinitionTool[2m > [22m[2mcreates a team definition and returns success message
[22m[39mcreate_agent_team_definition tool invoked by agent run test-agent for team name 'TestTeam'.

[90mstdout[2m | tests/unit/agent-tools/agent-team-management/create-agent-team-definition.test.ts[2m > [22m[2mcreateAgentTeamDefinitionTool[2m > [22m[2mcreates a team definition and returns success message
[22m[39mAgent team definition 'TestTeam' created successfully with ID: 456.

[90mstdout[2m | tests/unit/agent-tools/agent-team-management/create-agent-team-definition.test.ts[2m > [22m[2mcreateAgentTeamDefinitionTool[2m > [22m[2mthrows on invalid JSON
[22m[39mcreate_agent_team_definition tool invoked by agent run test-agent for team name 'TestTeam'.

[90mstderr[2m | tests/unit/agent-tools/agent-team-management/create-agent-team-definition.test.ts[2m > [22m[2mcreateAgentTeamDefinitionTool[2m > [22m[2mthrows on invalid JSON
[22m[39mError creating agent team definition 'TestTeam' due to invalid input: Unexpected token 'h', "this is not json" is not valid JSON

 [32m✓[39m tests/unit/agent-tools/agent-team-management/create-agent-team-definition.test.ts [2m([22m[2m2 tests[22m[2m)[22m[32m 4[2mms[22m[39m
[90mstdout[2m | tests/unit/agent-tools/agent-management/get-agent-definition.test.ts
[22m[39mAgentFactory (Singleton) initialized.

[90mstdout[2m | tests/unit/agent-tools/agent-management/get-agent-definition.test.ts[2m > [22m[2mgetAgentDefinitionTool[2m > [22m[2mreturns JSON for an agent definition
[22m[39mSuccessfully registered tool definition: 'get_agent_definition'

[90mstdout[2m | tests/unit/agent-tools/agent-management/get-agent-definition.test.ts[2m > [22m[2mgetAgentDefinitionTool[2m > [22m[2mreturns JSON for an agent definition
[22m[39mget_agent_definition tool invoked by agent run test-agent for ID '1'.

[90mstdout[2m | tests/unit/agent-tools/agent-management/get-agent-definition.test.ts[2m > [22m[2mgetAgentDefinitionTool[2m > [22m[2mthrows when the definition is not found
[22m[39mget_agent_definition tool invoked by agent run test-agent for ID '99'.

[90mstderr[2m | tests/unit/agent-tools/agent-management/get-agent-definition.test.ts[2m > [22m[2mgetAgentDefinitionTool[2m > [22m[2mthrows when the definition is not found
[22m[39mError getting agent definition ID '99': Agent definition with ID 99 not found.

 [32m✓[39m tests/unit/agent-tools/agent-management/get-agent-definition.test.ts [2m([22m[2m2 tests[22m[2m)[22m[32m 3[2mms[22m[39m
 [32m✓[39m tests/unit/agent-team-execution/member-collaboration-instruction-provider-parity.test.ts [2m([22m[2m2 tests[22m[2m)[22m[32m 5[2mms[22m[39m
[90mstdout[2m | tests/unit/agent-tools/agent-management/update-agent-definition.test.ts
[22m[39mAgentFactory (Singleton) initialized.

[90mstdout[2m | tests/unit/agent-tools/agent-management/update-agent-definition.test.ts[2m > [22m[2mupdateAgentDefinitionTool[2m > [22m[2mupdates an agent definition with parsed lists
[22m[39mSuccessfully registered tool definition: 'update_agent_definition'

[90mstdout[2m | tests/unit/agent-tools/agent-management/update-agent-definition.test.ts[2m > [22m[2mupdateAgentDefinitionTool[2m > [22m[2mupdates an agent definition with parsed lists
[22m[39mupdate_agent_definition tool invoked by agent run test-agent for ID '1'.

[90mstdout[2m | tests/unit/agent-tools/agent-management/update-agent-definition.test.ts[2m > [22m[2mupdateAgentDefinitionTool[2m > [22m[2mupdates an agent definition with parsed lists
[22m[39mAgent definition with ID 1 updated successfully.

[90mstdout[2m | tests/unit/agent-tools/agent-management/update-agent-definition.test.ts[2m > [22m[2mupdateAgentDefinitionTool[2m > [22m[2mthrows when no update fields are provided
[22m[39mupdate_agent_definition tool invoked by agent run test-agent for ID '1'.

[90mstdout[2m | tests/unit/agent-tools/agent-management/update-agent-definition.test.ts[2m > [22m[2mupdateAgentDefinitionTool[2m > [22m[2mpropagates service errors
[22m[39mupdate_agent_definition tool invoked by agent run test-agent for ID '99'.

[90mstderr[2m | tests/unit/agent-tools/agent-management/update-agent-definition.test.ts[2m > [22m[2mupdateAgentDefinitionTool[2m > [22m[2mpropagates service errors
[22m[39mError updating agent definition ID '99': Definition not found

 [32m✓[39m tests/unit/agent-tools/agent-management/update-agent-definition.test.ts [2m([22m[2m3 tests[22m[2m)[22m[32m 4[2mms[22m[39m
[90mstdout[2m | tests/unit/agent-tools/agent-management/delete-agent-definition.test.ts
[22m[39mAgentFactory (Singleton) initialized.

[90mstdout[2m | tests/unit/agent-tools/agent-management/delete-agent-definition.test.ts[2m > [22m[2mdeleteAgentDefinitionTool[2m > [22m[2mreturns confirmation on success
[22m[39mSuccessfully registered tool definition: 'delete_agent_definition'

[90mstdout[2m | tests/unit/agent-tools/agent-management/delete-agent-definition.test.ts[2m > [22m[2mdeleteAgentDefinitionTool[2m > [22m[2mreturns confirmation on success
[22m[39mdelete_agent_definition tool invoked by agent run test-agent for ID '1'.

[90mstdout[2m | tests/unit/agent-tools/agent-management/delete-agent-definition.test.ts[2m > [22m[2mdeleteAgentDefinitionTool[2m > [22m[2mreturns confirmation on success
[22m[39mAgent definition with ID 1 deleted successfully.

[90mstdout[2m | tests/unit/agent-tools/agent-management/delete-agent-definition.test.ts[2m > [22m[2mdeleteAgentDefinitionTool[2m > [22m[2mreturns message when deletion fails
[22m[39mdelete_agent_definition tool invoked by agent run test-agent for ID '1'.

[90mstderr[2m | tests/unit/agent-tools/agent-management/delete-agent-definition.test.ts[2m > [22m[2mdeleteAgentDefinitionTool[2m > [22m[2mreturns message when deletion fails
[22m[39mAgent definition with ID 1 could not be deleted.

[90mstdout[2m | tests/unit/agent-tools/agent-management/delete-agent-definition.test.ts[2m > [22m[2mdeleteAgentDefinitionTool[2m > [22m[2mpropagates service errors
[22m[39mdelete_agent_definition tool invoked by agent run test-agent for ID '1'.

[90mstderr[2m | tests/unit/agent-tools/agent-management/delete-agent-definition.test.ts[2m > [22m[2mdeleteAgentDefinitionTool[2m > [22m[2mpropagates service errors
[22m[39mError deleting agent definition ID '1': Definition not found

 [32m✓[39m tests/unit/agent-tools/agent-management/delete-agent-definition.test.ts [2m([22m[2m3 tests[22m[2m)[22m[32m 4[2mms[22m[39m
 [32m✓[39m tests/unit/agent-team-execution/team-run-config-localization.test.ts [2m([22m[2m4 tests[22m[2m)[22m[32m 4[2mms[22m[39m
[90mstdout[2m | tests/unit/agent-team-execution/agent-team-run-manager-restore-self-heal.test.ts
[22m[39mAgentFactory (Singleton) initialized.

 [32m✓[39m tests/unit/agent-team-execution/agent-team-run-manager-restore-self-heal.test.ts [2m([22m[2m3 tests[22m[2m)[22m[32m 4[2mms[22m[39m
[90mstdout[2m | tests/unit/agent-tools/team-communication/get-handoff-rules.test.ts[2m > [22m[2mget_handoff_rules[2m > [22m[2mreturns only the bound sender's ordered outgoing handoffs in canonical AutoByteus JSON
[22m[39mSuccessfully registered tool definition: 'get_handoff_rules'

 [32m✓[39m tests/unit/agent-tools/team-communication/get-handoff-rules.test.ts [2m([22m[2m5 tests[22m[2m)[22m[32m 4[2mms[22m[39m
[90mstdout[2m | tests/unit/agent-tools/agent-management/create-agent-definition.test.ts
[22m[39mAgentFactory (Singleton) initialized.

[90mstdout[2m | tests/unit/agent-tools/agent-management/create-agent-definition.test.ts[2m > [22m[2mcreateAgentDefinitionTool[2m > [22m[2mcreates an agent definition and passes parsed lists
[22m[39mSuccessfully registered tool definition: 'create_agent_definition'

[90mstdout[2m | tests/unit/agent-tools/agent-management/create-agent-definition.test.ts[2m > [22m[2mcreateAgentDefinitionTool[2m > [22m[2mcreates an agent definition and passes parsed lists
[22m[39mcreate_agent_definition tool invoked by agent run test-agent for agent name 'TestAgent'.

[90mstdout[2m | tests/unit/agent-tools/agent-management/create-agent-definition.test.ts[2m > [22m[2mcreateAgentDefinitionTool[2m > [22m[2mcreates an agent definition and passes parsed lists
[22m[39mAgent definition 'TestAgent' created successfully with ID: 123.

[90mstdout[2m | tests/unit/agent-tools/agent-management/create-agent-definition.test.ts[2m > [22m[2mcreateAgentDefinitionTool[2m > [22m[2mpropagates service errors
[22m[39mcreate_agent_definition tool invoked by agent run test-agent for agent name 'TestAgent'.

[90mstderr[2m | tests/unit/agent-tools/agent-management/create-agent-definition.test.ts[2m > [22m[2mcreateAgentDefinitionTool[2m > [22m[2mpropagates service errors
[22m[39mError creating agent definition 'TestAgent': Prompt does not exist

 [32m✓[39m tests/unit/agent-tools/agent-management/create-agent-definition.test.ts [2m([22m[2m2 tests[22m[2m)[22m[32m 4[2mms[22m[39m
 [32m✓[39m tests/unit/agent-team-execution/task-delegation/task-execution-identity-capabilities.test.ts [2m([22m[2m4 tests[22m[2m)[22m[32m 4[2mms[22m[39m
 [32m✓[39m tests/unit/agent-team-execution/team-run.test.ts [2m([22m[2m3 tests[22m[2m)[22m[32m 4[2mms[22m[39m
 [32m✓[39m tests/unit/agent-collaboration/frozen-root-termination-scope.test.ts [2m([22m[2m2 tests[22m[2m)[22m[32m 3[2mms[22m[39m
[90mstdout[2m | tests/unit/agent-team-execution/flat-team-execution-factory.test.ts
[22m[39mAgentFactory (Singleton) initialized.

 [32m✓[39m tests/unit/agent-team-execution/flat-team-execution-factory.test.ts [2m([22m[2m4 tests[22m[2m)[22m[32m 4[2mms[22m[39m
 [32m✓[39m tests/unit/agent-collaboration/collaborators/catalog-address-map.test.ts [2m([22m[2m6 tests[22m[2m)[22m[32m 3[2mms[22m[39m
[90mstderr[2m | tests/unit/agent-team-execution/send-message-to-tool-argument-parser.test.ts[2m > [22m[2msend-message-to-tool-argument-parser[2m > [22m[2mfails malformed reference_files before delivery
[22m[39m[agent-communication] invalid reference_files validation toolName=send_message_to index=0 reason=path must be absolute

[90mstderr[2m | tests/unit/agent-team-execution/send-message-to-tool-argument-parser.test.ts[2m > [22m[2msend-message-to-tool-argument-parser[2m > [22m[2mrejects absolute-looking reference_files containing URL protocol markers before delivery
[22m[39m[agent-communication] invalid reference_files validation toolName=send_message_to index=0 reason=path must be a local filesystem path, not a URL or protocol path

 [32m✓[39m tests/unit/agent-team-execution/send-message-to-tool-argument-parser.test.ts [2m([22m[2m6 tests[22m[2m)[22m[32m 4[2mms[22m[39m
[90mstdout[2m | tests/unit/agent-tools/agent-team-management/get-agent-team-definition.test.ts
[22m[39mAgentFactory (Singleton) initialized.

[90mstdout[2m | tests/unit/agent-tools/agent-team-management/get-agent-team-definition.test.ts[2m > [22m[2mgetAgentTeamDefinitionTool[2m > [22m[2mreturns a JSON representation of a team definition
[22m[39mSuccessfully registered tool definition: 'get_agent_team_definition'

[90mstdout[2m | tests/unit/agent-tools/agent-team-management/get-agent-team-definition.test.ts[2m > [22m[2mgetAgentTeamDefinitionTool[2m > [22m[2mreturns a JSON representation of a team definition
[22m[39mget_agent_team_definition tool invoked by agent run test-agent for ID '1'.

[90mstdout[2m | tests/unit/agent-tools/agent-team-management/get-agent-team-definition.test.ts[2m > [22m[2mgetAgentTeamDefinitionTool[2m > [22m[2mthrows when the definition is not found
[22m[39mget_agent_team_definition tool invoked by agent run test-agent for ID '99'.

[90mstderr[2m | tests/unit/agent-tools/agent-team-management/get-agent-team-definition.test.ts[2m > [22m[2mgetAgentTeamDefinitionTool[2m > [22m[2mthrows when the definition is not found
[22m[39mError getting agent team definition ID '99': Agent team definition with ID 99 not found.

 [32m✓[39m tests/unit/agent-tools/agent-team-management/get-agent-team-definition.test.ts [2m([22m[2m2 tests[22m[2m)[22m[32m 4[2mms[22m[39m
 [32m✓[39m tests/unit/agent-team-execution/team-system-instruction-admission.test.ts [2m([22m[2m2 tests[22m[2m)[22m[32m 4[2mms[22m[39m
 [32m✓[39m tests/unit/agent-collaboration/root-task-execution-command-queue.test.ts [2m([22m[2m3 tests[22m[2m)[22m[32m 3[2mms[22m[39m
 [32m✓[39m tests/unit/agent-team-execution/inter-agent-message-runtime-builders.test.ts [2m([22m[2m4 tests[22m[2m)[22m[32m 3[2mms[22m[39m
 [32m✓[39m tests/unit/agent-tools/browser/browser-tool-input-parsers.test.ts [2m([22m[2m8 tests[22m[2m)[22m[32m 4[2mms[22m[39m
[90mstdout[2m | tests/unit/agent-tools/agent-team-management/list-agent-team-definitions.test.ts
[22m[39mAgentFactory (Singleton) initialized.

[90mstdout[2m | tests/unit/agent-tools/agent-team-management/list-agent-team-definitions.test.ts[2m > [22m[2mlistAgentTeamDefinitionsTool[2m > [22m[2mreturns JSON list of team definitions
[22m[39mSuccessfully registered tool definition: 'list_agent_team_definitions'

[90mstdout[2m | tests/unit/agent-tools/agent-team-management/list-agent-team-definitions.test.ts[2m > [22m[2mlistAgentTeamDefinitionsTool[2m > [22m[2mreturns JSON list of team definitions
[22m[39mlist_agent_team_definitions tool invoked by agent run test-agent.

[90mstdout[2m | tests/unit/agent-tools/agent-team-management/list-agent-team-definitions.test.ts[2m > [22m[2mlistAgentTeamDefinitionsTool[2m > [22m[2mreturns empty array string when no definitions exist
[22m[39mlist_agent_team_definitions tool invoked by agent run test-agent.

 [32m✓[39m tests/unit/agent-tools/agent-team-management/list-agent-team-definitions.test.ts [2m([22m[2m2 tests[22m[2m)[22m[32m 3[2mms[22m[39m
 [32m✓[39m tests/unit/agent-tools/mcp/agent-tool-mcp-run-session-id.test.ts [2m([22m[2m4 tests[22m[2m)[22m[32m 3[2mms[22m[39m
 [32m✓[39m tests/unit/agent-collaboration/execution/root-communication-runtime-builder.test.ts [2m([22m[2m4 tests[22m[2m)[22m[32m 3[2mms[22m[39m
[90mstdout[2m | tests/unit/agent-tools/agent-management/list-agent-definitions.test.ts
[22m[39mAgentFactory (Singleton) initialized.

[90mstdout[2m | tests/unit/agent-tools/agent-management/list-agent-definitions.test.ts[2m > [22m[2mlistAgentDefinitionsTool[2m > [22m[2mreturns JSON list of agent definitions
[22m[39mSuccessfully registered tool definition: 'list_agent_definitions'

[90mstdout[2m | tests/unit/agent-tools/agent-management/list-agent-definitions.test.ts[2m > [22m[2mlistAgentDefinitionsTool[2m > [22m[2mreturns JSON list of agent definitions
[22m[39mlist_agent_definitions tool invoked by agent run test-agent.

[90mstdout[2m | tests/unit/agent-tools/agent-management/list-agent-definitions.test.ts[2m > [22m[2mlistAgentDefinitionsTool[2m > [22m[2mreturns empty array string when no definitions exist
[22m[39mlist_agent_definitions tool invoked by agent run test-agent.

 [32m✓[39m tests/unit/agent-tools/agent-management/list-agent-definitions.test.ts [2m([22m[2m2 tests[22m[2m)[22m[32m 3[2mms[22m[39m
 [32m✓[39m tests/unit/agent-tools/media/media-tool-model-resolver.test.ts [2m([22m[2m2 tests[22m[2m)[22m[32m 3[2mms[22m[39m
 [32m✓[39m tests/unit/agent-tools/media/media-tool-input-parsers.test.ts [2m([22m[2m5 tests[22m[2m)[22m[32m 3[2mms[22m[39m
 [32m✓[39m tests/unit/agent-team-execution/team-command-start-status.test.ts [2m([22m[2m3 tests[22m[2m)[22m[32m 3[2mms[22m[39m
 [32m✓[39m tests/unit/agent-tools/browser/browser-tool-semantic-validators.test.ts [2m([22m[2m4 tests[22m[2m)[22m[32m 3[2mms[22m[39m
 [32m✓[39m tests/unit/agent-team-execution/inter-agent-message-delivery-intent-builder.test.ts [2m([22m[2m1 test[22m[2m)[22m[32m 3[2mms[22m[39m
 [32m✓[39m tests/unit/agent-team-execution/team-run-model-config-mutator.test.ts [2m([22m[2m2 tests[22m[2m)[22m[32m 3[2mms[22m[39m
 [32m✓[39m tests/unit/agent-team-execution/inter-agent-message-delivery.test.ts [2m([22m[2m2 tests[22m[2m)[22m[32m 2[2mms[22m[39m
 [32m✓[39m tests/unit/agent-collaboration/collaboration-logical-address.test.ts [2m([22m[2m2 tests[22m[2m)[22m[32m 2[2mms[22m[39m
 [32m✓[39m tests/unit/agent-tools/browser/register-browser-tools.test.ts [2m([22m[2m2 tests[22m[2m)[22m[32m 3[2mms[22m[39m
 [32m✓[39m tests/unit/agent-collaboration/execution/task-copy-host.test.ts [2m([22m[2m2 tests[22m[2m)[22m[32m 2[2mms[22m[39m
 [32m✓[39m tests/unit/agent-communication/global-agent-run-message-runtime-builders.test.ts [2m([22m[2m2 tests[22m[2m)[22m[32m 2[2mms[22m[39m
 [32m✓[39m tests/unit/agent-collaboration/execution/member-instance-scope.test.ts [2m([22m[2m3 tests[22m[2m)[22m[32m 2[2mms[22m[39m
 [32m✓[39m tests/unit/agent-collaboration/collaborators/catalog-copy-execution-source.test.ts [2m([22m[2m2 tests[22m[2m)[22m[32m 2[2mms[22m[39m
 [32m✓[39m tests/unit/agent-tools/browser/browser-bridge-config-resolver.test.ts [2m([22m[2m2 tests[22m[2m)[22m[32m 2[2mms[22m[39m
 [32m✓[39m tests/unit/agent-collaboration/collaboration-launch-configuration-resolver.test.ts [2m([22m[2m1 test[22m[2m)[22m[32m 2[2mms[22m[39m
 [32m✓[39m tests/unit/agent-tools/browser/browser-tool-contract.test.ts [2m([22m[2m2 tests[22m[2m)[22m[32m 2[2mms[22m[39m
 [32m✓[39m tests/unit/agent-team-execution/services/team-member-input-event-builder.test.ts [2m([22m[2m1 test[22m[2m)[22m[32m 2[2mms[22m[39m
 [32m✓[39m tests/unit/agent-team-execution/team-run-id.test.ts [2m([22m[2m3 tests[22m[2m)[22m[32m 2[2mms[22m[39m

[2m Test Files [22m [1m[32m139 passed[39m[22m[90m (139)[39m
[2m      Tests [22m [1m[32m1116 passed[39m[22m[90m (1116)[39m
[2m   Start at [22m 10:27:37
[2m   Duration [22m 94.65s[2m (transform 5.37s, setup 1.10s, import 63.60s, tests 17.54s, environment 10ms)[22m

