
[1m[46m RUN [49m[22m [36mv4.0.18 [39m[90m/Users/normy/autobyteus_org/autobyteus-worktrees/delegated-copy-member-contact-delegator/autobyteus-server-ts[39m

Prisma schema loaded from prisma/schema.prisma
Datasource "db": SQLite database "autobyteus-server-test.db" at "file:/Users/normy/autobyteus_org/autobyteus-worktrees/delegated-copy-member-contact-delegator/autobyteus-server-ts/tests/.tmp/autobyteus-server-test.db"

Applying migration `20260203074245_init`
Applying migration `20260208094000_add_external_channel_tables`
Applying migration `20260209174500_add_channel_message_receipt_turn_id`
Applying migration `20260209213000_remove_agent_conversation_tables`
Applying migration `20260210101500_add_agent_avatar`
Applying migration `20260210192000_add_agent_team_avatar`
Applying migration `20260211214500_add_sync_columns_and_tombstones`
Applying migration `20260212070000_remove_workflow_definition`
Applying migration `20260309103000_add_channel_binding_launch_preset`
Applying migration `20260310153000_add_channel_binding_team_definition_id`
Applying migration `20260331102000_remove_channel_bindings_table`
Applying migration `20260331130000_receipt_lifecycle_and_remove_channel_idempotency`
Applying migration `20260517090000_add_app_data_migration_records`
Applying migration `20260624090000_add_token_usage_ledger_events`
Applying migration `20260625193000_token_usage_component_pricing_explainability`
Applying migration `20260629120000_add_token_usage_display_fields`
Applying migration `20260702093000_token_usage_execution_address`
Applying migration `20260726090000_add_secret_vault`
Applying migration `20260730090000_add_token_usage_provider_name`
Applying migration `20260801090000_token_usage_member_display_name`
Applying migration `20260814090000_team_run_execution_tree_v1`
Applying migration `20260819090000_add_token_usage_run_records`
Applying migration `20260820090000_redesign_app_data_migration_summary`
Applying migration `20260822090000_add_token_usage_analytics`
Applying migration `20260923130000_add_claude_sdk_usage_state`
Applying migration `20260924120000_remove_external_channel_tables`

Database reset successful

The following migration(s) have been applied:

migrations/
  └─ 20260203074245_init/
    └─ migration.sql
  └─ 20260208094000_add_external_channel_tables/
    └─ migration.sql
  └─ 20260209174500_add_channel_message_receipt_turn_id/
    └─ migration.sql
  └─ 20260209213000_remove_agent_conversation_tables/
    └─ migration.sql
  └─ 20260210101500_add_agent_avatar/
    └─ migration.sql
  └─ 20260210192000_add_agent_team_avatar/
    └─ migration.sql
  └─ 20260211214500_add_sync_columns_and_tombstones/
    └─ migration.sql
  └─ 20260212070000_remove_workflow_definition/
    └─ migration.sql
  └─ 20260309103000_add_channel_binding_launch_preset/
    └─ migration.sql
  └─ 20260310153000_add_channel_binding_team_definition_id/
    └─ migration.sql
  └─ 20260331102000_remove_channel_bindings_table/
    └─ migration.sql
  └─ 20260331130000_receipt_lifecycle_and_remove_channel_idempotency/
    └─ migration.sql
  └─ 20260517090000_add_app_data_migration_records/
    └─ migration.sql
  └─ 20260624090000_add_token_usage_ledger_events/
    └─ migration.sql
  └─ 20260625193000_token_usage_component_pricing_explainability/
    └─ migration.sql
  └─ 20260629120000_add_token_usage_display_fields/
    └─ migration.sql
  └─ 20260702093000_token_usage_execution_address/
    └─ migration.sql
  └─ 20260726090000_add_secret_vault/
    └─ migration.sql
  └─ 20260730090000_add_token_usage_provider_name/
    └─ migration.sql
  └─ 20260801090000_token_usage_member_display_name/
    └─ migration.sql
  └─ 20260814090000_team_run_execution_tree_v1/
    └─ migration.sql
  └─ 20260819090000_add_token_usage_run_records/
    └─ migration.sql
  └─ 20260820090000_redesign_app_data_migration_summary/
    └─ migration.sql
  └─ 20260822090000_add_token_usage_analytics/
    └─ migration.sql
  └─ 20260923130000_add_claude_sdk_usage_state/
    └─ migration.sql
  └─ 20260924120000_remove_external_channel_tables/
    └─ migration.sql

[90mstdout[2m | tests/unit/agent-tools/project-tasks/project-task-tools.test.ts
[22m[39mAgentFactory (Singleton) initialized.

[90mstdout[2m | tests/unit/agent-tools/project-tasks/project-task-tools.test.ts[2m > [22m[2mProject data tools — actual native preparation/execute and selected MCP adapter[2m > [22m[2mprotects the selected Project mutator from configured MCP collision and rejects unselected calls
[22m[39mPlatform detection: Windows=false
App root directory: /Users/normy/autobyteus_org/autobyteus-worktrees/delegated-copy-member-contact-delegator/autobyteus-server-ts
App data directory: /var/folders/7w/9r4_s1_s42z3f7c136bpjf0r0000gn/T/project-tools-unit-u9sRRg
Successfully registered tool definition: 'list_projects'
Successfully registered tool definition: 'list_project_tasks'
Successfully registered tool definition: 'create_or_update_project'
Successfully registered tool definition: 'create_or_update_task'

[90mstdout[2m | tests/unit/agent-tools/project-tasks/project-task-tools.test.ts[2m > [22m[2mProject data tools — actual native preparation/execute and selected MCP adapter[2m > [22m[2mdocuments nested workspace rows with no omission-erasing defaults
[22m[39mPlatform detection: Windows=false
App root directory: /Users/normy/autobyteus_org/autobyteus-worktrees/delegated-copy-member-contact-delegator/autobyteus-server-ts
App data directory: /var/folders/7w/9r4_s1_s42z3f7c136bpjf0r0000gn/T/project-tools-unit-49RAuF
Successfully registered tool definition: 'list_projects'
Successfully registered tool definition: 'list_project_tasks'
Successfully registered tool definition: 'create_or_update_project'
Successfully registered tool definition: 'create_or_update_task'

[90mstderr[2m | tests/unit/agent-tools/project-tasks/project-task-tools.test.ts[2m > [22m[2mProject data tools — actual native preparation/execute and selected MCP adapter[2m > [22m[2mdocuments nested workspace rows with no omission-erasing defaults
[22m[39mOverwriting existing tool definition for name: 'list_projects'
Overwriting existing tool definition for name: 'list_project_tasks'
Overwriting existing tool definition for name: 'create_or_update_project'
Overwriting existing tool definition for name: 'create_or_update_task'

[90mstdout[2m | tests/unit/agent-tools/project-tasks/project-task-tools.test.ts[2m > [22m[2mProject data tools — actual native preparation/execute and selected MCP adapter[2m > [22m[2mdocuments one optional additive context_files string array on create_or_update_task, identical on native and MCP (AC-011)
[22m[39mPlatform detection: Windows=false
App root directory: /Users/normy/autobyteus_org/autobyteus-worktrees/delegated-copy-member-contact-delegator/autobyteus-server-ts
App data directory: /var/folders/7w/9r4_s1_s42z3f7c136bpjf0r0000gn/T/project-tools-unit-H0D47a
Successfully registered tool definition: 'list_projects'
Successfully registered tool definition: 'list_project_tasks'
Successfully registered tool definition: 'create_or_update_project'
Successfully registered tool definition: 'create_or_update_task'

[90mstderr[2m | tests/unit/agent-tools/project-tasks/project-task-tools.test.ts[2m > [22m[2mProject data tools — actual native preparation/execute and selected MCP adapter[2m > [22m[2mdocuments one optional additive context_files string array on create_or_update_task, identical on native and MCP (AC-011)
[22m[39mOverwriting existing tool definition for name: 'list_projects'
Overwriting existing tool definition for name: 'list_project_tasks'
Overwriting existing tool definition for name: 'create_or_update_project'
Overwriting existing tool definition for name: 'create_or_update_task'

[90mstdout[2m | tests/unit/agent-tools/project-tasks/project-task-tools.test.ts[2m > [22m[2mProject data tools — actual native preparation/execute and selected MCP adapter[2m > [22m[2mcreates and patches compact saved Project results identically through native and MCP
[22m[39mPlatform detection: Windows=false
App root directory: /Users/normy/autobyteus_org/autobyteus-worktrees/delegated-copy-member-contact-delegator/autobyteus-server-ts
App data directory: /var/folders/7w/9r4_s1_s42z3f7c136bpjf0r0000gn/T/project-tools-unit-Q5npZC
Successfully registered tool definition: 'list_projects'
Successfully registered tool definition: 'list_project_tasks'
Successfully registered tool definition: 'create_or_update_project'
Successfully registered tool definition: 'create_or_update_task'

[90mstderr[2m | tests/unit/agent-tools/project-tasks/project-task-tools.test.ts[2m > [22m[2mProject data tools — actual native preparation/execute and selected MCP adapter[2m > [22m[2mcreates and patches compact saved Project results identically through native and MCP
[22m[39mOverwriting existing tool definition for name: 'list_projects'
Overwriting existing tool definition for name: 'list_project_tasks'
Overwriting existing tool definition for name: 'create_or_update_project'
Overwriting existing tool definition for name: 'create_or_update_task'

[90mstdout[2m | tests/unit/agent-tools/project-tasks/project-task-tools.test.ts[2m > [22m[2mProject data tools — actual native preparation/execute and selected MCP adapter[2m > [22m[2mpreserves nested omission through public native preparation/coercion and MCP replacement/clear
[22m[39mPlatform detection: Windows=false
App root directory: /Users/normy/autobyteus_org/autobyteus-worktrees/delegated-copy-member-contact-delegator/autobyteus-server-ts
App data directory: /var/folders/7w/9r4_s1_s42z3f7c136bpjf0r0000gn/T/project-tools-unit-BtrQGT
Successfully registered tool definition: 'list_projects'
Successfully registered tool definition: 'list_project_tasks'
Successfully registered tool definition: 'create_or_update_project'
Successfully registered tool definition: 'create_or_update_task'

[90mstderr[2m | tests/unit/agent-tools/project-tasks/project-task-tools.test.ts[2m > [22m[2mProject data tools — actual native preparation/execute and selected MCP adapter[2m > [22m[2mpreserves nested omission through public native preparation/coercion and MCP replacement/clear
[22m[39mOverwriting existing tool definition for name: 'list_projects'
Overwriting existing tool definition for name: 'list_project_tasks'
Overwriting existing tool definition for name: 'create_or_update_project'
Overwriting existing tool definition for name: 'create_or_update_task'

[90mstdout[2m | tests/unit/agent-tools/project-tasks/project-task-tools.test.ts[2m > [22m[2mProject data tools — actual native preparation/execute and selected MCP adapter[2m > [22m[2mrejects malformed Project input before native coercion with MCP parity: {}
[22m[39mPlatform detection: Windows=false
App root directory: /Users/normy/autobyteus_org/autobyteus-worktrees/delegated-copy-member-contact-delegator/autobyteus-server-ts
App data directory: /var/folders/7w/9r4_s1_s42z3f7c136bpjf0r0000gn/T/project-tools-unit-1UU1dc
Successfully registered tool definition: 'list_projects'
Successfully registered tool definition: 'list_project_tasks'
Successfully registered tool definition: 'create_or_update_project'
Successfully registered tool definition: 'create_or_update_task'

[90mstderr[2m | tests/unit/agent-tools/project-tasks/project-task-tools.test.ts[2m > [22m[2mProject data tools — actual native preparation/execute and selected MCP adapter[2m > [22m[2mrejects malformed Project input before native coercion with MCP parity: {}
[22m[39mOverwriting existing tool definition for name: 'list_projects'
Overwriting existing tool definition for name: 'list_project_tasks'
Overwriting existing tool definition for name: 'create_or_update_project'
Overwriting existing tool definition for name: 'create_or_update_task'

[90mstdout[2m | tests/unit/agent-tools/project-tasks/project-task-tools.test.ts[2m > [22m[2mProject data tools — actual native preparation/execute and selected MCP adapter[2m > [22m[2mrejects malformed Project input before native coercion with MCP parity: {"name":""}
[22m[39mPlatform detection: Windows=false
App root directory: /Users/normy/autobyteus_org/autobyteus-worktrees/delegated-copy-member-contact-delegator/autobyteus-server-ts
App data directory: /var/folders/7w/9r4_s1_s42z3f7c136bpjf0r0000gn/T/project-tools-unit-ekOeCU
Successfully registered tool definition: 'list_projects'
Successfully registered tool definition: 'list_project_tasks'
Successfully registered tool definition: 'create_or_update_project'
Successfully registered tool definition: 'create_or_update_task'

[90mstderr[2m | tests/unit/agent-tools/project-tasks/project-task-tools.test.ts[2m > [22m[2mProject data tools — actual native preparation/execute and selected MCP adapter[2m > [22m[2mrejects malformed Project input before native coercion with MCP parity: {"name":""}
[22m[39mOverwriting existing tool definition for name: 'list_projects'
Overwriting existing tool definition for name: 'list_project_tasks'
Overwriting existing tool definition for name: 'create_or_update_project'
Overwriting existing tool definition for name: 'create_or_update_task'

[90mstdout[2m | tests/unit/agent-tools/project-tasks/project-task-tools.test.ts[2m > [22m[2mProject data tools — actual native preparation/execute and selected MCP adapter[2m > [22m[2mrejects malformed Project input before native coercion with MCP parity: {"name":" "}
[22m[39mPlatform detection: Windows=false
App root directory: /Users/normy/autobyteus_org/autobyteus-worktrees/delegated-copy-member-contact-delegator/autobyteus-server-ts
App data directory: /var/folders/7w/9r4_s1_s42z3f7c136bpjf0r0000gn/T/project-tools-unit-d6869H
Successfully registered tool definition: 'list_projects'
Successfully registered tool definition: 'list_project_tasks'
Successfully registered tool definition: 'create_or_update_project'
Successfully registered tool definition: 'create_or_update_task'

[90mstderr[2m | tests/unit/agent-tools/project-tasks/project-task-tools.test.ts[2m > [22m[2mProject data tools — actual native preparation/execute and selected MCP adapter[2m > [22m[2mrejects malformed Project input before native coercion with MCP parity: {"name":" "}
[22m[39mOverwriting existing tool definition for name: 'list_projects'
Overwriting existing tool definition for name: 'list_project_tasks'
Overwriting existing tool definition for name: 'create_or_update_project'
Overwriting existing tool definition for name: 'create_or_update_task'

[90mstdout[2m | tests/unit/agent-tools/project-tasks/project-task-tools.test.ts[2m > [22m[2mProject data tools — actual native preparation/execute and selected MCP adapter[2m > [22m[2mrejects malformed Project input before native coercion with MCP parity: {"name":null}
[22m[39mPlatform detection: Windows=false
App root directory: /Users/normy/autobyteus_org/autobyteus-worktrees/delegated-copy-member-contact-delegator/autobyteus-server-ts
App data directory: /var/folders/7w/9r4_s1_s42z3f7c136bpjf0r0000gn/T/project-tools-unit-JCWtnX
Successfully registered tool definition: 'list_projects'
Successfully registered tool definition: 'list_project_tasks'
Successfully registered tool definition: 'create_or_update_project'
Successfully registered tool definition: 'create_or_update_task'

[90mstderr[2m | tests/unit/agent-tools/project-tasks/project-task-tools.test.ts[2m > [22m[2mProject data tools — actual native preparation/execute and selected MCP adapter[2m > [22m[2mrejects malformed Project input before native coercion with MCP parity: {"name":null}
[22m[39mOverwriting existing tool definition for name: 'list_projects'
Overwriting existing tool definition for name: 'list_project_tasks'
Overwriting existing tool definition for name: 'create_or_update_project'
Overwriting existing tool definition for name: 'create_or_update_task'

[90mstdout[2m | tests/unit/agent-tools/project-tasks/project-task-tools.test.ts[2m > [22m[2mProject data tools — actual native preparation/execute and selected MCP adapter[2m > [22m[2mrejects malformed Project input before native coercion with MCP parity: {"name":123}
[22m[39mPlatform detection: Windows=false
App root directory: /Users/normy/autobyteus_org/autobyteus-worktrees/delegated-copy-member-contact-delegator/autobyteus-server-ts
App data directory: /var/folders/7w/9r4_s1_s42z3f7c136bpjf0r0000gn/T/project-tools-unit-2iyzOY
Successfully registered tool definition: 'list_projects'
Successfully registered tool definition: 'list_project_tasks'
Successfully registered tool definition: 'create_or_update_project'
Successfully registered tool definition: 'create_or_update_task'

[90mstderr[2m | tests/unit/agent-tools/project-tasks/project-task-tools.test.ts[2m > [22m[2mProject data tools — actual native preparation/execute and selected MCP adapter[2m > [22m[2mrejects malformed Project input before native coercion with MCP parity: {"name":123}
[22m[39mOverwriting existing tool definition for name: 'list_projects'
Overwriting existing tool definition for name: 'list_project_tasks'
Overwriting existing tool definition for name: 'create_or_update_project'
Overwriting existing tool definition for name: 'create_or_update_task'

[90mstdout[2m | tests/unit/agent-tools/project-tasks/project-task-tools.test.ts[2m > [22m[2mProject data tools — actual native preparation/execute and selected MCP adapter[2m > [22m[2mrejects malformed Project input before native coercion with MCP parity: {"name":true}
[22m[39mPlatform detection: Windows=false
App root directory: /Users/normy/autobyteus_org/autobyteus-worktrees/delegated-copy-member-contact-delegator/autobyteus-server-ts
App data directory: /var/folders/7w/9r4_s1_s42z3f7c136bpjf0r0000gn/T/project-tools-unit-W98gnK
Successfully registered tool definition: 'list_projects'
Successfully registered tool definition: 'list_project_tasks'
Successfully registered tool definition: 'create_or_update_project'
Successfully registered tool definition: 'create_or_update_task'

[90mstderr[2m | tests/unit/agent-tools/project-tasks/project-task-tools.test.ts[2m > [22m[2mProject data tools — actual native preparation/execute and selected MCP adapter[2m > [22m[2mrejects malformed Project input before native coercion with MCP parity: {"name":true}
[22m[39mOverwriting existing tool definition for name: 'list_projects'
Overwriting existing tool definition for name: 'list_project_tasks'
Overwriting existing tool definition for name: 'create_or_update_project'
Overwriting existing tool definition for name: 'create_or_update_task'

[90mstdout[2m | tests/unit/agent-tools/project-tasks/project-task-tools.test.ts[2m > [22m[2mProject data tools — actual native preparation/execute and selected MCP adapter[2m > [22m[2mrejects malformed Project input before native coercion with MCP parity: {"project_id":null,"name":"x"}
[22m[39mPlatform detection: Windows=false
App root directory: /Users/normy/autobyteus_org/autobyteus-worktrees/delegated-copy-member-contact-delegator/autobyteus-server-ts
App data directory: /var/folders/7w/9r4_s1_s42z3f7c136bpjf0r0000gn/T/project-tools-unit-3F54vQ
Successfully registered tool definition: 'list_projects'
Successfully registered tool definition: 'list_project_tasks'
Successfully registered tool definition: 'create_or_update_project'
Successfully registered tool definition: 'create_or_update_task'

[90mstderr[2m | tests/unit/agent-tools/project-tasks/project-task-tools.test.ts[2m > [22m[2mProject data tools — actual native preparation/execute and selected MCP adapter[2m > [22m[2mrejects malformed Project input before native coercion with MCP parity: {"project_id":null,"name":"x"}
[22m[39mOverwriting existing tool definition for name: 'list_projects'
Overwriting existing tool definition for name: 'list_project_tasks'
Overwriting existing tool definition for name: 'create_or_update_project'
Overwriting existing tool definition for name: 'create_or_update_task'

[90mstdout[2m | tests/unit/agent-tools/project-tasks/project-task-tools.test.ts[2m > [22m[2mProject data tools — actual native preparation/execute and selected MCP adapter[2m > [22m[2mrejects malformed Project input before native coercion with MCP parity: {"project_id":"","name":"x"}
[22m[39mPlatform detection: Windows=false
App root directory: /Users/normy/autobyteus_org/autobyteus-worktrees/delegated-copy-member-contact-delegator/autobyteus-server-ts
App data directory: /var/folders/7w/9r4_s1_s42z3f7c136bpjf0r0000gn/T/project-tools-unit-Lw7rlK
Successfully registered tool definition: 'list_projects'
Successfully registered tool definition: 'list_project_tasks'
Successfully registered tool definition: 'create_or_update_project'
Successfully registered tool definition: 'create_or_update_task'

[90mstderr[2m | tests/unit/agent-tools/project-tasks/project-task-tools.test.ts[2m > [22m[2mProject data tools — actual native preparation/execute and selected MCP adapter[2m > [22m[2mrejects malformed Project input before native coercion with MCP parity: {"project_id":"","name":"x"}
[22m[39mOverwriting existing tool definition for name: 'list_projects'
Overwriting existing tool definition for name: 'list_project_tasks'
Overwriting existing tool definition for name: 'create_or_update_project'
Overwriting existing tool definition for name: 'create_or_update_task'

[90mstdout[2m | tests/unit/agent-tools/project-tasks/project-task-tools.test.ts[2m > [22m[2mProject data tools — actual native preparation/execute and selected MCP adapter[2m > [22m[2mrejects malformed Project input before native coercion with MCP parity: {"project_id":" ","name":"x"}
[22m[39mPlatform detection: Windows=false
App root directory: /Users/normy/autobyteus_org/autobyteus-worktrees/delegated-copy-member-contact-delegator/autobyteus-server-ts
App data directory: /var/folders/7w/9r4_s1_s42z3f7c136bpjf0r0000gn/T/project-tools-unit-mR5RCx
Successfully registered tool definition: 'list_projects'
Successfully registered tool definition: 'list_project_tasks'
Successfully registered tool definition: 'create_or_update_project'
Successfully registered tool definition: 'create_or_update_task'

[90mstderr[2m | tests/unit/agent-tools/project-tasks/project-task-tools.test.ts[2m > [22m[2mProject data tools — actual native preparation/execute and selected MCP adapter[2m > [22m[2mrejects malformed Project input before native coercion with MCP parity: {"project_id":" ","name":"x"}
[22m[39mOverwriting existing tool definition for name: 'list_projects'
Overwriting existing tool definition for name: 'list_project_tasks'
Overwriting existing tool definition for name: 'create_or_update_project'
Overwriting existing tool definition for name: 'create_or_update_task'

[90mstdout[2m | tests/unit/agent-tools/project-tasks/project-task-tools.test.ts[2m > [22m[2mProject data tools — actual native preparation/execute and selected MCP adapter[2m > [22m[2mrejects malformed Project input before native coercion with MCP parity: {"project_id":123,"name":"x"}
[22m[39mPlatform detection: Windows=false
App root directory: /Users/normy/autobyteus_org/autobyteus-worktrees/delegated-copy-member-contact-delegator/autobyteus-server-ts
App data directory: /var/folders/7w/9r4_s1_s42z3f7c136bpjf0r0000gn/T/project-tools-unit-pjcVsJ
Successfully registered tool definition: 'list_projects'
Successfully registered tool definition: 'list_project_tasks'
Successfully registered tool definition: 'create_or_update_project'
Successfully registered tool definition: 'create_or_update_task'

[90mstderr[2m | tests/unit/agent-tools/project-tasks/project-task-tools.test.ts[2m > [22m[2mProject data tools — actual native preparation/execute and selected MCP adapter[2m > [22m[2mrejects malformed Project input before native coercion with MCP parity: {"project_id":123,"name":"x"}
[22m[39mOverwriting existing tool definition for name: 'list_projects'
Overwriting existing tool definition for name: 'list_project_tasks'
Overwriting existing tool definition for name: 'create_or_update_project'
Overwriting existing tool definition for name: 'create_or_update_task'

[90mstdout[2m | tests/unit/agent-tools/project-tasks/project-task-tools.test.ts[2m > [22m[2mProject data tools — actual native preparation/execute and selected MCP adapter[2m > [22m[2mrejects malformed Project input before native coercion with MCP parity: {"name":"x"}
[22m[39mPlatform detection: Windows=false
App root directory: /Users/normy/autobyteus_org/autobyteus-worktrees/delegated-copy-member-contact-delegator/autobyteus-server-ts
App data directory: /var/folders/7w/9r4_s1_s42z3f7c136bpjf0r0000gn/T/project-tools-unit-hnKPXg
Successfully registered tool definition: 'list_projects'
Successfully registered tool definition: 'list_project_tasks'
Successfully registered tool definition: 'create_or_update_project'
Successfully registered tool definition: 'create_or_update_task'

[90mstderr[2m | tests/unit/agent-tools/project-tasks/project-task-tools.test.ts[2m > [22m[2mProject data tools — actual native preparation/execute and selected MCP adapter[2m > [22m[2mrejects malformed Project input before native coercion with MCP parity: {"name":"x"}
[22m[39mOverwriting existing tool definition for name: 'list_projects'
Overwriting existing tool definition for name: 'list_project_tasks'
Overwriting existing tool definition for name: 'create_or_update_project'
Overwriting existing tool definition for name: 'create_or_update_task'

[90mstdout[2m | tests/unit/agent-tools/project-tasks/project-task-tools.test.ts[2m > [22m[2mProject data tools — actual native preparation/execute and selected MCP adapter[2m > [22m[2mrejects malformed Project input before native coercion with MCP parity: {"project_id":"p"}
[22m[39mPlatform detection: Windows=false
App root directory: /Users/normy/autobyteus_org/autobyteus-worktrees/delegated-copy-member-contact-delegator/autobyteus-server-ts
App data directory: /var/folders/7w/9r4_s1_s42z3f7c136bpjf0r0000gn/T/project-tools-unit-uK4lR5
Successfully registered tool definition: 'list_projects'
Successfully registered tool definition: 'list_project_tasks'
Successfully registered tool definition: 'create_or_update_project'
Successfully registered tool definition: 'create_or_update_task'

[90mstderr[2m | tests/unit/agent-tools/project-tasks/project-task-tools.test.ts[2m > [22m[2mProject data tools — actual native preparation/execute and selected MCP adapter[2m > [22m[2mrejects malformed Project input before native coercion with MCP parity: {"project_id":"p"}
[22m[39mOverwriting existing tool definition for name: 'list_projects'
Overwriting existing tool definition for name: 'list_project_tasks'
Overwriting existing tool definition for name: 'create_or_update_project'
Overwriting existing tool definition for name: 'create_or_update_task'

[90mstdout[2m | tests/unit/agent-tools/project-tasks/project-task-tools.test.ts[2m > [22m[2mProject data tools — actual native preparation/execute and selected MCP adapter[2m > [22m[2mrejects malformed Project input before native coercion with MCP parity: {"name":"x","description":null}
[22m[39mPlatform detection: Windows=false
App root directory: /Users/normy/autobyteus_org/autobyteus-worktrees/delegated-copy-member-contact-delegator/autobyteus-server-ts
App data directory: /var/folders/7w/9r4_s1_s42z3f7c136bpjf0r0000gn/T/project-tools-unit-CxFe2O
Successfully registered tool definition: 'list_projects'
Successfully registered tool definition: 'list_project_tasks'
Successfully registered tool definition: 'create_or_update_project'
Successfully registered tool definition: 'create_or_update_task'

[90mstderr[2m | tests/unit/agent-tools/project-tasks/project-task-tools.test.ts[2m > [22m[2mProject data tools — actual native preparation/execute and selected MCP adapter[2m > [22m[2mrejects malformed Project input before native coercion with MCP parity: {"name":"x","description":null}
[22m[39mOverwriting existing tool definition for name: 'list_projects'
Overwriting existing tool definition for name: 'list_project_tasks'
Overwriting existing tool definition for name: 'create_or_update_project'
Overwriting existing tool definition for name: 'create_or_update_task'

[90mstdout[2m | tests/unit/agent-tools/project-tasks/project-task-tools.test.ts[2m > [22m[2mProject data tools — actual native preparation/execute and selected MCP adapter[2m > [22m[2mrejects malformed Project input before native coercion with MCP parity: {"name":"x","description":false}
[22m[39mPlatform detection: Windows=false
App root directory: /Users/normy/autobyteus_org/autobyteus-worktrees/delegated-copy-member-contact-delegator/autobyteus-server-ts
App data directory: /var/folders/7w/9r4_s1_s42z3f7c136bpjf0r0000gn/T/project-tools-unit-GiRwdd
Successfully registered tool definition: 'list_projects'
Successfully registered tool definition: 'list_project_tasks'
Successfully registered tool definition: 'create_or_update_project'
Successfully registered tool definition: 'create_or_update_task'

[90mstderr[2m | tests/unit/agent-tools/project-tasks/project-task-tools.test.ts[2m > [22m[2mProject data tools — actual native preparation/execute and selected MCP adapter[2m > [22m[2mrejects malformed Project input before native coercion with MCP parity: {"name":"x","description":false}
[22m[39mOverwriting existing tool definition for name: 'list_projects'
Overwriting existing tool definition for name: 'list_project_tasks'
Overwriting existing tool definition for name: 'create_or_update_project'
Overwriting existing tool definition for name: 'create_or_update_task'

[90mstdout[2m | tests/unit/agent-tools/project-tasks/project-task-tools.test.ts[2m > [22m[2mProject data tools — actual native preparation/execute and selected MCP adapter[2m > [22m[2mrejects malformed Project input before native coercion with MCP parity: {"name":"x","description":123}
[22m[39mPlatform detection: Windows=false
App root directory: /Users/normy/autobyteus_org/autobyteus-worktrees/delegated-copy-member-contact-delegator/autobyteus-server-ts
App data directory: /var/folders/7w/9r4_s1_s42z3f7c136bpjf0r0000gn/T/project-tools-unit-4OLSDi
Successfully registered tool definition: 'list_projects'
Successfully registered tool definition: 'list_project_tasks'
Successfully registered tool definition: 'create_or_update_project'
Successfully registered tool definition: 'create_or_update_task'

[90mstderr[2m | tests/unit/agent-tools/project-tasks/project-task-tools.test.ts[2m > [22m[2mProject data tools — actual native preparation/execute and selected MCP adapter[2m > [22m[2mrejects malformed Project input before native coercion with MCP parity: {"name":"x","description":123}
[22m[39mOverwriting existing tool definition for name: 'list_projects'
Overwriting existing tool definition for name: 'list_project_tasks'
Overwriting existing tool definition for name: 'create_or_update_project'
Overwriting existing tool definition for name: 'create_or_update_task'

[90mstdout[2m | tests/unit/agent-tools/project-tasks/project-task-tools.test.ts[2m > [22m[2mProject data tools — actual native preparation/execute and selected MCP adapter[2m > [22m[2mrejects malformed Project input before native coercion with MCP parity: {"name":"x"}
[22m[39mPlatform detection: Windows=false
App root directory: /Users/normy/autobyteus_org/autobyteus-worktrees/delegated-copy-member-contact-delegator/autobyteus-server-ts
App data directory: /var/folders/7w/9r4_s1_s42z3f7c136bpjf0r0000gn/T/project-tools-unit-mmLgmU
Successfully registered tool definition: 'list_projects'
Successfully registered tool definition: 'list_project_tasks'
Successfully registered tool definition: 'create_or_update_project'
Successfully registered tool definition: 'create_or_update_task'

[90mstderr[2m | tests/unit/agent-tools/project-tasks/project-task-tools.test.ts[2m > [22m[2mProject data tools — actual native preparation/execute and selected MCP adapter[2m > [22m[2mrejects malformed Project input before native coercion with MCP parity: {"name":"x"}
[22m[39mOverwriting existing tool definition for name: 'list_projects'
Overwriting existing tool definition for name: 'list_project_tasks'
Overwriting existing tool definition for name: 'create_or_update_project'
Overwriting existing tool definition for name: 'create_or_update_task'

[90mstdout[2m | tests/unit/agent-tools/project-tasks/project-task-tools.test.ts[2m > [22m[2mProject data tools — actual native preparation/execute and selected MCP adapter[2m > [22m[2mrejects malformed Project input before native coercion with MCP parity: {"name":"x","extra":true}
[22m[39mPlatform detection: Windows=false
App root directory: /Users/normy/autobyteus_org/autobyteus-worktrees/delegated-copy-member-contact-delegator/autobyteus-server-ts
App data directory: /var/folders/7w/9r4_s1_s42z3f7c136bpjf0r0000gn/T/project-tools-unit-Olg4bS
Successfully registered tool definition: 'list_projects'
Successfully registered tool definition: 'list_project_tasks'
Successfully registered tool definition: 'create_or_update_project'
Successfully registered tool definition: 'create_or_update_task'

[90mstderr[2m | tests/unit/agent-tools/project-tasks/project-task-tools.test.ts[2m > [22m[2mProject data tools — actual native preparation/execute and selected MCP adapter[2m > [22m[2mrejects malformed Project input before native coercion with MCP parity: {"name":"x","extra":true}
[22m[39mOverwriting existing tool definition for name: 'list_projects'
Overwriting existing tool definition for name: 'list_project_tasks'
Overwriting existing tool definition for name: 'create_or_update_project'
Overwriting existing tool definition for name: 'create_or_update_task'

[90mstdout[2m | tests/unit/agent-tools/project-tasks/project-task-tools.test.ts[2m > [22m[2mProject data tools — actual native preparation/execute and selected MCP adapter[2m > [22m[2mrejects malformed Project input before native coercion with MCP parity: {"name":"x","workspaces":""}
[22m[39mPlatform detection: Windows=false
App root directory: /Users/normy/autobyteus_org/autobyteus-worktrees/delegated-copy-member-contact-delegator/autobyteus-server-ts
App data directory: /var/folders/7w/9r4_s1_s42z3f7c136bpjf0r0000gn/T/project-tools-unit-RVYAPp
Successfully registered tool definition: 'list_projects'
Successfully registered tool definition: 'list_project_tasks'
Successfully registered tool definition: 'create_or_update_project'
Successfully registered tool definition: 'create_or_update_task'

[90mstderr[2m | tests/unit/agent-tools/project-tasks/project-task-tools.test.ts[2m > [22m[2mProject data tools — actual native preparation/execute and selected MCP adapter[2m > [22m[2mrejects malformed Project input before native coercion with MCP parity: {"name":"x","workspaces":""}
[22m[39mOverwriting existing tool definition for name: 'list_projects'
Overwriting existing tool definition for name: 'list_project_tasks'
Overwriting existing tool definition for name: 'create_or_update_project'
Overwriting existing tool definition for name: 'create_or_update_task'

[90mstdout[2m | tests/unit/agent-tools/project-tasks/project-task-tools.test.ts[2m > [22m[2mProject data tools — actual native preparation/execute and selected MCP adapter[2m > [22m[2mrejects malformed Project input before native coercion with MCP parity: {"name":"x","workspaces":"[]"}
[22m[39mPlatform detection: Windows=false
App root directory: /Users/normy/autobyteus_org/autobyteus-worktrees/delegated-copy-member-contact-delegator/autobyteus-server-ts
App data directory: /var/folders/7w/9r4_s1_s42z3f7c136bpjf0r0000gn/T/project-tools-unit-v0c6wp
Successfully registered tool definition: 'list_projects'
Successfully registered tool definition: 'list_project_tasks'
Successfully registered tool definition: 'create_or_update_project'
Successfully registered tool definition: 'create_or_update_task'

[90mstderr[2m | tests/unit/agent-tools/project-tasks/project-task-tools.test.ts[2m > [22m[2mProject data tools — actual native preparation/execute and selected MCP adapter[2m > [22m[2mrejects malformed Project input before native coercion with MCP parity: {"name":"x","workspaces":"[]"}
[22m[39mOverwriting existing tool definition for name: 'list_projects'
Overwriting existing tool definition for name: 'list_project_tasks'
Overwriting existing tool definition for name: 'create_or_update_project'
Overwriting existing tool definition for name: 'create_or_update_task'

[90mstdout[2m | tests/unit/agent-tools/project-tasks/project-task-tools.test.ts[2m > [22m[2mProject data tools — actual native preparation/execute and selected MCP adapter[2m > [22m[2mrejects malformed Project input before native coercion with MCP parity: {"name":"x","workspaces":null}
[22m[39mPlatform detection: Windows=false
App root directory: /Users/normy/autobyteus_org/autobyteus-worktrees/delegated-copy-member-contact-delegator/autobyteus-server-ts
App data directory: /var/folders/7w/9r4_s1_s42z3f7c136bpjf0r0000gn/T/project-tools-unit-W84ssQ
Successfully registered tool definition: 'list_projects'
Successfully registered tool definition: 'list_project_tasks'
Successfully registered tool definition: 'create_or_update_project'
Successfully registered tool definition: 'create_or_update_task'

[90mstderr[2m | tests/unit/agent-tools/project-tasks/project-task-tools.test.ts[2m > [22m[2mProject data tools — actual native preparation/execute and selected MCP adapter[2m > [22m[2mrejects malformed Project input before native coercion with MCP parity: {"name":"x","workspaces":null}
[22m[39mOverwriting existing tool definition for name: 'list_projects'
Overwriting existing tool definition for name: 'list_project_tasks'
Overwriting existing tool definition for name: 'create_or_update_project'
Overwriting existing tool definition for name: 'create_or_update_task'

[90mstdout[2m | tests/unit/agent-tools/project-tasks/project-task-tools.test.ts[2m > [22m[2mProject data tools — actual native preparation/execute and selected MCP adapter[2m > [22m[2mrejects malformed Project input before native coercion with MCP parity: {"name":"x","workspaces":{}}
[22m[39mPlatform detection: Windows=false
App root directory: /Users/normy/autobyteus_org/autobyteus-worktrees/delegated-copy-member-contact-delegator/autobyteus-server-ts
App data directory: /var/folders/7w/9r4_s1_s42z3f7c136bpjf0r0000gn/T/project-tools-unit-e0pkfr
Successfully registered tool definition: 'list_projects'
Successfully registered tool definition: 'list_project_tasks'
Successfully registered tool definition: 'create_or_update_project'
Successfully registered tool definition: 'create_or_update_task'

[90mstderr[2m | tests/unit/agent-tools/project-tasks/project-task-tools.test.ts[2m > [22m[2mProject data tools — actual native preparation/execute and selected MCP adapter[2m > [22m[2mrejects malformed Project input before native coercion with MCP parity: {"name":"x","workspaces":{}}
[22m[39mOverwriting existing tool definition for name: 'list_projects'
Overwriting existing tool definition for name: 'list_project_tasks'
Overwriting existing tool definition for name: 'create_or_update_project'
Overwriting existing tool definition for name: 'create_or_update_task'

[90mstdout[2m | tests/unit/agent-tools/project-tasks/project-task-tools.test.ts[2m > [22m[2mProject data tools — actual native preparation/execute and selected MCP adapter[2m > [22m[2mrejects malformed Project input before native coercion with MCP parity: {"name":"x"}
[22m[39mPlatform detection: Windows=false
App root directory: /Users/normy/autobyteus_org/autobyteus-worktrees/delegated-copy-member-contact-delegator/autobyteus-server-ts
App data directory: /var/folders/7w/9r4_s1_s42z3f7c136bpjf0r0000gn/T/project-tools-unit-WUUJ55
Successfully registered tool definition: 'list_projects'
Successfully registered tool definition: 'list_project_tasks'
Successfully registered tool definition: 'create_or_update_project'
Successfully registered tool definition: 'create_or_update_task'

[90mstderr[2m | tests/unit/agent-tools/project-tasks/project-task-tools.test.ts[2m > [22m[2mProject data tools — actual native preparation/execute and selected MCP adapter[2m > [22m[2mrejects malformed Project input before native coercion with MCP parity: {"name":"x"}
[22m[39mOverwriting existing tool definition for name: 'list_projects'
Overwriting existing tool definition for name: 'list_project_tasks'
Overwriting existing tool definition for name: 'create_or_update_project'
Overwriting existing tool definition for name: 'create_or_update_task'

[90mstdout[2m | tests/unit/agent-tools/project-tasks/project-task-tools.test.ts[2m > [22m[2mProject data tools — actual native preparation/execute and selected MCP adapter[2m > [22m[2mrejects malformed Project input before native coercion with MCP parity: {"name":"x","workspaces":[null]}
[22m[39mPlatform detection: Windows=false
App root directory: /Users/normy/autobyteus_org/autobyteus-worktrees/delegated-copy-member-contact-delegator/autobyteus-server-ts
App data directory: /var/folders/7w/9r4_s1_s42z3f7c136bpjf0r0000gn/T/project-tools-unit-BjciFC
Successfully registered tool definition: 'list_projects'
Successfully registered tool definition: 'list_project_tasks'
Successfully registered tool definition: 'create_or_update_project'
Successfully registered tool definition: 'create_or_update_task'

[90mstderr[2m | tests/unit/agent-tools/project-tasks/project-task-tools.test.ts[2m > [22m[2mProject data tools — actual native preparation/execute and selected MCP adapter[2m > [22m[2mrejects malformed Project input before native coercion with MCP parity: {"name":"x","workspaces":[null]}
[22m[39mOverwriting existing tool definition for name: 'list_projects'
Overwriting existing tool definition for name: 'list_project_tasks'
Overwriting existing tool definition for name: 'create_or_update_project'
Overwriting existing tool definition for name: 'create_or_update_task'

[90mstdout[2m | tests/unit/agent-tools/project-tasks/project-task-tools.test.ts[2m > [22m[2mProject data tools — actual native preparation/execute and selected MCP adapter[2m > [22m[2mrejects malformed Project input before native coercion with MCP parity: {"name":"x","workspaces":["ws"]}
[22m[39mPlatform detection: Windows=false
App root directory: /Users/normy/autobyteus_org/autobyteus-worktrees/delegated-copy-member-contact-delegator/autobyteus-server-ts
App data directory: /var/folders/7w/9r4_s1_s42z3f7c136bpjf0r0000gn/T/project-tools-unit-gwl3Sj
Successfully registered tool definition: 'list_projects'
Successfully registered tool definition: 'list_project_tasks'
Successfully registered tool definition: 'create_or_update_project'
Successfully registered tool definition: 'create_or_update_task'

[90mstderr[2m | tests/unit/agent-tools/project-tasks/project-task-tools.test.ts[2m > [22m[2mProject data tools — actual native preparation/execute and selected MCP adapter[2m > [22m[2mrejects malformed Project input before native coercion with MCP parity: {"name":"x","workspaces":["ws"]}
[22m[39mOverwriting existing tool definition for name: 'list_projects'
Overwriting existing tool definition for name: 'list_project_tasks'
Overwriting existing tool definition for name: 'create_or_update_project'
Overwriting existing tool definition for name: 'create_or_update_task'

[90mstdout[2m | tests/unit/agent-tools/project-tasks/project-task-tools.test.ts[2m > [22m[2mProject data tools — actual native preparation/execute and selected MCP adapter[2m > [22m[2mrejects malformed Project input before native coercion with MCP parity: {"name":"x","workspaces":[123]}
[22m[39mPlatform detection: Windows=false
App root directory: /Users/normy/autobyteus_org/autobyteus-worktrees/delegated-copy-member-contact-delegator/autobyteus-server-ts
App data directory: /var/folders/7w/9r4_s1_s42z3f7c136bpjf0r0000gn/T/project-tools-unit-frrzAu
Successfully registered tool definition: 'list_projects'
Successfully registered tool definition: 'list_project_tasks'
Successfully registered tool definition: 'create_or_update_project'
Successfully registered tool definition: 'create_or_update_task'

[90mstderr[2m | tests/unit/agent-tools/project-tasks/project-task-tools.test.ts[2m > [22m[2mProject data tools — actual native preparation/execute and selected MCP adapter[2m > [22m[2mrejects malformed Project input before native coercion with MCP parity: {"name":"x","workspaces":[123]}
[22m[39mOverwriting existing tool definition for name: 'list_projects'
Overwriting existing tool definition for name: 'list_project_tasks'
Overwriting existing tool definition for name: 'create_or_update_project'
Overwriting existing tool definition for name: 'create_or_update_task'

[90mstdout[2m | tests/unit/agent-tools/project-tasks/project-task-tools.test.ts[2m > [22m[2mProject data tools — actual native preparation/execute and selected MCP adapter[2m > [22m[2mrejects malformed Project input before native coercion with MCP parity: {"name":"x","workspaces":["2026-10-09T05:54:22.768Z"]}
[22m[39mPlatform detection: Windows=false
App root directory: /Users/normy/autobyteus_org/autobyteus-worktrees/delegated-copy-member-contact-delegator/autobyteus-server-ts
App data directory: /var/folders/7w/9r4_s1_s42z3f7c136bpjf0r0000gn/T/project-tools-unit-IKofMV
Successfully registered tool definition: 'list_projects'
Successfully registered tool definition: 'list_project_tasks'
Successfully registered tool definition: 'create_or_update_project'
Successfully registered tool definition: 'create_or_update_task'

[90mstderr[2m | tests/unit/agent-tools/project-tasks/project-task-tools.test.ts[2m > [22m[2mProject data tools — actual native preparation/execute and selected MCP adapter[2m > [22m[2mrejects malformed Project input before native coercion with MCP parity: {"name":"x","workspaces":["2026-10-09T05:54:22.768Z"]}
[22m[39mOverwriting existing tool definition for name: 'list_projects'
Overwriting existing tool definition for name: 'list_project_tasks'
Overwriting existing tool definition for name: 'create_or_update_project'
Overwriting existing tool definition for name: 'create_or_update_task'

[90mstdout[2m | tests/unit/agent-tools/project-tasks/project-task-tools.test.ts[2m > [22m[2mProject data tools — actual native preparation/execute and selected MCP adapter[2m > [22m[2mrejects malformed Project input before native coercion with MCP parity: {"name":"x","workspaces":[[]]}
[22m[39mPlatform detection: Windows=false
App root directory: /Users/normy/autobyteus_org/autobyteus-worktrees/delegated-copy-member-contact-delegator/autobyteus-server-ts
App data directory: /var/folders/7w/9r4_s1_s42z3f7c136bpjf0r0000gn/T/project-tools-unit-V25xmh
Successfully registered tool definition: 'list_projects'
Successfully registered tool definition: 'list_project_tasks'
Successfully registered tool definition: 'create_or_update_project'
Successfully registered tool definition: 'create_or_update_task'

[90mstderr[2m | tests/unit/agent-tools/project-tasks/project-task-tools.test.ts[2m > [22m[2mProject data tools — actual native preparation/execute and selected MCP adapter[2m > [22m[2mrejects malformed Project input before native coercion with MCP parity: {"name":"x","workspaces":[[]]}
[22m[39mOverwriting existing tool definition for name: 'list_projects'
Overwriting existing tool definition for name: 'list_project_tasks'
Overwriting existing tool definition for name: 'create_or_update_project'
Overwriting existing tool definition for name: 'create_or_update_task'

[90mstdout[2m | tests/unit/agent-tools/project-tasks/project-task-tools.test.ts[2m > [22m[2mProject data tools — actual native preparation/execute and selected MCP adapter[2m > [22m[2mrejects malformed Project input before native coercion with MCP parity: {"name":"x","workspaces":[null]}
[22m[39mPlatform detection: Windows=false
App root directory: /Users/normy/autobyteus_org/autobyteus-worktrees/delegated-copy-member-contact-delegator/autobyteus-server-ts
App data directory: /var/folders/7w/9r4_s1_s42z3f7c136bpjf0r0000gn/T/project-tools-unit-U3YPIn
Successfully registered tool definition: 'list_projects'
Successfully registered tool definition: 'list_project_tasks'
Successfully registered tool definition: 'create_or_update_project'
Successfully registered tool definition: 'create_or_update_task'

[90mstderr[2m | tests/unit/agent-tools/project-tasks/project-task-tools.test.ts[2m > [22m[2mProject data tools — actual native preparation/execute and selected MCP adapter[2m > [22m[2mrejects malformed Project input before native coercion with MCP parity: {"name":"x","workspaces":[null]}
[22m[39mOverwriting existing tool definition for name: 'list_projects'
Overwriting existing tool definition for name: 'list_project_tasks'
Overwriting existing tool definition for name: 'create_or_update_project'
Overwriting existing tool definition for name: 'create_or_update_task'

[90mstdout[2m | tests/unit/agent-tools/project-tasks/project-task-tools.test.ts[2m > [22m[2mProject data tools — actual native preparation/execute and selected MCP adapter[2m > [22m[2mrejects malformed Project input before native coercion with MCP parity: {"name":"x","workspaces":[{"workspace_id":"old_id"}]}
[22m[39mPlatform detection: Windows=false
App root directory: /Users/normy/autobyteus_org/autobyteus-worktrees/delegated-copy-member-contact-delegator/autobyteus-server-ts
App data directory: /var/folders/7w/9r4_s1_s42z3f7c136bpjf0r0000gn/T/project-tools-unit-RXFt1Z
Successfully registered tool definition: 'list_projects'
Successfully registered tool definition: 'list_project_tasks'
Successfully registered tool definition: 'create_or_update_project'
Successfully registered tool definition: 'create_or_update_task'

[90mstderr[2m | tests/unit/agent-tools/project-tasks/project-task-tools.test.ts[2m > [22m[2mProject data tools — actual native preparation/execute and selected MCP adapter[2m > [22m[2mrejects malformed Project input before native coercion with MCP parity: {"name":"x","workspaces":[{"workspace_id":"old_id"}]}
[22m[39mOverwriting existing tool definition for name: 'list_projects'
Overwriting existing tool definition for name: 'list_project_tasks'
Overwriting existing tool definition for name: 'create_or_update_project'
Overwriting existing tool definition for name: 'create_or_update_task'

[90mstdout[2m | tests/unit/agent-tools/project-tasks/project-task-tools.test.ts[2m > [22m[2mProject data tools — actual native preparation/execute and selected MCP adapter[2m > [22m[2mrejects malformed Project input before native coercion with MCP parity: {"name":"x","workspaces":[{}]}
[22m[39mPlatform detection: Windows=false
App root directory: /Users/normy/autobyteus_org/autobyteus-worktrees/delegated-copy-member-contact-delegator/autobyteus-server-ts
App data directory: /var/folders/7w/9r4_s1_s42z3f7c136bpjf0r0000gn/T/project-tools-unit-WAUnhW
Successfully registered tool definition: 'list_projects'
Successfully registered tool definition: 'list_project_tasks'
Successfully registered tool definition: 'create_or_update_project'
Successfully registered tool definition: 'create_or_update_task'

[90mstderr[2m | tests/unit/agent-tools/project-tasks/project-task-tools.test.ts[2m > [22m[2mProject data tools — actual native preparation/execute and selected MCP adapter[2m > [22m[2mrejects malformed Project input before native coercion with MCP parity: {"name":"x","workspaces":[{}]}
[22m[39mOverwriting existing tool definition for name: 'list_projects'
Overwriting existing tool definition for name: 'list_project_tasks'
Overwriting existing tool definition for name: 'create_or_update_project'
Overwriting existing tool definition for name: 'create_or_update_task'

[90mstdout[2m | tests/unit/agent-tools/project-tasks/project-task-tools.test.ts[2m > [22m[2mProject data tools — actual native preparation/execute and selected MCP adapter[2m > [22m[2mrejects malformed Project input before native coercion with MCP parity: {"name":"x","workspaces":[{"workspace_path":null}]}
[22m[39mPlatform detection: Windows=false
App root directory: /Users/normy/autobyteus_org/autobyteus-worktrees/delegated-copy-member-contact-delegator/autobyteus-server-ts
App data directory: /var/folders/7w/9r4_s1_s42z3f7c136bpjf0r0000gn/T/project-tools-unit-oLLTDn
Successfully registered tool definition: 'list_projects'
Successfully registered tool definition: 'list_project_tasks'
Successfully registered tool definition: 'create_or_update_project'
Successfully registered tool definition: 'create_or_update_task'

[90mstderr[2m | tests/unit/agent-tools/project-tasks/project-task-tools.test.ts[2m > [22m[2mProject data tools — actual native preparation/execute and selected MCP adapter[2m > [22m[2mrejects malformed Project input before native coercion with MCP parity: {"name":"x","workspaces":[{"workspace_path":null}]}
[22m[39mOverwriting existing tool definition for name: 'list_projects'
Overwriting existing tool definition for name: 'list_project_tasks'
Overwriting existing tool definition for name: 'create_or_update_project'
Overwriting existing tool definition for name: 'create_or_update_task'

[90mstdout[2m | tests/unit/agent-tools/project-tasks/project-task-tools.test.ts[2m > [22m[2mProject data tools — actual native preparation/execute and selected MCP adapter[2m > [22m[2mrejects malformed Project input before native coercion with MCP parity: {"name":"x","workspaces":[{"workspace_path":""}]}
[22m[39mPlatform detection: Windows=false
App root directory: /Users/normy/autobyteus_org/autobyteus-worktrees/delegated-copy-member-contact-delegator/autobyteus-server-ts
App data directory: /var/folders/7w/9r4_s1_s42z3f7c136bpjf0r0000gn/T/project-tools-unit-OIvwNn
Successfully registered tool definition: 'list_projects'
Successfully registered tool definition: 'list_project_tasks'
Successfully registered tool definition: 'create_or_update_project'
Successfully registered tool definition: 'create_or_update_task'

[90mstderr[2m | tests/unit/agent-tools/project-tasks/project-task-tools.test.ts[2m > [22m[2mProject data tools — actual native preparation/execute and selected MCP adapter[2m > [22m[2mrejects malformed Project input before native coercion with MCP parity: {"name":"x","workspaces":[{"workspace_path":""}]}
[22m[39mOverwriting existing tool definition for name: 'list_projects'
Overwriting existing tool definition for name: 'list_project_tasks'
Overwriting existing tool definition for name: 'create_or_update_project'
Overwriting existing tool definition for name: 'create_or_update_task'

[90mstdout[2m | tests/unit/agent-tools/project-tasks/project-task-tools.test.ts[2m > [22m[2mProject data tools — actual native preparation/execute and selected MCP adapter[2m > [22m[2mrejects malformed Project input before native coercion with MCP parity: {"name":"x","workspaces":[{"workspace_path":123}]}
[22m[39mPlatform detection: Windows=false
App root directory: /Users/normy/autobyteus_org/autobyteus-worktrees/delegated-copy-member-contact-delegator/autobyteus-server-ts
App data directory: /var/folders/7w/9r4_s1_s42z3f7c136bpjf0r0000gn/T/project-tools-unit-EY8TRY
Successfully registered tool definition: 'list_projects'
Successfully registered tool definition: 'list_project_tasks'
Successfully registered tool definition: 'create_or_update_project'
Successfully registered tool definition: 'create_or_update_task'

[90mstderr[2m | tests/unit/agent-tools/project-tasks/project-task-tools.test.ts[2m > [22m[2mProject data tools — actual native preparation/execute and selected MCP adapter[2m > [22m[2mrejects malformed Project input before native coercion with MCP parity: {"name":"x","workspaces":[{"workspace_path":123}]}
[22m[39mOverwriting existing tool definition for name: 'list_projects'
Overwriting existing tool definition for name: 'list_project_tasks'
Overwriting existing tool definition for name: 'create_or_update_project'
Overwriting existing tool definition for name: 'create_or_update_task'

[90mstdout[2m | tests/unit/agent-tools/project-tasks/project-task-tools.test.ts[2m > [22m[2mProject data tools — actual native preparation/execute and selected MCP adapter[2m > [22m[2mrejects malformed Project input before native coercion with MCP parity: {"name":"x","workspaces":[{"workspace_path":"ws","description":null}]}
[22m[39mPlatform detection: Windows=false
App root directory: /Users/normy/autobyteus_org/autobyteus-worktrees/delegated-copy-member-contact-delegator/autobyteus-server-ts
App data directory: /var/folders/7w/9r4_s1_s42z3f7c136bpjf0r0000gn/T/project-tools-unit-eNKFeX
Successfully registered tool definition: 'list_projects'
Successfully registered tool definition: 'list_project_tasks'
Successfully registered tool definition: 'create_or_update_project'
Successfully registered tool definition: 'create_or_update_task'

[90mstderr[2m | tests/unit/agent-tools/project-tasks/project-task-tools.test.ts[2m > [22m[2mProject data tools — actual native preparation/execute and selected MCP adapter[2m > [22m[2mrejects malformed Project input before native coercion with MCP parity: {"name":"x","workspaces":[{"workspace_path":"ws","description":null}]}
[22m[39mOverwriting existing tool definition for name: 'list_projects'
Overwriting existing tool definition for name: 'list_project_tasks'
Overwriting existing tool definition for name: 'create_or_update_project'
Overwriting existing tool definition for name: 'create_or_update_task'

[90mstdout[2m | tests/unit/agent-tools/project-tasks/project-task-tools.test.ts[2m > [22m[2mProject data tools — actual native preparation/execute and selected MCP adapter[2m > [22m[2mrejects malformed Project input before native coercion with MCP parity: {"name":"x","workspaces":[{"workspace_path":"ws","description":false}]}
[22m[39mPlatform detection: Windows=false
App root directory: /Users/normy/autobyteus_org/autobyteus-worktrees/delegated-copy-member-contact-delegator/autobyteus-server-ts
App data directory: /var/folders/7w/9r4_s1_s42z3f7c136bpjf0r0000gn/T/project-tools-unit-CRyZ5j
Successfully registered tool definition: 'list_projects'
Successfully registered tool definition: 'list_project_tasks'
Successfully registered tool definition: 'create_or_update_project'
Successfully registered tool definition: 'create_or_update_task'

[90mstderr[2m | tests/unit/agent-tools/project-tasks/project-task-tools.test.ts[2m > [22m[2mProject data tools — actual native preparation/execute and selected MCP adapter[2m > [22m[2mrejects malformed Project input before native coercion with MCP parity: {"name":"x","workspaces":[{"workspace_path":"ws","description":false}]}
[22m[39mOverwriting existing tool definition for name: 'list_projects'
Overwriting existing tool definition for name: 'list_project_tasks'
Overwriting existing tool definition for name: 'create_or_update_project'
Overwriting existing tool definition for name: 'create_or_update_task'

[90mstdout[2m | tests/unit/agent-tools/project-tasks/project-task-tools.test.ts[2m > [22m[2mProject data tools — actual native preparation/execute and selected MCP adapter[2m > [22m[2mrejects malformed Project input before native coercion with MCP parity: {"name":"x","workspaces":[{"workspace_path":"ws","description":123}]}
[22m[39mPlatform detection: Windows=false
App root directory: /Users/normy/autobyteus_org/autobyteus-worktrees/delegated-copy-member-contact-delegator/autobyteus-server-ts
App data directory: /var/folders/7w/9r4_s1_s42z3f7c136bpjf0r0000gn/T/project-tools-unit-4VMT1N
Successfully registered tool definition: 'list_projects'
Successfully registered tool definition: 'list_project_tasks'
Successfully registered tool definition: 'create_or_update_project'
Successfully registered tool definition: 'create_or_update_task'

[90mstderr[2m | tests/unit/agent-tools/project-tasks/project-task-tools.test.ts[2m > [22m[2mProject data tools — actual native preparation/execute and selected MCP adapter[2m > [22m[2mrejects malformed Project input before native coercion with MCP parity: {"name":"x","workspaces":[{"workspace_path":"ws","description":123}]}
[22m[39mOverwriting existing tool definition for name: 'list_projects'
Overwriting existing tool definition for name: 'list_project_tasks'
Overwriting existing tool definition for name: 'create_or_update_project'
Overwriting existing tool definition for name: 'create_or_update_task'

[90mstdout[2m | tests/unit/agent-tools/project-tasks/project-task-tools.test.ts[2m > [22m[2mProject data tools — actual native preparation/execute and selected MCP adapter[2m > [22m[2mrejects malformed Project input before native coercion with MCP parity: {"name":"x","workspaces":[{"workspace_path":"ws","extra":true}]}
[22m[39mPlatform detection: Windows=false
App root directory: /Users/normy/autobyteus_org/autobyteus-worktrees/delegated-copy-member-contact-delegator/autobyteus-server-ts
App data directory: /var/folders/7w/9r4_s1_s42z3f7c136bpjf0r0000gn/T/project-tools-unit-USz1b2
Successfully registered tool definition: 'list_projects'
Successfully registered tool definition: 'list_project_tasks'
Successfully registered tool definition: 'create_or_update_project'
Successfully registered tool definition: 'create_or_update_task'

[90mstderr[2m | tests/unit/agent-tools/project-tasks/project-task-tools.test.ts[2m > [22m[2mProject data tools — actual native preparation/execute and selected MCP adapter[2m > [22m[2mrejects malformed Project input before native coercion with MCP parity: {"name":"x","workspaces":[{"workspace_path":"ws","extra":true}]}
[22m[39mOverwriting existing tool definition for name: 'list_projects'
Overwriting existing tool definition for name: 'list_project_tasks'
Overwriting existing tool definition for name: 'create_or_update_project'
Overwriting existing tool definition for name: 'create_or_update_task'

[90mstdout[2m | tests/unit/agent-tools/project-tasks/project-task-tools.test.ts[2m > [22m[2mProject data tools — actual native preparation/execute and selected MCP adapter[2m > [22m[2mrejects malformed Project input before native coercion with MCP parity: {"name":"x","workspaces":[{"workspace_path":"/work/site"},{"workspace_path":"/work/site/../site/"}]}
[22m[39mPlatform detection: Windows=false
App root directory: /Users/normy/autobyteus_org/autobyteus-worktrees/delegated-copy-member-contact-delegator/autobyteus-server-ts
App data directory: /var/folders/7w/9r4_s1_s42z3f7c136bpjf0r0000gn/T/project-tools-unit-xuUK7m
Successfully registered tool definition: 'list_projects'
Successfully registered tool definition: 'list_project_tasks'
Successfully registered tool definition: 'create_or_update_project'
Successfully registered tool definition: 'create_or_update_task'

[90mstderr[2m | tests/unit/agent-tools/project-tasks/project-task-tools.test.ts[2m > [22m[2mProject data tools — actual native preparation/execute and selected MCP adapter[2m > [22m[2mrejects malformed Project input before native coercion with MCP parity: {"name":"x","workspaces":[{"workspace_path":"/work/site"},{"workspace_path":"/work/site/../site/"}]}
[22m[39mOverwriting existing tool definition for name: 'list_projects'
Overwriting existing tool definition for name: 'list_project_tasks'
Overwriting existing tool definition for name: 'create_or_update_project'
Overwriting existing tool definition for name: 'create_or_update_task'

[90mstdout[2m | tests/unit/agent-tools/project-tasks/project-task-tools.test.ts[2m > [22m[2mProject data tools — actual native preparation/execute and selected MCP adapter[2m > [22m[2mrejects nonplain top-level Project arguments
[22m[39mPlatform detection: Windows=false
App root directory: /Users/normy/autobyteus_org/autobyteus-worktrees/delegated-copy-member-contact-delegator/autobyteus-server-ts
App data directory: /var/folders/7w/9r4_s1_s42z3f7c136bpjf0r0000gn/T/project-tools-unit-A2HWS0
Successfully registered tool definition: 'list_projects'
Successfully registered tool definition: 'list_project_tasks'
Successfully registered tool definition: 'create_or_update_project'
Successfully registered tool definition: 'create_or_update_task'

[90mstderr[2m | tests/unit/agent-tools/project-tasks/project-task-tools.test.ts[2m > [22m[2mProject data tools — actual native preparation/execute and selected MCP adapter[2m > [22m[2mrejects nonplain top-level Project arguments
[22m[39mOverwriting existing tool definition for name: 'list_projects'
Overwriting existing tool definition for name: 'list_project_tasks'
Overwriting existing tool definition for name: 'create_or_update_project'
Overwriting existing tool definition for name: 'create_or_update_task'

[90mstdout[2m | tests/unit/agent-tools/project-tasks/project-task-tools.test.ts[2m > [22m[2mProject data tools — actual native preparation/execute and selected MCP adapter[2m > [22m[2mrejects nonplain top-level Project arguments
[22m[39mPlatform detection: Windows=false
App root directory: /Users/normy/autobyteus_org/autobyteus-worktrees/delegated-copy-member-contact-delegator/autobyteus-server-ts
App data directory: /var/folders/7w/9r4_s1_s42z3f7c136bpjf0r0000gn/T/project-tools-unit-APMQrM
Successfully registered tool definition: 'list_projects'
Successfully registered tool definition: 'list_project_tasks'
Successfully registered tool definition: 'create_or_update_project'
Successfully registered tool definition: 'create_or_update_task'

[90mstderr[2m | tests/unit/agent-tools/project-tasks/project-task-tools.test.ts[2m > [22m[2mProject data tools — actual native preparation/execute and selected MCP adapter[2m > [22m[2mrejects nonplain top-level Project arguments
[22m[39mOverwriting existing tool definition for name: 'list_projects'
Overwriting existing tool definition for name: 'list_project_tasks'
Overwriting existing tool definition for name: 'create_or_update_project'
Overwriting existing tool definition for name: 'create_or_update_task'

[90mstdout[2m | tests/unit/agent-tools/project-tasks/project-task-tools.test.ts[2m > [22m[2mProject data tools — actual native preparation/execute and selected MCP adapter[2m > [22m[2mrejects nonplain top-level Project arguments
[22m[39mPlatform detection: Windows=false
App root directory: /Users/normy/autobyteus_org/autobyteus-worktrees/delegated-copy-member-contact-delegator/autobyteus-server-ts
App data directory: /var/folders/7w/9r4_s1_s42z3f7c136bpjf0r0000gn/T/project-tools-unit-TJnE8U
Successfully registered tool definition: 'list_projects'
Successfully registered tool definition: 'list_project_tasks'
Successfully registered tool definition: 'create_or_update_project'
Successfully registered tool definition: 'create_or_update_task'

[90mstderr[2m | tests/unit/agent-tools/project-tasks/project-task-tools.test.ts[2m > [22m[2mProject data tools — actual native preparation/execute and selected MCP adapter[2m > [22m[2mrejects nonplain top-level Project arguments
[22m[39mOverwriting existing tool definition for name: 'list_projects'
Overwriting existing tool definition for name: 'list_project_tasks'
Overwriting existing tool definition for name: 'create_or_update_project'
Overwriting existing tool definition for name: 'create_or_update_task'

[90mstdout[2m | tests/unit/agent-tools/project-tasks/project-task-tools.test.ts[2m > [22m[2mProject data tools — actual native preparation/execute and selected MCP adapter[2m > [22m[2mrejects nonplain top-level Project arguments
[22m[39mPlatform detection: Windows=false
App root directory: /Users/normy/autobyteus_org/autobyteus-worktrees/delegated-copy-member-contact-delegator/autobyteus-server-ts
App data directory: /var/folders/7w/9r4_s1_s42z3f7c136bpjf0r0000gn/T/project-tools-unit-UNy7dI
Successfully registered tool definition: 'list_projects'
Successfully registered tool definition: 'list_project_tasks'
Successfully registered tool definition: 'create_or_update_project'
Successfully registered tool definition: 'create_or_update_task'

[90mstderr[2m | tests/unit/agent-tools/project-tasks/project-task-tools.test.ts[2m > [22m[2mProject data tools — actual native preparation/execute and selected MCP adapter[2m > [22m[2mrejects nonplain top-level Project arguments
[22m[39mOverwriting existing tool definition for name: 'list_projects'
Overwriting existing tool definition for name: 'list_project_tasks'
Overwriting existing tool definition for name: 'create_or_update_project'
Overwriting existing tool definition for name: 'create_or_update_task'

[90mstdout[2m | tests/unit/agent-tools/project-tasks/project-task-tools.test.ts[2m > [22m[2mProject data tools — actual native preparation/execute and selected MCP adapter[2m > [22m[2mreturns service validation errors without partial metadata or implicit upsert
[22m[39mPlatform detection: Windows=false
App root directory: /Users/normy/autobyteus_org/autobyteus-worktrees/delegated-copy-member-contact-delegator/autobyteus-server-ts
App data directory: /var/folders/7w/9r4_s1_s42z3f7c136bpjf0r0000gn/T/project-tools-unit-uPWMRy
Successfully registered tool definition: 'list_projects'
Successfully registered tool definition: 'list_project_tasks'
Successfully registered tool definition: 'create_or_update_project'
Successfully registered tool definition: 'create_or_update_task'

[90mstderr[2m | tests/unit/agent-tools/project-tasks/project-task-tools.test.ts[2m > [22m[2mProject data tools — actual native preparation/execute and selected MCP adapter[2m > [22m[2mreturns service validation errors without partial metadata or implicit upsert
[22m[39mOverwriting existing tool definition for name: 'list_projects'
Overwriting existing tool definition for name: 'list_project_tasks'
Overwriting existing tool definition for name: 'create_or_update_project'
Overwriting existing tool definition for name: 'create_or_update_task'

[90mstdout[2m | tests/unit/agent-tools/project-tasks/project-task-tools.test.ts[2m > [22m[2mProject data tools — actual native preparation/execute and selected MCP adapter[2m > [22m[2mreports unconfirmed Project writes truthfully through native without exposing private failure details
[22m[39mPlatform detection: Windows=false
App root directory: /Users/normy/autobyteus_org/autobyteus-worktrees/delegated-copy-member-contact-delegator/autobyteus-server-ts
App data directory: /var/folders/7w/9r4_s1_s42z3f7c136bpjf0r0000gn/T/project-tools-unit-LrUTim
Successfully registered tool definition: 'list_projects'
Successfully registered tool definition: 'list_project_tasks'
Successfully registered tool definition: 'create_or_update_project'
Successfully registered tool definition: 'create_or_update_task'

[90mstderr[2m | tests/unit/agent-tools/project-tasks/project-task-tools.test.ts[2m > [22m[2mProject data tools — actual native preparation/execute and selected MCP adapter[2m > [22m[2mreports unconfirmed Project writes truthfully through native without exposing private failure details
[22m[39mOverwriting existing tool definition for name: 'list_projects'
Overwriting existing tool definition for name: 'list_project_tasks'
Overwriting existing tool definition for name: 'create_or_update_project'
Overwriting existing tool definition for name: 'create_or_update_task'

[90mstdout[2m | tests/unit/agent-tools/project-tasks/project-task-tools.test.ts[2m > [22m[2mProject data tools — actual native preparation/execute and selected MCP adapter[2m > [22m[2mreports unconfirmed Project writes truthfully through mcp without exposing private failure details
[22m[39mPlatform detection: Windows=false
App root directory: /Users/normy/autobyteus_org/autobyteus-worktrees/delegated-copy-member-contact-delegator/autobyteus-server-ts
App data directory: /var/folders/7w/9r4_s1_s42z3f7c136bpjf0r0000gn/T/project-tools-unit-W8uDDC
Successfully registered tool definition: 'list_projects'
Successfully registered tool definition: 'list_project_tasks'
Successfully registered tool definition: 'create_or_update_project'
Successfully registered tool definition: 'create_or_update_task'

[90mstderr[2m | tests/unit/agent-tools/project-tasks/project-task-tools.test.ts[2m > [22m[2mProject data tools — actual native preparation/execute and selected MCP adapter[2m > [22m[2mreports unconfirmed Project writes truthfully through mcp without exposing private failure details
[22m[39mOverwriting existing tool definition for name: 'list_projects'
Overwriting existing tool definition for name: 'list_project_tasks'
Overwriting existing tool definition for name: 'create_or_update_project'
Overwriting existing tool definition for name: 'create_or_update_task'

[90mstdout[2m | tests/unit/agent-tools/project-tasks/project-task-tools.test.ts[2m > [22m[2mProject data tools — actual native preparation/execute and selected MCP adapter[2m > [22m[2mshares business reads and compact TODO create/known-ID status acknowledgements
[22m[39mPlatform detection: Windows=false
App root directory: /Users/normy/autobyteus_org/autobyteus-worktrees/delegated-copy-member-contact-delegator/autobyteus-server-ts
App data directory: /var/folders/7w/9r4_s1_s42z3f7c136bpjf0r0000gn/T/project-tools-unit-BZIenV
Successfully registered tool definition: 'list_projects'
Successfully registered tool definition: 'list_project_tasks'
Successfully registered tool definition: 'create_or_update_project'
Successfully registered tool definition: 'create_or_update_task'

[90mstderr[2m | tests/unit/agent-tools/project-tasks/project-task-tools.test.ts[2m > [22m[2mProject data tools — actual native preparation/execute and selected MCP adapter[2m > [22m[2mshares business reads and compact TODO create/known-ID status acknowledgements
[22m[39mOverwriting existing tool definition for name: 'list_projects'
Overwriting existing tool definition for name: 'list_project_tasks'
Overwriting existing tool definition for name: 'create_or_update_project'
Overwriting existing tool definition for name: 'create_or_update_task'

[90mstdout[2m | tests/unit/agent-tools/project-tasks/project-task-tools.test.ts[2m > [22m[2mProject data tools — actual native preparation/execute and selected MCP adapter[2m > [22m[2mdocuments and accepts CANCELLED (dropped as not needed) on patch and list, never on create (AC-004, AC-006, AC-007)
[22m[39mPlatform detection: Windows=false
App root directory: /Users/normy/autobyteus_org/autobyteus-worktrees/delegated-copy-member-contact-delegator/autobyteus-server-ts
App data directory: /var/folders/7w/9r4_s1_s42z3f7c136bpjf0r0000gn/T/project-tools-unit-YyGed5
Successfully registered tool definition: 'list_projects'
Successfully registered tool definition: 'list_project_tasks'
Successfully registered tool definition: 'create_or_update_project'
Successfully registered tool definition: 'create_or_update_task'

[90mstderr[2m | tests/unit/agent-tools/project-tasks/project-task-tools.test.ts[2m > [22m[2mProject data tools — actual native preparation/execute and selected MCP adapter[2m > [22m[2mdocuments and accepts CANCELLED (dropped as not needed) on patch and list, never on create (AC-004, AC-006, AC-007)
[22m[39mOverwriting existing tool definition for name: 'list_projects'
Overwriting existing tool definition for name: 'list_project_tasks'
Overwriting existing tool definition for name: 'create_or_update_project'
Overwriting existing tool definition for name: 'create_or_update_task'

[90mstdout[2m | tests/unit/agent-tools/project-tasks/project-task-tools.test.ts[2m > [22m[2mProject data tools — actual native preparation/execute and selected MCP adapter[2m > [22m[2mpreserves domain errors before BaseTool coercion for list_projects
[22m[39mPlatform detection: Windows=false
App root directory: /Users/normy/autobyteus_org/autobyteus-worktrees/delegated-copy-member-contact-delegator/autobyteus-server-ts
App data directory: /var/folders/7w/9r4_s1_s42z3f7c136bpjf0r0000gn/T/project-tools-unit-qg1EGS
Successfully registered tool definition: 'list_projects'
Successfully registered tool definition: 'list_project_tasks'
Successfully registered tool definition: 'create_or_update_project'
Successfully registered tool definition: 'create_or_update_task'

[90mstderr[2m | tests/unit/agent-tools/project-tasks/project-task-tools.test.ts[2m > [22m[2mProject data tools — actual native preparation/execute and selected MCP adapter[2m > [22m[2mpreserves domain errors before BaseTool coercion for list_projects
[22m[39mOverwriting existing tool definition for name: 'list_projects'
Overwriting existing tool definition for name: 'list_project_tasks'
Overwriting existing tool definition for name: 'create_or_update_project'
Overwriting existing tool definition for name: 'create_or_update_task'

[90mstdout[2m | tests/unit/agent-tools/project-tasks/project-task-tools.test.ts[2m > [22m[2mProject data tools — actual native preparation/execute and selected MCP adapter[2m > [22m[2mpreserves domain errors before BaseTool coercion for list_project_tasks
[22m[39mPlatform detection: Windows=false
App root directory: /Users/normy/autobyteus_org/autobyteus-worktrees/delegated-copy-member-contact-delegator/autobyteus-server-ts
App data directory: /var/folders/7w/9r4_s1_s42z3f7c136bpjf0r0000gn/T/project-tools-unit-1kAzjp
Successfully registered tool definition: 'list_projects'
Successfully registered tool definition: 'list_project_tasks'
Successfully registered tool definition: 'create_or_update_project'
Successfully registered tool definition: 'create_or_update_task'

[90mstderr[2m | tests/unit/agent-tools/project-tasks/project-task-tools.test.ts[2m > [22m[2mProject data tools — actual native preparation/execute and selected MCP adapter[2m > [22m[2mpreserves domain errors before BaseTool coercion for list_project_tasks
[22m[39mOverwriting existing tool definition for name: 'list_projects'
Overwriting existing tool definition for name: 'list_project_tasks'
Overwriting existing tool definition for name: 'create_or_update_project'
Overwriting existing tool definition for name: 'create_or_update_task'

[90mstdout[2m | tests/unit/agent-tools/project-tasks/project-task-tools.test.ts[2m > [22m[2mProject data tools — actual native preparation/execute and selected MCP adapter[2m > [22m[2mpreserves domain errors before BaseTool coercion for list_project_tasks
[22m[39mPlatform detection: Windows=false
App root directory: /Users/normy/autobyteus_org/autobyteus-worktrees/delegated-copy-member-contact-delegator/autobyteus-server-ts
App data directory: /var/folders/7w/9r4_s1_s42z3f7c136bpjf0r0000gn/T/project-tools-unit-MX4hAC
Successfully registered tool definition: 'list_projects'
Successfully registered tool definition: 'list_project_tasks'
Successfully registered tool definition: 'create_or_update_project'
Successfully registered tool definition: 'create_or_update_task'

[90mstderr[2m | tests/unit/agent-tools/project-tasks/project-task-tools.test.ts[2m > [22m[2mProject data tools — actual native preparation/execute and selected MCP adapter[2m > [22m[2mpreserves domain errors before BaseTool coercion for list_project_tasks
[22m[39mOverwriting existing tool definition for name: 'list_projects'
Overwriting existing tool definition for name: 'list_project_tasks'
Overwriting existing tool definition for name: 'create_or_update_project'
Overwriting existing tool definition for name: 'create_or_update_task'

[90mstdout[2m | tests/unit/agent-tools/project-tasks/project-task-tools.test.ts[2m > [22m[2mProject data tools — actual native preparation/execute and selected MCP adapter[2m > [22m[2mpreserves domain errors before BaseTool coercion for create_or_update_task
[22m[39mPlatform detection: Windows=false
App root directory: /Users/normy/autobyteus_org/autobyteus-worktrees/delegated-copy-member-contact-delegator/autobyteus-server-ts
App data directory: /var/folders/7w/9r4_s1_s42z3f7c136bpjf0r0000gn/T/project-tools-unit-YBw9jE
Successfully registered tool definition: 'list_projects'
Successfully registered tool definition: 'list_project_tasks'
Successfully registered tool definition: 'create_or_update_project'
Successfully registered tool definition: 'create_or_update_task'

[90mstderr[2m | tests/unit/agent-tools/project-tasks/project-task-tools.test.ts[2m > [22m[2mProject data tools — actual native preparation/execute and selected MCP adapter[2m > [22m[2mpreserves domain errors before BaseTool coercion for create_or_update_task
[22m[39mOverwriting existing tool definition for name: 'list_projects'
Overwriting existing tool definition for name: 'list_project_tasks'
Overwriting existing tool definition for name: 'create_or_update_project'
Overwriting existing tool definition for name: 'create_or_update_task'

[90mstdout[2m | tests/unit/agent-tools/project-tasks/project-task-tools.test.ts[2m > [22m[2mProject data tools — actual native preparation/execute and selected MCP adapter[2m > [22m[2mpreserves domain errors before BaseTool coercion for create_or_update_task
[22m[39mPlatform detection: Windows=false
App root directory: /Users/normy/autobyteus_org/autobyteus-worktrees/delegated-copy-member-contact-delegator/autobyteus-server-ts
App data directory: /var/folders/7w/9r4_s1_s42z3f7c136bpjf0r0000gn/T/project-tools-unit-vF5LFT
Successfully registered tool definition: 'list_projects'
Successfully registered tool definition: 'list_project_tasks'
Successfully registered tool definition: 'create_or_update_project'
Successfully registered tool definition: 'create_or_update_task'

[90mstderr[2m | tests/unit/agent-tools/project-tasks/project-task-tools.test.ts[2m > [22m[2mProject data tools — actual native preparation/execute and selected MCP adapter[2m > [22m[2mpreserves domain errors before BaseTool coercion for create_or_update_task
[22m[39mOverwriting existing tool definition for name: 'list_projects'
Overwriting existing tool definition for name: 'list_project_tasks'
Overwriting existing tool definition for name: 'create_or_update_project'
Overwriting existing tool definition for name: 'create_or_update_task'

[90mstdout[2m | tests/unit/agent-tools/project-tasks/project-task-tools.test.ts[2m > [22m[2mProject data tools — actual native preparation/execute and selected MCP adapter[2m > [22m[2mpreserves domain errors before BaseTool coercion for create_or_update_task
[22m[39mPlatform detection: Windows=false
App root directory: /Users/normy/autobyteus_org/autobyteus-worktrees/delegated-copy-member-contact-delegator/autobyteus-server-ts
App data directory: /var/folders/7w/9r4_s1_s42z3f7c136bpjf0r0000gn/T/project-tools-unit-rebhui
Successfully registered tool definition: 'list_projects'
Successfully registered tool definition: 'list_project_tasks'
Successfully registered tool definition: 'create_or_update_project'
Successfully registered tool definition: 'create_or_update_task'

[90mstderr[2m | tests/unit/agent-tools/project-tasks/project-task-tools.test.ts[2m > [22m[2mProject data tools — actual native preparation/execute and selected MCP adapter[2m > [22m[2mpreserves domain errors before BaseTool coercion for create_or_update_task
[22m[39mOverwriting existing tool definition for name: 'list_projects'
Overwriting existing tool definition for name: 'list_project_tasks'
Overwriting existing tool definition for name: 'create_or_update_project'
Overwriting existing tool definition for name: 'create_or_update_task'

[90mstdout[2m | tests/unit/agent-tools/project-tasks/project-task-tools.test.ts[2m > [22m[2mProject data tools — actual native preparation/execute and selected MCP adapter[2m > [22m[2mpreserves domain errors before BaseTool coercion for create_or_update_task
[22m[39mPlatform detection: Windows=false
App root directory: /Users/normy/autobyteus_org/autobyteus-worktrees/delegated-copy-member-contact-delegator/autobyteus-server-ts
App data directory: /var/folders/7w/9r4_s1_s42z3f7c136bpjf0r0000gn/T/project-tools-unit-M6foaD
Successfully registered tool definition: 'list_projects'
Successfully registered tool definition: 'list_project_tasks'
Successfully registered tool definition: 'create_or_update_project'
Successfully registered tool definition: 'create_or_update_task'

[90mstderr[2m | tests/unit/agent-tools/project-tasks/project-task-tools.test.ts[2m > [22m[2mProject data tools — actual native preparation/execute and selected MCP adapter[2m > [22m[2mpreserves domain errors before BaseTool coercion for create_or_update_task
[22m[39mOverwriting existing tool definition for name: 'list_projects'
Overwriting existing tool definition for name: 'list_project_tasks'
Overwriting existing tool definition for name: 'create_or_update_project'
Overwriting existing tool definition for name: 'create_or_update_task'

[90mstdout[2m | tests/unit/agent-tools/project-tasks/project-task-tools.test.ts[2m > [22m[2mProject data tools — actual native preparation/execute and selected MCP adapter[2m > [22m[2mpreserves domain errors before BaseTool coercion for create_or_update_task
[22m[39mPlatform detection: Windows=false
App root directory: /Users/normy/autobyteus_org/autobyteus-worktrees/delegated-copy-member-contact-delegator/autobyteus-server-ts
App data directory: /var/folders/7w/9r4_s1_s42z3f7c136bpjf0r0000gn/T/project-tools-unit-XaYErJ
Successfully registered tool definition: 'list_projects'
Successfully registered tool definition: 'list_project_tasks'
Successfully registered tool definition: 'create_or_update_project'
Successfully registered tool definition: 'create_or_update_task'

[90mstderr[2m | tests/unit/agent-tools/project-tasks/project-task-tools.test.ts[2m > [22m[2mProject data tools — actual native preparation/execute and selected MCP adapter[2m > [22m[2mpreserves domain errors before BaseTool coercion for create_or_update_task
[22m[39mOverwriting existing tool definition for name: 'list_projects'
Overwriting existing tool definition for name: 'list_project_tasks'
Overwriting existing tool definition for name: 'create_or_update_project'
Overwriting existing tool definition for name: 'create_or_update_task'

[90mstdout[2m | tests/unit/agent-tools/project-tasks/project-task-tools.test.ts[2m > [22m[2mProject data tools — actual native preparation/execute and selected MCP adapter[2m > [22m[2mpreserves domain errors before BaseTool coercion for create_or_update_task
[22m[39mPlatform detection: Windows=false
App root directory: /Users/normy/autobyteus_org/autobyteus-worktrees/delegated-copy-member-contact-delegator/autobyteus-server-ts
App data directory: /var/folders/7w/9r4_s1_s42z3f7c136bpjf0r0000gn/T/project-tools-unit-ZjRkQr
Successfully registered tool definition: 'list_projects'
Successfully registered tool definition: 'list_project_tasks'
Successfully registered tool definition: 'create_or_update_project'
Successfully registered tool definition: 'create_or_update_task'

[90mstderr[2m | tests/unit/agent-tools/project-tasks/project-task-tools.test.ts[2m > [22m[2mProject data tools — actual native preparation/execute and selected MCP adapter[2m > [22m[2mpreserves domain errors before BaseTool coercion for create_or_update_task
[22m[39mOverwriting existing tool definition for name: 'list_projects'
Overwriting existing tool definition for name: 'list_project_tasks'
Overwriting existing tool definition for name: 'create_or_update_project'
Overwriting existing tool definition for name: 'create_or_update_task'

[90mstdout[2m | tests/unit/agent-tools/project-tasks/project-task-tools.test.ts[2m > [22m[2mProject data tools — actual native preparation/execute and selected MCP adapter[2m > [22m[2mpreserves domain errors before BaseTool coercion for create_or_update_task
[22m[39mPlatform detection: Windows=false
App root directory: /Users/normy/autobyteus_org/autobyteus-worktrees/delegated-copy-member-contact-delegator/autobyteus-server-ts
App data directory: /var/folders/7w/9r4_s1_s42z3f7c136bpjf0r0000gn/T/project-tools-unit-2lw0gX
Successfully registered tool definition: 'list_projects'
Successfully registered tool definition: 'list_project_tasks'
Successfully registered tool definition: 'create_or_update_project'
Successfully registered tool definition: 'create_or_update_task'

[90mstderr[2m | tests/unit/agent-tools/project-tasks/project-task-tools.test.ts[2m > [22m[2mProject data tools — actual native preparation/execute and selected MCP adapter[2m > [22m[2mpreserves domain errors before BaseTool coercion for create_or_update_task
[22m[39mOverwriting existing tool definition for name: 'list_projects'
Overwriting existing tool definition for name: 'list_project_tasks'
Overwriting existing tool definition for name: 'create_or_update_project'
Overwriting existing tool definition for name: 'create_or_update_task'

[90mstdout[2m | tests/unit/agent-tools/project-tasks/project-task-tools.test.ts[2m > [22m[2mProject data tools — actual native preparation/execute and selected MCP adapter[2m > [22m[2mpreserves domain errors before BaseTool coercion for create_or_update_task
[22m[39mPlatform detection: Windows=false
App root directory: /Users/normy/autobyteus_org/autobyteus-worktrees/delegated-copy-member-contact-delegator/autobyteus-server-ts
App data directory: /var/folders/7w/9r4_s1_s42z3f7c136bpjf0r0000gn/T/project-tools-unit-1thsox
Successfully registered tool definition: 'list_projects'
Successfully registered tool definition: 'list_project_tasks'
Successfully registered tool definition: 'create_or_update_project'
Successfully registered tool definition: 'create_or_update_task'

[90mstderr[2m | tests/unit/agent-tools/project-tasks/project-task-tools.test.ts[2m > [22m[2mProject data tools — actual native preparation/execute and selected MCP adapter[2m > [22m[2mpreserves domain errors before BaseTool coercion for create_or_update_task
[22m[39mOverwriting existing tool definition for name: 'list_projects'
Overwriting existing tool definition for name: 'list_project_tasks'
Overwriting existing tool definition for name: 'create_or_update_project'
Overwriting existing tool definition for name: 'create_or_update_task'

[90mstdout[2m | tests/unit/agent-tools/project-tasks/project-task-tools.test.ts[2m > [22m[2mProject data tools — actual native preparation/execute and selected MCP adapter[2m > [22m[2mpreserves domain errors before BaseTool coercion for create_or_update_task
[22m[39mPlatform detection: Windows=false
App root directory: /Users/normy/autobyteus_org/autobyteus-worktrees/delegated-copy-member-contact-delegator/autobyteus-server-ts
App data directory: /var/folders/7w/9r4_s1_s42z3f7c136bpjf0r0000gn/T/project-tools-unit-NRLR5E
Successfully registered tool definition: 'list_projects'
Successfully registered tool definition: 'list_project_tasks'
Successfully registered tool definition: 'create_or_update_project'
Successfully registered tool definition: 'create_or_update_task'

[90mstderr[2m | tests/unit/agent-tools/project-tasks/project-task-tools.test.ts[2m > [22m[2mProject data tools — actual native preparation/execute and selected MCP adapter[2m > [22m[2mpreserves domain errors before BaseTool coercion for create_or_update_task
[22m[39mOverwriting existing tool definition for name: 'list_projects'
Overwriting existing tool definition for name: 'list_project_tasks'
Overwriting existing tool definition for name: 'create_or_update_project'
Overwriting existing tool definition for name: 'create_or_update_task'

[90mstdout[2m | tests/unit/agent-tools/project-tasks/project-task-tools.test.ts[2m > [22m[2mProject data tools — actual native preparation/execute and selected MCP adapter[2m > [22m[2mpreserves domain errors before BaseTool coercion for create_or_update_task
[22m[39mPlatform detection: Windows=false
App root directory: /Users/normy/autobyteus_org/autobyteus-worktrees/delegated-copy-member-contact-delegator/autobyteus-server-ts
App data directory: /var/folders/7w/9r4_s1_s42z3f7c136bpjf0r0000gn/T/project-tools-unit-BsFQqz
Successfully registered tool definition: 'list_projects'
Successfully registered tool definition: 'list_project_tasks'
Successfully registered tool definition: 'create_or_update_project'
Successfully registered tool definition: 'create_or_update_task'

[90mstderr[2m | tests/unit/agent-tools/project-tasks/project-task-tools.test.ts[2m > [22m[2mProject data tools — actual native preparation/execute and selected MCP adapter[2m > [22m[2mpreserves domain errors before BaseTool coercion for create_or_update_task
[22m[39mOverwriting existing tool definition for name: 'list_projects'
Overwriting existing tool definition for name: 'list_project_tasks'
Overwriting existing tool definition for name: 'create_or_update_project'
Overwriting existing tool definition for name: 'create_or_update_task'

[90mstdout[2m | tests/unit/agent-tools/project-tasks/project-task-tools.test.ts[2m > [22m[2mProject data tools — actual native preparation/execute and selected MCP adapter[2m > [22m[2mpreserves domain errors before BaseTool coercion for create_or_update_task
[22m[39mPlatform detection: Windows=false
App root directory: /Users/normy/autobyteus_org/autobyteus-worktrees/delegated-copy-member-contact-delegator/autobyteus-server-ts
App data directory: /var/folders/7w/9r4_s1_s42z3f7c136bpjf0r0000gn/T/project-tools-unit-15BHJl
Successfully registered tool definition: 'list_projects'
Successfully registered tool definition: 'list_project_tasks'
Successfully registered tool definition: 'create_or_update_project'
Successfully registered tool definition: 'create_or_update_task'

[90mstderr[2m | tests/unit/agent-tools/project-tasks/project-task-tools.test.ts[2m > [22m[2mProject data tools — actual native preparation/execute and selected MCP adapter[2m > [22m[2mpreserves domain errors before BaseTool coercion for create_or_update_task
[22m[39mOverwriting existing tool definition for name: 'list_projects'
Overwriting existing tool definition for name: 'list_project_tasks'
Overwriting existing tool definition for name: 'create_or_update_project'
Overwriting existing tool definition for name: 'create_or_update_task'

[90mstdout[2m | tests/unit/agent-tools/project-tasks/project-task-tools.test.ts[2m > [22m[2mProject data tools — actual native preparation/execute and selected MCP adapter[2m > [22m[2mpreserves domain errors before BaseTool coercion for create_or_update_task
[22m[39mPlatform detection: Windows=false
App root directory: /Users/normy/autobyteus_org/autobyteus-worktrees/delegated-copy-member-contact-delegator/autobyteus-server-ts
App data directory: /var/folders/7w/9r4_s1_s42z3f7c136bpjf0r0000gn/T/project-tools-unit-osjSJt
Successfully registered tool definition: 'list_projects'
Successfully registered tool definition: 'list_project_tasks'
Successfully registered tool definition: 'create_or_update_project'
Successfully registered tool definition: 'create_or_update_task'

[90mstderr[2m | tests/unit/agent-tools/project-tasks/project-task-tools.test.ts[2m > [22m[2mProject data tools — actual native preparation/execute and selected MCP adapter[2m > [22m[2mpreserves domain errors before BaseTool coercion for create_or_update_task
[22m[39mOverwriting existing tool definition for name: 'list_projects'
Overwriting existing tool definition for name: 'list_project_tasks'
Overwriting existing tool definition for name: 'create_or_update_project'
Overwriting existing tool definition for name: 'create_or_update_task'

[90mstdout[2m | tests/unit/agent-tools/project-tasks/project-task-tools.test.ts[2m > [22m[2mProject data tools — actual native preparation/execute and selected MCP adapter[2m > [22m[2mpreserves domain errors before BaseTool coercion for create_or_update_task
[22m[39mPlatform detection: Windows=false
App root directory: /Users/normy/autobyteus_org/autobyteus-worktrees/delegated-copy-member-contact-delegator/autobyteus-server-ts
App data directory: /var/folders/7w/9r4_s1_s42z3f7c136bpjf0r0000gn/T/project-tools-unit-89tD25
Successfully registered tool definition: 'list_projects'
Successfully registered tool definition: 'list_project_tasks'
Successfully registered tool definition: 'create_or_update_project'
Successfully registered tool definition: 'create_or_update_task'

[90mstderr[2m | tests/unit/agent-tools/project-tasks/project-task-tools.test.ts[2m > [22m[2mProject data tools — actual native preparation/execute and selected MCP adapter[2m > [22m[2mpreserves domain errors before BaseTool coercion for create_or_update_task
[22m[39mOverwriting existing tool definition for name: 'list_projects'
Overwriting existing tool definition for name: 'list_project_tasks'
Overwriting existing tool definition for name: 'create_or_update_project'
Overwriting existing tool definition for name: 'create_or_update_task'

[90mstdout[2m | tests/unit/agent-tools/project-tasks/project-task-tools.test.ts[2m > [22m[2mProject data tools — actual native preparation/execute and selected MCP adapter[2m > [22m[2mpreserves domain errors before BaseTool coercion for create_or_update_task
[22m[39mPlatform detection: Windows=false
App root directory: /Users/normy/autobyteus_org/autobyteus-worktrees/delegated-copy-member-contact-delegator/autobyteus-server-ts
App data directory: /var/folders/7w/9r4_s1_s42z3f7c136bpjf0r0000gn/T/project-tools-unit-IAUOqe
Successfully registered tool definition: 'list_projects'
Successfully registered tool definition: 'list_project_tasks'
Successfully registered tool definition: 'create_or_update_project'
Successfully registered tool definition: 'create_or_update_task'

[90mstderr[2m | tests/unit/agent-tools/project-tasks/project-task-tools.test.ts[2m > [22m[2mProject data tools — actual native preparation/execute and selected MCP adapter[2m > [22m[2mpreserves domain errors before BaseTool coercion for create_or_update_task
[22m[39mOverwriting existing tool definition for name: 'list_projects'
Overwriting existing tool definition for name: 'list_project_tasks'
Overwriting existing tool definition for name: 'create_or_update_project'
Overwriting existing tool definition for name: 'create_or_update_task'

[90mstdout[2m | tests/unit/agent-tools/project-tasks/project-task-tools.test.ts[2m > [22m[2mProject data tools — actual native preparation/execute and selected MCP adapter[2m > [22m[2mpreserves domain errors before BaseTool coercion for create_or_update_task
[22m[39mPlatform detection: Windows=false
App root directory: /Users/normy/autobyteus_org/autobyteus-worktrees/delegated-copy-member-contact-delegator/autobyteus-server-ts
App data directory: /var/folders/7w/9r4_s1_s42z3f7c136bpjf0r0000gn/T/project-tools-unit-7YasGy
Successfully registered tool definition: 'list_projects'
Successfully registered tool definition: 'list_project_tasks'
Successfully registered tool definition: 'create_or_update_project'
Successfully registered tool definition: 'create_or_update_task'

[90mstderr[2m | tests/unit/agent-tools/project-tasks/project-task-tools.test.ts[2m > [22m[2mProject data tools — actual native preparation/execute and selected MCP adapter[2m > [22m[2mpreserves domain errors before BaseTool coercion for create_or_update_task
[22m[39mOverwriting existing tool definition for name: 'list_projects'
Overwriting existing tool definition for name: 'list_project_tasks'
Overwriting existing tool definition for name: 'create_or_update_project'
Overwriting existing tool definition for name: 'create_or_update_task'

[90mstdout[2m | tests/unit/agent-tools/project-tasks/project-task-tools.test.ts[2m > [22m[2mProject data tools — actual native preparation/execute and selected MCP adapter[2m > [22m[2mpreserves domain errors before BaseTool coercion for create_or_update_task
[22m[39mPlatform detection: Windows=false
App root directory: /Users/normy/autobyteus_org/autobyteus-worktrees/delegated-copy-member-contact-delegator/autobyteus-server-ts
App data directory: /var/folders/7w/9r4_s1_s42z3f7c136bpjf0r0000gn/T/project-tools-unit-nuGDj3
Successfully registered tool definition: 'list_projects'
Successfully registered tool definition: 'list_project_tasks'
Successfully registered tool definition: 'create_or_update_project'
Successfully registered tool definition: 'create_or_update_task'

[90mstderr[2m | tests/unit/agent-tools/project-tasks/project-task-tools.test.ts[2m > [22m[2mProject data tools — actual native preparation/execute and selected MCP adapter[2m > [22m[2mpreserves domain errors before BaseTool coercion for create_or_update_task
[22m[39mOverwriting existing tool definition for name: 'list_projects'
Overwriting existing tool definition for name: 'list_project_tasks'
Overwriting existing tool definition for name: 'create_or_update_project'
Overwriting existing tool definition for name: 'create_or_update_task'

[90mstdout[2m | tests/unit/agent-tools/project-tasks/project-task-tools.test.ts[2m > [22m[2mProject data tools — actual native preparation/execute and selected MCP adapter[2m > [22m[2mpreserves domain errors before BaseTool coercion for create_or_update_task
[22m[39mPlatform detection: Windows=false
App root directory: /Users/normy/autobyteus_org/autobyteus-worktrees/delegated-copy-member-contact-delegator/autobyteus-server-ts
App data directory: /var/folders/7w/9r4_s1_s42z3f7c136bpjf0r0000gn/T/project-tools-unit-OdLCvy
Successfully registered tool definition: 'list_projects'
Successfully registered tool definition: 'list_project_tasks'
Successfully registered tool definition: 'create_or_update_project'
Successfully registered tool definition: 'create_or_update_task'

[90mstderr[2m | tests/unit/agent-tools/project-tasks/project-task-tools.test.ts[2m > [22m[2mProject data tools — actual native preparation/execute and selected MCP adapter[2m > [22m[2mpreserves domain errors before BaseTool coercion for create_or_update_task
[22m[39mOverwriting existing tool definition for name: 'list_projects'
Overwriting existing tool definition for name: 'list_project_tasks'
Overwriting existing tool definition for name: 'create_or_update_project'
Overwriting existing tool definition for name: 'create_or_update_task'

[90mstdout[2m | tests/unit/agent-tools/project-tasks/project-task-tools.test.ts[2m > [22m[2mProject data tools — actual native preparation/execute and selected MCP adapter[2m > [22m[2mpreserves domain errors before BaseTool coercion for create_or_update_task
[22m[39mPlatform detection: Windows=false
App root directory: /Users/normy/autobyteus_org/autobyteus-worktrees/delegated-copy-member-contact-delegator/autobyteus-server-ts
App data directory: /var/folders/7w/9r4_s1_s42z3f7c136bpjf0r0000gn/T/project-tools-unit-de8DPK
Successfully registered tool definition: 'list_projects'
Successfully registered tool definition: 'list_project_tasks'
Successfully registered tool definition: 'create_or_update_project'
Successfully registered tool definition: 'create_or_update_task'

[90mstderr[2m | tests/unit/agent-tools/project-tasks/project-task-tools.test.ts[2m > [22m[2mProject data tools — actual native preparation/execute and selected MCP adapter[2m > [22m[2mpreserves domain errors before BaseTool coercion for create_or_update_task
[22m[39mOverwriting existing tool definition for name: 'list_projects'
Overwriting existing tool definition for name: 'list_project_tasks'
Overwriting existing tool definition for name: 'create_or_update_project'
Overwriting existing tool definition for name: 'create_or_update_task'

[90mstdout[2m | tests/unit/agent-tools/project-tasks/project-task-tools.test.ts[2m > [22m[2mProject data tools — actual native preparation/execute and selected MCP adapter[2m > [22m[2mpreserves domain errors before BaseTool coercion for create_or_update_task
[22m[39mPlatform detection: Windows=false
App root directory: /Users/normy/autobyteus_org/autobyteus-worktrees/delegated-copy-member-contact-delegator/autobyteus-server-ts
App data directory: /var/folders/7w/9r4_s1_s42z3f7c136bpjf0r0000gn/T/project-tools-unit-aPt15j
Successfully registered tool definition: 'list_projects'
Successfully registered tool definition: 'list_project_tasks'
Successfully registered tool definition: 'create_or_update_project'
Successfully registered tool definition: 'create_or_update_task'

[90mstderr[2m | tests/unit/agent-tools/project-tasks/project-task-tools.test.ts[2m > [22m[2mProject data tools — actual native preparation/execute and selected MCP adapter[2m > [22m[2mpreserves domain errors before BaseTool coercion for create_or_update_task
[22m[39mOverwriting existing tool definition for name: 'list_projects'
Overwriting existing tool definition for name: 'list_project_tasks'
Overwriting existing tool definition for name: 'create_or_update_project'
Overwriting existing tool definition for name: 'create_or_update_task'

[90mstdout[2m | tests/unit/agent-tools/project-tasks/project-task-tools.test.ts[2m > [22m[2mProject data tools — actual native preparation/execute and selected MCP adapter[2m > [22m[2mpreserves domain errors before BaseTool coercion for list_project_tasks
[22m[39mPlatform detection: Windows=false
App root directory: /Users/normy/autobyteus_org/autobyteus-worktrees/delegated-copy-member-contact-delegator/autobyteus-server-ts
App data directory: /var/folders/7w/9r4_s1_s42z3f7c136bpjf0r0000gn/T/project-tools-unit-5POCvG
Successfully registered tool definition: 'list_projects'
Successfully registered tool definition: 'list_project_tasks'
Successfully registered tool definition: 'create_or_update_project'
Successfully registered tool definition: 'create_or_update_task'

[90mstderr[2m | tests/unit/agent-tools/project-tasks/project-task-tools.test.ts[2m > [22m[2mProject data tools — actual native preparation/execute and selected MCP adapter[2m > [22m[2mpreserves domain errors before BaseTool coercion for list_project_tasks
[22m[39mOverwriting existing tool definition for name: 'list_projects'
Overwriting existing tool definition for name: 'list_project_tasks'
Overwriting existing tool definition for name: 'create_or_update_project'
Overwriting existing tool definition for name: 'create_or_update_task'

[90mstdout[2m | tests/unit/agent-tools/project-tasks/project-task-tools.test.ts[2m > [22m[2mProject data tools — actual native preparation/execute and selected MCP adapter[2m > [22m[2munknown Task IDs fail without creating and aborted native execution stays a transport error
[22m[39mPlatform detection: Windows=false
App root directory: /Users/normy/autobyteus_org/autobyteus-worktrees/delegated-copy-member-contact-delegator/autobyteus-server-ts
App data directory: /var/folders/7w/9r4_s1_s42z3f7c136bpjf0r0000gn/T/project-tools-unit-Xp4ZIl
Successfully registered tool definition: 'list_projects'
Successfully registered tool definition: 'list_project_tasks'
Successfully registered tool definition: 'create_or_update_project'
Successfully registered tool definition: 'create_or_update_task'

[90mstderr[2m | tests/unit/agent-tools/project-tasks/project-task-tools.test.ts[2m > [22m[2mProject data tools — actual native preparation/execute and selected MCP adapter[2m > [22m[2munknown Task IDs fail without creating and aborted native execution stays a transport error
[22m[39mOverwriting existing tool definition for name: 'list_projects'
Overwriting existing tool definition for name: 'list_project_tasks'
Overwriting existing tool definition for name: 'create_or_update_project'
Overwriting existing tool definition for name: 'create_or_update_task'

[90mstdout[2m | tests/unit/agent-tools/project-tasks/project-task-tools.test.ts[2m > [22m[2mProject data tools — actual native preparation/execute and selected MCP adapter[2m > [22m[2mexposes exactly explicit selections to catalog/Claude/native members, never legacy task aliases
[22m[39mPlatform detection: Windows=false
App root directory: /Users/normy/autobyteus_org/autobyteus-worktrees/delegated-copy-member-contact-delegator/autobyteus-server-ts
App data directory: /var/folders/7w/9r4_s1_s42z3f7c136bpjf0r0000gn/T/project-tools-unit-7wALYA
Successfully registered tool definition: 'list_projects'
Successfully registered tool definition: 'list_project_tasks'
Successfully registered tool definition: 'create_or_update_project'
Successfully registered tool definition: 'create_or_update_task'

[90mstderr[2m | tests/unit/agent-tools/project-tasks/project-task-tools.test.ts[2m > [22m[2mProject data tools — actual native preparation/execute and selected MCP adapter[2m > [22m[2mexposes exactly explicit selections to catalog/Claude/native members, never legacy task aliases
[22m[39mOverwriting existing tool definition for name: 'list_projects'
Overwriting existing tool definition for name: 'list_project_tasks'
Overwriting existing tool definition for name: 'create_or_update_project'
Overwriting existing tool definition for name: 'create_or_update_task'

 [32m✓[39m tests/unit/agent-tools/project-tasks/project-task-tools.test.ts [2m([22m[2m77 tests[22m[2m)[22m[33m 1459[2mms[22m[39m
[90mstdout[2m | tests/unit/agent-collaboration/configured-root-first-work.test.ts
[22m[39mAgentFactory (Singleton) initialized.

[90mstdout[2m | tests/unit/agent-collaboration/configured-root-first-work.test.ts[2m > [22m[2mstandalone_team configured first work[2m > [22m[2mscope stays Offline; 'autobyteus' / 'none' / null readies only receivers
[22m[39mPlatform detection: Windows=false
App root directory: /Users/normy/autobyteus_org/autobyteus-worktrees/delegated-copy-member-contact-delegator/autobyteus-server-ts
App data directory: /Users/normy/autobyteus_org/autobyteus-worktrees/delegated-copy-member-contact-delegator/autobyteus-server-ts

 [32m✓[39m tests/unit/agent-collaboration/configured-root-first-work.test.ts [2m([22m[2m48 tests[22m[2m)[22m[33m 1526[2mms[22m[39m
[90mstdout[2m | tests/unit/services/agent-streaming/agent-stream-handler-system-instruction-debug.test.ts[2m > [22m[2mAgentStreamHandler system-instruction diagnostics[2m > [22m[2mretains identifiers and derived length without serializing exact prompt content
[22m[39mAgentFactory (Singleton) initialized.

 [32m✓[39m tests/unit/services/agent-streaming/agent-stream-handler-system-instruction-debug.test.ts [2m([22m[2m1 test[22m[2m)[22m[33m 1216[2mms[22m[39m
     [33m[2m✓[22m[39m retains identifiers and derived length without serializing exact prompt content [33m 1215[2mms[22m[39m
[90mstdout[2m | tests/unit/standalone-agent-run-root/standalone-agent-run-root.test.ts
[22m[39mAgentFactory (Singleton) initialized.

[90mstdout[2m | tests/unit/standalone-agent-run-root/standalone-agent-run-root.test.ts[2m > [22m[2mAgent root of a standalone run[2m > [22m[2m`@` resolves addresses and adds nothing; first messages host each collaborator once, then it is messaged, copied and restored
[22m[39mPlatform detection: Windows=false
App root directory: /Users/normy/autobyteus_org/autobyteus-worktrees/delegated-copy-member-contact-delegator/autobyteus-server-ts
App data directory: /Users/normy/autobyteus_org/autobyteus-worktrees/delegated-copy-member-contact-delegator/autobyteus-server-ts

 [32m✓[39m tests/unit/standalone-agent-run-root/standalone-agent-run-root.test.ts [2m([22m[2m20 tests[22m[2m)[22m[33m 794[2mms[22m[39m
[90mstdout[2m | tests/unit/agent-tools/project-tasks/project-task-business-results.test.ts
[22m[39mAgentFactory (Singleton) initialized.

 [32m✓[39m tests/unit/agent-tools/project-tasks/project-task-business-results.test.ts [2m([22m[2m12 tests[22m[2m)[22m[33m 697[2mms[22m[39m
 [32m✓[39m tests/unit/agent-collaboration/task-agent-resource-dispatch.test.ts [2m([22m[2m39 tests[22m[2m)[22m[33m 642[2mms[22m[39m
[90mstdout[2m | tests/unit/agent-org-execution/agent-org-run-config.test.ts
[22m[39mAgentFactory (Singleton) initialized.

 [32m✓[39m tests/unit/agent-org-execution/agent-org-run-config.test.ts [2m([22m[2m18 tests[22m[2m)[22m[33m 612[2mms[22m[39m
[90mstdout[2m | tests/unit/agent-team-execution/team-root-agent-initiated-collaborators.test.ts
[22m[39mAgentFactory (Singleton) initialized.

[90mstdout[2m | tests/unit/agent-team-execution/team-root-agent-initiated-collaborators.test.ts[2m > [22m[2magent-initiated collaborators in a Team root[2m > [22m[2mlists eligible definitions with addresses and never writes (AC-002, AR-005)
[22m[39mPlatform detection: Windows=false
App root directory: /Users/normy/autobyteus_org/autobyteus-worktrees/delegated-copy-member-contact-delegator/autobyteus-server-ts
App data directory: /Users/normy/autobyteus_org/autobyteus-worktrees/delegated-copy-member-contact-delegator/autobyteus-server-ts

 [32m✓[39m tests/unit/agent-team-execution/team-root-agent-initiated-collaborators.test.ts [2m([22m[2m7 tests[22m[2m)[22m[33m 440[2mms[22m[39m
[90mstdout[2m | tests/unit/agent-team-execution/team-root-collaborators.test.ts
[22m[39mAgentFactory (Singleton) initialized.

[90mstdout[2m | tests/unit/agent-team-execution/team-root-collaborators.test.ts[2m > [22m[2mcollaborators hosted in a Team root (AR-006)[2m > [22m[2mincludes a hosted collaborator Team's live input snapshots in the root package
[22m[39mPlatform detection: Windows=false
App root directory: /Users/normy/autobyteus_org/autobyteus-worktrees/delegated-copy-member-contact-delegator/autobyteus-server-ts
App data directory: /Users/normy/autobyteus_org/autobyteus-worktrees/delegated-copy-member-contact-delegator/autobyteus-server-ts

 [32m✓[39m tests/unit/agent-team-execution/team-root-collaborators.test.ts [2m([22m[2m7 tests[22m[2m)[22m[33m 417[2mms[22m[39m
[90mstdout[2m | tests/unit/agent-org-execution/agent-org-task-idle-shutdown.test.ts
[22m[39mAgentFactory (Singleton) initialized.

[90mstdout[2m | tests/unit/agent-org-execution/agent-org-task-idle-shutdown.test.ts[2m > [22m[2mOrg-root delegated executions: pure spawn, idle shutdown, and wake-on-message[2m > [22m[2mspawns a agent with one tree write, shuts it down after the grace period, and restores it on a message
[22m[39mPlatform detection: Windows=false
App root directory: /Users/normy/autobyteus_org/autobyteus-worktrees/delegated-copy-member-contact-delegator/autobyteus-server-ts
App data directory: /Users/normy/autobyteus_org/autobyteus-worktrees/delegated-copy-member-contact-delegator/autobyteus-server-ts

 [32m✓[39m tests/unit/agent-org-execution/agent-org-task-idle-shutdown.test.ts [2m([22m[2m8 tests[22m[2m)[22m[33m 390[2mms[22m[39m
[90mstdout[2m | tests/unit/agent-org-execution/agent-org-agent-initiated-collaborators.test.ts
[22m[39mAgentFactory (Singleton) initialized.

[90mstdout[2m | tests/unit/agent-org-execution/agent-org-agent-initiated-collaborators.test.ts[2m > [22m[2magent-initiated collaborators and team instances in an AgentOrg[2m > [22m[2ma copy of a mounted Team reaches its own members, not the mounted Team's (REQ-007 behavior change)
[22m[39mPlatform detection: Windows=false
App root directory: /Users/normy/autobyteus_org/autobyteus-worktrees/delegated-copy-member-contact-delegator/autobyteus-server-ts
App data directory: /Users/normy/autobyteus_org/autobyteus-worktrees/delegated-copy-member-contact-delegator/autobyteus-server-ts

 [32m✓[39m tests/unit/agent-org-execution/agent-org-agent-initiated-collaborators.test.ts [2m([22m[2m5 tests[22m[2m)[22m[33m 330[2mms[22m[39m
[90mstdout[2m | tests/unit/agent-org-execution/agent-org-collaborators.test.ts
[22m[39mAgentFactory (Singleton) initialized.

[90mstdout[2m | tests/unit/agent-org-execution/agent-org-collaborators.test.ts[2m > [22m[2m`@` and collaborators of an AgentOrg run[2m > [22m[2mresolves mentions on SEND_MESSAGE without adding anything and posts the note steering to delegate_task
[22m[39mPlatform detection: Windows=false
App root directory: /Users/normy/autobyteus_org/autobyteus-worktrees/delegated-copy-member-contact-delegator/autobyteus-server-ts
App data directory: /Users/normy/autobyteus_org/autobyteus-worktrees/delegated-copy-member-contact-delegator/autobyteus-server-ts

 [32m✓[39m tests/unit/agent-org-execution/agent-org-collaborators.test.ts [2m([22m[2m5 tests[22m[2m)[22m[32m 258[2mms[22m[39m
[90mstdout[2m | tests/unit/agent-org-execution/agent-org-run-inspection.test.ts
[22m[39mAgentFactory (Singleton) initialized.

[90mstderr[2m | tests/unit/agent-org-execution/agent-org-run-inspection.test.ts[2m > [22m[2mdistinguishes a real empty local task trace from a physical read failure without provider activation
[22m[39mMemory file missing: /var/folders/7w/9r4_s1_s42z3f7c136bpjf0r0000gn/T/org-inspection-60i3ls/agent_orgs/org/task-run/raw_traces_active.jsonl

 [32m✓[39m tests/unit/agent-org-execution/agent-org-run-inspection.test.ts [2m([22m[2m7 tests[22m[2m)[22m[32m 253[2mms[22m[39m
[90mstdout[2m | tests/unit/agent-collaboration/task-terminal-publication-lifecycle.test.ts
[22m[39mAgentFactory (Singleton) initialized.

 [32m✓[39m tests/unit/agent-collaboration/task-terminal-publication-lifecycle.test.ts [2m([22m[2m39 tests[22m[2m)[22m[32m 205[2mms[22m[39m
[90mstdout[2m | tests/unit/agent-team-execution/team-run-model-selection-save.test.ts
[22m[39mAgentFactory (Singleton) initialized.

 [32m✓[39m tests/unit/agent-team-execution/team-run-model-selection-save.test.ts [2m([22m[2m12 tests[22m[2m)[22m[32m 204[2mms[22m[39m
[90mstdout[2m | tests/unit/api/graphql/types/memory-view-member-resolver.test.ts
[22m[39mAgentFactory (Singleton) initialized.

 [32m✓[39m tests/unit/api/graphql/types/memory-view-member-resolver.test.ts [2m([22m[2m3 tests[22m[2m)[22m[32m 177[2mms[22m[39m
[90mstdout[2m | tests/unit/agent-team-execution/flat-team-execution-manager-routing.test.ts
[22m[39mAgentFactory (Singleton) initialized.

 [32m✓[39m tests/unit/agent-team-execution/flat-team-execution-manager-routing.test.ts [2m([22m[2m7 tests[22m[2m)[22m[32m 117[2mms[22m[39m
[90mstdout[2m | tests/unit/agent-org-execution/agent-org-run-manager-lifecycle.test.ts
[22m[39mAgentFactory (Singleton) initialized.

 [32m✓[39m tests/unit/agent-org-execution/agent-org-run-manager-lifecycle.test.ts [2m([22m[2m6 tests[22m[2m)[22m[32m 112[2mms[22m[39m
 [32m✓[39m tests/unit/standalone-agent-run-root/standalone-host-agent-handle.test.ts [2m([22m[2m3 tests[22m[2m)[22m[32m 111[2mms[22m[39m
[90mstdout[2m | tests/unit/agent-org-execution/agent-org-execution-tree-location-service.test.ts
[22m[39mAgentFactory (Singleton) initialized.

 [32m✓[39m tests/unit/agent-org-execution/agent-org-execution-tree-location-service.test.ts [2m([22m[2m5 tests[22m[2m)[22m[32m 101[2mms[22m[39m
[90mstdout[2m | tests/unit/agent-org-execution/agent-org-execution-scope-builder.test.ts
[22m[39mAgentFactory (Singleton) initialized.

 [32m✓[39m tests/unit/agent-org-execution/agent-org-execution-scope-builder.test.ts [2m([22m[2m1 test[22m[2m)[22m[32m 91[2mms[22m[39m
[90mstdout[2m | tests/unit/services/agent-streaming/agent-org-stream-handler.test.ts
[22m[39mAgentFactory (Singleton) initialized.

 [32m✓[39m tests/unit/services/agent-streaming/agent-org-stream-handler.test.ts [2m([22m[2m11 tests[22m[2m)[22m[32m 80[2mms[22m[39m
[90mstdout[2m | tests/unit/agent-org-execution/agent-org-run-termination.test.ts
[22m[39mAgentFactory (Singleton) initialized.

[90mstdout[2m | tests/unit/agent-org-execution/agent-org-run-termination.test.ts[2m > [22m[2mAgentOrgRun termination stabilization[2m > [22m[2mfreezes and fences every direct/mounted Agent scope before task and persistence drain
[22m[39mPlatform detection: Windows=false
App root directory: /Users/normy/autobyteus_org/autobyteus-worktrees/delegated-copy-member-contact-delegator/autobyteus-server-ts
App data directory: /Users/normy/autobyteus_org/autobyteus-worktrees/delegated-copy-member-contact-delegator/autobyteus-server-ts

 [32m✓[39m tests/unit/agent-org-execution/agent-org-run-termination.test.ts [2m([22m[2m6 tests[22m[2m)[22m[32m 69[2mms[22m[39m
[90mstdout[2m | tests/unit/api/graphql/types/agent-org-run-config.test.ts
[22m[39mAgentFactory (Singleton) initialized.

(node:22176) ExperimentalWarning: SQLite is an experimental feature and might change at any time
(Use `node --trace-warnings ...` to show where the warning was created)
 [32m✓[39m tests/unit/api/graphql/types/agent-org-run-config.test.ts [2m([22m[2m3 tests[22m[2m)[22m[32m 87[2mms[22m[39m
 [32m✓[39m tests/unit/agent-collaboration/root-task-reactivation.test.ts [2m([22m[2m15 tests[22m[2m)[22m[32m 68[2mms[22m[39m
[90mstdout[2m | tests/unit/agent-team-execution/root-team-run-termination.test.ts
[22m[39mAgentFactory (Singleton) initialized.

[90mstdout[2m | tests/unit/agent-team-execution/root-team-run-termination.test.ts[2m > [22m[2mRootTeamRun termination stabilization[2m > [22m[2mcloses admission synchronously and joins an admitted materializing command before freezing
[22m[39mPlatform detection: Windows=false
App root directory: /Users/normy/autobyteus_org/autobyteus-worktrees/delegated-copy-member-contact-delegator/autobyteus-server-ts
App data directory: /Users/normy/autobyteus_org/autobyteus-worktrees/delegated-copy-member-contact-delegator/autobyteus-server-ts

 [32m✓[39m tests/unit/agent-team-execution/root-team-run-termination.test.ts [2m([22m[2m3 tests[22m[2m)[22m[32m 60[2mms[22m[39m
[90mstdout[2m | tests/unit/api/graphql/project-tasks-schema.test.ts
[22m[39mAgentFactory (Singleton) initialized.

(node:23491) ExperimentalWarning: SQLite is an experimental feature and might change at any time
(Use `node --trace-warnings ...` to show where the warning was created)
 [32m✓[39m tests/unit/api/graphql/project-tasks-schema.test.ts [2m([22m[2m8 tests[22m[2m)[22m[32m 73[2mms[22m[39m
[90mstdout[2m | tests/unit/services/agent-streaming/collaboration-public-tree-projection.test.ts
[22m[39mAgentFactory (Singleton) initialized.

 [32m✓[39m tests/unit/services/agent-streaming/collaboration-public-tree-projection.test.ts [2m([22m[2m26 tests[22m[2m)[22m[32m 66[2mms[22m[39m
[90mstdout[2m | tests/unit/agent-tools/team-communication/collaboration-result-contracts.test.ts
[22m[39mAgentFactory (Singleton) initialized.

 [32m✓[39m tests/unit/agent-tools/team-communication/collaboration-result-contracts.test.ts [2m([22m[2m5 tests[22m[2m)[22m[32m 64[2mms[22m[39m
[90mstdout[2m | tests/unit/api/graphql/projects-schema.test.ts
[22m[39mAgentFactory (Singleton) initialized.

(node:25913) ExperimentalWarning: SQLite is an experimental feature and might change at any time
(Use `node --trace-warnings ...` to show where the warning was created)
 [32m✓[39m tests/unit/api/graphql/projects-schema.test.ts [2m([22m[2m4 tests[22m[2m)[22m[32m 77[2mms[22m[39m
[90mstdout[2m | tests/unit/agent-org-execution/agent-org-communication-presentation.test.ts
[22m[39mAgentFactory (Singleton) initialized.

[90mstdout[2m | tests/unit/agent-org-execution/agent-org-communication-presentation.test.ts[2m > [22m[2mAgentOrg committed communication presentation[2m > [22m[2mpublishes one root row then the configured receiver input before releasing delivery
[22m[39mPlatform detection: Windows=false
App root directory: /Users/normy/autobyteus_org/autobyteus-worktrees/delegated-copy-member-contact-delegator/autobyteus-server-ts
App data directory: /Users/normy/autobyteus_org/autobyteus-worktrees/delegated-copy-member-contact-delegator/autobyteus-server-ts

 [32m✓[39m tests/unit/agent-org-execution/agent-org-communication-presentation.test.ts [2m([22m[2m15 tests[22m[2m)[22m[32m 53[2mms[22m[39m
[90mstdout[2m | tests/unit/api/graphql/types/definition-catalog-refresh.test.ts
[22m[39mAgentFactory (Singleton) initialized.

(node:27414) ExperimentalWarning: SQLite is an experimental feature and might change at any time
(Use `node --trace-warnings ...` to show where the warning was created)
 [32m✓[39m tests/unit/api/graphql/types/definition-catalog-refresh.test.ts [2m([22m[2m3 tests[22m[2m)[22m[32m 62[2mms[22m[39m
[90mstdout[2m | tests/unit/agent-collaboration/configured-agent-execution-handle.test.ts
[22m[39mAgentFactory (Singleton) initialized.

 [32m✓[39m tests/unit/agent-collaboration/configured-agent-execution-handle.test.ts [2m([22m[2m33 tests[22m[2m)[22m[32m 50[2mms[22m[39m
[90mstdout[2m | tests/unit/agent-tools/mcp/agent-tools-mcp-host.test.ts
[22m[39mAgentFactory (Singleton) initialized.

[90mstdout[2m | tests/unit/agent-tools/mcp/agent-tools-mcp-host.test.ts[2m > [22m[2mAgentToolsMcpHost[2m > [22m[2mowns one one-shot loopback listener and publishes only ready descriptors
[22m[39mPlatform detection: Windows=false
App root directory: /Users/normy/autobyteus_org/autobyteus-worktrees/delegated-copy-member-contact-delegator/autobyteus-server-ts
App data directory: /Users/normy/autobyteus_org/autobyteus-worktrees/delegated-copy-member-contact-delegator/autobyteus-server-ts

 [32m✓[39m tests/unit/agent-tools/mcp/agent-tools-mcp-host.test.ts [2m([22m[2m2 tests[22m[2m)[22m[32m 49[2mms[22m[39m
[90mstdout[2m | tests/unit/agent-collaboration/task-agent-resource-quiet-generation.test.ts
[22m[39mAgentFactory (Singleton) initialized.

[90mstdout[2m | tests/unit/agent-collaboration/task-agent-resource-quiet-generation.test.ts[2m > [22m[2magent quiet-generation exact Task release[2m > [22m[2mcoordinator-only follow-up preserves verified nested Agent/Team/grandchild proof and separately stops sibling helper
[22m[39mPlatform detection: Windows=false
App root directory: /Users/normy/autobyteus_org/autobyteus-worktrees/delegated-copy-member-contact-delegator/autobyteus-server-ts
App data directory: /Users/normy/autobyteus_org/autobyteus-worktrees/delegated-copy-member-contact-delegator/autobyteus-server-ts

 [32m✓[39m tests/unit/agent-collaboration/task-agent-resource-quiet-generation.test.ts [2m([22m[2m9 tests[22m[2m)[22m[32m 43[2mms[22m[39m
[90mstdout[2m | tests/unit/agent-collaboration/delegated-team-lazy-member-activation.test.ts
[22m[39mAgentFactory (Singleton) initialized.

 [32m✓[39m tests/unit/agent-collaboration/delegated-team-lazy-member-activation.test.ts [2m([22m[2m24 tests[22m[2m)[22m[32m 38[2mms[22m[39m
[90mstdout[2m | tests/unit/agent-collaboration/task-reactivation-backends.test.ts
[22m[39mAgentFactory (Singleton) initialized.

[90mstdout[2m | tests/unit/agent-collaboration/task-reactivation-backends.test.ts[2m > [22m[2magent root: reactivation over the actual released runtime authority[2m > [22m[2man Agent copy stopped by DONE is discarded and restored as a fresh run, and the cycle repeats (AC-001/010/011)
[22m[39mPlatform detection: Windows=false
App root directory: /Users/normy/autobyteus_org/autobyteus-worktrees/delegated-copy-member-contact-delegator/autobyteus-server-ts
App data directory: /Users/normy/autobyteus_org/autobyteus-worktrees/delegated-copy-member-contact-delegator/autobyteus-server-ts

 [32m✓[39m tests/unit/agent-collaboration/task-reactivation-backends.test.ts [2m([22m[2m6 tests[22m[2m)[22m[32m 37[2mms[22m[39m
[90mstdout[2m | tests/unit/agent-collaboration/task-execution-status.test.ts
[22m[39mAgentFactory (Singleton) initialized.

[90mstdout[2m | tests/unit/agent-collaboration/task-execution-status.test.ts[2m > [22m[2magent root: a task execution's own live status for the Task side[2m > [22m[2mreports the live worker status, the folded team status, and offline once stopped or not admitting (DEC-006)
[22m[39mPlatform detection: Windows=false
App root directory: /Users/normy/autobyteus_org/autobyteus-worktrees/delegated-copy-member-contact-delegator/autobyteus-server-ts
App data directory: /Users/normy/autobyteus_org/autobyteus-worktrees/delegated-copy-member-contact-delegator/autobyteus-server-ts

 [32m✓[39m tests/unit/agent-collaboration/task-execution-status.test.ts [2m([22m[2m6 tests[22m[2m)[22m[32m 28[2mms[22m[39m
[90mstdout[2m | tests/unit/agent-org-execution/agent-org-status-snapshot-traversal.test.ts
[22m[39mAgentFactory (Singleton) initialized.

[90mstdout[2m | tests/unit/agent-org-execution/agent-org-status-snapshot-traversal.test.ts[2m > [22m[2mAgentOrg status snapshot traversal[2m > [22m[2mstreams every root-owned and recursively Team-owned Agent exactly once across reselect
[22m[39mPlatform detection: Windows=false
App root directory: /Users/normy/autobyteus_org/autobyteus-worktrees/delegated-copy-member-contact-delegator/autobyteus-server-ts
App data directory: /Users/normy/autobyteus_org/autobyteus-worktrees/delegated-copy-member-contact-delegator/autobyteus-server-ts

 [32m✓[39m tests/unit/agent-org-execution/agent-org-status-snapshot-traversal.test.ts [2m([22m[2m3 tests[22m[2m)[22m[32m 24[2mms[22m[39m
 [32m✓[39m tests/unit/agent-collaboration/task-agent-resource-tree-scope.test.ts [2m([22m[2m17 tests[22m[2m)[22m[32m 24[2mms[22m[39m
 [32m✓[39m tests/unit/api/graphql/types/agent-team-run.test.ts [2m([22m[2m3 tests[22m[2m)[22m[32m 22[2mms[22m[39m
[90mstdout[2m | tests/unit/agent-team-execution/inter-agent-message-router-claude-input-admission.test.ts
[22m[39mAgentFactory (Singleton) initialized.

[90mstdout[2m | tests/unit/agent-team-execution/inter-agent-message-router-claude-input-admission.test.ts[2m > [22m[2mInterAgentMessageRouter Claude input admission[2m > [22m[2mdelivers a task-peer message into the running Claude turn without waiting for it to end (AC-004)
[22m[39mPlatform detection: Windows=false
App root directory: /Users/normy/autobyteus_org/autobyteus-worktrees/delegated-copy-member-contact-delegator/autobyteus-server-ts
App data directory: /Users/normy/autobyteus_org/autobyteus-worktrees/delegated-copy-member-contact-delegator/autobyteus-server-ts

 [32m✓[39m tests/unit/agent-team-execution/inter-agent-message-router-claude-input-admission.test.ts [2m([22m[2m1 test[22m[2m)[22m[32m 18[2mms[22m[39m
[90mstdout[2m | tests/unit/agent-tools/media/media-generation-service.test.ts
[22m[39mAgentFactory (Singleton) initialized.

 [32m✓[39m tests/unit/agent-tools/media/media-generation-service.test.ts [2m([22m[2m12 tests[22m[2m)[22m[32m 24[2mms[22m[39m
[90mstdout[2m | tests/unit/services/agent-streaming/agent-team-stream-handler.test.ts
[22m[39mAgentFactory (Singleton) initialized.

[90mstdout[2m | tests/unit/services/agent-streaming/agent-team-stream-handler.test.ts[2m > [22m[2mAgentTeamStreamHandler current root stream[2m > [22m[2mconnects with one atomic snapshot (tree, messages, statuses) before lifecycle changes
[22m[39mCreated agent session fba204c0-3e21-49d0-81af-043544b14ed6 for run team-run-root

[90mstdout[2m | tests/unit/services/agent-streaming/agent-team-stream-handler.test.ts[2m > [22m[2mAgentTeamStreamHandler current root stream[2m > [22m[2mconnects with one atomic snapshot (tree, messages, statuses) before lifecycle changes
[22m[39mAgent Team WebSocket connected: session=fba204c0-3e21-49d0-81af-043544b14ed6, run=team-run-root

[90mstdout[2m | tests/unit/services/agent-streaming/agent-team-stream-handler.test.ts[2m > [22m[2mAgentTeamStreamHandler current root stream[2m > [22m[2mconnects with one atomic snapshot (tree, messages, statuses) before lifecycle changes
[22m[39mClosed agent session fba204c0-3e21-49d0-81af-043544b14ed6

[90mstdout[2m | tests/unit/services/agent-streaming/agent-team-stream-handler.test.ts[2m > [22m[2mAgentTeamStreamHandler current root stream[2m > [22m[2mstreams strict live status N and the following Agent event N+1 after the snapshot barrier
[22m[39mCreated agent session 83ecd68c-ae18-4131-a2d5-2f30ed2bafa5 for run team-run-root

[90mstdout[2m | tests/unit/services/agent-streaming/agent-team-stream-handler.test.ts[2m > [22m[2mAgentTeamStreamHandler current root stream[2m > [22m[2mstreams strict live status N and the following Agent event N+1 after the snapshot barrier
[22m[39mAgent Team WebSocket connected: session=83ecd68c-ae18-4131-a2d5-2f30ed2bafa5, run=team-run-root

[90mstdout[2m | tests/unit/services/agent-streaming/agent-team-stream-handler.test.ts[2m > [22m[2mAgentTeamStreamHandler current root stream[2m > [22m[2mstreams strict live status N and the following Agent event N+1 after the snapshot barrier
[22m[39mClosed agent session 83ecd68c-ae18-4131-a2d5-2f30ed2bafa5

[90mstdout[2m | tests/unit/services/agent-streaming/agent-team-stream-handler.test.ts[2m > [22m[2mAgentTeamStreamHandler current root stream[2m > [22m[2mroutes SEND_MESSAGE by the exact concrete AgentRun ID and records activity once
[22m[39mCreated agent session b224f27e-7381-47f9-91a1-0aaabbd4957b for run team-run-root

[90mstdout[2m | tests/unit/services/agent-streaming/agent-team-stream-handler.test.ts[2m > [22m[2mAgentTeamStreamHandler current root stream[2m > [22m[2mroutes SEND_MESSAGE by the exact concrete AgentRun ID and records activity once
[22m[39mAgent Team WebSocket connected: session=b224f27e-7381-47f9-91a1-0aaabbd4957b, run=team-run-root

[90mstdout[2m | tests/unit/services/agent-streaming/agent-team-stream-handler.test.ts[2m > [22m[2mAgentTeamStreamHandler current root stream[2m > [22m[2mroutes SEND_MESSAGE by the exact concrete AgentRun ID and records activity once
[22m[39mClosed agent session b224f27e-7381-47f9-91a1-0aaabbd4957b

[90mstdout[2m | tests/unit/services/agent-streaming/agent-team-stream-handler.test.ts[2m > [22m[2mAgentTeamStreamHandler current root stream[2m > [22m[2mreports exact-target rejection without persistent or address fallback
[22m[39mCreated agent session 2cea2ab6-ed4e-47c2-9f22-ad07212d6c57 for run team-run-root

[90mstdout[2m | tests/unit/services/agent-streaming/agent-team-stream-handler.test.ts[2m > [22m[2mAgentTeamStreamHandler current root stream[2m > [22m[2mreports exact-target rejection without persistent or address fallback
[22m[39mAgent Team WebSocket connected: session=2cea2ab6-ed4e-47c2-9f22-ad07212d6c57, run=team-run-root

[90mstdout[2m | tests/unit/services/agent-streaming/agent-team-stream-handler.test.ts[2m > [22m[2mAgentTeamStreamHandler current root stream[2m > [22m[2mreports exact-target rejection without persistent or address fallback
[22m[39mClosed agent session 2cea2ab6-ed4e-47c2-9f22-ad07212d6c57

[90mstdout[2m | tests/unit/services/agent-streaming/agent-team-stream-handler.test.ts[2m > [22m[2mAgentTeamStreamHandler current root stream[2m > [22m[2mreturns a target-correlated failure when the exact AgentRun rejects message admission
[22m[39mCreated agent session a50c8b26-b263-45c7-9d22-ffa15236c2f0 for run team-run-root

[90mstdout[2m | tests/unit/services/agent-streaming/agent-team-stream-handler.test.ts[2m > [22m[2mAgentTeamStreamHandler current root stream[2m > [22m[2mreturns a target-correlated failure when the exact AgentRun rejects message admission
[22m[39mAgent Team WebSocket connected: session=a50c8b26-b263-45c7-9d22-ffa15236c2f0, run=team-run-root

[90mstdout[2m | tests/unit/services/agent-streaming/agent-team-stream-handler.test.ts[2m > [22m[2mAgentTeamStreamHandler current root stream[2m > [22m[2mreturns a target-correlated failure when the exact AgentRun rejects message admission
[22m[39mClosed agent session a50c8b26-b263-45c7-9d22-ffa15236c2f0

[90mstdout[2m | tests/unit/services/agent-streaming/agent-team-stream-handler.test.ts[2m > [22m[2mAgentTeamStreamHandler current root stream[2m > [22m[2mreturns a target-correlated failure when message execution throws
[22m[39mCreated agent session b68c5cfb-0448-4dd0-8ce6-d5a12f611eb1 for run team-run-root

[90mstdout[2m | tests/unit/services/agent-streaming/agent-team-stream-handler.test.ts[2m > [22m[2mAgentTeamStreamHandler current root stream[2m > [22m[2mreturns a target-correlated failure when message execution throws
[22m[39mAgent Team WebSocket connected: session=b68c5cfb-0448-4dd0-8ce6-d5a12f611eb1, run=team-run-root

[90mstdout[2m | tests/unit/services/agent-streaming/agent-team-stream-handler.test.ts[2m > [22m[2mAgentTeamStreamHandler current root stream[2m > [22m[2mreturns a target-correlated failure when message execution throws
[22m[39mClosed agent session b68c5cfb-0448-4dd0-8ce6-d5a12f611eb1

 [32m✓[39m tests/unit/services/agent-streaming/agent-team-stream-handler.test.ts [2m([22m[2m7 tests[22m[2m)[22m[32m 23[2mms[22m[39m
[90mstdout[2m | tests/unit/services/agent-streaming/agent-stream-handler.test.ts
[22m[39mAgentFactory (Singleton) initialized.

[90mstdout[2m | tests/unit/services/agent-streaming/agent-stream-handler.test.ts[2m > [22m[2mAgentStreamHandler[2m > [22m[2mconnects to a run identity and sends CONNECTED plus projected status without restoring runtime
[22m[39mCreated agent session 4e3ce6cb-77b2-4db4-9848-b6af13e224ca for run agent-123
Agent WebSocket connected: session=4e3ce6cb-77b2-4db4-9848-b6af13e224ca, run=agent-123

[90mstdout[2m | tests/unit/services/agent-streaming/agent-stream-handler.test.ts[2m > [22m[2mAgentStreamHandler[2m > [22m[2mconnects to run events through the AgentRun subject for active runtime-managed runs
[22m[39mCreated agent session b6668d8f-a024-461c-b919-bd058a394b32 for run runtime-run-1
Agent WebSocket connected: session=b6668d8f-a024-461c-b919-bd058a394b32, run=runtime-run-1

[90mstdout[2m | tests/unit/services/agent-streaming/agent-stream-handler.test.ts[2m > [22m[2mAgentStreamHandler[2m > [22m[2mmaps Codex AgentRunEvents directly to websocket messages for single-agent runs
[22m[39mCreated agent session d4a28233-16b8-4bff-8d26-cd4271b88bfd for run runtime-run-2
Agent WebSocket connected: session=d4a28233-16b8-4bff-8d26-cd4271b88bfd, run=runtime-run-2

[90mstdout[2m | tests/unit/services/agent-streaming/agent-stream-handler.test.ts[2m > [22m[2mAgentStreamHandler[2m > [22m[2mmaps turn lifecycle AgentRunEvents directly to websocket messages
[22m[39mCreated agent session 73f5f009-af25-4411-8ffe-f6b7f4454484 for run runtime-run-3
Agent WebSocket connected: session=73f5f009-af25-4411-8ffe-f6b7f4454484, run=runtime-run-3

[90mstdout[2m | tests/unit/services/agent-streaming/agent-stream-handler.test.ts[2m > [22m[2mAgentStreamHandler[2m > [22m[2mregisters the websocket connection for run-scoped live message broadcasts
[22m[39mCreated agent session 5b312388-b420-4f71-a8c2-13dd8cf358f7 for run agent-123
Agent WebSocket connected: session=5b312388-b420-4f71-a8c2-13dd8cf358f7, run=agent-123

[90mstdout[2m | tests/unit/services/agent-streaming/agent-stream-handler.test.ts[2m > [22m[2mAgentStreamHandler[2m > [22m[2mpublishes terminal offline status to an already-connected websocket when a run terminates
[22m[39mCreated agent session df00aa67-f4f6-4a7a-81b1-ea7330e4e31d for run run-terminate-1
Agent WebSocket connected: session=df00aa67-f4f6-4a7a-81b1-ea7330e4e31d, run=run-terminate-1

[90mstdout[2m | tests/unit/services/agent-streaming/agent-stream-handler.test.ts[2m > [22m[2mAgentStreamHandler[2m > [22m[2mhandles SEND_MESSAGE through the command coordinator and returns an ACK
[22m[39mCreated agent session 37dd5a0c-0d44-410d-9bd4-ed9a647aa785 for run agent-123
Agent WebSocket connected: session=37dd5a0c-0d44-410d-9bd4-ed9a647aa785, run=agent-123

[90mstdout[2m | tests/unit/services/agent-streaming/agent-stream-handler.test.ts[2m > [22m[2mAgentStreamHandler[2m > [22m[2mdefers runtime binding on identity-only connect until SEND_MESSAGE activates through the coordinator
[22m[39mCreated agent session b1a6405f-0c35-4374-82c9-949d96fb76eb for run agent-123
Agent WebSocket connected: session=b1a6405f-0c35-4374-82c9-949d96fb76eb, run=agent-123

[90mstdout[2m | tests/unit/services/agent-streaming/agent-stream-handler.test.ts[2m > [22m[2mAgentStreamHandler[2m > [22m[2mkeeps interrupt-generation active-only and does not activate a stopped agent run
[22m[39mCreated agent session 4e0c0640-39ec-49a7-b343-baa047d3a84d for run agent-123
Agent WebSocket connected: session=4e0c0640-39ec-49a7-b343-baa047d3a84d, run=agent-123

[90mstderr[2m | tests/unit/services/agent-streaming/agent-stream-handler.test.ts[2m > [22m[2mAgentStreamHandler[2m > [22m[2mkeeps interrupt-generation active-only and does not activate a stopped agent run
[22m[39mINTERRUPT_GENERATION rejected for missing agent run agent-123.

[90mstdout[2m | tests/unit/services/agent-streaming/agent-stream-handler.test.ts[2m > [22m[2mAgentStreamHandler[2m > [22m[2mkeeps tool approval active-only: an offline host is not started (AR-002)
[22m[39mCreated agent session ce6e17b6-2582-442b-8d8c-ca599a4fb7e4 for run agent-123
Agent WebSocket connected: session=ce6e17b6-2582-442b-8d8c-ca599a4fb7e4, run=agent-123

[90mstderr[2m | tests/unit/services/agent-streaming/agent-stream-handler.test.ts[2m > [22m[2mAgentStreamHandler[2m > [22m[2mkeeps tool approval active-only: an offline host is not started (AR-002)
[22m[39mAgent websocket session 'ce6e17b6-2582-442b-8d8c-ca599a4fb7e4' lost its active run subscription for run 'agent-123'.

[90mstderr[2m | tests/unit/services/agent-streaming/agent-stream-handler.test.ts[2m > [22m[2mAgentStreamHandler[2m > [22m[2mkeeps tool approval active-only: an offline host is not started (AR-002)
[22m[39mAgent websocket session 'ce6e17b6-2582-442b-8d8c-ca599a4fb7e4' lost its active run subscription for run 'agent-123'.

[90mstdout[2m | tests/unit/services/agent-streaming/agent-stream-handler.test.ts[2m > [22m[2mAgentStreamHandler[2m > [22m[2mreturns exactly one same-socket acknowledgement for an accepted interrupt
[22m[39mCreated agent session ca5d630c-a9b9-4b75-bf71-ce02127fe853 for run agent-123
Agent WebSocket connected: session=ca5d630c-a9b9-4b75-bf71-ce02127fe853, run=agent-123

[90mstdout[2m | tests/unit/services/agent-streaming/agent-stream-handler.test.ts[2m > [22m[2mAgentStreamHandler[2m > [22m[2mrejects an empty interrupt command id before runtime execution
[22m[39mCreated agent session dc8633da-162d-4028-ac64-3f7b09da987b for run agent-123
Agent WebSocket connected: session=dc8633da-162d-4028-ac64-3f7b09da987b, run=agent-123

[90mstdout[2m | tests/unit/services/agent-streaming/agent-stream-handler.test.ts[2m > [22m[2mAgentStreamHandler[2m > [22m[2mmaps interrupt provider failures without emitting lifecycle status
[22m[39mCreated agent session 959fa723-1c9a-4883-8528-73b3062fc077 for run agent-123
Agent WebSocket connected: session=959fa723-1c9a-4883-8528-73b3062fc077, run=agent-123

[90mstderr[2m | tests/unit/services/agent-streaming/agent-stream-handler.test.ts[2m > [22m[2mAgentStreamHandler[2m > [22m[2mmaps interrupt provider failures without emitting lifecycle status
[22m[39mINTERRUPT_GENERATION rejected for agent run agent-123: [PROVIDER_REJECTED] Cannot interrupt now.

[90mstdout[2m | tests/unit/services/agent-streaming/agent-stream-handler.test.ts[2m > [22m[2mAgentStreamHandler[2m > [22m[2mhandles tool approvals for active sessions
[22m[39mCreated agent session 91378a3a-3d73-4e72-abef-a8ad51e94b6b for run agent-123
Agent WebSocket connected: session=91378a3a-3d73-4e72-abef-a8ad51e94b6b, run=agent-123

[90mstderr[2m | tests/unit/services/agent-streaming/agent-stream-handler.test.ts[2m > [22m[2mAgentStreamHandler[2m > [22m[2mignores messages for unknown sessions
[22m[39mMessage for unknown session: missing

 [32m✓[39m tests/unit/services/agent-streaming/agent-stream-handler.test.ts [2m([22m[2m19 tests[22m[2m)[22m[32m 20[2mms[22m[39m
[90mstdout[2m | tests/unit/agent-org-execution/agent-org-run-service-model-selection.test.ts
[22m[39mAgentFactory (Singleton) initialized.

 [32m✓[39m tests/unit/agent-org-execution/agent-org-run-service-model-selection.test.ts [2m([22m[2m11 tests[22m[2m)[22m[32m 18[2mms[22m[39m
[90mstdout[2m | tests/unit/api/graphql/types/app-data-migrations.test.ts[2m > [22m[2mAppDataMigrationResolver[2m > [22m[2mrebuilds compound current-package admission before a manual TeamRun migration Retry completes
[22m[39mPlatform detection: Windows=false
App root directory: /Users/normy/autobyteus_org/autobyteus-worktrees/delegated-copy-member-contact-delegator/autobyteus-server-ts
App data directory: /Users/normy/autobyteus_org/autobyteus-worktrees/delegated-copy-member-contact-delegator/autobyteus-server-ts

 [32m✓[39m tests/unit/api/graphql/types/app-data-migrations.test.ts [2m([22m[2m2 tests[22m[2m)[22m[32m 21[2mms[22m[39m
[90mstdout[2m | tests/unit/agent-collaboration/collaborators/collaborator-admission.test.ts
[22m[39mAgentFactory (Singleton) initialized.

 [32m✓[39m tests/unit/agent-collaboration/collaborators/collaborator-admission.test.ts [2m([22m[2m15 tests[22m[2m)[22m[32m 16[2mms[22m[39m
 [32m✓[39m tests/unit/api/graphql/types/definition-admission.test.ts [2m([22m[2m1 test[22m[2m)[22m[32m 18[2mms[22m[39m
[90mstdout[2m | tests/unit/agent-team-execution/team-run-service.test.ts
[22m[39mAgentFactory (Singleton) initialized.

 [32m✓[39m tests/unit/agent-team-execution/team-run-service.test.ts [2m([22m[2m19 tests[22m[2m)[22m[32m 15[2mms[22m[39m
[90mstdout[2m | tests/unit/agent-team-execution/team-agent-token-usage-event-transport.test.ts
[22m[39mAgentFactory (Singleton) initialized.

 [32m✓[39m tests/unit/agent-team-execution/team-agent-token-usage-event-transport.test.ts [2m([22m[2m3 tests[22m[2m)[22m[32m 17[2mms[22m[39m
[90mstdout[2m | tests/unit/services/agent-streaming/team-execution-view-projector.test.ts
[22m[39mAgentFactory (Singleton) initialized.

 [32m✓[39m tests/unit/services/agent-streaming/team-execution-view-projector.test.ts [2m([22m[2m9 tests[22m[2m)[22m[32m 15[2mms[22m[39m
[90mstdout[2m | tests/unit/agent-org-execution/agent-org-task-publication.test.ts
[22m[39mAgentFactory (Singleton) initialized.

 [32m✓[39m tests/unit/agent-org-execution/agent-org-task-publication.test.ts [2m([22m[2m5 tests[22m[2m)[22m[32m 14[2mms[22m[39m
 [32m✓[39m tests/unit/services/agent-streaming/agent-stream-websocket-egress.test.ts [2m([22m[2m31 tests[22m[2m)[22m[32m 14[2mms[22m[39m
[90mstdout[2m | tests/unit/agent-team-execution/flat-team-member-release-independence.test.ts
[22m[39mAgentFactory (Singleton) initialized.

 [32m✓[39m tests/unit/agent-team-execution/flat-team-member-release-independence.test.ts [2m([22m[2m4 tests[22m[2m)[22m[32m 16[2mms[22m[39m
 [32m✓[39m tests/unit/agent-collaboration/root-task-execution-lifecycle.test.ts [2m([22m[2m21 tests[22m[2m)[22m[32m 15[2mms[22m[39m
[90mstdout[2m | tests/unit/agent-org-execution/agent-org-task-shutdown-event-retirement.test.ts
[22m[39mAgentFactory (Singleton) initialized.

[90mstdout[2m | tests/unit/agent-org-execution/agent-org-task-shutdown-event-retirement.test.ts[2m > [22m[2mAgentOrg mounted-Team delegated execution shutdown event retirement[2m > [22m[2mretires the child's teardown events, keeps the execution in the tree, and publishes one offline status
[22m[39mPlatform detection: Windows=false
App root directory: /Users/normy/autobyteus_org/autobyteus-worktrees/delegated-copy-member-contact-delegator/autobyteus-server-ts
App data directory: /Users/normy/autobyteus_org/autobyteus-worktrees/delegated-copy-member-contact-delegator/autobyteus-server-ts

 [32m✓[39m tests/unit/agent-org-execution/agent-org-task-shutdown-event-retirement.test.ts [2m([22m[2m1 test[22m[2m)[22m[32m 15[2mms[22m[39m
[90mstdout[2m | tests/unit/agent-collaboration/root-task-team-terminal-publication.test.ts
[22m[39mAgentFactory (Singleton) initialized.

 [32m✓[39m tests/unit/agent-collaboration/root-task-team-terminal-publication.test.ts [2m([22m[2m2 tests[22m[2m)[22m[32m 9[2mms[22m[39m
[90mstdout[2m | tests/unit/services/agent-streaming/agent-collaboration-stream-handler.test.ts
[22m[39mAgentFactory (Singleton) initialized.

 [32m✓[39m tests/unit/services/agent-streaming/agent-collaboration-stream-handler.test.ts [2m([22m[2m6 tests[22m[2m)[22m[32m 16[2mms[22m[39m
 [32m✓[39m tests/unit/agent-team-execution/team-agent-background-task-admission.test.ts [2m([22m[2m3 tests[22m[2m)[22m[32m 12[2mms[22m[39m
[90mstdout[2m | tests/unit/agent-org-execution/agent-org-run-manager-restore-self-heal.test.ts
[22m[39mAgentFactory (Singleton) initialized.

 [32m✓[39m tests/unit/agent-org-execution/agent-org-run-manager-restore-self-heal.test.ts [2m([22m[2m5 tests[22m[2m)[22m[32m 11[2mms[22m[39m
[90mstdout[2m | tests/unit/agent-team-execution/task-agent-execution-registry-memory.test.ts
[22m[39mAgentFactory (Singleton) initialized.

[90mstdout[2m | tests/unit/agent-team-execution/task-agent-execution-registry-memory.test.ts[2m > [22m[2mTaskAgentExecutionRegistry task-agent memory[2m > [22m[2mkeeps a fresh task Agent as a leaf in its containing nested TeamRun scope and releases work only after commit
[22m[39mPlatform detection: Windows=false
App root directory: /Users/normy/autobyteus_org/autobyteus-worktrees/delegated-copy-member-contact-delegator/autobyteus-server-ts
App data directory: /Users/normy/autobyteus_org/autobyteus-worktrees/delegated-copy-member-contact-delegator/autobyteus-server-ts

 [32m✓[39m tests/unit/agent-team-execution/task-agent-execution-registry-memory.test.ts [2m([22m[2m3 tests[22m[2m)[22m[32m 11[2mms[22m[39m
[90mstdout[2m | tests/unit/agent-team-execution/agent-team-run-manager-lifecycle.test.ts
[22m[39mAgentFactory (Singleton) initialized.

[90mstderr[2m | tests/unit/agent-team-execution/agent-team-run-manager-lifecycle.test.ts[2m > [22m[2mAgentTeamRunManager root lifecycle[2m > [22m[2mnever unregisters from an inactive read and isolates lifecycle listener failures
[22m[39mRootTeamRun lifecycle listener failed: Error: listener failure
    at [90m/Users/normy/autobyteus_org/autobyteus-worktrees/delegated-copy-member-contact-delegator/autobyteus-server-ts/[39mtests/unit/agent-team-execution/agent-team-run-manager-lifecycle.test.ts:131:62
    at AgentTeamRunManager.notify [90m(/Users/normy/autobyteus_org/autobyteus-worktrees/delegated-copy-member-contact-delegator/autobyteus-server-ts/[39msrc/agent-team-execution/services/agent-team-run-manager.ts:475:13[90m)[39m
    at AgentTeamRunManager.register [90m(/Users/normy/autobyteus_org/autobyteus-worktrees/delegated-copy-member-contact-delegator/autobyteus-server-ts/[39msrc/agent-team-execution/services/agent-team-run-manager.ts:446:10[90m)[39m
    at register [90m(/Users/normy/autobyteus_org/autobyteus-worktrees/delegated-copy-member-contact-delegator/autobyteus-server-ts/[39mtests/unit/agent-team-execution/agent-team-run-manager-lifecycle.test.ts:47:65[90m)[39m
    at [90m/Users/normy/autobyteus_org/autobyteus-worktrees/delegated-copy-member-contact-delegator/autobyteus-server-ts/[39mtests/unit/agent-team-execution/agent-team-run-manager-lifecycle.test.ts:134:18
    at Proxy.assertThrows (file:///Users/normy/autobyteus_org/autobyteus-worktrees/delegated-copy-member-contact-delegator/node_modules/[4m.pnpm[24m/chai@6.2.2/node_modules/[4mchai[24m/index.js:2798:5)
    at Proxy.methodWrapper (file:///Users/normy/autobyteus_org/autobyteus-worktrees/delegated-copy-member-contact-delegator/node_modules/[4m.pnpm[24m/chai@6.2.2/node_modules/[4mchai[24m/index.js:1700:25)
    at Proxy.<anonymous> (file:///Users/normy/autobyteus_org/autobyteus-worktrees/delegated-copy-member-contact-delegator/node_modules/[4m.pnpm[24m/@vitest+expect@4.0.18/node_modules/[4m@vitest/expect[24m/dist/index.js:1149:12)
    at Proxy.overwritingMethodWrapper (file:///Users/normy/autobyteus_org/autobyteus-worktrees/delegated-copy-member-contact-delegator/node_modules/[4m.pnpm[24m/chai@6.2.2/node_modules/[4mchai[24m/index.js:1750:33)
    at Proxy.<anonymous> (file:///Users/normy/autobyteus_org/autobyteus-worktrees/delegated-copy-member-contact-delegator/node_modules/[4m.pnpm[24m/@vitest+expect@4.0.18/node_modules/[4m@vitest/expect[24m/dist/index.js:1485:16)

 [32m✓[39m tests/unit/agent-team-execution/agent-team-run-manager-lifecycle.test.ts [2m([22m[2m5 tests[22m[2m)[22m[32m 10[2mms[22m[39m
[90mstdout[2m | tests/unit/agent-tools/mcp/agent-tool-mcp-catalog.test.ts
[22m[39mAgentFactory (Singleton) initialized.

[90mstdout[2m | tests/unit/agent-tools/mcp/agent-tool-mcp-catalog.test.ts[2m > [22m[2mAgentToolMcpCatalog[2m > [22m[2mresolves configured supported tools across families with browser and team availability gates
[22m[39mPlatform detection: Windows=false
App root directory: /Users/normy/autobyteus_org/autobyteus-worktrees/delegated-copy-member-contact-delegator/autobyteus-server-ts
App data directory: /Users/normy/autobyteus_org/autobyteus-worktrees/delegated-copy-member-contact-delegator/autobyteus-server-ts

[90mstderr[2m | tests/unit/agent-tools/mcp/agent-tool-mcp-catalog.test.ts[2m > [22m[2mAgentToolMcpCatalog configured MCP bridge[2m > [22m[2mkeeps built-in adapter names authoritative when a configured MCP tool collides
[22m[39mConfigured MCP tool 'send_message_to' was not exposed because it collides with a protected Agent Tools MCP adapter.

[90mstderr[2m | tests/unit/agent-tools/mcp/agent-tool-mcp-catalog.test.ts[2m > [22m[2mAgentToolMcpCatalog configured MCP bridge[2m > [22m[2mresolves configured MCP calls through a registry-backed adapter
[22m[39mTool 'FakeConfiguredMcpTool' does not define an argument schema but received arguments: {"sql":"select 1"}.

 [32m✓[39m tests/unit/agent-tools/mcp/agent-tool-mcp-catalog.test.ts [2m([22m[2m13 tests[22m[2m)[22m[32m 12[2mms[22m[39m
[90mstdout[2m | tests/unit/standalone-agent-run-root/standalone-root-collaborator-port.test.ts
[22m[39mAgentFactory (Singleton) initialized.

 [32m✓[39m tests/unit/standalone-agent-run-root/standalone-root-collaborator-port.test.ts [2m([22m[2m5 tests[22m[2m)[22m[32m 8[2mms[22m[39m
[90mstdout[2m | tests/unit/agent-tools/team-communication/send-message-to.test.ts
[22m[39mAgentFactory (Singleton) initialized.

[90mstdout[2m | tests/unit/agent-tools/team-communication/send-message-to.test.ts[2m > [22m[2mAutoByteus server-owned send_message_to[2m > [22m[2mroutes a hierarchical recipient_address through Team delivery and returns canonical JSON
[22m[39mSuccessfully registered tool definition: 'send_message_to'

 [32m✓[39m tests/unit/agent-tools/team-communication/send-message-to.test.ts [2m([22m[2m7 tests[22m[2m)[22m[32m 12[2mms[22m[39m
[90mstdout[2m | tests/unit/agent-tools/mcp/agent-tool-mcp-session-service.test.ts
[22m[39mAgentFactory (Singleton) initialized.

 [32m✓[39m tests/unit/agent-tools/mcp/agent-tool-mcp-session-service.test.ts [2m([22m[2m8 tests[22m[2m)[22m[32m 12[2mms[22m[39m
[90mstdout[2m | tests/unit/agent-org-execution/agent-org-member-scope.test.ts
[22m[39mAgentFactory (Singleton) initialized.

[90mstdout[2m | tests/unit/agent-org-execution/agent-org-member-scope.test.ts[2m > [22m[2mAgentOrg member collaboration scope (CR-001)[2m > [22m[2ma mounted Team member keeps its cross-placement Org handoffs and its Team instruction (AC-012)
[22m[39mPlatform detection: Windows=false
App root directory: /Users/normy/autobyteus_org/autobyteus-worktrees/delegated-copy-member-contact-delegator/autobyteus-server-ts
App data directory: /Users/normy/autobyteus_org/autobyteus-worktrees/delegated-copy-member-contact-delegator/autobyteus-server-ts

 [32m✓[39m tests/unit/agent-org-execution/agent-org-member-scope.test.ts [2m([22m[2m3 tests[22m[2m)[22m[32m 9[2mms[22m[39m
[90mstdout[2m | tests/unit/agent-team-execution/task-agent-execution-registry-liveness.test.ts
[22m[39mAgentFactory (Singleton) initialized.

 [32m✓[39m tests/unit/agent-team-execution/task-agent-execution-registry-liveness.test.ts [2m([22m[2m2 tests[22m[2m)[22m[32m 7[2mms[22m[39m
[90mstdout[2m | tests/unit/agent-tools/agent-discovery/list-available-agents-tool.test.ts
[22m[39mAgentFactory (Singleton) initialized.

[90mstdout[2m | tests/unit/agent-tools/agent-discovery/list-available-agents-tool.test.ts[2m > [22m[2mlist_available_agents (REQ-001/002)[2m > [22m[2mexposes actual Daily Assistant discovery through native and MCP bindings in a standalone host context
[22m[39mSuccessfully registered tool definition: 'list_available_agents'
Successfully registered tool definition: 'send_message_to'
Successfully registered tool definition: 'delegate_task'

[90mstdout[2m | tests/unit/agent-tools/agent-discovery/list-available-agents-tool.test.ts[2m > [22m[2mlist_available_agents (REQ-001/002)[2m > [22m[2mbinds the AutoByteus tool to the sender's member context, and skips it where nothing can be listed
[22m[39mSuccessfully registered tool definition: 'get_handoff_rules'

 [32m✓[39m tests/unit/agent-tools/agent-discovery/list-available-agents-tool.test.ts [2m([22m[2m8 tests[22m[2m)[22m[32m 11[2mms[22m[39m
 [32m✓[39m tests/unit/agent-org-execution/agent-org-run-service-history-order.test.ts [2m([22m[2m2 tests[22m[2m)[22m[32m 8[2mms[22m[39m
[90mstdout[2m | tests/unit/agent-tools/task-delegation/task-delegation-runtime-descriptions.test.ts
[22m[39mAgentFactory (Singleton) initialized.

 [32m✓[39m tests/unit/agent-tools/task-delegation/task-delegation-runtime-descriptions.test.ts [2m([22m[2m6 tests[22m[2m)[22m[32m 10[2mms[22m[39m
 [32m✓[39m tests/unit/agent-team-execution/flat-team-topology-planner.test.ts [2m([22m[2m9 tests[22m[2m)[22m[32m 8[2mms[22m[39m
[90mstdout[2m | tests/unit/agent-tools/team-communication/get-handoff-rules.test.ts[2m > [22m[2mget_handoff_rules[2m > [22m[2mreturns only the bound sender's ordered outgoing handoffs in canonical AutoByteus JSON
[22m[39mSuccessfully registered tool definition: 'get_handoff_rules'

 [32m✓[39m tests/unit/agent-tools/team-communication/get-handoff-rules.test.ts [2m([22m[2m5 tests[22m[2m)[22m[32m 5[2mms[22m[39m
 [32m✓[39m tests/unit/agent-team-execution/team-run-execution-tree-mutator.test.ts [2m([22m[2m5 tests[22m[2m)[22m[32m 8[2mms[22m[39m
 [32m✓[39m tests/unit/agent-tools/media/media-tool-parameter-schemas.test.ts [2m([22m[2m6 tests[22m[2m)[22m[32m 9[2mms[22m[39m
[90mstdout[2m | tests/unit/agent-tools/mcp/scoped-agent-tool-mcp-session-authority.test.ts
[22m[39mAgentFactory (Singleton) initialized.

 [32m✓[39m tests/unit/agent-tools/mcp/scoped-agent-tool-mcp-session-authority.test.ts [2m([22m[2m6 tests[22m[2m)[22m[32m 10[2mms[22m[39m
 [32m✓[39m tests/unit/agent-tools/media/media-tool-path-resolver.test.ts [2m([22m[2m8 tests[22m[2m)[22m[32m 11[2mms[22m[39m
[90mstdout[2m | tests/unit/agent-team-execution/member-team-context-builder.test.ts
[22m[39mAgentFactory (Singleton) initialized.

 [32m✓[39m tests/unit/agent-team-execution/member-team-context-builder.test.ts [2m([22m[2m4 tests[22m[2m)[22m[32m 6[2mms[22m[39m
 [32m✓[39m tests/unit/agent-collaboration/collaborators/message-recipient-resolution.test.ts [2m([22m[2m8 tests[22m[2m)[22m[32m 7[2mms[22m[39m
[90mstdout[2m | tests/unit/agent-org-execution/agent-org-command-execution-kind.test.ts
[22m[39mAgentFactory (Singleton) initialized.

[90mstdout[2m | tests/unit/agent-org-execution/agent-org-command-execution-kind.test.ts[2m > [22m[2mAgentOrgRun command execution kind[2m > [22m[2mreturns exact configured/task kind while preserving the generic result-only command surface
[22m[39mPlatform detection: Windows=false
App root directory: /Users/normy/autobyteus_org/autobyteus-worktrees/delegated-copy-member-contact-delegator/autobyteus-server-ts
App data directory: /Users/normy/autobyteus_org/autobyteus-worktrees/delegated-copy-member-contact-delegator/autobyteus-server-ts

 [32m✓[39m tests/unit/agent-org-execution/agent-org-command-execution-kind.test.ts [2m([22m[2m1 test[22m[2m)[22m[32m 7[2mms[22m[39m
[90mstdout[2m | tests/unit/agent-collaboration/configured-agent-activation-planner.test.ts
[22m[39mAgentFactory (Singleton) initialized.

 [32m✓[39m tests/unit/agent-collaboration/configured-agent-activation-planner.test.ts [2m([22m[2m6 tests[22m[2m)[22m[32m 6[2mms[22m[39m
[90mstdout[2m | tests/unit/agent-org-execution/agent-org-reference-content-service.test.ts
[22m[39mAgentFactory (Singleton) initialized.

 [32m✓[39m tests/unit/agent-org-execution/agent-org-reference-content-service.test.ts [2m([22m[2m2 tests[22m[2m)[22m[32m 6[2mms[22m[39m
 [32m✓[39m tests/unit/agent-tools/mcp/agent-tools-mcp-local-access.test.ts [2m([22m[2m16 tests[22m[2m)[22m[32m 8[2mms[22m[39m
[90mstdout[2m | tests/unit/api/graphql/types/llm-provider.test.ts
[22m[39mAgentFactory (Singleton) initialized.

 [32m✓[39m tests/unit/api/graphql/types/llm-provider.test.ts [2m([22m[2m12 tests[22m[2m)[22m[32m 8[2mms[22m[39m
 [32m✓[39m tests/unit/agent-team-execution/team-run-persistence-coordinator.test.ts [2m([22m[2m4 tests[22m[2m)[22m[32m 6[2mms[22m[39m
[90mstdout[2m | tests/unit/agent-tools/published-artifacts/publish-artifacts-tool.test.ts
[22m[39mAgentFactory (Singleton) initialized.

[90mstdout[2m | tests/unit/agent-tools/published-artifacts/publish-artifacts-tool.test.ts[2m > [22m[2mpublishArtifactsTool[2m > [22m[2mdescribes one-item artifact arrays and workspace-relative or absolute paths
[22m[39mSuccessfully registered tool definition: 'publish_artifacts'

[90mstdout[2m | tests/unit/agent-tools/published-artifacts/publish-artifacts-tool.test.ts[2m > [22m[2mpublishArtifactsTool[2m > [22m[2mpublishes one workspace file through the plural array contract
[22m[39mSuccessfully registered tool definition: 'publish_artifacts'

[90mstderr[2m | tests/unit/agent-tools/published-artifacts/publish-artifacts-tool.test.ts[2m > [22m[2mpublishArtifactsTool[2m > [22m[2mpublishes one workspace file through the plural array contract
[22m[39mOverwriting existing tool definition for name: 'publish_artifacts'

[90mstdout[2m | tests/unit/agent-tools/published-artifacts/publish-artifacts-tool.test.ts[2m > [22m[2mpublishArtifactsTool[2m > [22m[2mpublishes multiple workspace files in the requested order
[22m[39mSuccessfully registered tool definition: 'publish_artifacts'

[90mstderr[2m | tests/unit/agent-tools/published-artifacts/publish-artifacts-tool.test.ts[2m > [22m[2mpublishArtifactsTool[2m > [22m[2mpublishes multiple workspace files in the requested order
[22m[39mOverwriting existing tool definition for name: 'publish_artifacts'

[90mstdout[2m | tests/unit/agent-tools/published-artifacts/publish-artifacts-tool.test.ts[2m > [22m[2mpublishArtifactsTool[2m > [22m[2mrejects the old top-level single-file payload before publishing
[22m[39mSuccessfully registered tool definition: 'publish_artifacts'

[90mstderr[2m | tests/unit/agent-tools/published-artifacts/publish-artifacts-tool.test.ts[2m > [22m[2mpublishArtifactsTool[2m > [22m[2mrejects the old top-level single-file payload before publishing
[22m[39mOverwriting existing tool definition for name: 'publish_artifacts'
Invalid arguments for tool 'publish_artifacts': Required parameter 'artifacts' is missing.

[90mstdout[2m | tests/unit/agent-tools/published-artifacts/publish-artifacts-tool.test.ts[2m > [22m[2mpublishArtifactsTool[2m > [22m[2mrejects removed rich artifact fields at the item boundary
[22m[39mSuccessfully registered tool definition: 'publish_artifacts'

[90mstderr[2m | tests/unit/agent-tools/published-artifacts/publish-artifacts-tool.test.ts[2m > [22m[2mpublishArtifactsTool[2m > [22m[2mrejects removed rich artifact fields at the item boundary
[22m[39mOverwriting existing tool definition for name: 'publish_artifacts'

[90mstdout[2m | tests/unit/agent-tools/published-artifacts/publish-artifacts-tool.test.ts[2m > [22m[2mpublishArtifactsTool[2m > [22m[2mrequires an agent runtime context
[22m[39mSuccessfully registered tool definition: 'publish_artifacts'

[90mstderr[2m | tests/unit/agent-tools/published-artifacts/publish-artifacts-tool.test.ts[2m > [22m[2mpublishArtifactsTool[2m > [22m[2mrequires an agent runtime context
[22m[39mOverwriting existing tool definition for name: 'publish_artifacts'

[90mstdout[2m | tests/unit/agent-tools/published-artifacts/publish-artifacts-tool.test.ts[2m > [22m[2mpublishArtifactsTool[2m > [22m[2muses the team-member runtime fallback context when publishing from an AutoByteus team member
[22m[39mSuccessfully registered tool definition: 'publish_artifacts'

[90mstderr[2m | tests/unit/agent-tools/published-artifacts/publish-artifacts-tool.test.ts[2m > [22m[2mpublishArtifactsTool[2m > [22m[2muses the team-member runtime fallback context when publishing from an AutoByteus team member
[22m[39mOverwriting existing tool definition for name: 'publish_artifacts'

 [32m✓[39m tests/unit/agent-tools/published-artifacts/publish-artifacts-tool.test.ts [2m([22m[2m7 tests[22m[2m)[22m[32m 8[2mms[22m[39m
 [32m✓[39m tests/unit/agent-team-execution/team-run-physical-scope.test.ts [2m([22m[2m4 tests[22m[2m)[22m[32m 6[2mms[22m[39m
 [32m✓[39m tests/unit/agent-tools/browser/browser-bridge-client.test.ts [2m([22m[2m5 tests[22m[2m)[22m[32m 6[2mms[22m[39m
[90mstdout[2m | tests/unit/agent-tools/media/register-media-tools.test.ts
[22m[39mAgentFactory (Singleton) initialized.

[90mstdout[2m | tests/unit/agent-tools/media/register-media-tools.test.ts[2m > [22m[2mregisterMediaTools[2m > [22m[2mregisters server-owned media local tools without duplicate overwrite ownership
[22m[39mPlatform detection: Windows=false
App root directory: /Users/normy/autobyteus_org/autobyteus-worktrees/delegated-copy-member-contact-delegator/autobyteus-server-ts
App data directory: /Users/normy/autobyteus_org/autobyteus-worktrees/delegated-copy-member-contact-delegator/autobyteus-server-ts
Successfully registered tool definition: 'generate_image'
Successfully registered tool definition: 'edit_image'
Successfully registered tool definition: 'generate_speech'
Successfully registered tool definition: 'generate_video'

[90mstdout[2m | tests/unit/agent-tools/media/register-media-tools.test.ts[2m > [22m[2mregisterMediaTools[2m > [22m[2mregisters server-owned media local tools without duplicate overwrite ownership
[22m[39mSuccessfully unregistered tool definition: 'generate_image'
Successfully unregistered tool definition: 'edit_image'
Successfully unregistered tool definition: 'generate_speech'
Successfully unregistered tool definition: 'generate_video'

[90mstdout[2m | tests/unit/agent-tools/media/register-media-tools.test.ts[2m > [22m[2mregisterMediaTools[2m > [22m[2mreloads cached schemas for registered media tools without touching unrelated tools
[22m[39mSuccessfully registered tool definition: 'generate_image'
Successfully registered tool definition: 'edit_image'
Successfully registered tool definition: 'generate_speech'
Successfully registered tool definition: 'generate_video'
Successfully registered tool definition: 'not_media_schema_reload_probe'

[90mstdout[2m | tests/unit/agent-tools/media/register-media-tools.test.ts[2m > [22m[2mregisterMediaTools[2m > [22m[2mreloads cached schemas for registered media tools without touching unrelated tools
[22m[39mSuccessfully unregistered tool definition: 'generate_image'
Successfully unregistered tool definition: 'edit_image'
Successfully unregistered tool definition: 'generate_speech'
Successfully unregistered tool definition: 'generate_video'
Successfully unregistered tool definition: 'not_media_schema_reload_probe'

 [32m✓[39m tests/unit/agent-tools/media/register-media-tools.test.ts [2m([22m[2m2 tests[22m[2m)[22m[32m 8[2mms[22m[39m
[90mstdout[2m | tests/unit/agent-team-execution/team-agent-file-change-admission.test.ts
[22m[39mAgentFactory (Singleton) initialized.

 [32m✓[39m tests/unit/agent-team-execution/team-agent-file-change-admission.test.ts [2m([22m[2m1 test[22m[2m)[22m[32m 9[2mms[22m[39m
[90mstdout[2m | tests/unit/services/agent-streaming/agent-session-manager.test.ts[2m > [22m[2mAgentSessionManager[2m > [22m[2mcreates sessions successfully
[22m[39mCreated agent session s1 for run agent-123

[90mstdout[2m | tests/unit/services/agent-streaming/agent-session-manager.test.ts[2m > [22m[2mAgentSessionManager[2m > [22m[2mthrows when creating a duplicate session
[22m[39mCreated agent session s1 for run agent-123

[90mstdout[2m | tests/unit/services/agent-streaming/agent-session-manager.test.ts[2m > [22m[2mAgentSessionManager[2m > [22m[2mallows multiple sessions for the same agent
[22m[39mCreated agent session s1 for run agent-123
Created agent session s2 for run agent-123

[90mstdout[2m | tests/unit/services/agent-streaming/agent-session-manager.test.ts[2m > [22m[2mAgentSessionManager[2m > [22m[2mretrieves sessions by ID
[22m[39mCreated agent session s1 for run agent-123

[90mstdout[2m | tests/unit/services/agent-streaming/agent-session-manager.test.ts[2m > [22m[2mAgentSessionManager[2m > [22m[2mretrieves sessions for an agent
[22m[39mCreated agent session s1 for run agent-1
Created agent session s2 for run agent-1
Created agent session s3 for run agent-2

[90mstdout[2m | tests/unit/services/agent-streaming/agent-session-manager.test.ts[2m > [22m[2mAgentSessionManager[2m > [22m[2mcloses sessions and removes them
[22m[39mCreated agent session s1 for run agent-123
Closed agent session s1

[90mstdout[2m | tests/unit/services/agent-streaming/agent-session-manager.test.ts[2m > [22m[2mAgentSessionManager[2m > [22m[2mcloses all sessions for an agent
[22m[39mCreated agent session s1 for run agent-1
Created agent session s2 for run agent-1
Created agent session s3 for run agent-2
Closed agent session s1
Closed agent session s2

[90mstdout[2m | tests/unit/services/agent-streaming/agent-session-manager.test.ts[2m > [22m[2mAgentSessionManager[2m > [22m[2mcloses all sessions
[22m[39mCreated agent session s1 for run agent-1
Created agent session s2 for run agent-2
Closed agent session s1
Closed agent session s2

[90mstdout[2m | tests/unit/services/agent-streaming/agent-session-manager.test.ts[2m > [22m[2mAgentSessionManager[2m > [22m[2mlists active sessions
[22m[39mCreated agent session s1 for run agent-1
Created agent session s2 for run agent-2

 [32m✓[39m tests/unit/services/agent-streaming/agent-session-manager.test.ts [2m([22m[2m11 tests[22m[2m)[22m[32m 7[2mms[22m[39m
 [32m✓[39m tests/unit/services/agent-streaming/agent-collaboration-task-lifetime-projection.test.ts [2m([22m[2m2 tests[22m[2m)[22m[32m 7[2mms[22m[39m
 [32m✓[39m tests/unit/agent-tools/task-delegation/task-delegation-work-source.test.ts [2m([22m[2m16 tests[22m[2m)[22m[32m 7[2mms[22m[39m
 [32m✓[39m tests/unit/agent-org-execution/agent-org-run-config-options.test.ts [2m([22m[2m1 test[22m[2m)[22m[32m 5[2mms[22m[39m
[90mstdout[2m | tests/unit/agent-team-execution/agent-team-run-manager-restore-self-heal.test.ts
[22m[39mAgentFactory (Singleton) initialized.

 [32m✓[39m tests/unit/agent-team-execution/agent-team-run-manager-restore-self-heal.test.ts [2m([22m[2m3 tests[22m[2m)[22m[32m 5[2mms[22m[39m
[90mstdout[2m | tests/unit/agent-team-execution/flat-team-execution-factory.test.ts
[22m[39mAgentFactory (Singleton) initialized.

 [32m✓[39m tests/unit/agent-team-execution/flat-team-execution-factory.test.ts [2m([22m[2m4 tests[22m[2m)[22m[32m 5[2mms[22m[39m
 [32m✓[39m tests/unit/agent-team-execution/team-run.test.ts [2m([22m[2m3 tests[22m[2m)[22m[32m 5[2mms[22m[39m
 [32m✓[39m tests/unit/agent-team-execution/member-collaboration-instruction-provider-parity.test.ts [2m([22m[2m2 tests[22m[2m)[22m[32m 5[2mms[22m[39m
 [32m✓[39m tests/unit/agent-team-execution/agent-team-collaboration-llm-contract.test.ts [2m([22m[2m6 tests[22m[2m)[22m[32m 5[2mms[22m[39m
[90mstderr[2m | tests/unit/agent-team-execution/send-message-to-tool-argument-parser.test.ts[2m > [22m[2msend-message-to-tool-argument-parser[2m > [22m[2mfails malformed reference_files before delivery
[22m[39m[agent-communication] invalid reference_files validation toolName=send_message_to index=0 reason=path must be absolute

[90mstderr[2m | tests/unit/agent-team-execution/send-message-to-tool-argument-parser.test.ts[2m > [22m[2msend-message-to-tool-argument-parser[2m > [22m[2mrejects absolute-looking reference_files containing URL protocol markers before delivery
[22m[39m[agent-communication] invalid reference_files validation toolName=send_message_to index=0 reason=path must be a local filesystem path, not a URL or protocol path

 [32m✓[39m tests/unit/agent-team-execution/send-message-to-tool-argument-parser.test.ts [2m([22m[2m6 tests[22m[2m)[22m[32m 5[2mms[22m[39m
 [32m✓[39m tests/unit/api/graphql/studio-application-api-services.test.ts [2m([22m[2m14 tests[22m[2m)[22m[32m 6[2mms[22m[39m
 [32m✓[39m tests/unit/agent-team-execution/team-run-config-localization.test.ts [2m([22m[2m4 tests[22m[2m)[22m[32m 5[2mms[22m[39m
 [32m✓[39m tests/unit/agent-collaboration/frozen-root-termination-scope.test.ts [2m([22m[2m2 tests[22m[2m)[22m[32m 5[2mms[22m[39m
[90mstdout[2m | tests/unit/agent-tools/agent-management/update-agent-definition.test.ts
[22m[39mAgentFactory (Singleton) initialized.

[90mstdout[2m | tests/unit/agent-tools/agent-management/update-agent-definition.test.ts[2m > [22m[2mupdateAgentDefinitionTool[2m > [22m[2mupdates an agent definition with parsed lists
[22m[39mSuccessfully registered tool definition: 'update_agent_definition'

[90mstdout[2m | tests/unit/agent-tools/agent-management/update-agent-definition.test.ts[2m > [22m[2mupdateAgentDefinitionTool[2m > [22m[2mupdates an agent definition with parsed lists
[22m[39mupdate_agent_definition tool invoked by agent run test-agent for ID '1'.

[90mstdout[2m | tests/unit/agent-tools/agent-management/update-agent-definition.test.ts[2m > [22m[2mupdateAgentDefinitionTool[2m > [22m[2mupdates an agent definition with parsed lists
[22m[39mAgent definition with ID 1 updated successfully.

[90mstdout[2m | tests/unit/agent-tools/agent-management/update-agent-definition.test.ts[2m > [22m[2mupdateAgentDefinitionTool[2m > [22m[2mthrows when no update fields are provided
[22m[39mupdate_agent_definition tool invoked by agent run test-agent for ID '1'.

[90mstdout[2m | tests/unit/agent-tools/agent-management/update-agent-definition.test.ts[2m > [22m[2mupdateAgentDefinitionTool[2m > [22m[2mpropagates service errors
[22m[39mupdate_agent_definition tool invoked by agent run test-agent for ID '99'.

[90mstderr[2m | tests/unit/agent-tools/agent-management/update-agent-definition.test.ts[2m > [22m[2mupdateAgentDefinitionTool[2m > [22m[2mpropagates service errors
[22m[39mError updating agent definition ID '99': Definition not found

 [32m✓[39m tests/unit/agent-tools/agent-management/update-agent-definition.test.ts [2m([22m[2m3 tests[22m[2m)[22m[32m 6[2mms[22m[39m
 [32m✓[39m tests/unit/agent-team-execution/inter-agent-message-runtime-builders.test.ts [2m([22m[2m4 tests[22m[2m)[22m[32m 4[2mms[22m[39m
[90mstdout[2m | tests/unit/agent-tools/agent-team-management/update-agent-team-definition.test.ts
[22m[39mAgentFactory (Singleton) initialized.

[90mstdout[2m | tests/unit/agent-tools/agent-team-management/update-agent-team-definition.test.ts[2m > [22m[2mupdateAgentTeamDefinitionTool[2m > [22m[2mupdates a team definition
[22m[39mSuccessfully registered tool definition: 'update_agent_team_definition'

[90mstdout[2m | tests/unit/agent-tools/agent-team-management/update-agent-team-definition.test.ts[2m > [22m[2mupdateAgentTeamDefinitionTool[2m > [22m[2mupdates a team definition
[22m[39mupdate_agent_team_definition tool invoked by agent run test-agent for ID '1'.

[90mstdout[2m | tests/unit/agent-tools/agent-team-management/update-agent-team-definition.test.ts[2m > [22m[2mupdateAgentTeamDefinitionTool[2m > [22m[2mupdates a team definition
[22m[39mAgent team definition with ID 1 updated successfully.

[90mstdout[2m | tests/unit/agent-tools/agent-team-management/update-agent-team-definition.test.ts[2m > [22m[2mupdateAgentTeamDefinitionTool[2m > [22m[2mthrows when no update fields are provided
[22m[39mupdate_agent_team_definition tool invoked by agent run test-agent for ID '1'.

[90mstdout[2m | tests/unit/agent-tools/agent-team-management/update-agent-team-definition.test.ts[2m > [22m[2mupdateAgentTeamDefinitionTool[2m > [22m[2mpropagates service errors
[22m[39mupdate_agent_team_definition tool invoked by agent run test-agent for ID '99'.

[90mstderr[2m | tests/unit/agent-tools/agent-team-management/update-agent-team-definition.test.ts[2m > [22m[2mupdateAgentTeamDefinitionTool[2m > [22m[2mpropagates service errors
[22m[39mAn unexpected error occurred while updating agent team definition ID '99': Definition not found

 [32m✓[39m tests/unit/agent-tools/agent-team-management/update-agent-team-definition.test.ts [2m([22m[2m3 tests[22m[2m)[22m[32m 6[2mms[22m[39m
[90mstdout[2m | tests/unit/agent-tools/agent-management/delete-agent-definition.test.ts
[22m[39mAgentFactory (Singleton) initialized.

[90mstdout[2m | tests/unit/agent-tools/agent-management/delete-agent-definition.test.ts[2m > [22m[2mdeleteAgentDefinitionTool[2m > [22m[2mreturns confirmation on success
[22m[39mSuccessfully registered tool definition: 'delete_agent_definition'

[90mstdout[2m | tests/unit/agent-tools/agent-management/delete-agent-definition.test.ts[2m > [22m[2mdeleteAgentDefinitionTool[2m > [22m[2mreturns confirmation on success
[22m[39mdelete_agent_definition tool invoked by agent run test-agent for ID '1'.

[90mstdout[2m | tests/unit/agent-tools/agent-management/delete-agent-definition.test.ts[2m > [22m[2mdeleteAgentDefinitionTool[2m > [22m[2mreturns confirmation on success
[22m[39mAgent definition with ID 1 deleted successfully.

[90mstdout[2m | tests/unit/agent-tools/agent-management/delete-agent-definition.test.ts[2m > [22m[2mdeleteAgentDefinitionTool[2m > [22m[2mreturns message when deletion fails
[22m[39mdelete_agent_definition tool invoked by agent run test-agent for ID '1'.

[90mstderr[2m | tests/unit/agent-tools/agent-management/delete-agent-definition.test.ts[2m > [22m[2mdeleteAgentDefinitionTool[2m > [22m[2mreturns message when deletion fails
[22m[39mAgent definition with ID 1 could not be deleted.

[90mstdout[2m | tests/unit/agent-tools/agent-management/delete-agent-definition.test.ts[2m > [22m[2mdeleteAgentDefinitionTool[2m > [22m[2mpropagates service errors
[22m[39mdelete_agent_definition tool invoked by agent run test-agent for ID '1'.

[90mstderr[2m | tests/unit/agent-tools/agent-management/delete-agent-definition.test.ts[2m > [22m[2mdeleteAgentDefinitionTool[2m > [22m[2mpropagates service errors
[22m[39mError deleting agent definition ID '1': Definition not found

 [32m✓[39m tests/unit/agent-tools/agent-management/delete-agent-definition.test.ts [2m([22m[2m3 tests[22m[2m)[22m[32m 5[2mms[22m[39m
 [32m✓[39m tests/unit/agent-team-execution/task-delegation/task-execution-identity-capabilities.test.ts [2m([22m[2m4 tests[22m[2m)[22m[32m 5[2mms[22m[39m
 [32m✓[39m tests/unit/agent-team-execution/team-system-instruction-admission.test.ts [2m([22m[2m2 tests[22m[2m)[22m[32m 4[2mms[22m[39m
 [32m✓[39m tests/unit/agent-collaboration/collaborators/catalog-address-map.test.ts [2m([22m[2m6 tests[22m[2m)[22m[32m 4[2mms[22m[39m
 [32m✓[39m tests/unit/api/graphql/types/projects.test.ts [2m([22m[2m6 tests[22m[2m)[22m[32m 6[2mms[22m[39m
 [32m✓[39m tests/unit/api/graphql/types/team-run-history.test.ts [2m([22m[2m4 tests[22m[2m)[22m[32m 5[2mms[22m[39m
[90mstdout[2m | tests/unit/agent-tools/agent-team-management/create-agent-team-definition.test.ts
[22m[39mAgentFactory (Singleton) initialized.

[90mstdout[2m | tests/unit/agent-tools/agent-team-management/create-agent-team-definition.test.ts[2m > [22m[2mcreateAgentTeamDefinitionTool[2m > [22m[2mcreates a team definition and returns success message
[22m[39mSuccessfully registered tool definition: 'create_agent_team_definition'

[90mstdout[2m | tests/unit/agent-tools/agent-team-management/create-agent-team-definition.test.ts[2m > [22m[2mcreateAgentTeamDefinitionTool[2m > [22m[2mcreates a team definition and returns success message
[22m[39mcreate_agent_team_definition tool invoked by agent run test-agent for team name 'TestTeam'.

[90mstdout[2m | tests/unit/agent-tools/agent-team-management/create-agent-team-definition.test.ts[2m > [22m[2mcreateAgentTeamDefinitionTool[2m > [22m[2mcreates a team definition and returns success message
[22m[39mAgent team definition 'TestTeam' created successfully with ID: 456.

[90mstdout[2m | tests/unit/agent-tools/agent-team-management/create-agent-team-definition.test.ts[2m > [22m[2mcreateAgentTeamDefinitionTool[2m > [22m[2mthrows on invalid JSON
[22m[39mcreate_agent_team_definition tool invoked by agent run test-agent for team name 'TestTeam'.

[90mstderr[2m | tests/unit/agent-tools/agent-team-management/create-agent-team-definition.test.ts[2m > [22m[2mcreateAgentTeamDefinitionTool[2m > [22m[2mthrows on invalid JSON
[22m[39mError creating agent team definition 'TestTeam' due to invalid input: Unexpected token 'h', "this is not json" is not valid JSON

 [32m✓[39m tests/unit/agent-tools/agent-team-management/create-agent-team-definition.test.ts [2m([22m[2m2 tests[22m[2m)[22m[32m 5[2mms[22m[39m
[90mstdout[2m | tests/unit/api/graphql/types/agent-run.test.ts[2m > [22m[2mAgentRunResolver[2m > [22m[2mroutes tool approval through the live AgentRun subject
[22m[39mReceived tool invocation approval request for agent run 'run-native-1', invocation 'tool-1', approved: true

[90mstdout[2m | tests/unit/api/graphql/types/agent-run.test.ts[2m > [22m[2mAgentRunResolver[2m > [22m[2mroutes tool approval through the live AgentRun subject
[22m[39mSuccessfully posted tool execution approval for agent run 'run-native-1', invocation 'tool-1'.

 [32m✓[39m tests/unit/api/graphql/types/agent-run.test.ts [2m([22m[2m3 tests[22m[2m)[22m[32m 5[2mms[22m[39m
[90mstdout[2m | tests/unit/agent-tools/agent-team-management/delete-agent-team-definition.test.ts
[22m[39mAgentFactory (Singleton) initialized.

[90mstdout[2m | tests/unit/agent-tools/agent-team-management/delete-agent-team-definition.test.ts[2m > [22m[2mdeleteAgentTeamDefinitionTool[2m > [22m[2mreturns confirmation on success
[22m[39mSuccessfully registered tool definition: 'delete_agent_team_definition'

[90mstdout[2m | tests/unit/agent-tools/agent-team-management/delete-agent-team-definition.test.ts[2m > [22m[2mdeleteAgentTeamDefinitionTool[2m > [22m[2mreturns confirmation on success
[22m[39mdelete_agent_team_definition tool invoked by agent run test-agent for ID '1'.

[90mstdout[2m | tests/unit/agent-tools/agent-team-management/delete-agent-team-definition.test.ts[2m > [22m[2mdeleteAgentTeamDefinitionTool[2m > [22m[2mreturns confirmation on success
[22m[39mAgent team definition with ID 1 deleted successfully.

[90mstdout[2m | tests/unit/agent-tools/agent-team-management/delete-agent-team-definition.test.ts[2m > [22m[2mdeleteAgentTeamDefinitionTool[2m > [22m[2mreturns message when deletion fails
[22m[39mdelete_agent_team_definition tool invoked by agent run test-agent for ID '1'.

[90mstderr[2m | tests/unit/agent-tools/agent-team-management/delete-agent-team-definition.test.ts[2m > [22m[2mdeleteAgentTeamDefinitionTool[2m > [22m[2mreturns message when deletion fails
[22m[39mAgent team definition with ID 1 could not be deleted.

[90mstdout[2m | tests/unit/agent-tools/agent-team-management/delete-agent-team-definition.test.ts[2m > [22m[2mdeleteAgentTeamDefinitionTool[2m > [22m[2mpropagates service errors
[22m[39mdelete_agent_team_definition tool invoked by agent run test-agent for ID '1'.

[90mstderr[2m | tests/unit/agent-tools/agent-team-management/delete-agent-team-definition.test.ts[2m > [22m[2mdeleteAgentTeamDefinitionTool[2m > [22m[2mpropagates service errors
[22m[39mError deleting agent team definition ID '1': Definition not found

 [32m✓[39m tests/unit/agent-tools/agent-team-management/delete-agent-team-definition.test.ts [2m([22m[2m3 tests[22m[2m)[22m[32m 5[2mms[22m[39m
[90mstdout[2m | tests/unit/agent-tools/agent-management/list-agent-definitions.test.ts
[22m[39mAgentFactory (Singleton) initialized.

[90mstdout[2m | tests/unit/agent-tools/agent-management/list-agent-definitions.test.ts[2m > [22m[2mlistAgentDefinitionsTool[2m > [22m[2mreturns JSON list of agent definitions
[22m[39mSuccessfully registered tool definition: 'list_agent_definitions'

[90mstdout[2m | tests/unit/agent-tools/agent-management/list-agent-definitions.test.ts[2m > [22m[2mlistAgentDefinitionsTool[2m > [22m[2mreturns JSON list of agent definitions
[22m[39mlist_agent_definitions tool invoked by agent run test-agent.

[90mstdout[2m | tests/unit/agent-tools/agent-management/list-agent-definitions.test.ts[2m > [22m[2mlistAgentDefinitionsTool[2m > [22m[2mreturns empty array string when no definitions exist
[22m[39mlist_agent_definitions tool invoked by agent run test-agent.

 [32m✓[39m tests/unit/agent-tools/agent-management/list-agent-definitions.test.ts [2m([22m[2m2 tests[22m[2m)[22m[32m 4[2mms[22m[39m
[90mstdout[2m | tests/unit/agent-tools/agent-management/create-agent-definition.test.ts
[22m[39mAgentFactory (Singleton) initialized.

[90mstdout[2m | tests/unit/agent-tools/agent-management/create-agent-definition.test.ts[2m > [22m[2mcreateAgentDefinitionTool[2m > [22m[2mcreates an agent definition and passes parsed lists
[22m[39mSuccessfully registered tool definition: 'create_agent_definition'

[90mstdout[2m | tests/unit/agent-tools/agent-management/create-agent-definition.test.ts[2m > [22m[2mcreateAgentDefinitionTool[2m > [22m[2mcreates an agent definition and passes parsed lists
[22m[39mcreate_agent_definition tool invoked by agent run test-agent for agent name 'TestAgent'.

[90mstdout[2m | tests/unit/agent-tools/agent-management/create-agent-definition.test.ts[2m > [22m[2mcreateAgentDefinitionTool[2m > [22m[2mcreates an agent definition and passes parsed lists
[22m[39mAgent definition 'TestAgent' created successfully with ID: 123.

[90mstdout[2m | tests/unit/agent-tools/agent-management/create-agent-definition.test.ts[2m > [22m[2mcreateAgentDefinitionTool[2m > [22m[2mpropagates service errors
[22m[39mcreate_agent_definition tool invoked by agent run test-agent for agent name 'TestAgent'.

[90mstderr[2m | tests/unit/agent-tools/agent-management/create-agent-definition.test.ts[2m > [22m[2mcreateAgentDefinitionTool[2m > [22m[2mpropagates service errors
[22m[39mError creating agent definition 'TestAgent': Prompt does not exist

 [32m✓[39m tests/unit/agent-tools/agent-management/create-agent-definition.test.ts [2m([22m[2m2 tests[22m[2m)[22m[32m 5[2mms[22m[39m
 [32m✓[39m tests/unit/agent-tools/browser/browser-mcp-result-normalizer.test.ts [2m([22m[2m7 tests[22m[2m)[22m[32m 5[2mms[22m[39m
 [32m✓[39m tests/unit/api/graphql/types/server-settings.test.ts [2m([22m[2m7 tests[22m[2m)[22m[32m 5[2mms[22m[39m
 [32m✓[39m tests/unit/agent-collaboration/root-task-execution-command-queue.test.ts [2m([22m[2m3 tests[22m[2m)[22m[32m 4[2mms[22m[39m
[90mstdout[2m | tests/unit/agent-tools/agent-management/get-agent-definition.test.ts
[22m[39mAgentFactory (Singleton) initialized.

[90mstdout[2m | tests/unit/agent-tools/agent-management/get-agent-definition.test.ts[2m > [22m[2mgetAgentDefinitionTool[2m > [22m[2mreturns JSON for an agent definition
[22m[39mSuccessfully registered tool definition: 'get_agent_definition'

[90mstdout[2m | tests/unit/agent-tools/agent-management/get-agent-definition.test.ts[2m > [22m[2mgetAgentDefinitionTool[2m > [22m[2mreturns JSON for an agent definition
[22m[39mget_agent_definition tool invoked by agent run test-agent for ID '1'.

[90mstdout[2m | tests/unit/agent-tools/agent-management/get-agent-definition.test.ts[2m > [22m[2mgetAgentDefinitionTool[2m > [22m[2mthrows when the definition is not found
[22m[39mget_agent_definition tool invoked by agent run test-agent for ID '99'.

[90mstderr[2m | tests/unit/agent-tools/agent-management/get-agent-definition.test.ts[2m > [22m[2mgetAgentDefinitionTool[2m > [22m[2mthrows when the definition is not found
[22m[39mError getting agent definition ID '99': Agent definition with ID 99 not found.

 [32m✓[39m tests/unit/agent-tools/agent-management/get-agent-definition.test.ts [2m([22m[2m2 tests[22m[2m)[22m[32m 5[2mms[22m[39m
[90mstdout[2m | tests/unit/agent-tools/agent-team-management/get-agent-team-definition.test.ts
[22m[39mAgentFactory (Singleton) initialized.

[90mstdout[2m | tests/unit/agent-tools/agent-team-management/get-agent-team-definition.test.ts[2m > [22m[2mgetAgentTeamDefinitionTool[2m > [22m[2mreturns a JSON representation of a team definition
[22m[39mSuccessfully registered tool definition: 'get_agent_team_definition'

[90mstdout[2m | tests/unit/agent-tools/agent-team-management/get-agent-team-definition.test.ts[2m > [22m[2mgetAgentTeamDefinitionTool[2m > [22m[2mreturns a JSON representation of a team definition
[22m[39mget_agent_team_definition tool invoked by agent run test-agent for ID '1'.

[90mstdout[2m | tests/unit/agent-tools/agent-team-management/get-agent-team-definition.test.ts[2m > [22m[2mgetAgentTeamDefinitionTool[2m > [22m[2mthrows when the definition is not found
[22m[39mget_agent_team_definition tool invoked by agent run test-agent for ID '99'.

[90mstderr[2m | tests/unit/agent-tools/agent-team-management/get-agent-team-definition.test.ts[2m > [22m[2mgetAgentTeamDefinitionTool[2m > [22m[2mthrows when the definition is not found
[22m[39mError getting agent team definition ID '99': Agent team definition with ID 99 not found.

 [32m✓[39m tests/unit/agent-tools/agent-team-management/get-agent-team-definition.test.ts [2m([22m[2m2 tests[22m[2m)[22m[32m 4[2mms[22m[39m
 [32m✓[39m tests/unit/agent-tools/mcp/mcp-effective-tool-result-projector.test.ts [2m([22m[2m10 tests[22m[2m)[22m[32m 5[2mms[22m[39m
 [32m✓[39m tests/unit/agent-collaboration/execution/root-communication-runtime-builder.test.ts [2m([22m[2m4 tests[22m[2m)[22m[32m 4[2mms[22m[39m
 [32m✓[39m tests/unit/agent-tools/browser/browser-tool-input-parsers.test.ts [2m([22m[2m8 tests[22m[2m)[22m[32m 4[2mms[22m[39m
 [32m✓[39m tests/unit/agent-team-execution/team-run-model-config-mutator.test.ts [2m([22m[2m2 tests[22m[2m)[22m[32m 3[2mms[22m[39m
 [32m✓[39m tests/unit/agent-team-execution/inter-agent-message-delivery-intent-builder.test.ts [2m([22m[2m1 test[22m[2m)[22m[32m 3[2mms[22m[39m
 [32m✓[39m tests/unit/agent-team-execution/team-command-start-status.test.ts [2m([22m[2m3 tests[22m[2m)[22m[32m 3[2mms[22m[39m
 [32m✓[39m tests/unit/services/agent-streaming/agent-run-event-message-mapper.test.ts [2m([22m[2m7 tests[22m[2m)[22m[32m 4[2mms[22m[39m
 [32m✓[39m tests/unit/agent-tools/mcp/agent-tool-mcp-run-session-id.test.ts [2m([22m[2m4 tests[22m[2m)[22m[32m 4[2mms[22m[39m
 [32m✓[39m tests/unit/agent-collaboration/collaboration-logical-address.test.ts [2m([22m[2m2 tests[22m[2m)[22m[32m 3[2mms[22m[39m
 [32m✓[39m tests/unit/services/agent-streaming/payload-serialization.test.ts [2m([22m[2m4 tests[22m[2m)[22m[32m 4[2mms[22m[39m
 [32m✓[39m tests/unit/agent-tools/media/media-tool-input-parsers.test.ts [2m([22m[2m5 tests[22m[2m)[22m[32m 3[2mms[22m[39m
 [32m✓[39m tests/unit/agent-collaboration/execution/member-instance-scope.test.ts [2m([22m[2m3 tests[22m[2m)[22m[32m 3[2mms[22m[39m
 [32m✓[39m tests/unit/agent-tools/media/media-tool-model-resolver.test.ts [2m([22m[2m2 tests[22m[2m)[22m[32m 4[2mms[22m[39m
[90mstdout[2m | tests/unit/api/graphql/converters/workspace-converter.test.ts[2m > [22m[2mWorkspaceConverter[2m > [22m[2mmaps a regular workspace's metadata with isTemp false
[22m[39mCreated metadata-only FileSystemWorkspace at /path/to/ws.

[90mstdout[2m | tests/unit/api/graphql/converters/workspace-converter.test.ts[2m > [22m[2mWorkspaceConverter[2m > [22m[2mmaps the temp workspace with its fixed id and isTemp true
[22m[39mCreated metadata-only FileSystemWorkspace at /path/to/temp.
Initialized TempWorkspace at /path/to/temp with fixed ID 'temp_ws_default'

 [32m✓[39m tests/unit/api/graphql/converters/workspace-converter.test.ts [2m([22m[2m2 tests[22m[2m)[22m[32m 3[2mms[22m[39m
 [32m✓[39m tests/unit/agent-tools/browser/browser-tool-semantic-validators.test.ts [2m([22m[2m4 tests[22m[2m)[22m[32m 5[2mms[22m[39m
 [32m✓[39m tests/unit/agent-team-execution/inter-agent-message-delivery.test.ts [2m([22m[2m2 tests[22m[2m)[22m[32m 3[2mms[22m[39m
[90mstdout[2m | tests/unit/agent-tools/agent-team-management/list-agent-team-definitions.test.ts
[22m[39mAgentFactory (Singleton) initialized.

[90mstdout[2m | tests/unit/agent-tools/agent-team-management/list-agent-team-definitions.test.ts[2m > [22m[2mlistAgentTeamDefinitionsTool[2m > [22m[2mreturns JSON list of team definitions
[22m[39mSuccessfully registered tool definition: 'list_agent_team_definitions'

[90mstdout[2m | tests/unit/agent-tools/agent-team-management/list-agent-team-definitions.test.ts[2m > [22m[2mlistAgentTeamDefinitionsTool[2m > [22m[2mreturns JSON list of team definitions
[22m[39mlist_agent_team_definitions tool invoked by agent run test-agent.

[90mstdout[2m | tests/unit/agent-tools/agent-team-management/list-agent-team-definitions.test.ts[2m > [22m[2mlistAgentTeamDefinitionsTool[2m > [22m[2mreturns empty array string when no definitions exist
[22m[39mlist_agent_team_definitions tool invoked by agent run test-agent.

 [32m✓[39m tests/unit/agent-tools/agent-team-management/list-agent-team-definitions.test.ts [2m([22m[2m2 tests[22m[2m)[22m[32m 4[2mms[22m[39m
 [32m✓[39m tests/unit/api/graphql/errors/skill-name-conflict-graphql-error.test.ts [2m([22m[2m2 tests[22m[2m)[22m[32m 3[2mms[22m[39m
 [32m✓[39m tests/unit/services/agent-streaming/agent-stream-broadcaster.test.ts [2m([22m[2m2 tests[22m[2m)[22m[32m 3[2mms[22m[39m
 [32m✓[39m tests/unit/agent-collaboration/collaborators/catalog-copy-execution-source.test.ts [2m([22m[2m2 tests[22m[2m)[22m[32m 2[2mms[22m[39m
 [32m✓[39m tests/unit/agent-tools/task-delegation/task-delegation-tool-run-router.test.ts [2m([22m[2m1 test[22m[2m)[22m[32m 3[2mms[22m[39m
 [32m✓[39m tests/unit/agent-collaboration/collaboration-launch-configuration-resolver.test.ts [2m([22m[2m1 test[22m[2m)[22m[32m 2[2mms[22m[39m
[90mstdout[2m | tests/unit/api/graphql/converters/tool-definition-converter.test.ts
[22m[39mAgentFactory (Singleton) initialized.

 [32m✓[39m tests/unit/api/graphql/converters/tool-definition-converter.test.ts [2m([22m[2m1 test[22m[2m)[22m[32m 2[2mms[22m[39m
 [32m✓[39m tests/unit/agent-collaboration/execution/task-copy-host.test.ts [2m([22m[2m2 tests[22m[2m)[22m[32m 2[2mms[22m[39m
[90mstdout[2m | tests/unit/services/agent-streaming/agent-session.test.ts[2m > [22m[2mAgentSession[2m > [22m[2mconnects and reports connected state
[22m[39mAgentSession s1 connected to run agent-1

[90mstdout[2m | tests/unit/services/agent-streaming/agent-session.test.ts[2m > [22m[2mAgentSession[2m > [22m[2mprevents connecting a closed session
[22m[39mAgentSession s2 closed

[90mstdout[2m | tests/unit/services/agent-streaming/agent-session.test.ts[2m > [22m[2mAgentSession[2m > [22m[2mcloses and resets connected state
[22m[39mAgentSession s3 connected to run agent-3
AgentSession s3 closed

 [32m✓[39m tests/unit/services/agent-streaming/agent-session.test.ts [2m([22m[2m3 tests[22m[2m)[22m[32m 3[2mms[22m[39m
 [32m✓[39m tests/unit/api/graphql/types/run-history.test.ts [2m([22m[2m1 test[22m[2m)[22m[32m 3[2mms[22m[39m
 [32m✓[39m tests/unit/agent-tools/browser/register-browser-tools.test.ts [2m([22m[2m2 tests[22m[2m)[22m[32m 3[2mms[22m[39m
 [32m✓[39m tests/unit/api/graphql/types/memory-explorer-types.test.ts [2m([22m[2m3 tests[22m[2m)[22m[32m 2[2mms[22m[39m
 [32m✓[39m tests/unit/agent-team-execution/team-run-id.test.ts [2m([22m[2m3 tests[22m[2m)[22m[32m 2[2mms[22m[39m
 [32m✓[39m tests/unit/agent-team-execution/services/team-member-input-event-builder.test.ts [2m([22m[2m1 test[22m[2m)[22m[32m 2[2mms[22m[39m
 [32m✓[39m tests/unit/agent-tools/browser/browser-tool-contract.test.ts [2m([22m[2m2 tests[22m[2m)[22m[32m 3[2mms[22m[39m
 [32m✓[39m tests/unit/agent-tools/browser/browser-bridge-config-resolver.test.ts [2m([22m[2m2 tests[22m[2m)[22m[32m 2[2mms[22m[39m
 [32m✓[39m tests/unit/api/graphql/converters/memory-view-converter.test.ts [2m([22m[2m1 test[22m[2m)[22m[32m 2[2mms[22m[39m
[90mstdout[2m | tests/unit/api/graphql/converters/user-input-converter.test.ts
[22m[39mAgentFactory (Singleton) initialized.

 [32m✓[39m tests/unit/api/graphql/converters/user-input-converter.test.ts [2m([22m[2m1 test[22m[2m)[22m[32m 2[2mms[22m[39m
[90mstdout[2m | tests/unit/api/graphql/types/memory-view-types.test.ts
[22m[39mAgentFactory (Singleton) initialized.

 [32m✓[39m tests/unit/api/graphql/types/memory-view-types.test.ts [2m([22m[2m1 test[22m[2m)[22m[32m 2[2mms[22m[39m

[2m Test Files [22m [1m[32m158 passed[39m[22m[90m (158)[39m
[2m      Tests [22m [1m[32m1120 passed[39m[22m[90m (1120)[39m
[2m   Start at [22m 07:54:17
[2m   Duration [22m 118.20s[2m (transform 7.07s, setup 753ms, import 88.24s, tests 12.07s, environment 13ms)[22m

