
 RUN  v4.0.18 /Users/normy/autobyteus_org/autobyteus-worktrees/project-workspace-path/autobyteus-server-ts

Prisma schema loaded from prisma/schema.prisma
Datasource "db": SQLite database "autobyteus-server-test.db" at "file:/Users/normy/autobyteus_org/autobyteus-worktrees/project-workspace-path/autobyteus-server-ts/tests/.tmp/autobyteus-server-test.db"

Applying migration `20260203074245_init`
Applying migration `20260208094000_add_external_channel_tables`
Applying migration `20260209174500_add_channel_message_receipt_turn_id`
Applying migration `20260209213000_remove_agent_conversation_tables`
Applying migration `20260210101500_add_agent_avatar`
Applying migration `20260210192000_add_agent_team_avatar`
Applying migration `20260211214500_add_sync_columns_and_tombstones`
Applying migration `20260212070000_remove_workflow_definition`
Applying migration `20260309103000_add_channel_binding_launch_preset`
Applying migration `20260310153000_add_channel_binding_team_definition_id`
Applying migration `20260331102000_remove_channel_bindings_table`
Applying migration `20260331130000_receipt_lifecycle_and_remove_channel_idempotency`
Applying migration `20260517090000_add_app_data_migration_records`
Applying migration `20260624090000_add_token_usage_ledger_events`
Applying migration `20260625193000_token_usage_component_pricing_explainability`
Applying migration `20260629120000_add_token_usage_display_fields`
Applying migration `20260702093000_token_usage_execution_address`
Applying migration `20260726090000_add_secret_vault`
Applying migration `20260730090000_add_token_usage_provider_name`
Applying migration `20260801090000_token_usage_member_display_name`
Applying migration `20260814090000_team_run_execution_tree_v1`
Applying migration `20260819090000_add_token_usage_run_records`
Applying migration `20260820090000_redesign_app_data_migration_summary`
Applying migration `20260822090000_add_token_usage_analytics`
Applying migration `20260923130000_add_claude_sdk_usage_state`
Applying migration `20260924120000_remove_external_channel_tables`

Database reset successful

The following migration(s) have been applied:

migrations/
  └─ 20260203074245_init/
    └─ migration.sql
  └─ 20260208094000_add_external_channel_tables/
    └─ migration.sql
  └─ 20260209174500_add_channel_message_receipt_turn_id/
    └─ migration.sql
  └─ 20260209213000_remove_agent_conversation_tables/
    └─ migration.sql
  └─ 20260210101500_add_agent_avatar/
    └─ migration.sql
  └─ 20260210192000_add_agent_team_avatar/
    └─ migration.sql
  └─ 20260211214500_add_sync_columns_and_tombstones/
    └─ migration.sql
  └─ 20260212070000_remove_workflow_definition/
    └─ migration.sql
  └─ 20260309103000_add_channel_binding_launch_preset/
    └─ migration.sql
  └─ 20260310153000_add_channel_binding_team_definition_id/
    └─ migration.sql
  └─ 20260331102000_remove_channel_bindings_table/
    └─ migration.sql
  └─ 20260331130000_receipt_lifecycle_and_remove_channel_idempotency/
    └─ migration.sql
  └─ 20260517090000_add_app_data_migration_records/
    └─ migration.sql
  └─ 20260624090000_add_token_usage_ledger_events/
    └─ migration.sql
  └─ 20260625193000_token_usage_component_pricing_explainability/
    └─ migration.sql
  └─ 20260629120000_add_token_usage_display_fields/
    └─ migration.sql
  └─ 20260702093000_token_usage_execution_address/
    └─ migration.sql
  └─ 20260726090000_add_secret_vault/
    └─ migration.sql
  └─ 20260730090000_add_token_usage_provider_name/
    └─ migration.sql
  └─ 20260801090000_token_usage_member_display_name/
    └─ migration.sql
  └─ 20260814090000_team_run_execution_tree_v1/
    └─ migration.sql
  └─ 20260819090000_add_token_usage_run_records/
    └─ migration.sql
  └─ 20260820090000_redesign_app_data_migration_summary/
    └─ migration.sql
  └─ 20260822090000_add_token_usage_analytics/
    └─ migration.sql
  └─ 20260923130000_add_claude_sdk_usage_state/
    └─ migration.sql
  └─ 20260924120000_remove_external_channel_tables/
    └─ migration.sql

stdout | tests/unit/projects/project-service.test.ts
AgentFactory (Singleton) initialized.

 ✓ tests/unit/projects/project-service.test.ts (43 tests) 1514ms
stdout | tests/unit/agent-tools/project-tasks/project-task-tools.test.ts
AgentFactory (Singleton) initialized.

stdout | tests/unit/agent-tools/project-tasks/project-task-tools.test.ts > Project data tools — actual native preparation/execute and selected MCP adapter > protects the selected Project mutator from configured MCP collision and rejects unselected calls
Platform detection: Windows=false
App root directory: /Users/normy/autobyteus_org/autobyteus-worktrees/project-workspace-path/autobyteus-server-ts
App data directory: /var/folders/7w/9r4_s1_s42z3f7c136bpjf0r0000gn/T/project-tools-unit-WJhtlo
Successfully registered tool definition: 'list_projects'
Successfully registered tool definition: 'list_project_tasks'
Successfully registered tool definition: 'create_or_update_project'
Successfully registered tool definition: 'create_or_update_task'

stdout | tests/unit/agent-tools/project-tasks/project-task-tools.test.ts > Project data tools — actual native preparation/execute and selected MCP adapter > documents nested workspace rows with no omission-erasing defaults
Platform detection: Windows=false
App root directory: /Users/normy/autobyteus_org/autobyteus-worktrees/project-workspace-path/autobyteus-server-ts
App data directory: /var/folders/7w/9r4_s1_s42z3f7c136bpjf0r0000gn/T/project-tools-unit-w9lAYH
Successfully registered tool definition: 'list_projects'
Successfully registered tool definition: 'list_project_tasks'
Successfully registered tool definition: 'create_or_update_project'
Successfully registered tool definition: 'create_or_update_task'

stderr | tests/unit/agent-tools/project-tasks/project-task-tools.test.ts > Project data tools — actual native preparation/execute and selected MCP adapter > documents nested workspace rows with no omission-erasing defaults
Overwriting existing tool definition for name: 'list_projects'
Overwriting existing tool definition for name: 'list_project_tasks'
Overwriting existing tool definition for name: 'create_or_update_project'
Overwriting existing tool definition for name: 'create_or_update_task'

stdout | tests/unit/agent-tools/project-tasks/project-task-tools.test.ts > Project data tools — actual native preparation/execute and selected MCP adapter > creates and patches compact saved Project results identically through native and MCP
Platform detection: Windows=false
App root directory: /Users/normy/autobyteus_org/autobyteus-worktrees/project-workspace-path/autobyteus-server-ts
App data directory: /var/folders/7w/9r4_s1_s42z3f7c136bpjf0r0000gn/T/project-tools-unit-h9gVzi
Successfully registered tool definition: 'list_projects'
Successfully registered tool definition: 'list_project_tasks'
Successfully registered tool definition: 'create_or_update_project'
Successfully registered tool definition: 'create_or_update_task'

stderr | tests/unit/agent-tools/project-tasks/project-task-tools.test.ts > Project data tools — actual native preparation/execute and selected MCP adapter > creates and patches compact saved Project results identically through native and MCP
Overwriting existing tool definition for name: 'list_projects'
Overwriting existing tool definition for name: 'list_project_tasks'
Overwriting existing tool definition for name: 'create_or_update_project'
Overwriting existing tool definition for name: 'create_or_update_task'

stdout | tests/unit/agent-tools/project-tasks/project-task-tools.test.ts > Project data tools — actual native preparation/execute and selected MCP adapter > preserves nested omission through public native preparation/coercion and MCP replacement/clear
Platform detection: Windows=false
App root directory: /Users/normy/autobyteus_org/autobyteus-worktrees/project-workspace-path/autobyteus-server-ts
App data directory: /var/folders/7w/9r4_s1_s42z3f7c136bpjf0r0000gn/T/project-tools-unit-5hpqFW
Successfully registered tool definition: 'list_projects'
Successfully registered tool definition: 'list_project_tasks'
Successfully registered tool definition: 'create_or_update_project'
Successfully registered tool definition: 'create_or_update_task'

stderr | tests/unit/agent-tools/project-tasks/project-task-tools.test.ts > Project data tools — actual native preparation/execute and selected MCP adapter > preserves nested omission through public native preparation/coercion and MCP replacement/clear
Overwriting existing tool definition for name: 'list_projects'
Overwriting existing tool definition for name: 'list_project_tasks'
Overwriting existing tool definition for name: 'create_or_update_project'
Overwriting existing tool definition for name: 'create_or_update_task'

stdout | tests/unit/agent-tools/project-tasks/project-task-tools.test.ts > Project data tools — actual native preparation/execute and selected MCP adapter > rejects malformed Project input before native coercion with MCP parity: {}
Platform detection: Windows=false
App root directory: /Users/normy/autobyteus_org/autobyteus-worktrees/project-workspace-path/autobyteus-server-ts
App data directory: /var/folders/7w/9r4_s1_s42z3f7c136bpjf0r0000gn/T/project-tools-unit-Koq5MY
Successfully registered tool definition: 'list_projects'
Successfully registered tool definition: 'list_project_tasks'
Successfully registered tool definition: 'create_or_update_project'
Successfully registered tool definition: 'create_or_update_task'

stderr | tests/unit/agent-tools/project-tasks/project-task-tools.test.ts > Project data tools — actual native preparation/execute and selected MCP adapter > rejects malformed Project input before native coercion with MCP parity: {}
Overwriting existing tool definition for name: 'list_projects'
Overwriting existing tool definition for name: 'list_project_tasks'
Overwriting existing tool definition for name: 'create_or_update_project'
Overwriting existing tool definition for name: 'create_or_update_task'

stdout | tests/unit/agent-tools/project-tasks/project-task-tools.test.ts > Project data tools — actual native preparation/execute and selected MCP adapter > rejects malformed Project input before native coercion with MCP parity: {"name":""}
Platform detection: Windows=false
App root directory: /Users/normy/autobyteus_org/autobyteus-worktrees/project-workspace-path/autobyteus-server-ts
App data directory: /var/folders/7w/9r4_s1_s42z3f7c136bpjf0r0000gn/T/project-tools-unit-I5dXaU
Successfully registered tool definition: 'list_projects'
Successfully registered tool definition: 'list_project_tasks'
Successfully registered tool definition: 'create_or_update_project'
Successfully registered tool definition: 'create_or_update_task'

stderr | tests/unit/agent-tools/project-tasks/project-task-tools.test.ts > Project data tools — actual native preparation/execute and selected MCP adapter > rejects malformed Project input before native coercion with MCP parity: {"name":""}
Overwriting existing tool definition for name: 'list_projects'
Overwriting existing tool definition for name: 'list_project_tasks'
Overwriting existing tool definition for name: 'create_or_update_project'
Overwriting existing tool definition for name: 'create_or_update_task'

stdout | tests/unit/agent-tools/project-tasks/project-task-tools.test.ts > Project data tools — actual native preparation/execute and selected MCP adapter > rejects malformed Project input before native coercion with MCP parity: {"name":" "}
Platform detection: Windows=false
App root directory: /Users/normy/autobyteus_org/autobyteus-worktrees/project-workspace-path/autobyteus-server-ts
App data directory: /var/folders/7w/9r4_s1_s42z3f7c136bpjf0r0000gn/T/project-tools-unit-MElwOp
Successfully registered tool definition: 'list_projects'
Successfully registered tool definition: 'list_project_tasks'
Successfully registered tool definition: 'create_or_update_project'
Successfully registered tool definition: 'create_or_update_task'

stderr | tests/unit/agent-tools/project-tasks/project-task-tools.test.ts > Project data tools — actual native preparation/execute and selected MCP adapter > rejects malformed Project input before native coercion with MCP parity: {"name":" "}
Overwriting existing tool definition for name: 'list_projects'
Overwriting existing tool definition for name: 'list_project_tasks'
Overwriting existing tool definition for name: 'create_or_update_project'
Overwriting existing tool definition for name: 'create_or_update_task'

stdout | tests/unit/agent-tools/project-tasks/project-task-tools.test.ts > Project data tools — actual native preparation/execute and selected MCP adapter > rejects malformed Project input before native coercion with MCP parity: {"name":null}
Platform detection: Windows=false
App root directory: /Users/normy/autobyteus_org/autobyteus-worktrees/project-workspace-path/autobyteus-server-ts
App data directory: /var/folders/7w/9r4_s1_s42z3f7c136bpjf0r0000gn/T/project-tools-unit-pjrMVW
Successfully registered tool definition: 'list_projects'
Successfully registered tool definition: 'list_project_tasks'
Successfully registered tool definition: 'create_or_update_project'
Successfully registered tool definition: 'create_or_update_task'

stderr | tests/unit/agent-tools/project-tasks/project-task-tools.test.ts > Project data tools — actual native preparation/execute and selected MCP adapter > rejects malformed Project input before native coercion with MCP parity: {"name":null}
Overwriting existing tool definition for name: 'list_projects'
Overwriting existing tool definition for name: 'list_project_tasks'
Overwriting existing tool definition for name: 'create_or_update_project'
Overwriting existing tool definition for name: 'create_or_update_task'

stdout | tests/unit/agent-tools/project-tasks/project-task-tools.test.ts > Project data tools — actual native preparation/execute and selected MCP adapter > rejects malformed Project input before native coercion with MCP parity: {"name":123}
Platform detection: Windows=false
App root directory: /Users/normy/autobyteus_org/autobyteus-worktrees/project-workspace-path/autobyteus-server-ts
App data directory: /var/folders/7w/9r4_s1_s42z3f7c136bpjf0r0000gn/T/project-tools-unit-ymA6Xg
Successfully registered tool definition: 'list_projects'
Successfully registered tool definition: 'list_project_tasks'
Successfully registered tool definition: 'create_or_update_project'
Successfully registered tool definition: 'create_or_update_task'

stderr | tests/unit/agent-tools/project-tasks/project-task-tools.test.ts > Project data tools — actual native preparation/execute and selected MCP adapter > rejects malformed Project input before native coercion with MCP parity: {"name":123}
Overwriting existing tool definition for name: 'list_projects'
Overwriting existing tool definition for name: 'list_project_tasks'
Overwriting existing tool definition for name: 'create_or_update_project'
Overwriting existing tool definition for name: 'create_or_update_task'

stdout | tests/unit/agent-tools/project-tasks/project-task-tools.test.ts > Project data tools — actual native preparation/execute and selected MCP adapter > rejects malformed Project input before native coercion with MCP parity: {"name":true}
Platform detection: Windows=false
App root directory: /Users/normy/autobyteus_org/autobyteus-worktrees/project-workspace-path/autobyteus-server-ts
App data directory: /var/folders/7w/9r4_s1_s42z3f7c136bpjf0r0000gn/T/project-tools-unit-yYUU3i
Successfully registered tool definition: 'list_projects'
Successfully registered tool definition: 'list_project_tasks'
Successfully registered tool definition: 'create_or_update_project'
Successfully registered tool definition: 'create_or_update_task'

stderr | tests/unit/agent-tools/project-tasks/project-task-tools.test.ts > Project data tools — actual native preparation/execute and selected MCP adapter > rejects malformed Project input before native coercion with MCP parity: {"name":true}
Overwriting existing tool definition for name: 'list_projects'
Overwriting existing tool definition for name: 'list_project_tasks'
Overwriting existing tool definition for name: 'create_or_update_project'
Overwriting existing tool definition for name: 'create_or_update_task'

stdout | tests/unit/agent-tools/project-tasks/project-task-tools.test.ts > Project data tools — actual native preparation/execute and selected MCP adapter > rejects malformed Project input before native coercion with MCP parity: {"project_id":null,"name":"x"}
Platform detection: Windows=false
App root directory: /Users/normy/autobyteus_org/autobyteus-worktrees/project-workspace-path/autobyteus-server-ts
App data directory: /var/folders/7w/9r4_s1_s42z3f7c136bpjf0r0000gn/T/project-tools-unit-vlJp18
Successfully registered tool definition: 'list_projects'
Successfully registered tool definition: 'list_project_tasks'
Successfully registered tool definition: 'create_or_update_project'
Successfully registered tool definition: 'create_or_update_task'

stderr | tests/unit/agent-tools/project-tasks/project-task-tools.test.ts > Project data tools — actual native preparation/execute and selected MCP adapter > rejects malformed Project input before native coercion with MCP parity: {"project_id":null,"name":"x"}
Overwriting existing tool definition for name: 'list_projects'
Overwriting existing tool definition for name: 'list_project_tasks'
Overwriting existing tool definition for name: 'create_or_update_project'
Overwriting existing tool definition for name: 'create_or_update_task'

stdout | tests/unit/agent-tools/project-tasks/project-task-tools.test.ts > Project data tools — actual native preparation/execute and selected MCP adapter > rejects malformed Project input before native coercion with MCP parity: {"project_id":"","name":"x"}
Platform detection: Windows=false
App root directory: /Users/normy/autobyteus_org/autobyteus-worktrees/project-workspace-path/autobyteus-server-ts
App data directory: /var/folders/7w/9r4_s1_s42z3f7c136bpjf0r0000gn/T/project-tools-unit-7r1om9
Successfully registered tool definition: 'list_projects'
Successfully registered tool definition: 'list_project_tasks'
Successfully registered tool definition: 'create_or_update_project'
Successfully registered tool definition: 'create_or_update_task'

stderr | tests/unit/agent-tools/project-tasks/project-task-tools.test.ts > Project data tools — actual native preparation/execute and selected MCP adapter > rejects malformed Project input before native coercion with MCP parity: {"project_id":"","name":"x"}
Overwriting existing tool definition for name: 'list_projects'
Overwriting existing tool definition for name: 'list_project_tasks'
Overwriting existing tool definition for name: 'create_or_update_project'
Overwriting existing tool definition for name: 'create_or_update_task'

stdout | tests/unit/agent-tools/project-tasks/project-task-tools.test.ts > Project data tools — actual native preparation/execute and selected MCP adapter > rejects malformed Project input before native coercion with MCP parity: {"project_id":" ","name":"x"}
Platform detection: Windows=false
App root directory: /Users/normy/autobyteus_org/autobyteus-worktrees/project-workspace-path/autobyteus-server-ts
App data directory: /var/folders/7w/9r4_s1_s42z3f7c136bpjf0r0000gn/T/project-tools-unit-T3uxxl
Successfully registered tool definition: 'list_projects'
Successfully registered tool definition: 'list_project_tasks'
Successfully registered tool definition: 'create_or_update_project'
Successfully registered tool definition: 'create_or_update_task'

stderr | tests/unit/agent-tools/project-tasks/project-task-tools.test.ts > Project data tools — actual native preparation/execute and selected MCP adapter > rejects malformed Project input before native coercion with MCP parity: {"project_id":" ","name":"x"}
Overwriting existing tool definition for name: 'list_projects'
Overwriting existing tool definition for name: 'list_project_tasks'
Overwriting existing tool definition for name: 'create_or_update_project'
Overwriting existing tool definition for name: 'create_or_update_task'

stdout | tests/unit/agent-tools/project-tasks/project-task-tools.test.ts > Project data tools — actual native preparation/execute and selected MCP adapter > rejects malformed Project input before native coercion with MCP parity: {"project_id":123,"name":"x"}
Platform detection: Windows=false
App root directory: /Users/normy/autobyteus_org/autobyteus-worktrees/project-workspace-path/autobyteus-server-ts
App data directory: /var/folders/7w/9r4_s1_s42z3f7c136bpjf0r0000gn/T/project-tools-unit-hbmQ0J
Successfully registered tool definition: 'list_projects'
Successfully registered tool definition: 'list_project_tasks'
Successfully registered tool definition: 'create_or_update_project'
Successfully registered tool definition: 'create_or_update_task'

stderr | tests/unit/agent-tools/project-tasks/project-task-tools.test.ts > Project data tools — actual native preparation/execute and selected MCP adapter > rejects malformed Project input before native coercion with MCP parity: {"project_id":123,"name":"x"}
Overwriting existing tool definition for name: 'list_projects'
Overwriting existing tool definition for name: 'list_project_tasks'
Overwriting existing tool definition for name: 'create_or_update_project'
Overwriting existing tool definition for name: 'create_or_update_task'

stdout | tests/unit/agent-tools/project-tasks/project-task-tools.test.ts > Project data tools — actual native preparation/execute and selected MCP adapter > rejects malformed Project input before native coercion with MCP parity: {"name":"x"}
Platform detection: Windows=false
App root directory: /Users/normy/autobyteus_org/autobyteus-worktrees/project-workspace-path/autobyteus-server-ts
App data directory: /var/folders/7w/9r4_s1_s42z3f7c136bpjf0r0000gn/T/project-tools-unit-BGUHOW
Successfully registered tool definition: 'list_projects'
Successfully registered tool definition: 'list_project_tasks'
Successfully registered tool definition: 'create_or_update_project'
Successfully registered tool definition: 'create_or_update_task'

stderr | tests/unit/agent-tools/project-tasks/project-task-tools.test.ts > Project data tools — actual native preparation/execute and selected MCP adapter > rejects malformed Project input before native coercion with MCP parity: {"name":"x"}
Overwriting existing tool definition for name: 'list_projects'
Overwriting existing tool definition for name: 'list_project_tasks'
Overwriting existing tool definition for name: 'create_or_update_project'
Overwriting existing tool definition for name: 'create_or_update_task'

stdout | tests/unit/agent-tools/project-tasks/project-task-tools.test.ts > Project data tools — actual native preparation/execute and selected MCP adapter > rejects malformed Project input before native coercion with MCP parity: {"project_id":"p"}
Platform detection: Windows=false
App root directory: /Users/normy/autobyteus_org/autobyteus-worktrees/project-workspace-path/autobyteus-server-ts
App data directory: /var/folders/7w/9r4_s1_s42z3f7c136bpjf0r0000gn/T/project-tools-unit-afeECA
Successfully registered tool definition: 'list_projects'
Successfully registered tool definition: 'list_project_tasks'
Successfully registered tool definition: 'create_or_update_project'
Successfully registered tool definition: 'create_or_update_task'

stderr | tests/unit/agent-tools/project-tasks/project-task-tools.test.ts > Project data tools — actual native preparation/execute and selected MCP adapter > rejects malformed Project input before native coercion with MCP parity: {"project_id":"p"}
Overwriting existing tool definition for name: 'list_projects'
Overwriting existing tool definition for name: 'list_project_tasks'
Overwriting existing tool definition for name: 'create_or_update_project'
Overwriting existing tool definition for name: 'create_or_update_task'

stdout | tests/unit/agent-tools/project-tasks/project-task-tools.test.ts > Project data tools — actual native preparation/execute and selected MCP adapter > rejects malformed Project input before native coercion with MCP parity: {"name":"x","description":null}
Platform detection: Windows=false
App root directory: /Users/normy/autobyteus_org/autobyteus-worktrees/project-workspace-path/autobyteus-server-ts
App data directory: /var/folders/7w/9r4_s1_s42z3f7c136bpjf0r0000gn/T/project-tools-unit-aYCIKJ
Successfully registered tool definition: 'list_projects'
Successfully registered tool definition: 'list_project_tasks'
Successfully registered tool definition: 'create_or_update_project'
Successfully registered tool definition: 'create_or_update_task'

stderr | tests/unit/agent-tools/project-tasks/project-task-tools.test.ts > Project data tools — actual native preparation/execute and selected MCP adapter > rejects malformed Project input before native coercion with MCP parity: {"name":"x","description":null}
Overwriting existing tool definition for name: 'list_projects'
Overwriting existing tool definition for name: 'list_project_tasks'
Overwriting existing tool definition for name: 'create_or_update_project'
Overwriting existing tool definition for name: 'create_or_update_task'

stdout | tests/unit/agent-tools/project-tasks/project-task-tools.test.ts > Project data tools — actual native preparation/execute and selected MCP adapter > rejects malformed Project input before native coercion with MCP parity: {"name":"x","description":false}
Platform detection: Windows=false
App root directory: /Users/normy/autobyteus_org/autobyteus-worktrees/project-workspace-path/autobyteus-server-ts
App data directory: /var/folders/7w/9r4_s1_s42z3f7c136bpjf0r0000gn/T/project-tools-unit-A0FeTY
Successfully registered tool definition: 'list_projects'
Successfully registered tool definition: 'list_project_tasks'
Successfully registered tool definition: 'create_or_update_project'
Successfully registered tool definition: 'create_or_update_task'

stderr | tests/unit/agent-tools/project-tasks/project-task-tools.test.ts > Project data tools — actual native preparation/execute and selected MCP adapter > rejects malformed Project input before native coercion with MCP parity: {"name":"x","description":false}
Overwriting existing tool definition for name: 'list_projects'
Overwriting existing tool definition for name: 'list_project_tasks'
Overwriting existing tool definition for name: 'create_or_update_project'
Overwriting existing tool definition for name: 'create_or_update_task'

stdout | tests/unit/agent-tools/project-tasks/project-task-tools.test.ts > Project data tools — actual native preparation/execute and selected MCP adapter > rejects malformed Project input before native coercion with MCP parity: {"name":"x","description":123}
Platform detection: Windows=false
App root directory: /Users/normy/autobyteus_org/autobyteus-worktrees/project-workspace-path/autobyteus-server-ts
App data directory: /var/folders/7w/9r4_s1_s42z3f7c136bpjf0r0000gn/T/project-tools-unit-UmFcOm
Successfully registered tool definition: 'list_projects'
Successfully registered tool definition: 'list_project_tasks'
Successfully registered tool definition: 'create_or_update_project'
Successfully registered tool definition: 'create_or_update_task'

stderr | tests/unit/agent-tools/project-tasks/project-task-tools.test.ts > Project data tools — actual native preparation/execute and selected MCP adapter > rejects malformed Project input before native coercion with MCP parity: {"name":"x","description":123}
Overwriting existing tool definition for name: 'list_projects'
Overwriting existing tool definition for name: 'list_project_tasks'
Overwriting existing tool definition for name: 'create_or_update_project'
Overwriting existing tool definition for name: 'create_or_update_task'

stdout | tests/unit/agent-tools/project-tasks/project-task-tools.test.ts > Project data tools — actual native preparation/execute and selected MCP adapter > rejects malformed Project input before native coercion with MCP parity: {"name":"x"}
Platform detection: Windows=false
App root directory: /Users/normy/autobyteus_org/autobyteus-worktrees/project-workspace-path/autobyteus-server-ts
App data directory: /var/folders/7w/9r4_s1_s42z3f7c136bpjf0r0000gn/T/project-tools-unit-jNfgTH
Successfully registered tool definition: 'list_projects'
Successfully registered tool definition: 'list_project_tasks'
Successfully registered tool definition: 'create_or_update_project'
Successfully registered tool definition: 'create_or_update_task'

stderr | tests/unit/agent-tools/project-tasks/project-task-tools.test.ts > Project data tools — actual native preparation/execute and selected MCP adapter > rejects malformed Project input before native coercion with MCP parity: {"name":"x"}
Overwriting existing tool definition for name: 'list_projects'
Overwriting existing tool definition for name: 'list_project_tasks'
Overwriting existing tool definition for name: 'create_or_update_project'
Overwriting existing tool definition for name: 'create_or_update_task'

stdout | tests/unit/agent-tools/project-tasks/project-task-tools.test.ts > Project data tools — actual native preparation/execute and selected MCP adapter > rejects malformed Project input before native coercion with MCP parity: {"name":"x","extra":true}
Platform detection: Windows=false
App root directory: /Users/normy/autobyteus_org/autobyteus-worktrees/project-workspace-path/autobyteus-server-ts
App data directory: /var/folders/7w/9r4_s1_s42z3f7c136bpjf0r0000gn/T/project-tools-unit-pO8qwP
Successfully registered tool definition: 'list_projects'
Successfully registered tool definition: 'list_project_tasks'
Successfully registered tool definition: 'create_or_update_project'
Successfully registered tool definition: 'create_or_update_task'

stderr | tests/unit/agent-tools/project-tasks/project-task-tools.test.ts > Project data tools — actual native preparation/execute and selected MCP adapter > rejects malformed Project input before native coercion with MCP parity: {"name":"x","extra":true}
Overwriting existing tool definition for name: 'list_projects'
Overwriting existing tool definition for name: 'list_project_tasks'
Overwriting existing tool definition for name: 'create_or_update_project'
Overwriting existing tool definition for name: 'create_or_update_task'

stdout | tests/unit/agent-tools/project-tasks/project-task-tools.test.ts > Project data tools — actual native preparation/execute and selected MCP adapter > rejects malformed Project input before native coercion with MCP parity: {"name":"x","workspaces":""}
Platform detection: Windows=false
App root directory: /Users/normy/autobyteus_org/autobyteus-worktrees/project-workspace-path/autobyteus-server-ts
App data directory: /var/folders/7w/9r4_s1_s42z3f7c136bpjf0r0000gn/T/project-tools-unit-P02roQ
Successfully registered tool definition: 'list_projects'
Successfully registered tool definition: 'list_project_tasks'
Successfully registered tool definition: 'create_or_update_project'
Successfully registered tool definition: 'create_or_update_task'

stderr | tests/unit/agent-tools/project-tasks/project-task-tools.test.ts > Project data tools — actual native preparation/execute and selected MCP adapter > rejects malformed Project input before native coercion with MCP parity: {"name":"x","workspaces":""}
Overwriting existing tool definition for name: 'list_projects'
Overwriting existing tool definition for name: 'list_project_tasks'
Overwriting existing tool definition for name: 'create_or_update_project'
Overwriting existing tool definition for name: 'create_or_update_task'

stdout | tests/unit/agent-tools/project-tasks/project-task-tools.test.ts > Project data tools — actual native preparation/execute and selected MCP adapter > rejects malformed Project input before native coercion with MCP parity: {"name":"x","workspaces":"[]"}
Platform detection: Windows=false
App root directory: /Users/normy/autobyteus_org/autobyteus-worktrees/project-workspace-path/autobyteus-server-ts
App data directory: /var/folders/7w/9r4_s1_s42z3f7c136bpjf0r0000gn/T/project-tools-unit-rPZKdI
Successfully registered tool definition: 'list_projects'
Successfully registered tool definition: 'list_project_tasks'
Successfully registered tool definition: 'create_or_update_project'
Successfully registered tool definition: 'create_or_update_task'

stderr | tests/unit/agent-tools/project-tasks/project-task-tools.test.ts > Project data tools — actual native preparation/execute and selected MCP adapter > rejects malformed Project input before native coercion with MCP parity: {"name":"x","workspaces":"[]"}
Overwriting existing tool definition for name: 'list_projects'
Overwriting existing tool definition for name: 'list_project_tasks'
Overwriting existing tool definition for name: 'create_or_update_project'
Overwriting existing tool definition for name: 'create_or_update_task'

stdout | tests/unit/agent-tools/project-tasks/project-task-tools.test.ts > Project data tools — actual native preparation/execute and selected MCP adapter > rejects malformed Project input before native coercion with MCP parity: {"name":"x","workspaces":null}
Platform detection: Windows=false
App root directory: /Users/normy/autobyteus_org/autobyteus-worktrees/project-workspace-path/autobyteus-server-ts
App data directory: /var/folders/7w/9r4_s1_s42z3f7c136bpjf0r0000gn/T/project-tools-unit-MeIaJZ
Successfully registered tool definition: 'list_projects'
Successfully registered tool definition: 'list_project_tasks'
Successfully registered tool definition: 'create_or_update_project'
Successfully registered tool definition: 'create_or_update_task'

stderr | tests/unit/agent-tools/project-tasks/project-task-tools.test.ts > Project data tools — actual native preparation/execute and selected MCP adapter > rejects malformed Project input before native coercion with MCP parity: {"name":"x","workspaces":null}
Overwriting existing tool definition for name: 'list_projects'
Overwriting existing tool definition for name: 'list_project_tasks'
Overwriting existing tool definition for name: 'create_or_update_project'
Overwriting existing tool definition for name: 'create_or_update_task'

stdout | tests/unit/agent-tools/project-tasks/project-task-tools.test.ts > Project data tools — actual native preparation/execute and selected MCP adapter > rejects malformed Project input before native coercion with MCP parity: {"name":"x","workspaces":{}}
Platform detection: Windows=false
App root directory: /Users/normy/autobyteus_org/autobyteus-worktrees/project-workspace-path/autobyteus-server-ts
App data directory: /var/folders/7w/9r4_s1_s42z3f7c136bpjf0r0000gn/T/project-tools-unit-0tmbUg
Successfully registered tool definition: 'list_projects'
Successfully registered tool definition: 'list_project_tasks'
Successfully registered tool definition: 'create_or_update_project'
Successfully registered tool definition: 'create_or_update_task'

stderr | tests/unit/agent-tools/project-tasks/project-task-tools.test.ts > Project data tools — actual native preparation/execute and selected MCP adapter > rejects malformed Project input before native coercion with MCP parity: {"name":"x","workspaces":{}}
Overwriting existing tool definition for name: 'list_projects'
Overwriting existing tool definition for name: 'list_project_tasks'
Overwriting existing tool definition for name: 'create_or_update_project'
Overwriting existing tool definition for name: 'create_or_update_task'

stdout | tests/unit/agent-tools/project-tasks/project-task-tools.test.ts > Project data tools — actual native preparation/execute and selected MCP adapter > rejects malformed Project input before native coercion with MCP parity: {"name":"x"}
Platform detection: Windows=false
App root directory: /Users/normy/autobyteus_org/autobyteus-worktrees/project-workspace-path/autobyteus-server-ts
App data directory: /var/folders/7w/9r4_s1_s42z3f7c136bpjf0r0000gn/T/project-tools-unit-4Owdhf
Successfully registered tool definition: 'list_projects'
Successfully registered tool definition: 'list_project_tasks'
Successfully registered tool definition: 'create_or_update_project'
Successfully registered tool definition: 'create_or_update_task'

stderr | tests/unit/agent-tools/project-tasks/project-task-tools.test.ts > Project data tools — actual native preparation/execute and selected MCP adapter > rejects malformed Project input before native coercion with MCP parity: {"name":"x"}
Overwriting existing tool definition for name: 'list_projects'
Overwriting existing tool definition for name: 'list_project_tasks'
Overwriting existing tool definition for name: 'create_or_update_project'
Overwriting existing tool definition for name: 'create_or_update_task'

stdout | tests/unit/agent-tools/project-tasks/project-task-tools.test.ts > Project data tools — actual native preparation/execute and selected MCP adapter > rejects malformed Project input before native coercion with MCP parity: {"name":"x","workspaces":[null]}
Platform detection: Windows=false
App root directory: /Users/normy/autobyteus_org/autobyteus-worktrees/project-workspace-path/autobyteus-server-ts
App data directory: /var/folders/7w/9r4_s1_s42z3f7c136bpjf0r0000gn/T/project-tools-unit-HIQyVa
Successfully registered tool definition: 'list_projects'
Successfully registered tool definition: 'list_project_tasks'
Successfully registered tool definition: 'create_or_update_project'
Successfully registered tool definition: 'create_or_update_task'

stderr | tests/unit/agent-tools/project-tasks/project-task-tools.test.ts > Project data tools — actual native preparation/execute and selected MCP adapter > rejects malformed Project input before native coercion with MCP parity: {"name":"x","workspaces":[null]}
Overwriting existing tool definition for name: 'list_projects'
Overwriting existing tool definition for name: 'list_project_tasks'
Overwriting existing tool definition for name: 'create_or_update_project'
Overwriting existing tool definition for name: 'create_or_update_task'

stdout | tests/unit/agent-tools/project-tasks/project-task-tools.test.ts > Project data tools — actual native preparation/execute and selected MCP adapter > rejects malformed Project input before native coercion with MCP parity: {"name":"x","workspaces":["ws"]}
Platform detection: Windows=false
App root directory: /Users/normy/autobyteus_org/autobyteus-worktrees/project-workspace-path/autobyteus-server-ts
App data directory: /var/folders/7w/9r4_s1_s42z3f7c136bpjf0r0000gn/T/project-tools-unit-WcowdF
Successfully registered tool definition: 'list_projects'
Successfully registered tool definition: 'list_project_tasks'
Successfully registered tool definition: 'create_or_update_project'
Successfully registered tool definition: 'create_or_update_task'

stderr | tests/unit/agent-tools/project-tasks/project-task-tools.test.ts > Project data tools — actual native preparation/execute and selected MCP adapter > rejects malformed Project input before native coercion with MCP parity: {"name":"x","workspaces":["ws"]}
Overwriting existing tool definition for name: 'list_projects'
Overwriting existing tool definition for name: 'list_project_tasks'
Overwriting existing tool definition for name: 'create_or_update_project'
Overwriting existing tool definition for name: 'create_or_update_task'

stdout | tests/unit/agent-tools/project-tasks/project-task-tools.test.ts > Project data tools — actual native preparation/execute and selected MCP adapter > rejects malformed Project input before native coercion with MCP parity: {"name":"x","workspaces":[123]}
Platform detection: Windows=false
App root directory: /Users/normy/autobyteus_org/autobyteus-worktrees/project-workspace-path/autobyteus-server-ts
App data directory: /var/folders/7w/9r4_s1_s42z3f7c136bpjf0r0000gn/T/project-tools-unit-59GLyW
Successfully registered tool definition: 'list_projects'
Successfully registered tool definition: 'list_project_tasks'
Successfully registered tool definition: 'create_or_update_project'
Successfully registered tool definition: 'create_or_update_task'

stderr | tests/unit/agent-tools/project-tasks/project-task-tools.test.ts > Project data tools — actual native preparation/execute and selected MCP adapter > rejects malformed Project input before native coercion with MCP parity: {"name":"x","workspaces":[123]}
Overwriting existing tool definition for name: 'list_projects'
Overwriting existing tool definition for name: 'list_project_tasks'
Overwriting existing tool definition for name: 'create_or_update_project'
Overwriting existing tool definition for name: 'create_or_update_task'

stdout | tests/unit/agent-tools/project-tasks/project-task-tools.test.ts > Project data tools — actual native preparation/execute and selected MCP adapter > rejects malformed Project input before native coercion with MCP parity: {"name":"x","workspaces":["2026-10-07T17:47:16.160Z"]}
Platform detection: Windows=false
App root directory: /Users/normy/autobyteus_org/autobyteus-worktrees/project-workspace-path/autobyteus-server-ts
App data directory: /var/folders/7w/9r4_s1_s42z3f7c136bpjf0r0000gn/T/project-tools-unit-BnrA1q
Successfully registered tool definition: 'list_projects'
Successfully registered tool definition: 'list_project_tasks'
Successfully registered tool definition: 'create_or_update_project'
Successfully registered tool definition: 'create_or_update_task'

stderr | tests/unit/agent-tools/project-tasks/project-task-tools.test.ts > Project data tools — actual native preparation/execute and selected MCP adapter > rejects malformed Project input before native coercion with MCP parity: {"name":"x","workspaces":["2026-10-07T17:47:16.160Z"]}
Overwriting existing tool definition for name: 'list_projects'
Overwriting existing tool definition for name: 'list_project_tasks'
Overwriting existing tool definition for name: 'create_or_update_project'
Overwriting existing tool definition for name: 'create_or_update_task'

stdout | tests/unit/agent-tools/project-tasks/project-task-tools.test.ts > Project data tools — actual native preparation/execute and selected MCP adapter > rejects malformed Project input before native coercion with MCP parity: {"name":"x","workspaces":[[]]}
Platform detection: Windows=false
App root directory: /Users/normy/autobyteus_org/autobyteus-worktrees/project-workspace-path/autobyteus-server-ts
App data directory: /var/folders/7w/9r4_s1_s42z3f7c136bpjf0r0000gn/T/project-tools-unit-l33YCy
Successfully registered tool definition: 'list_projects'
Successfully registered tool definition: 'list_project_tasks'
Successfully registered tool definition: 'create_or_update_project'
Successfully registered tool definition: 'create_or_update_task'

stderr | tests/unit/agent-tools/project-tasks/project-task-tools.test.ts > Project data tools — actual native preparation/execute and selected MCP adapter > rejects malformed Project input before native coercion with MCP parity: {"name":"x","workspaces":[[]]}
Overwriting existing tool definition for name: 'list_projects'
Overwriting existing tool definition for name: 'list_project_tasks'
Overwriting existing tool definition for name: 'create_or_update_project'
Overwriting existing tool definition for name: 'create_or_update_task'

stdout | tests/unit/agent-tools/project-tasks/project-task-tools.test.ts > Project data tools — actual native preparation/execute and selected MCP adapter > rejects malformed Project input before native coercion with MCP parity: {"name":"x","workspaces":[null]}
Platform detection: Windows=false
App root directory: /Users/normy/autobyteus_org/autobyteus-worktrees/project-workspace-path/autobyteus-server-ts
App data directory: /var/folders/7w/9r4_s1_s42z3f7c136bpjf0r0000gn/T/project-tools-unit-c5WJaM
Successfully registered tool definition: 'list_projects'
Successfully registered tool definition: 'list_project_tasks'
Successfully registered tool definition: 'create_or_update_project'
Successfully registered tool definition: 'create_or_update_task'

stderr | tests/unit/agent-tools/project-tasks/project-task-tools.test.ts > Project data tools — actual native preparation/execute and selected MCP adapter > rejects malformed Project input before native coercion with MCP parity: {"name":"x","workspaces":[null]}
Overwriting existing tool definition for name: 'list_projects'
Overwriting existing tool definition for name: 'list_project_tasks'
Overwriting existing tool definition for name: 'create_or_update_project'
Overwriting existing tool definition for name: 'create_or_update_task'

stdout | tests/unit/agent-tools/project-tasks/project-task-tools.test.ts > Project data tools — actual native preparation/execute and selected MCP adapter > rejects malformed Project input before native coercion with MCP parity: {"name":"x","workspaces":[{"workspace_id":"old_id"}]}
Platform detection: Windows=false
App root directory: /Users/normy/autobyteus_org/autobyteus-worktrees/project-workspace-path/autobyteus-server-ts
App data directory: /var/folders/7w/9r4_s1_s42z3f7c136bpjf0r0000gn/T/project-tools-unit-lrLzzQ
Successfully registered tool definition: 'list_projects'
Successfully registered tool definition: 'list_project_tasks'
Successfully registered tool definition: 'create_or_update_project'
Successfully registered tool definition: 'create_or_update_task'

stderr | tests/unit/agent-tools/project-tasks/project-task-tools.test.ts > Project data tools — actual native preparation/execute and selected MCP adapter > rejects malformed Project input before native coercion with MCP parity: {"name":"x","workspaces":[{"workspace_id":"old_id"}]}
Overwriting existing tool definition for name: 'list_projects'
Overwriting existing tool definition for name: 'list_project_tasks'
Overwriting existing tool definition for name: 'create_or_update_project'
Overwriting existing tool definition for name: 'create_or_update_task'

stdout | tests/unit/agent-tools/project-tasks/project-task-tools.test.ts > Project data tools — actual native preparation/execute and selected MCP adapter > rejects malformed Project input before native coercion with MCP parity: {"name":"x","workspaces":[{}]}
Platform detection: Windows=false
App root directory: /Users/normy/autobyteus_org/autobyteus-worktrees/project-workspace-path/autobyteus-server-ts
App data directory: /var/folders/7w/9r4_s1_s42z3f7c136bpjf0r0000gn/T/project-tools-unit-B7UBnB
Successfully registered tool definition: 'list_projects'
Successfully registered tool definition: 'list_project_tasks'
Successfully registered tool definition: 'create_or_update_project'
Successfully registered tool definition: 'create_or_update_task'

stderr | tests/unit/agent-tools/project-tasks/project-task-tools.test.ts > Project data tools — actual native preparation/execute and selected MCP adapter > rejects malformed Project input before native coercion with MCP parity: {"name":"x","workspaces":[{}]}
Overwriting existing tool definition for name: 'list_projects'
Overwriting existing tool definition for name: 'list_project_tasks'
Overwriting existing tool definition for name: 'create_or_update_project'
Overwriting existing tool definition for name: 'create_or_update_task'

stdout | tests/unit/agent-tools/project-tasks/project-task-tools.test.ts > Project data tools — actual native preparation/execute and selected MCP adapter > rejects malformed Project input before native coercion with MCP parity: {"name":"x","workspaces":[{"workspace_path":null}]}
Platform detection: Windows=false
App root directory: /Users/normy/autobyteus_org/autobyteus-worktrees/project-workspace-path/autobyteus-server-ts
App data directory: /var/folders/7w/9r4_s1_s42z3f7c136bpjf0r0000gn/T/project-tools-unit-2vwy4M
Successfully registered tool definition: 'list_projects'
Successfully registered tool definition: 'list_project_tasks'
Successfully registered tool definition: 'create_or_update_project'
Successfully registered tool definition: 'create_or_update_task'

stderr | tests/unit/agent-tools/project-tasks/project-task-tools.test.ts > Project data tools — actual native preparation/execute and selected MCP adapter > rejects malformed Project input before native coercion with MCP parity: {"name":"x","workspaces":[{"workspace_path":null}]}
Overwriting existing tool definition for name: 'list_projects'
Overwriting existing tool definition for name: 'list_project_tasks'
Overwriting existing tool definition for name: 'create_or_update_project'
Overwriting existing tool definition for name: 'create_or_update_task'

stdout | tests/unit/agent-tools/project-tasks/project-task-tools.test.ts > Project data tools — actual native preparation/execute and selected MCP adapter > rejects malformed Project input before native coercion with MCP parity: {"name":"x","workspaces":[{"workspace_path":""}]}
Platform detection: Windows=false
App root directory: /Users/normy/autobyteus_org/autobyteus-worktrees/project-workspace-path/autobyteus-server-ts
App data directory: /var/folders/7w/9r4_s1_s42z3f7c136bpjf0r0000gn/T/project-tools-unit-pv58cb
Successfully registered tool definition: 'list_projects'
Successfully registered tool definition: 'list_project_tasks'
Successfully registered tool definition: 'create_or_update_project'
Successfully registered tool definition: 'create_or_update_task'

stderr | tests/unit/agent-tools/project-tasks/project-task-tools.test.ts > Project data tools — actual native preparation/execute and selected MCP adapter > rejects malformed Project input before native coercion with MCP parity: {"name":"x","workspaces":[{"workspace_path":""}]}
Overwriting existing tool definition for name: 'list_projects'
Overwriting existing tool definition for name: 'list_project_tasks'
Overwriting existing tool definition for name: 'create_or_update_project'
Overwriting existing tool definition for name: 'create_or_update_task'

stdout | tests/unit/agent-tools/project-tasks/project-task-tools.test.ts > Project data tools — actual native preparation/execute and selected MCP adapter > rejects malformed Project input before native coercion with MCP parity: {"name":"x","workspaces":[{"workspace_path":123}]}
Platform detection: Windows=false
App root directory: /Users/normy/autobyteus_org/autobyteus-worktrees/project-workspace-path/autobyteus-server-ts
App data directory: /var/folders/7w/9r4_s1_s42z3f7c136bpjf0r0000gn/T/project-tools-unit-Ip2Wv3
Successfully registered tool definition: 'list_projects'
Successfully registered tool definition: 'list_project_tasks'
Successfully registered tool definition: 'create_or_update_project'
Successfully registered tool definition: 'create_or_update_task'

stderr | tests/unit/agent-tools/project-tasks/project-task-tools.test.ts > Project data tools — actual native preparation/execute and selected MCP adapter > rejects malformed Project input before native coercion with MCP parity: {"name":"x","workspaces":[{"workspace_path":123}]}
Overwriting existing tool definition for name: 'list_projects'
Overwriting existing tool definition for name: 'list_project_tasks'
Overwriting existing tool definition for name: 'create_or_update_project'
Overwriting existing tool definition for name: 'create_or_update_task'

stdout | tests/unit/agent-tools/project-tasks/project-task-tools.test.ts > Project data tools — actual native preparation/execute and selected MCP adapter > rejects malformed Project input before native coercion with MCP parity: {"name":"x","workspaces":[{"workspace_path":"ws","description":null}]}
Platform detection: Windows=false
App root directory: /Users/normy/autobyteus_org/autobyteus-worktrees/project-workspace-path/autobyteus-server-ts
App data directory: /var/folders/7w/9r4_s1_s42z3f7c136bpjf0r0000gn/T/project-tools-unit-rrEtED
Successfully registered tool definition: 'list_projects'
Successfully registered tool definition: 'list_project_tasks'
Successfully registered tool definition: 'create_or_update_project'
Successfully registered tool definition: 'create_or_update_task'

stderr | tests/unit/agent-tools/project-tasks/project-task-tools.test.ts > Project data tools — actual native preparation/execute and selected MCP adapter > rejects malformed Project input before native coercion with MCP parity: {"name":"x","workspaces":[{"workspace_path":"ws","description":null}]}
Overwriting existing tool definition for name: 'list_projects'
Overwriting existing tool definition for name: 'list_project_tasks'
Overwriting existing tool definition for name: 'create_or_update_project'
Overwriting existing tool definition for name: 'create_or_update_task'

stdout | tests/unit/agent-tools/project-tasks/project-task-tools.test.ts > Project data tools — actual native preparation/execute and selected MCP adapter > rejects malformed Project input before native coercion with MCP parity: {"name":"x","workspaces":[{"workspace_path":"ws","description":false}]}
Platform detection: Windows=false
App root directory: /Users/normy/autobyteus_org/autobyteus-worktrees/project-workspace-path/autobyteus-server-ts
App data directory: /var/folders/7w/9r4_s1_s42z3f7c136bpjf0r0000gn/T/project-tools-unit-ofSRie
Successfully registered tool definition: 'list_projects'
Successfully registered tool definition: 'list_project_tasks'
Successfully registered tool definition: 'create_or_update_project'
Successfully registered tool definition: 'create_or_update_task'

stderr | tests/unit/agent-tools/project-tasks/project-task-tools.test.ts > Project data tools — actual native preparation/execute and selected MCP adapter > rejects malformed Project input before native coercion with MCP parity: {"name":"x","workspaces":[{"workspace_path":"ws","description":false}]}
Overwriting existing tool definition for name: 'list_projects'
Overwriting existing tool definition for name: 'list_project_tasks'
Overwriting existing tool definition for name: 'create_or_update_project'
Overwriting existing tool definition for name: 'create_or_update_task'

stdout | tests/unit/agent-tools/project-tasks/project-task-tools.test.ts > Project data tools — actual native preparation/execute and selected MCP adapter > rejects malformed Project input before native coercion with MCP parity: {"name":"x","workspaces":[{"workspace_path":"ws","description":123}]}
Platform detection: Windows=false
App root directory: /Users/normy/autobyteus_org/autobyteus-worktrees/project-workspace-path/autobyteus-server-ts
App data directory: /var/folders/7w/9r4_s1_s42z3f7c136bpjf0r0000gn/T/project-tools-unit-CqvoMN
Successfully registered tool definition: 'list_projects'
Successfully registered tool definition: 'list_project_tasks'
Successfully registered tool definition: 'create_or_update_project'
Successfully registered tool definition: 'create_or_update_task'

stderr | tests/unit/agent-tools/project-tasks/project-task-tools.test.ts > Project data tools — actual native preparation/execute and selected MCP adapter > rejects malformed Project input before native coercion with MCP parity: {"name":"x","workspaces":[{"workspace_path":"ws","description":123}]}
Overwriting existing tool definition for name: 'list_projects'
Overwriting existing tool definition for name: 'list_project_tasks'
Overwriting existing tool definition for name: 'create_or_update_project'
Overwriting existing tool definition for name: 'create_or_update_task'

stdout | tests/unit/agent-tools/project-tasks/project-task-tools.test.ts > Project data tools — actual native preparation/execute and selected MCP adapter > rejects malformed Project input before native coercion with MCP parity: {"name":"x","workspaces":[{"workspace_path":"ws","extra":true}]}
Platform detection: Windows=false
App root directory: /Users/normy/autobyteus_org/autobyteus-worktrees/project-workspace-path/autobyteus-server-ts
App data directory: /var/folders/7w/9r4_s1_s42z3f7c136bpjf0r0000gn/T/project-tools-unit-zEM5Si
Successfully registered tool definition: 'list_projects'
Successfully registered tool definition: 'list_project_tasks'
Successfully registered tool definition: 'create_or_update_project'
Successfully registered tool definition: 'create_or_update_task'

stderr | tests/unit/agent-tools/project-tasks/project-task-tools.test.ts > Project data tools — actual native preparation/execute and selected MCP adapter > rejects malformed Project input before native coercion with MCP parity: {"name":"x","workspaces":[{"workspace_path":"ws","extra":true}]}
Overwriting existing tool definition for name: 'list_projects'
Overwriting existing tool definition for name: 'list_project_tasks'
Overwriting existing tool definition for name: 'create_or_update_project'
Overwriting existing tool definition for name: 'create_or_update_task'

stdout | tests/unit/agent-tools/project-tasks/project-task-tools.test.ts > Project data tools — actual native preparation/execute and selected MCP adapter > rejects malformed Project input before native coercion with MCP parity: {"name":"x","workspaces":[{"workspace_path":"/work/site"},{"workspace_path":"/work/site/../site/"}]}
Platform detection: Windows=false
App root directory: /Users/normy/autobyteus_org/autobyteus-worktrees/project-workspace-path/autobyteus-server-ts
App data directory: /var/folders/7w/9r4_s1_s42z3f7c136bpjf0r0000gn/T/project-tools-unit-QigYTJ
Successfully registered tool definition: 'list_projects'
Successfully registered tool definition: 'list_project_tasks'
Successfully registered tool definition: 'create_or_update_project'
Successfully registered tool definition: 'create_or_update_task'

stderr | tests/unit/agent-tools/project-tasks/project-task-tools.test.ts > Project data tools — actual native preparation/execute and selected MCP adapter > rejects malformed Project input before native coercion with MCP parity: {"name":"x","workspaces":[{"workspace_path":"/work/site"},{"workspace_path":"/work/site/../site/"}]}
Overwriting existing tool definition for name: 'list_projects'
Overwriting existing tool definition for name: 'list_project_tasks'
Overwriting existing tool definition for name: 'create_or_update_project'
Overwriting existing tool definition for name: 'create_or_update_task'

stdout | tests/unit/agent-tools/project-tasks/project-task-tools.test.ts > Project data tools — actual native preparation/execute and selected MCP adapter > rejects nonplain top-level Project arguments
Platform detection: Windows=false
App root directory: /Users/normy/autobyteus_org/autobyteus-worktrees/project-workspace-path/autobyteus-server-ts
App data directory: /var/folders/7w/9r4_s1_s42z3f7c136bpjf0r0000gn/T/project-tools-unit-7O43Fx
Successfully registered tool definition: 'list_projects'
Successfully registered tool definition: 'list_project_tasks'
Successfully registered tool definition: 'create_or_update_project'
Successfully registered tool definition: 'create_or_update_task'

stderr | tests/unit/agent-tools/project-tasks/project-task-tools.test.ts > Project data tools — actual native preparation/execute and selected MCP adapter > rejects nonplain top-level Project arguments
Overwriting existing tool definition for name: 'list_projects'
Overwriting existing tool definition for name: 'list_project_tasks'
Overwriting existing tool definition for name: 'create_or_update_project'
Overwriting existing tool definition for name: 'create_or_update_task'

stdout | tests/unit/agent-tools/project-tasks/project-task-tools.test.ts > Project data tools — actual native preparation/execute and selected MCP adapter > rejects nonplain top-level Project arguments
Platform detection: Windows=false
App root directory: /Users/normy/autobyteus_org/autobyteus-worktrees/project-workspace-path/autobyteus-server-ts
App data directory: /var/folders/7w/9r4_s1_s42z3f7c136bpjf0r0000gn/T/project-tools-unit-ePYF4Z
Successfully registered tool definition: 'list_projects'
Successfully registered tool definition: 'list_project_tasks'
Successfully registered tool definition: 'create_or_update_project'
Successfully registered tool definition: 'create_or_update_task'

stderr | tests/unit/agent-tools/project-tasks/project-task-tools.test.ts > Project data tools — actual native preparation/execute and selected MCP adapter > rejects nonplain top-level Project arguments
Overwriting existing tool definition for name: 'list_projects'
Overwriting existing tool definition for name: 'list_project_tasks'
Overwriting existing tool definition for name: 'create_or_update_project'
Overwriting existing tool definition for name: 'create_or_update_task'

stdout | tests/unit/agent-tools/project-tasks/project-task-tools.test.ts > Project data tools — actual native preparation/execute and selected MCP adapter > rejects nonplain top-level Project arguments
Platform detection: Windows=false
App root directory: /Users/normy/autobyteus_org/autobyteus-worktrees/project-workspace-path/autobyteus-server-ts
App data directory: /var/folders/7w/9r4_s1_s42z3f7c136bpjf0r0000gn/T/project-tools-unit-ISQJbZ
Successfully registered tool definition: 'list_projects'
Successfully registered tool definition: 'list_project_tasks'
Successfully registered tool definition: 'create_or_update_project'
Successfully registered tool definition: 'create_or_update_task'

stderr | tests/unit/agent-tools/project-tasks/project-task-tools.test.ts > Project data tools — actual native preparation/execute and selected MCP adapter > rejects nonplain top-level Project arguments
Overwriting existing tool definition for name: 'list_projects'
Overwriting existing tool definition for name: 'list_project_tasks'
Overwriting existing tool definition for name: 'create_or_update_project'
Overwriting existing tool definition for name: 'create_or_update_task'

stdout | tests/unit/agent-tools/project-tasks/project-task-tools.test.ts > Project data tools — actual native preparation/execute and selected MCP adapter > rejects nonplain top-level Project arguments
Platform detection: Windows=false
App root directory: /Users/normy/autobyteus_org/autobyteus-worktrees/project-workspace-path/autobyteus-server-ts
App data directory: /var/folders/7w/9r4_s1_s42z3f7c136bpjf0r0000gn/T/project-tools-unit-bEcl4N
Successfully registered tool definition: 'list_projects'
Successfully registered tool definition: 'list_project_tasks'
Successfully registered tool definition: 'create_or_update_project'
Successfully registered tool definition: 'create_or_update_task'

stderr | tests/unit/agent-tools/project-tasks/project-task-tools.test.ts > Project data tools — actual native preparation/execute and selected MCP adapter > rejects nonplain top-level Project arguments
Overwriting existing tool definition for name: 'list_projects'
Overwriting existing tool definition for name: 'list_project_tasks'
Overwriting existing tool definition for name: 'create_or_update_project'
Overwriting existing tool definition for name: 'create_or_update_task'

stdout | tests/unit/agent-tools/project-tasks/project-task-tools.test.ts > Project data tools — actual native preparation/execute and selected MCP adapter > returns service validation errors without partial metadata or implicit upsert
Platform detection: Windows=false
App root directory: /Users/normy/autobyteus_org/autobyteus-worktrees/project-workspace-path/autobyteus-server-ts
App data directory: /var/folders/7w/9r4_s1_s42z3f7c136bpjf0r0000gn/T/project-tools-unit-EkjbW4
Successfully registered tool definition: 'list_projects'
Successfully registered tool definition: 'list_project_tasks'
Successfully registered tool definition: 'create_or_update_project'
Successfully registered tool definition: 'create_or_update_task'

stderr | tests/unit/agent-tools/project-tasks/project-task-tools.test.ts > Project data tools — actual native preparation/execute and selected MCP adapter > returns service validation errors without partial metadata or implicit upsert
Overwriting existing tool definition for name: 'list_projects'
Overwriting existing tool definition for name: 'list_project_tasks'
Overwriting existing tool definition for name: 'create_or_update_project'
Overwriting existing tool definition for name: 'create_or_update_task'

stdout | tests/unit/agent-tools/project-tasks/project-task-tools.test.ts > Project data tools — actual native preparation/execute and selected MCP adapter > reports unconfirmed Project writes truthfully through native without exposing private failure details
Platform detection: Windows=false
App root directory: /Users/normy/autobyteus_org/autobyteus-worktrees/project-workspace-path/autobyteus-server-ts
App data directory: /var/folders/7w/9r4_s1_s42z3f7c136bpjf0r0000gn/T/project-tools-unit-CP3mBO
Successfully registered tool definition: 'list_projects'
Successfully registered tool definition: 'list_project_tasks'
Successfully registered tool definition: 'create_or_update_project'
Successfully registered tool definition: 'create_or_update_task'

stderr | tests/unit/agent-tools/project-tasks/project-task-tools.test.ts > Project data tools — actual native preparation/execute and selected MCP adapter > reports unconfirmed Project writes truthfully through native without exposing private failure details
Overwriting existing tool definition for name: 'list_projects'
Overwriting existing tool definition for name: 'list_project_tasks'
Overwriting existing tool definition for name: 'create_or_update_project'
Overwriting existing tool definition for name: 'create_or_update_task'

stdout | tests/unit/agent-tools/project-tasks/project-task-tools.test.ts > Project data tools — actual native preparation/execute and selected MCP adapter > reports unconfirmed Project writes truthfully through mcp without exposing private failure details
Platform detection: Windows=false
App root directory: /Users/normy/autobyteus_org/autobyteus-worktrees/project-workspace-path/autobyteus-server-ts
App data directory: /var/folders/7w/9r4_s1_s42z3f7c136bpjf0r0000gn/T/project-tools-unit-ok8Luy
Successfully registered tool definition: 'list_projects'
Successfully registered tool definition: 'list_project_tasks'
Successfully registered tool definition: 'create_or_update_project'
Successfully registered tool definition: 'create_or_update_task'

stderr | tests/unit/agent-tools/project-tasks/project-task-tools.test.ts > Project data tools — actual native preparation/execute and selected MCP adapter > reports unconfirmed Project writes truthfully through mcp without exposing private failure details
Overwriting existing tool definition for name: 'list_projects'
Overwriting existing tool definition for name: 'list_project_tasks'
Overwriting existing tool definition for name: 'create_or_update_project'
Overwriting existing tool definition for name: 'create_or_update_task'

stdout | tests/unit/agent-tools/project-tasks/project-task-tools.test.ts > Project data tools — actual native preparation/execute and selected MCP adapter > shares business reads and compact TODO create/known-ID status acknowledgements
Platform detection: Windows=false
App root directory: /Users/normy/autobyteus_org/autobyteus-worktrees/project-workspace-path/autobyteus-server-ts
App data directory: /var/folders/7w/9r4_s1_s42z3f7c136bpjf0r0000gn/T/project-tools-unit-Sg5IRX
Successfully registered tool definition: 'list_projects'
Successfully registered tool definition: 'list_project_tasks'
Successfully registered tool definition: 'create_or_update_project'
Successfully registered tool definition: 'create_or_update_task'

stderr | tests/unit/agent-tools/project-tasks/project-task-tools.test.ts > Project data tools — actual native preparation/execute and selected MCP adapter > shares business reads and compact TODO create/known-ID status acknowledgements
Overwriting existing tool definition for name: 'list_projects'
Overwriting existing tool definition for name: 'list_project_tasks'
Overwriting existing tool definition for name: 'create_or_update_project'
Overwriting existing tool definition for name: 'create_or_update_task'

stdout | tests/unit/agent-tools/project-tasks/project-task-tools.test.ts > Project data tools — actual native preparation/execute and selected MCP adapter > preserves domain errors before BaseTool coercion for list_projects
Platform detection: Windows=false
App root directory: /Users/normy/autobyteus_org/autobyteus-worktrees/project-workspace-path/autobyteus-server-ts
App data directory: /var/folders/7w/9r4_s1_s42z3f7c136bpjf0r0000gn/T/project-tools-unit-dQau78
Successfully registered tool definition: 'list_projects'
Successfully registered tool definition: 'list_project_tasks'
Successfully registered tool definition: 'create_or_update_project'
Successfully registered tool definition: 'create_or_update_task'

stderr | tests/unit/agent-tools/project-tasks/project-task-tools.test.ts > Project data tools — actual native preparation/execute and selected MCP adapter > preserves domain errors before BaseTool coercion for list_projects
Overwriting existing tool definition for name: 'list_projects'
Overwriting existing tool definition for name: 'list_project_tasks'
Overwriting existing tool definition for name: 'create_or_update_project'
Overwriting existing tool definition for name: 'create_or_update_task'

stdout | tests/unit/agent-tools/project-tasks/project-task-tools.test.ts > Project data tools — actual native preparation/execute and selected MCP adapter > preserves domain errors before BaseTool coercion for list_project_tasks
Platform detection: Windows=false
App root directory: /Users/normy/autobyteus_org/autobyteus-worktrees/project-workspace-path/autobyteus-server-ts
App data directory: /var/folders/7w/9r4_s1_s42z3f7c136bpjf0r0000gn/T/project-tools-unit-APnHNp
Successfully registered tool definition: 'list_projects'
Successfully registered tool definition: 'list_project_tasks'
Successfully registered tool definition: 'create_or_update_project'
Successfully registered tool definition: 'create_or_update_task'

stderr | tests/unit/agent-tools/project-tasks/project-task-tools.test.ts > Project data tools — actual native preparation/execute and selected MCP adapter > preserves domain errors before BaseTool coercion for list_project_tasks
Overwriting existing tool definition for name: 'list_projects'
Overwriting existing tool definition for name: 'list_project_tasks'
Overwriting existing tool definition for name: 'create_or_update_project'
Overwriting existing tool definition for name: 'create_or_update_task'

stdout | tests/unit/agent-tools/project-tasks/project-task-tools.test.ts > Project data tools — actual native preparation/execute and selected MCP adapter > preserves domain errors before BaseTool coercion for list_project_tasks
Platform detection: Windows=false
App root directory: /Users/normy/autobyteus_org/autobyteus-worktrees/project-workspace-path/autobyteus-server-ts
App data directory: /var/folders/7w/9r4_s1_s42z3f7c136bpjf0r0000gn/T/project-tools-unit-nIMS3I
Successfully registered tool definition: 'list_projects'
Successfully registered tool definition: 'list_project_tasks'
Successfully registered tool definition: 'create_or_update_project'
Successfully registered tool definition: 'create_or_update_task'

stderr | tests/unit/agent-tools/project-tasks/project-task-tools.test.ts > Project data tools — actual native preparation/execute and selected MCP adapter > preserves domain errors before BaseTool coercion for list_project_tasks
Overwriting existing tool definition for name: 'list_projects'
Overwriting existing tool definition for name: 'list_project_tasks'
Overwriting existing tool definition for name: 'create_or_update_project'
Overwriting existing tool definition for name: 'create_or_update_task'

stdout | tests/unit/agent-tools/project-tasks/project-task-tools.test.ts > Project data tools — actual native preparation/execute and selected MCP adapter > preserves domain errors before BaseTool coercion for create_or_update_task
Platform detection: Windows=false
App root directory: /Users/normy/autobyteus_org/autobyteus-worktrees/project-workspace-path/autobyteus-server-ts
App data directory: /var/folders/7w/9r4_s1_s42z3f7c136bpjf0r0000gn/T/project-tools-unit-H5qDXO
Successfully registered tool definition: 'list_projects'
Successfully registered tool definition: 'list_project_tasks'
Successfully registered tool definition: 'create_or_update_project'
Successfully registered tool definition: 'create_or_update_task'

stderr | tests/unit/agent-tools/project-tasks/project-task-tools.test.ts > Project data tools — actual native preparation/execute and selected MCP adapter > preserves domain errors before BaseTool coercion for create_or_update_task
Overwriting existing tool definition for name: 'list_projects'
Overwriting existing tool definition for name: 'list_project_tasks'
Overwriting existing tool definition for name: 'create_or_update_project'
Overwriting existing tool definition for name: 'create_or_update_task'

stdout | tests/unit/agent-tools/project-tasks/project-task-tools.test.ts > Project data tools — actual native preparation/execute and selected MCP adapter > preserves domain errors before BaseTool coercion for create_or_update_task
Platform detection: Windows=false
App root directory: /Users/normy/autobyteus_org/autobyteus-worktrees/project-workspace-path/autobyteus-server-ts
App data directory: /var/folders/7w/9r4_s1_s42z3f7c136bpjf0r0000gn/T/project-tools-unit-HoTWif
Successfully registered tool definition: 'list_projects'
Successfully registered tool definition: 'list_project_tasks'
Successfully registered tool definition: 'create_or_update_project'
Successfully registered tool definition: 'create_or_update_task'

stderr | tests/unit/agent-tools/project-tasks/project-task-tools.test.ts > Project data tools — actual native preparation/execute and selected MCP adapter > preserves domain errors before BaseTool coercion for create_or_update_task
Overwriting existing tool definition for name: 'list_projects'
Overwriting existing tool definition for name: 'list_project_tasks'
Overwriting existing tool definition for name: 'create_or_update_project'
Overwriting existing tool definition for name: 'create_or_update_task'

stdout | tests/unit/agent-tools/project-tasks/project-task-tools.test.ts > Project data tools — actual native preparation/execute and selected MCP adapter > preserves domain errors before BaseTool coercion for create_or_update_task
Platform detection: Windows=false
App root directory: /Users/normy/autobyteus_org/autobyteus-worktrees/project-workspace-path/autobyteus-server-ts
App data directory: /var/folders/7w/9r4_s1_s42z3f7c136bpjf0r0000gn/T/project-tools-unit-XcCDVm
Successfully registered tool definition: 'list_projects'
Successfully registered tool definition: 'list_project_tasks'
Successfully registered tool definition: 'create_or_update_project'
Successfully registered tool definition: 'create_or_update_task'

stderr | tests/unit/agent-tools/project-tasks/project-task-tools.test.ts > Project data tools — actual native preparation/execute and selected MCP adapter > preserves domain errors before BaseTool coercion for create_or_update_task
Overwriting existing tool definition for name: 'list_projects'
Overwriting existing tool definition for name: 'list_project_tasks'
Overwriting existing tool definition for name: 'create_or_update_project'
Overwriting existing tool definition for name: 'create_or_update_task'

stdout | tests/unit/agent-tools/project-tasks/project-task-tools.test.ts > Project data tools — actual native preparation/execute and selected MCP adapter > preserves domain errors before BaseTool coercion for create_or_update_task
Platform detection: Windows=false
App root directory: /Users/normy/autobyteus_org/autobyteus-worktrees/project-workspace-path/autobyteus-server-ts
App data directory: /var/folders/7w/9r4_s1_s42z3f7c136bpjf0r0000gn/T/project-tools-unit-aZ11dN
Successfully registered tool definition: 'list_projects'
Successfully registered tool definition: 'list_project_tasks'
Successfully registered tool definition: 'create_or_update_project'
Successfully registered tool definition: 'create_or_update_task'

stderr | tests/unit/agent-tools/project-tasks/project-task-tools.test.ts > Project data tools — actual native preparation/execute and selected MCP adapter > preserves domain errors before BaseTool coercion for create_or_update_task
Overwriting existing tool definition for name: 'list_projects'
Overwriting existing tool definition for name: 'list_project_tasks'
Overwriting existing tool definition for name: 'create_or_update_project'
Overwriting existing tool definition for name: 'create_or_update_task'

stdout | tests/unit/agent-tools/project-tasks/project-task-tools.test.ts > Project data tools — actual native preparation/execute and selected MCP adapter > preserves domain errors before BaseTool coercion for create_or_update_task
Platform detection: Windows=false
App root directory: /Users/normy/autobyteus_org/autobyteus-worktrees/project-workspace-path/autobyteus-server-ts
App data directory: /var/folders/7w/9r4_s1_s42z3f7c136bpjf0r0000gn/T/project-tools-unit-k1ctzh
Successfully registered tool definition: 'list_projects'
Successfully registered tool definition: 'list_project_tasks'
Successfully registered tool definition: 'create_or_update_project'
Successfully registered tool definition: 'create_or_update_task'

stderr | tests/unit/agent-tools/project-tasks/project-task-tools.test.ts > Project data tools — actual native preparation/execute and selected MCP adapter > preserves domain errors before BaseTool coercion for create_or_update_task
Overwriting existing tool definition for name: 'list_projects'
Overwriting existing tool definition for name: 'list_project_tasks'
Overwriting existing tool definition for name: 'create_or_update_project'
Overwriting existing tool definition for name: 'create_or_update_task'

stdout | tests/unit/agent-tools/project-tasks/project-task-tools.test.ts > Project data tools — actual native preparation/execute and selected MCP adapter > preserves domain errors before BaseTool coercion for create_or_update_task
Platform detection: Windows=false
App root directory: /Users/normy/autobyteus_org/autobyteus-worktrees/project-workspace-path/autobyteus-server-ts
App data directory: /var/folders/7w/9r4_s1_s42z3f7c136bpjf0r0000gn/T/project-tools-unit-DxglRJ
Successfully registered tool definition: 'list_projects'
Successfully registered tool definition: 'list_project_tasks'
Successfully registered tool definition: 'create_or_update_project'
Successfully registered tool definition: 'create_or_update_task'

stderr | tests/unit/agent-tools/project-tasks/project-task-tools.test.ts > Project data tools — actual native preparation/execute and selected MCP adapter > preserves domain errors before BaseTool coercion for create_or_update_task
Overwriting existing tool definition for name: 'list_projects'
Overwriting existing tool definition for name: 'list_project_tasks'
Overwriting existing tool definition for name: 'create_or_update_project'
Overwriting existing tool definition for name: 'create_or_update_task'

stdout | tests/unit/agent-tools/project-tasks/project-task-tools.test.ts > Project data tools — actual native preparation/execute and selected MCP adapter > preserves domain errors before BaseTool coercion for create_or_update_task
Platform detection: Windows=false
App root directory: /Users/normy/autobyteus_org/autobyteus-worktrees/project-workspace-path/autobyteus-server-ts
App data directory: /var/folders/7w/9r4_s1_s42z3f7c136bpjf0r0000gn/T/project-tools-unit-hMNZzP
Successfully registered tool definition: 'list_projects'
Successfully registered tool definition: 'list_project_tasks'
Successfully registered tool definition: 'create_or_update_project'
Successfully registered tool definition: 'create_or_update_task'

stderr | tests/unit/agent-tools/project-tasks/project-task-tools.test.ts > Project data tools — actual native preparation/execute and selected MCP adapter > preserves domain errors before BaseTool coercion for create_or_update_task
Overwriting existing tool definition for name: 'list_projects'
Overwriting existing tool definition for name: 'list_project_tasks'
Overwriting existing tool definition for name: 'create_or_update_project'
Overwriting existing tool definition for name: 'create_or_update_task'

stdout | tests/unit/agent-tools/project-tasks/project-task-tools.test.ts > Project data tools — actual native preparation/execute and selected MCP adapter > unknown Task IDs fail without creating and aborted native execution stays a transport error
Platform detection: Windows=false
App root directory: /Users/normy/autobyteus_org/autobyteus-worktrees/project-workspace-path/autobyteus-server-ts
App data directory: /var/folders/7w/9r4_s1_s42z3f7c136bpjf0r0000gn/T/project-tools-unit-baXCWv
Successfully registered tool definition: 'list_projects'
Successfully registered tool definition: 'list_project_tasks'
Successfully registered tool definition: 'create_or_update_project'
Successfully registered tool definition: 'create_or_update_task'

stderr | tests/unit/agent-tools/project-tasks/project-task-tools.test.ts > Project data tools — actual native preparation/execute and selected MCP adapter > unknown Task IDs fail without creating and aborted native execution stays a transport error
Overwriting existing tool definition for name: 'list_projects'
Overwriting existing tool definition for name: 'list_project_tasks'
Overwriting existing tool definition for name: 'create_or_update_project'
Overwriting existing tool definition for name: 'create_or_update_task'

stdout | tests/unit/agent-tools/project-tasks/project-task-tools.test.ts > Project data tools — actual native preparation/execute and selected MCP adapter > exposes exactly explicit selections to catalog/Claude/native members, never legacy task aliases
Platform detection: Windows=false
App root directory: /Users/normy/autobyteus_org/autobyteus-worktrees/project-workspace-path/autobyteus-server-ts
App data directory: /var/folders/7w/9r4_s1_s42z3f7c136bpjf0r0000gn/T/project-tools-unit-TeLP0r
Successfully registered tool definition: 'list_projects'
Successfully registered tool definition: 'list_project_tasks'
Successfully registered tool definition: 'create_or_update_project'
Successfully registered tool definition: 'create_or_update_task'

stderr | tests/unit/agent-tools/project-tasks/project-task-tools.test.ts > Project data tools — actual native preparation/execute and selected MCP adapter > exposes exactly explicit selections to catalog/Claude/native members, never legacy task aliases
Overwriting existing tool definition for name: 'list_projects'
Overwriting existing tool definition for name: 'list_project_tasks'
Overwriting existing tool definition for name: 'create_or_update_project'
Overwriting existing tool definition for name: 'create_or_update_task'

 ✓ tests/unit/agent-tools/project-tasks/project-task-tools.test.ts (62 tests) 1262ms
stdout | tests/unit/projects/project-task-context-store.test.ts
AgentFactory (Singleton) initialized.

stdout | tests/unit/projects/project-task-context-store.test.ts > Task-owned context transaction > copies real bytes, persists metadata only, projects restart references and retains on Done
Platform detection: Windows=false
App root directory: /Users/normy/autobyteus_org/autobyteus-worktrees/project-workspace-path/autobyteus-server-ts
App data directory: /Users/normy/autobyteus_org/autobyteus-worktrees/project-workspace-path/autobyteus-server-ts

stderr | tests/unit/projects/project-task-context-store.test.ts > Task-owned context transaction > returns proven committed metadata even when subsequent lock finalization fails
Projects data committed; lock finalization failed. Error: release failure
    at Object.<anonymous> (/Users/normy/autobyteus_org/autobyteus-worktrees/project-workspace-path/autobyteus-server-ts/tests/unit/projects/project-task-context-store.test.ts:92:69)
    at Object.unlink (file:///Users/normy/autobyteus_org/autobyteus-worktrees/project-workspace-path/node_modules/.pnpm/@vitest+spy@4.0.18/node_modules/@vitest/spy/dist/index.js:285:34)
    at code (/Users/normy/autobyteus_org/autobyteus-worktrees/project-workspace-path/autobyteus-server-ts/src/persistence/file/store-utils.ts:55:20)
    at withFilePathLock (/Users/normy/autobyteus_org/autobyteus-worktrees/project-workspace-path/autobyteus-server-ts/src/persistence/file/store-utils.ts:123:9)
    at ProjectStore.withCommitLock (/Users/normy/autobyteus_org/autobyteus-worktrees/project-workspace-path/autobyteus-server-ts/src/projects/stores/project-store.ts:204:14)
    at ProjectTaskService.createTask (/Users/normy/autobyteus_org/autobyteus-worktrees/project-workspace-path/autobyteus-server-ts/src/projects/services/project-task-service.ts:103:18)
    at /Users/normy/autobyteus_org/autobyteus-worktrees/project-workspace-path/autobyteus-server-ts/tests/unit/projects/project-task-context-store.test.ts:95:18
    at file:///Users/normy/autobyteus_org/autobyteus-worktrees/project-workspace-path/node_modules/.pnpm/@vitest+runner@4.0.18/node_modules/@vitest/runner/dist/index.js:915:20

stderr | tests/unit/projects/project-task-context-store.test.ts > Task-owned context transaction > cleanup failure cannot turn a confirmed file-removal commit into rollback
Task context cleanup failed. Error: cleanup unavailable
    at /Users/normy/autobyteus_org/autobyteus-worktrees/project-workspace-path/autobyteus-server-ts/tests/unit/projects/project-task-context-store.test.ts:121:63
    at file:///Users/normy/autobyteus_org/autobyteus-worktrees/project-workspace-path/node_modules/.pnpm/@vitest+runner@4.0.18/node_modules/@vitest/runner/dist/index.js:915:20

 ✓ tests/unit/projects/project-task-context-store.test.ts (9 tests) 1003ms
stdout | tests/unit/projects/task-agent-resource-reactivation.test.ts
AgentFactory (Singleton) initialized.

 ✓ tests/unit/projects/task-agent-resource-reactivation.test.ts (6 tests) 599ms
stdout | tests/unit/projects/task-agent-resources.test.ts
AgentFactory (Singleton) initialized.

stdout | tests/unit/projects/task-agent-resources.test.ts > Task agent run resources (SR-023/SR-024) > links `starting` before resources, writes the exact documented file, and settles start once
Platform detection: Windows=false
App root directory: /Users/normy/autobyteus_org/autobyteus-worktrees/project-workspace-path/autobyteus-server-ts
App data directory: /Users/normy/autobyteus_org/autobyteus-worktrees/project-workspace-path/autobyteus-server-ts

 ✓ tests/unit/projects/task-agent-resources.test.ts (11 tests) 772ms
stdout | tests/unit/agent-tools/project-tasks/project-task-business-results.test.ts
AgentFactory (Singleton) initialized.

 ✓ tests/unit/agent-tools/project-tasks/project-task-business-results.test.ts (9 tests) 578ms
stdout | tests/unit/projects/ad-hoc-tasks.test.ts
AgentFactory (Singleton) initialized.

 ✓ tests/unit/projects/ad-hoc-tasks.test.ts (10 tests) 523ms
stdout | tests/unit/projects/project-task-service.test.ts
AgentFactory (Singleton) initialized.

stdout | tests/unit/projects/project-task-service.test.ts > ProjectTaskService > creates a TODO Task from a trimmed multi-line description in its own task.json
Platform detection: Windows=false
App root directory: /Users/normy/autobyteus_org/autobyteus-worktrees/project-workspace-path/autobyteus-server-ts
App data directory: /Users/normy/autobyteus_org/autobyteus-worktrees/project-workspace-path/autobyteus-server-ts

 ✓ tests/unit/projects/project-task-service.test.ts (15 tests) 464ms
 ✓ tests/unit/projects/project-store-per-folder.test.ts (8 tests) 280ms
stdout | tests/unit/projects/project-change-publication.test.ts
AgentFactory (Singleton) initialized.

 ✓ tests/unit/projects/project-change-publication.test.ts (7 tests) 290ms
stdout | tests/unit/app-data-migrations/projects-per-folder-v1-app-data-migration.test.ts
AgentFactory (Singleton) initialized.

(node:61375) ExperimentalWarning: SQLite is an experimental feature and might change at any time
(Use `node --trace-warnings ...` to show where the warning was created)
stdout | tests/unit/app-data-migrations/projects-per-folder-v1-app-data-migration.test.ts > projects-per-folder-v1 migration (SR-024) > is a registered required STARTUP_ONLY definition
Platform detection: Windows=false
App root directory: /Users/normy/autobyteus_org/autobyteus-worktrees/project-workspace-path/autobyteus-server-ts
App data directory: /Users/normy/autobyteus_org/autobyteus-worktrees/project-workspace-path/autobyteus-server-ts

 ✓ tests/unit/app-data-migrations/projects-per-folder-v1-app-data-migration.test.ts (9 tests) 155ms
stdout | tests/unit/api/graphql/projects-schema.test.ts
AgentFactory (Singleton) initialized.

(node:62754) ExperimentalWarning: SQLite is an experimental feature and might change at any time
(Use `node --trace-warnings ...` to show where the warning was created)
 ✓ tests/unit/api/graphql/projects-schema.test.ts (4 tests) 64ms
 ✓ tests/unit/projects/task-root-view.test.ts (3 tests) 71ms
stdout | tests/unit/app-data-migrations/app-data-migration-runner.test.ts
AgentFactory (Singleton) initialized.

(node:63426) ExperimentalWarning: SQLite is an experimental feature and might change at any time
(Use `node --trace-warnings ...` to show where the warning was created)
 ✓ tests/unit/app-data-migrations/app-data-migration-runner.test.ts (22 tests) 35ms
stdout | tests/unit/workspaces/workspace-manager.test.ts
AgentFactory (Singleton) initialized.

stdout | tests/unit/workspaces/workspace-manager.test.ts > WorkspaceManager > reads registered roots without activation, temp cleanup, existence checks or registry writes
Platform detection: Windows=false
App root directory: /Users/normy/autobyteus_org/autobyteus-worktrees/project-workspace-path/autobyteus-server-ts
App data directory: /Users/normy/autobyteus_org/autobyteus-worktrees/project-workspace-path/autobyteus-server-ts

stdout | tests/unit/workspaces/workspace-manager.test.ts > WorkspaceManager > creates and registers a workspace
Creating new workspace for rootPath: /var/folders/7w/9r4_s1_s42z3f7c136bpjf0r0000gn/T/autobyteus-ws-cPhiG5
Created metadata-only FileSystemWorkspace at /var/folders/7w/9r4_s1_s42z3f7c136bpjf0r0000gn/T/autobyteus-ws-cPhiG5.

stdout | tests/unit/workspaces/workspace-manager.test.ts > WorkspaceManager > creates and registers a workspace
Created and registered workspace ID: agent_ws_19deecc32fd43da8531a46c8360012ae64aff02b68e7e062da1488e852fb0dab

stdout | tests/unit/workspaces/workspace-manager.test.ts > WorkspaceManager > creates and registers a workspace
Closing FileSystemWorkspace agent_ws_19deecc32fd43da8531a46c8360012ae64aff02b68e7e062da1488e852fb0dab

stdout | tests/unit/workspaces/workspace-manager.test.ts > WorkspaceManager > reuses an existing workspace with the same config
Creating new workspace for rootPath: /var/folders/7w/9r4_s1_s42z3f7c136bpjf0r0000gn/T/autobyteus-ws-SWKbDr
Created metadata-only FileSystemWorkspace at /var/folders/7w/9r4_s1_s42z3f7c136bpjf0r0000gn/T/autobyteus-ws-SWKbDr.

stdout | tests/unit/workspaces/workspace-manager.test.ts > WorkspaceManager > reuses an existing workspace with the same config
Created and registered workspace ID: agent_ws_4c81dcb21948de27cd08aff02ad5974ba71f0d88de22094712e3e35f7c618db6

stdout | tests/unit/workspaces/workspace-manager.test.ts > WorkspaceManager > reuses an existing workspace with the same config
Creating new workspace for rootPath: /var/folders/7w/9r4_s1_s42z3f7c136bpjf0r0000gn/T/autobyteus-ws-SWKbDr
Created metadata-only FileSystemWorkspace at /var/folders/7w/9r4_s1_s42z3f7c136bpjf0r0000gn/T/autobyteus-ws-SWKbDr.

stdout | tests/unit/workspaces/workspace-manager.test.ts > WorkspaceManager > reuses an existing workspace with the same config
Reusing registered workspace ID: agent_ws_4c81dcb21948de27cd08aff02ad5974ba71f0d88de22094712e3e35f7c618db6

stdout | tests/unit/workspaces/workspace-manager.test.ts > WorkspaceManager > reuses an existing workspace with the same config
Closing FileSystemWorkspace agent_ws_4c81dcb21948de27cd08aff02ad5974ba71f0d88de22094712e3e35f7c618db6

stdout | tests/unit/workspaces/workspace-manager.test.ts > WorkspaceManager > reuses an existing workspace when equivalent root paths normalize to the same workspace ID
Creating new workspace for rootPath: /var/folders/7w/9r4_s1_s42z3f7c136bpjf0r0000gn/T/autobyteus-ws-XWYrTz
Created metadata-only FileSystemWorkspace at /var/folders/7w/9r4_s1_s42z3f7c136bpjf0r0000gn/T/autobyteus-ws-XWYrTz.

stdout | tests/unit/workspaces/workspace-manager.test.ts > WorkspaceManager > reuses an existing workspace when equivalent root paths normalize to the same workspace ID
Created and registered workspace ID: agent_ws_ba6f4ae08c58d4e76d5c78b1bcb2adbe1f0fcca71182b22f154f8dd92f2404d3

stdout | tests/unit/workspaces/workspace-manager.test.ts > WorkspaceManager > reuses an existing workspace when equivalent root paths normalize to the same workspace ID
Creating new workspace for rootPath: /var/folders/7w/9r4_s1_s42z3f7c136bpjf0r0000gn/T/autobyteus-ws-XWYrTz/.
Created metadata-only FileSystemWorkspace at /var/folders/7w/9r4_s1_s42z3f7c136bpjf0r0000gn/T/autobyteus-ws-XWYrTz.

stdout | tests/unit/workspaces/workspace-manager.test.ts > WorkspaceManager > reuses an existing workspace when equivalent root paths normalize to the same workspace ID
Reusing registered workspace ID: agent_ws_ba6f4ae08c58d4e76d5c78b1bcb2adbe1f0fcca71182b22f154f8dd92f2404d3

stdout | tests/unit/workspaces/workspace-manager.test.ts > WorkspaceManager > reuses an existing workspace when equivalent root paths normalize to the same workspace ID
Closing FileSystemWorkspace agent_ws_ba6f4ae08c58d4e76d5c78b1bcb2adbe1f0fcca71182b22f154f8dd92f2404d3

stdout | tests/unit/workspaces/workspace-manager.test.ts > WorkspaceManager > routes the configured temp root to TempWorkspace instead of registering a filesystem workspace
Creating new workspace for rootPath: /var/folders/7w/9r4_s1_s42z3f7c136bpjf0r0000gn/T/autobyteus-ws-DEDzYz/.
Resolved configured temp workspace root to TempWorkspace.

stdout | tests/unit/workspaces/workspace-manager.test.ts > WorkspaceManager > routes the configured temp root to TempWorkspace instead of registering a filesystem workspace
Creating temp workspace at: /var/folders/7w/9r4_s1_s42z3f7c136bpjf0r0000gn/T/autobyteus-ws-DEDzYz
Created metadata-only FileSystemWorkspace at /var/folders/7w/9r4_s1_s42z3f7c136bpjf0r0000gn/T/autobyteus-ws-DEDzYz.
Initialized TempWorkspace at /var/folders/7w/9r4_s1_s42z3f7c136bpjf0r0000gn/T/autobyteus-ws-DEDzYz with fixed ID 'temp_ws_default'
Temp workspace created and cached with ID: temp_ws_default

stdout | tests/unit/workspaces/workspace-manager.test.ts > WorkspaceManager > routes the configured temp root to TempWorkspace instead of registering a filesystem workspace
Closing FileSystemWorkspace temp_ws_default

stdout | tests/unit/workspaces/workspace-manager.test.ts > WorkspaceManager > decommissions persisted filesystem entries for the configured temp root
Created metadata-only FileSystemWorkspace at /var/folders/7w/9r4_s1_s42z3f7c136bpjf0r0000gn/T/autobyteus-ws-dUso5k.

stdout | tests/unit/workspaces/workspace-manager.test.ts > WorkspaceManager > decommissions persisted filesystem entries for the configured temp root
Removed 1 persisted filesystem registry entry for the configured temp workspace root.
Closing FileSystemWorkspace agent_ws_6b36ea3060941297d7e236d8f750e400a1ae0bd1cc5f180e648dcacfb4f772c6

stdout | tests/unit/workspaces/workspace-manager.test.ts > WorkspaceManager > decommissions persisted filesystem entries for the configured temp root
Creating temp workspace at: /var/folders/7w/9r4_s1_s42z3f7c136bpjf0r0000gn/T/autobyteus-ws-dUso5k
Created metadata-only FileSystemWorkspace at /var/folders/7w/9r4_s1_s42z3f7c136bpjf0r0000gn/T/autobyteus-ws-dUso5k.
Initialized TempWorkspace at /var/folders/7w/9r4_s1_s42z3f7c136bpjf0r0000gn/T/autobyteus-ws-dUso5k with fixed ID 'temp_ws_default'
Temp workspace created and cached with ID: temp_ws_default

stdout | tests/unit/workspaces/workspace-manager.test.ts > WorkspaceManager > decommissions persisted filesystem entries for the configured temp root
Created metadata-only FileSystemWorkspace at /var/folders/7w/9r4_s1_s42z3f7c136bpjf0r0000gn/T/autobyteus-ws-2V6YoE.

stdout | tests/unit/workspaces/workspace-manager.test.ts > WorkspaceManager > decommissions persisted filesystem entries for the configured temp root
Closing FileSystemWorkspace temp_ws_default

stdout | tests/unit/workspaces/workspace-manager.test.ts > WorkspaceManager > returns all active workspaces
Creating new workspace for rootPath: /var/folders/7w/9r4_s1_s42z3f7c136bpjf0r0000gn/T/autobyteus-ws-S9eGmu
Created metadata-only FileSystemWorkspace at /var/folders/7w/9r4_s1_s42z3f7c136bpjf0r0000gn/T/autobyteus-ws-S9eGmu.

stdout | tests/unit/workspaces/workspace-manager.test.ts > WorkspaceManager > returns all active workspaces
Created and registered workspace ID: agent_ws_fd3e9f087b5e7c66252d9545ad49cc67d122fd01bfba16302ae2e1e6315b6131

stdout | tests/unit/workspaces/workspace-manager.test.ts > WorkspaceManager > returns all active workspaces
Creating new workspace for rootPath: /var/folders/7w/9r4_s1_s42z3f7c136bpjf0r0000gn/T/autobyteus-ws-gsSFji
Created metadata-only FileSystemWorkspace at /var/folders/7w/9r4_s1_s42z3f7c136bpjf0r0000gn/T/autobyteus-ws-gsSFji.

stdout | tests/unit/workspaces/workspace-manager.test.ts > WorkspaceManager > returns all active workspaces
Created and registered workspace ID: agent_ws_217aaf7e97d3e8f21560cd5ab41537525f21518869dc2d39ec0941e5afb6ec65

stdout | tests/unit/workspaces/workspace-manager.test.ts > WorkspaceManager > returns all active workspaces
Closing FileSystemWorkspace agent_ws_fd3e9f087b5e7c66252d9545ad49cc67d122fd01bfba16302ae2e1e6315b6131

stdout | tests/unit/workspaces/workspace-manager.test.ts > WorkspaceManager > returns all active workspaces
Closing FileSystemWorkspace agent_ws_217aaf7e97d3e8f21560cd5ab41537525f21518869dc2d39ec0941e5afb6ec65

stdout | tests/unit/workspaces/workspace-manager.test.ts > WorkspaceManager > creates the temp workspace on first call
Creating temp workspace at: /var/folders/7w/9r4_s1_s42z3f7c136bpjf0r0000gn/T/autobyteus-ws-brPv7Z
Created metadata-only FileSystemWorkspace at /var/folders/7w/9r4_s1_s42z3f7c136bpjf0r0000gn/T/autobyteus-ws-brPv7Z.
Initialized TempWorkspace at /var/folders/7w/9r4_s1_s42z3f7c136bpjf0r0000gn/T/autobyteus-ws-brPv7Z with fixed ID 'temp_ws_default'
Temp workspace created and cached with ID: temp_ws_default

stdout | tests/unit/workspaces/workspace-manager.test.ts > WorkspaceManager > creates the temp workspace on first call
Closing FileSystemWorkspace temp_ws_default

stdout | tests/unit/workspaces/workspace-manager.test.ts > WorkspaceManager > returns cached temp workspace on subsequent calls
Creating temp workspace at: /var/folders/7w/9r4_s1_s42z3f7c136bpjf0r0000gn/T/autobyteus-ws-5Q19X3
Created metadata-only FileSystemWorkspace at /var/folders/7w/9r4_s1_s42z3f7c136bpjf0r0000gn/T/autobyteus-ws-5Q19X3.
Initialized TempWorkspace at /var/folders/7w/9r4_s1_s42z3f7c136bpjf0r0000gn/T/autobyteus-ws-5Q19X3 with fixed ID 'temp_ws_default'
Temp workspace created and cached with ID: temp_ws_default

stdout | tests/unit/workspaces/workspace-manager.test.ts > WorkspaceManager > returns cached temp workspace on subsequent calls
Closing FileSystemWorkspace temp_ws_default

stdout | tests/unit/workspaces/workspace-manager.test.ts > WorkspaceManager > recreates an ordinary filesystem workspace from its deterministic ID after restart
Creating new workspace for rootPath: /var/folders/7w/9r4_s1_s42z3f7c136bpjf0r0000gn/T/autobyteus-ws-1cZtDH
Created metadata-only FileSystemWorkspace at /var/folders/7w/9r4_s1_s42z3f7c136bpjf0r0000gn/T/autobyteus-ws-1cZtDH.

stdout | tests/unit/workspaces/workspace-manager.test.ts > WorkspaceManager > recreates an ordinary filesystem workspace from its deterministic ID after restart
Created and registered workspace ID: agent_ws_587abf62db9e542c3960b2fdf8b2386c8044aaf2908b38a0d4c89df1586072df

stdout | tests/unit/workspaces/workspace-manager.test.ts > WorkspaceManager > recreates an ordinary filesystem workspace from its deterministic ID after restart
Closing FileSystemWorkspace agent_ws_587abf62db9e542c3960b2fdf8b2386c8044aaf2908b38a0d4c89df1586072df

stdout | tests/unit/workspaces/workspace-manager.test.ts > WorkspaceManager > recreates an ordinary filesystem workspace from its deterministic ID after restart
Creating new workspace for rootPath: /var/folders/7w/9r4_s1_s42z3f7c136bpjf0r0000gn/T/autobyteus-ws-1cZtDH
Created metadata-only FileSystemWorkspace at /var/folders/7w/9r4_s1_s42z3f7c136bpjf0r0000gn/T/autobyteus-ws-1cZtDH.

stdout | tests/unit/workspaces/workspace-manager.test.ts > WorkspaceManager > recreates an ordinary filesystem workspace from its deterministic ID after restart
Created and registered workspace ID: agent_ws_587abf62db9e542c3960b2fdf8b2386c8044aaf2908b38a0d4c89df1586072df

stdout | tests/unit/workspaces/workspace-manager.test.ts > WorkspaceManager > recreates an ordinary filesystem workspace from its deterministic ID after restart
Closing FileSystemWorkspace agent_ws_587abf62db9e542c3960b2fdf8b2386c8044aaf2908b38a0d4c89df1586072df

stdout | tests/unit/workspaces/workspace-manager.test.ts > WorkspaceManager > removes a registered workspace entry without deleting workspace files
Creating new workspace for rootPath: /var/folders/7w/9r4_s1_s42z3f7c136bpjf0r0000gn/T/autobyteus-ws-UFVAqS
Created metadata-only FileSystemWorkspace at /var/folders/7w/9r4_s1_s42z3f7c136bpjf0r0000gn/T/autobyteus-ws-UFVAqS.

stdout | tests/unit/workspaces/workspace-manager.test.ts > WorkspaceManager > removes a registered workspace entry without deleting workspace files
Created and registered workspace ID: agent_ws_2ea0b2823c5144e2c5c129a0fd9265fe797b1bba767720840fa52567a34315bf

stdout | tests/unit/workspaces/workspace-manager.test.ts > WorkspaceManager > removes a registered workspace entry without deleting workspace files
Closing FileSystemWorkspace agent_ws_2ea0b2823c5144e2c5c129a0fd9265fe797b1bba767720840fa52567a34315bf

stdout | tests/unit/workspaces/workspace-manager.test.ts > WorkspaceManager > recreates the temp workspace from its stable workspace ID
Creating temp workspace at: /var/folders/7w/9r4_s1_s42z3f7c136bpjf0r0000gn/T/autobyteus-ws-OrtnNM
Created metadata-only FileSystemWorkspace at /var/folders/7w/9r4_s1_s42z3f7c136bpjf0r0000gn/T/autobyteus-ws-OrtnNM.
Initialized TempWorkspace at /var/folders/7w/9r4_s1_s42z3f7c136bpjf0r0000gn/T/autobyteus-ws-OrtnNM with fixed ID 'temp_ws_default'
Temp workspace created and cached with ID: temp_ws_default

stdout | tests/unit/workspaces/workspace-manager.test.ts > WorkspaceManager > recreates the temp workspace from its stable workspace ID
Closing FileSystemWorkspace temp_ws_default

stdout | tests/unit/workspaces/workspace-manager.test.ts > WorkspaceManager > rebinds a cached skill workspace after generation publication and rejects a removed skill
Creating on-demand SkillWorkspace for: writer

stdout | tests/unit/workspaces/workspace-manager.test.ts > WorkspaceManager > rebinds a cached skill workspace after generation publication and rejects a removed skill
Created metadata-only FileSystemWorkspace at /var/folders/7w/9r4_s1_s42z3f7c136bpjf0r0000gn/T/autobyteus-ws-f0MuKI/g1.
Initialized SkillWorkspace for skill 'writer' at /var/folders/7w/9r4_s1_s42z3f7c136bpjf0r0000gn/T/autobyteus-ws-f0MuKI/g1

stdout | tests/unit/workspaces/workspace-manager.test.ts > WorkspaceManager > rebinds a cached skill workspace after generation publication and rejects a removed skill
Closing FileSystemWorkspace skill_ws_writer

stdout | tests/unit/workspaces/workspace-manager.test.ts > WorkspaceManager > rebinds a cached skill workspace after generation publication and rejects a removed skill
Creating on-demand SkillWorkspace for: writer

stdout | tests/unit/workspaces/workspace-manager.test.ts > WorkspaceManager > rebinds a cached skill workspace after generation publication and rejects a removed skill
Created metadata-only FileSystemWorkspace at /var/folders/7w/9r4_s1_s42z3f7c136bpjf0r0000gn/T/autobyteus-ws-f0MuKI/g2.
Initialized SkillWorkspace for skill 'writer' at /var/folders/7w/9r4_s1_s42z3f7c136bpjf0r0000gn/T/autobyteus-ws-f0MuKI/g2

stdout | tests/unit/workspaces/workspace-manager.test.ts > WorkspaceManager > rebinds a cached skill workspace after generation publication and rejects a removed skill
Closing FileSystemWorkspace skill_ws_writer

stdout | tests/unit/workspaces/workspace-manager.test.ts > WorkspaceManager > rebinds a cached skill workspace after generation publication and rejects a removed skill
Creating on-demand SkillWorkspace for: writer

stderr | tests/unit/workspaces/workspace-manager.test.ts > WorkspaceManager > rebinds a cached skill workspace after generation publication and rejects a removed skill
Failed to create skill workspace skill_ws_writer: Error: SkillWorkspace creation failed for 'writer': Error: Skill 'writer' not found

 ✓ tests/unit/workspaces/workspace-manager.test.ts (14 tests) 38ms
 ✓ tests/unit/projects/project-change-publisher.test.ts (6 tests) 27ms
 ✓ tests/unit/projects/project-change-hub.test.ts (2 tests) 6ms

 Test Files  17 passed (17)
      Tests  240 passed (240)
   Start at  19:47:08
   Duration  28.06s (transform 5.29s, setup 98ms, import 18.17s, tests 7.68s, environment 1ms)

