
> autobyteus-workspace@ test:e2e /Users/normy/autobyteus_org/autobyteus-worktrees/memory-lineage-provenance-analysis
> pnpm --filter autobyteus-server-ts test --run tests/e2e


> autobyteus-server-ts@0.1.1 pretest /Users/normy/autobyteus_org/autobyteus-worktrees/memory-lineage-provenance-analysis/autobyteus-server-ts
> pnpm prepare:shared


> autobyteus-server-ts@0.1.1 prepare:shared /Users/normy/autobyteus_org/autobyteus-worktrees/memory-lineage-provenance-analysis/autobyteus-server-ts
> pnpm -C .. --filter autobyteus-ts --filter @autobyteus/application-sdk-contracts --filter @autobyteus/application-backend-sdk build

Scope: 3 of 11 workspace projects
autobyteus-ts build$ node ./scripts/clean-dist.mjs && tsc -p tsconfig.build.json && node ./scripts/verify-runtime-dependencies.mjs
autobyteus-application-sdk-contracts build$ tsc -p tsconfig.build.json
autobyteus-application-sdk-contracts build: Done
autobyteus-ts build: [verify:runtime-deps] OK
autobyteus-ts build: Done
autobyteus-application-backend-sdk build$ tsc -p tsconfig.build.json
autobyteus-application-backend-sdk build: Done

> autobyteus-server-ts@0.1.1 test /Users/normy/autobyteus_org/autobyteus-worktrees/memory-lineage-provenance-analysis/autobyteus-server-ts
> vitest --run tests/e2e


 RUN  v4.0.18 /Users/normy/autobyteus_org/autobyteus-worktrees/memory-lineage-provenance-analysis/autobyteus-server-ts

Prisma schema loaded from prisma/schema.prisma
Datasource "db": SQLite database "autobyteus-server-test.db" at "file:/Users/normy/autobyteus_org/autobyteus-worktrees/memory-lineage-provenance-analysis/autobyteus-server-ts/tests/.tmp/autobyteus-server-test.db"

Applying migration `20260203074245_init`
Applying migration `20260208094000_add_external_channel_tables`
Applying migration `20260209174500_add_channel_message_receipt_turn_id`
Applying migration `20260209213000_remove_agent_conversation_tables`
Applying migration `20260210101500_add_agent_avatar`
Applying migration `20260210192000_add_agent_team_avatar`
Applying migration `20260211214500_add_sync_columns_and_tombstones`
Applying migration `20260212070000_remove_workflow_definition`
Applying migration `20260309103000_add_channel_binding_launch_preset`
Applying migration `20260310153000_add_channel_binding_team_definition_id`
Applying migration `20260331102000_remove_channel_bindings_table`
Applying migration `20260331130000_receipt_lifecycle_and_remove_channel_idempotency`
Applying migration `20260517090000_add_app_data_migration_records`
Applying migration `20260624090000_add_token_usage_ledger_events`
Applying migration `20260625193000_token_usage_component_pricing_explainability`
Applying migration `20260629120000_add_token_usage_display_fields`
Applying migration `20260702093000_token_usage_execution_address`
Applying migration `20260726090000_add_secret_vault`
Applying migration `20260730090000_add_token_usage_provider_name`

Database reset successful

The following migration(s) have been applied:

migrations/
  └─ 20260203074245_init/
    └─ migration.sql
  └─ 20260208094000_add_external_channel_tables/
    └─ migration.sql
  └─ 20260209174500_add_channel_message_receipt_turn_id/
    └─ migration.sql
  └─ 20260209213000_remove_agent_conversation_tables/
    └─ migration.sql
  └─ 20260210101500_add_agent_avatar/
    └─ migration.sql
  └─ 20260210192000_add_agent_team_avatar/
    └─ migration.sql
  └─ 20260211214500_add_sync_columns_and_tombstones/
    └─ migration.sql
  └─ 20260212070000_remove_workflow_definition/
    └─ migration.sql
  └─ 20260309103000_add_channel_binding_launch_preset/
    └─ migration.sql
  └─ 20260310153000_add_channel_binding_team_definition_id/
    └─ migration.sql
  └─ 20260331102000_remove_channel_bindings_table/
    └─ migration.sql
  └─ 20260331130000_receipt_lifecycle_and_remove_channel_idempotency/
    └─ migration.sql
  └─ 20260517090000_add_app_data_migration_records/
    └─ migration.sql
  └─ 20260624090000_add_token_usage_ledger_events/
    └─ migration.sql
  └─ 20260625193000_token_usage_component_pricing_explainability/
    └─ migration.sql
  └─ 20260629120000_add_token_usage_display_fields/
    └─ migration.sql
  └─ 20260702093000_token_usage_execution_address/
    └─ migration.sql
  └─ 20260726090000_add_secret_vault/
    └─ migration.sql
  └─ 20260730090000_add_token_usage_provider_name/
    └─ migration.sql

stdout | tests/e2e/messaging/managed-messaging-gateway-update-graphql.e2e.test.ts
Successfully registered tool definition: 'read_file'
Successfully registered tool definition: 'write_file'
Successfully registered tool definition: 'edit_file'
Successfully registered tool definition: 'replace_in_file'
Successfully registered tool definition: 'insert_in_file'
Successfully registered tool definition: 'run_bash'
Successfully registered tool definition: 'start_background_process'
Successfully registered tool definition: 'get_background_processes'
Successfully registered tool definition: 'get_process_output'
Successfully registered tool definition: 'stop_background_process'
Successfully registered tool definition: 'search_web'
Successfully registered tool definition: 'read_media_file'
Successfully registered tool definition: 'download_media'
Successfully registered tool definition: 'read_url'
Successfully registered tool definition: 'add_todo'
Successfully registered tool definition: 'create_todo_list'
Successfully registered tool definition: 'get_todo_list'
Successfully registered tool definition: 'update_todo_status'
AgentFactory (Singleton) initialized.

(node:79926) ExperimentalWarning: SQLite is an experimental feature and might change at any time
(Use `node --trace-warnings ...` to show where the warning was created)
stdout | tests/e2e/messaging/managed-messaging-gateway-update-graphql.e2e.test.ts > Managed messaging gateway update GraphQL e2e
Platform detection: Windows=false
App root directory: /Users/normy/autobyteus_org/autobyteus-worktrees/memory-lineage-provenance-analysis/autobyteus-server-ts
App data directory: /Users/normy/autobyteus_org/autobyteus-worktrees/memory-lineage-provenance-analysis/autobyteus-server-ts
Custom app data directory set to: /var/folders/7w/9r4_s1_s42z3f7c136bpjf0r0000gn/T/managed-messaging-gateway-update-kLTWFq/data
Updated config file path to /var/folders/7w/9r4_s1_s42z3f7c136bpjf0r0000gn/T/managed-messaging-gateway-update-kLTWFq/data/.env
Loading environment from: /var/folders/7w/9r4_s1_s42z3f7c136bpjf0r0000gn/T/managed-messaging-gateway-update-kLTWFq/data/.env
[dotenv@17.3.1] injecting env (0) from ../../../../../../var/folders/7w/9r4_s1_s42z3f7c136bpjf0r0000gn/T/managed-messaging-gateway-update-kLTWFq/data/.env -- tip: 🛡️ auth for agents: https://vestauth.com
Environment variables loaded successfully
Server public base URL configured to: http://127.0.0.1:29695
=== Starting logging configuration ===
Logging config file is ignored in Node.js: /Users/normy/autobyteus_org/autobyteus-worktrees/memory-lineage-provenance-analysis/autobyteus-server-ts/logging_config.ini
============================================================
SERVER PUBLIC URL: http://127.0.0.1:29695
APP ROOT DIRECTORY: /Users/normy/autobyteus_org/autobyteus-worktrees/memory-lineage-provenance-analysis/autobyteus-server-ts
APP DATA DIRECTORY: /var/folders/7w/9r4_s1_s42z3f7c136bpjf0r0000gn/T/managed-messaging-gateway-update-kLTWFq/data
DB DIRECTORY: /var/folders/7w/9r4_s1_s42z3f7c136bpjf0r0000gn/T/managed-messaging-gateway-update-kLTWFq/data/db
LOGS DIRECTORY: /var/folders/7w/9r4_s1_s42z3f7c136bpjf0r0000gn/T/managed-messaging-gateway-update-kLTWFq/data/logs
DOWNLOAD DIRECTORY: /var/folders/7w/9r4_s1_s42z3f7c136bpjf0r0000gn/T/managed-messaging-gateway-update-kLTWFq/data/download
MEMORY DIRECTORY: /var/folders/7w/9r4_s1_s42z3f7c136bpjf0r0000gn/T/managed-messaging-gateway-update-kLTWFq/data/memory
============================================================
AppConfig initialization completed successfully

stdout | tests/e2e/messaging/managed-messaging-gateway-update-graphql.e2e.test.ts > Managed messaging gateway update GraphQL e2e > updates to a newer runtime while preserving the disabled state
Attempting to download file from: http://127.0.0.1:55624/autobyteus-message-gateway-0.1.0-node-generic.tar.gz

stdout | tests/e2e/messaging/managed-messaging-gateway-update-graphql.e2e.test.ts > Managed messaging gateway update GraphQL e2e > updates to a newer runtime while preserving the disabled state
Successfully downloaded file to: /var/folders/7w/9r4_s1_s42z3f7c136bpjf0r0000gn/T/managed-messaging-gateway-update-kLTWFq/data/download/messaging-gateway/0b385b1f-f630-427a-b8ee-df9db45c0968.gz

stdout | tests/e2e/messaging/managed-messaging-gateway-update-graphql.e2e.test.ts > Managed messaging gateway update GraphQL e2e > updates to a newer runtime while preserving the disabled state
Attempting to download file from: http://127.0.0.1:55624/autobyteus-message-gateway-0.1.1-node-generic.tar.gz

stdout | tests/e2e/messaging/managed-messaging-gateway-update-graphql.e2e.test.ts > Managed messaging gateway update GraphQL e2e > updates to a newer runtime while preserving the disabled state
Successfully downloaded file to: /var/folders/7w/9r4_s1_s42z3f7c136bpjf0r0000gn/T/managed-messaging-gateway-update-kLTWFq/data/download/messaging-gateway/e1a30589-3a99-4564-a07e-672c99321af5.gz

stdout | tests/e2e/messaging/managed-messaging-gateway-update-graphql.e2e.test.ts > Managed messaging gateway update GraphQL e2e > restarts the managed runtime when update is requested on the latest compatible version
Attempting to download file from: http://127.0.0.1:55624/autobyteus-message-gateway-0.1.0-node-generic.tar.gz

stdout | tests/e2e/messaging/managed-messaging-gateway-update-graphql.e2e.test.ts > Managed messaging gateway update GraphQL e2e > restarts the managed runtime when update is requested on the latest compatible version
Successfully downloaded file to: /var/folders/7w/9r4_s1_s42z3f7c136bpjf0r0000gn/T/managed-messaging-gateway-update-kLTWFq/data/download/messaging-gateway/3621aa65-9b68-4a88-ac55-1cdbceb12c05.gz

stdout | tests/e2e/messaging/managed-messaging-gateway-update-graphql.e2e.test.ts > Managed messaging gateway update GraphQL e2e > rolls back to the previous active version when update activation fails
Attempting to download file from: http://127.0.0.1:55624/autobyteus-message-gateway-0.1.0-node-generic.tar.gz

stdout | tests/e2e/messaging/managed-messaging-gateway-update-graphql.e2e.test.ts > Managed messaging gateway update GraphQL e2e > rolls back to the previous active version when update activation fails
Successfully downloaded file to: /var/folders/7w/9r4_s1_s42z3f7c136bpjf0r0000gn/T/managed-messaging-gateway-update-kLTWFq/data/download/messaging-gateway/c5e3d014-9d3b-48ae-bd2b-260c2f14db99.gz

stdout | tests/e2e/messaging/managed-messaging-gateway-update-graphql.e2e.test.ts > Managed messaging gateway update GraphQL e2e > rolls back to the previous active version when update activation fails
Attempting to download file from: http://127.0.0.1:55624/autobyteus-message-gateway-0.2.0-node-generic.tar.gz

stdout | tests/e2e/messaging/managed-messaging-gateway-update-graphql.e2e.test.ts > Managed messaging gateway update GraphQL e2e > rolls back to the previous active version when update activation fails
Successfully downloaded file to: /var/folders/7w/9r4_s1_s42z3f7c136bpjf0r0000gn/T/managed-messaging-gateway-update-kLTWFq/data/download/messaging-gateway/3aa35b43-d80c-4dd3-8852-bfd7f2a0c4ad.gz

 ✓ tests/e2e/messaging/managed-messaging-gateway-update-graphql.e2e.test.ts (3 tests) 11848ms
     ✓ updates to a newer runtime while preserving the disabled state  328ms
     ✓ restarts the managed runtime when update is requested on the latest compatible version  589ms
     ✓ rolls back to the previous active version when update activation fails  10841ms
 ✓ tests/e2e/secret-management/custom-provider-v1-startup-migration.e2e.test.ts (3 tests) 9246ms
     ✓ migrates 'one' valid provider set all-or-nothing and reopens after restart  3098ms
     ✓ migrates 'multiple' valid provider set all-or-nothing and reopens after restart  3103ms
     ✓ resets an invalid v1 file without blocking Settings and supports current reconfiguration  3045ms
 ✓ tests/e2e/memory-sync/memory-sync-multiprocess.e2e.test.ts (1 test) 8185ms
stdout | tests/e2e/secret-management/server-restart-secret-lifecycle.e2e.test.ts
Successfully registered tool definition: 'read_file'
Successfully registered tool definition: 'write_file'
Successfully registered tool definition: 'edit_file'
Successfully registered tool definition: 'replace_in_file'
Successfully registered tool definition: 'insert_in_file'
Successfully registered tool definition: 'run_bash'
Successfully registered tool definition: 'start_background_process'
Successfully registered tool definition: 'get_background_processes'
Successfully registered tool definition: 'get_process_output'
Successfully registered tool definition: 'stop_background_process'
Successfully registered tool definition: 'search_web'
Successfully registered tool definition: 'read_media_file'
Successfully registered tool definition: 'download_media'
Successfully registered tool definition: 'read_url'
Successfully registered tool definition: 'add_todo'
Successfully registered tool definition: 'create_todo_list'
Successfully registered tool definition: 'get_todo_list'
Successfully registered tool definition: 'update_todo_status'
AgentFactory (Singleton) initialized.

 ✓ tests/e2e/secret-management/server-restart-secret-lifecycle.e2e.test.ts (1 test) 3145ms
     ✓ materializes the immutable template, migrates, initializes one adjacent key, and reopens value-free  3144ms
(node:81131) ExperimentalWarning: SQLite is an experimental feature and might change at any time
(Use `node --trace-warnings ...` to show where the warning was created)
Prisma schema loaded from prisma/schema.prisma
Datasource "db": SQLite database "current-db-import-81131-1785539530126-f44e89d01d4a4.db" at "file:///Users/normy/autobyteus_org/autobyteus-worktrees/memory-lineage-provenance-analysis/autobyteus-server-ts/db/current-db-import-81131-1785539530126-f44e89d01d4a4.db"

19 migrations found in prisma/migrations


No pending migrations to apply.
stdout | tests/e2e/secret-management/current-database-import-lifecycle.e2e.test.ts > explicit target database importer lifecycle > ignores every implicit redirect, previews read-only, imports transactionally, and reopens the explicit database
Running Prisma migrations...
Using Prisma engine overrides from cache: /Users/normy/.cache/prisma/master/605197351a3c8bdd595af2d2a9bc3025bca48ea2/darwin-arm64 (query=libquery-engine, schema=schema-engine)
Database migrations completed successfully.

stdout | tests/e2e/secret-management/current-database-import-lifecycle.e2e.test.ts > explicit target database importer lifecycle > ignores every implicit redirect, previews read-only, imports transactionally, and reopens the explicit database
prisma:info Starting a sqlite pool with 21 connections.

Prisma schema loaded from prisma/schema.prisma
Datasource "db": SQLite database "current-db-import-81131-1785539530126-f44e89d01d4a4.db" at "file:///Users/normy/autobyteus_org/autobyteus-worktrees/memory-lineage-provenance-analysis/autobyteus-server-ts/db/current-db-import-81131-1785539530126-f44e89d01d4a4.db"

19 migrations found in prisma/migrations


No pending migrations to apply.
stdout | tests/e2e/secret-management/current-database-import-lifecycle.e2e.test.ts > explicit target database importer lifecycle > ignores every implicit redirect, previews read-only, imports transactionally, and reopens the explicit database
Running Prisma migrations...
Using Prisma engine overrides from cache: /Users/normy/.cache/prisma/master/605197351a3c8bdd595af2d2a9bc3025bca48ea2/darwin-arm64 (query=libquery-engine, schema=schema-engine)
Database migrations completed successfully.

stdout | tests/e2e/secret-management/current-database-import-lifecycle.e2e.test.ts > explicit target database importer lifecycle > ignores every implicit redirect, previews read-only, imports transactionally, and reopens the explicit database
prisma:info Starting a sqlite pool with 21 connections.

stdout | tests/e2e/secret-management/current-database-import-lifecycle.e2e.test.ts > explicit target database importer lifecycle > ignores every implicit redirect, previews read-only, imports transactionally, and reopens the explicit database
prisma:error 
Invalid `this.create()` invocation in
/Users/normy/autobyteus_org/autobyteus-worktrees/memory-lineage-provenance-analysis/autobyteus-server-ts/src/secret-management/persistence/secret-entry-repository.ts:56:16

  53 }
  54 
  55 async createEntry(record: EncryptedSecretEntryRecord): Promise<void> {
→ 56   await this.create(
Foreign key constraint violated: `foreign key`

stdout | tests/e2e/secret-management/current-database-import-lifecycle.e2e.test.ts > explicit target database importer lifecycle > ignores every implicit redirect, previews read-only, imports transactionally, and reopens the explicit database
prisma:info Starting a sqlite pool with 21 connections.

 ✓ tests/e2e/secret-management/current-database-import-lifecycle.e2e.test.ts (1 test) 1855ms
     ✓ ignores every implicit redirect, previews read-only, imports transactionally, and reopens the explicit database  1855ms
stdout | tests/e2e/messaging/managed-messaging-gateway-graphql.e2e.test.ts
Successfully registered tool definition: 'read_file'
Successfully registered tool definition: 'write_file'
Successfully registered tool definition: 'edit_file'
Successfully registered tool definition: 'replace_in_file'
Successfully registered tool definition: 'insert_in_file'
Successfully registered tool definition: 'run_bash'
Successfully registered tool definition: 'start_background_process'
Successfully registered tool definition: 'get_background_processes'
Successfully registered tool definition: 'get_process_output'
Successfully registered tool definition: 'stop_background_process'
Successfully registered tool definition: 'search_web'
Successfully registered tool definition: 'read_media_file'
Successfully registered tool definition: 'download_media'
Successfully registered tool definition: 'read_url'
Successfully registered tool definition: 'add_todo'
Successfully registered tool definition: 'create_todo_list'
Successfully registered tool definition: 'get_todo_list'
Successfully registered tool definition: 'update_todo_status'
AgentFactory (Singleton) initialized.

(node:81149) ExperimentalWarning: SQLite is an experimental feature and might change at any time
(Use `node --trace-warnings ...` to show where the warning was created)
stdout | tests/e2e/messaging/managed-messaging-gateway-graphql.e2e.test.ts > Managed messaging gateway GraphQL e2e
Platform detection: Windows=false
App root directory: /Users/normy/autobyteus_org/autobyteus-worktrees/memory-lineage-provenance-analysis/autobyteus-server-ts
App data directory: /Users/normy/autobyteus_org/autobyteus-worktrees/memory-lineage-provenance-analysis/autobyteus-server-ts
Custom app data directory set to: /var/folders/7w/9r4_s1_s42z3f7c136bpjf0r0000gn/T/managed-messaging-gateway-3ydCNO/data
Updated config file path to /var/folders/7w/9r4_s1_s42z3f7c136bpjf0r0000gn/T/managed-messaging-gateway-3ydCNO/data/.env
Loading environment from: /var/folders/7w/9r4_s1_s42z3f7c136bpjf0r0000gn/T/managed-messaging-gateway-3ydCNO/data/.env
[dotenv@17.3.1] injecting env (0) from ../../../../../../var/folders/7w/9r4_s1_s42z3f7c136bpjf0r0000gn/T/managed-messaging-gateway-3ydCNO/data/.env -- tip: ⚙️  enable debug logging with { debug: true }
Environment variables loaded successfully
Server public base URL configured to: http://localhost:60634
=== Starting logging configuration ===
Logging config file is ignored in Node.js: /Users/normy/autobyteus_org/autobyteus-worktrees/memory-lineage-provenance-analysis/autobyteus-server-ts/logging_config.ini
============================================================
SERVER PUBLIC URL: http://localhost:60634
APP ROOT DIRECTORY: /Users/normy/autobyteus_org/autobyteus-worktrees/memory-lineage-provenance-analysis/autobyteus-server-ts
APP DATA DIRECTORY: /var/folders/7w/9r4_s1_s42z3f7c136bpjf0r0000gn/T/managed-messaging-gateway-3ydCNO/data
DB DIRECTORY: /var/folders/7w/9r4_s1_s42z3f7c136bpjf0r0000gn/T/managed-messaging-gateway-3ydCNO/data/db
LOGS DIRECTORY: /var/folders/7w/9r4_s1_s42z3f7c136bpjf0r0000gn/T/managed-messaging-gateway-3ydCNO/data/logs
DOWNLOAD DIRECTORY: /var/folders/7w/9r4_s1_s42z3f7c136bpjf0r0000gn/T/managed-messaging-gateway-3ydCNO/data/download
MEMORY DIRECTORY: /var/folders/7w/9r4_s1_s42z3f7c136bpjf0r0000gn/T/managed-messaging-gateway-3ydCNO/data/memory
============================================================
AppConfig initialization completed successfully

stdout | tests/e2e/messaging/managed-messaging-gateway-graphql.e2e.test.ts > Managed messaging gateway GraphQL e2e > downloads, installs, starts, and reports managed gateway status
Attempting to download file from: http://127.0.0.1:55843/autobyteus-message-gateway-0.1.0-node-generic.tar.gz

stdout | tests/e2e/messaging/managed-messaging-gateway-graphql.e2e.test.ts > Managed messaging gateway GraphQL e2e > downloads, installs, starts, and reports managed gateway status
Successfully downloaded file to: /var/folders/7w/9r4_s1_s42z3f7c136bpjf0r0000gn/T/managed-messaging-gateway-3ydCNO/data/download/messaging-gateway/710175e0-4497-47b9-958d-3cfd726cec9e.gz

stdout | tests/e2e/messaging/managed-messaging-gateway-graphql.e2e.test.ts > Managed messaging gateway GraphQL e2e > propagates managed gateway shared secrets into the runtime env
Attempting to download file from: http://127.0.0.1:55843/autobyteus-message-gateway-0.1.0-node-generic.tar.gz

stdout | tests/e2e/messaging/managed-messaging-gateway-graphql.e2e.test.ts > Managed messaging gateway GraphQL e2e > propagates managed gateway shared secrets into the runtime env
Successfully downloaded file to: /var/folders/7w/9r4_s1_s42z3f7c136bpjf0r0000gn/T/managed-messaging-gateway-3ydCNO/data/download/messaging-gateway/81c12f61-6f5e-4f41-a43d-5a9e822e9eb3.gz

stdout | tests/e2e/messaging/managed-messaging-gateway-graphql.e2e.test.ts > Managed messaging gateway GraphQL e2e > writes the seeded runtime-only port when it differs from the public URL port
Attempting to download file from: http://127.0.0.1:55843/autobyteus-message-gateway-0.1.0-node-generic.tar.gz

stdout | tests/e2e/messaging/managed-messaging-gateway-graphql.e2e.test.ts > Managed messaging gateway GraphQL e2e > writes the seeded runtime-only port when it differs from the public URL port
Successfully downloaded file to: /var/folders/7w/9r4_s1_s42z3f7c136bpjf0r0000gn/T/managed-messaging-gateway-3ydCNO/data/download/messaging-gateway/6124f960-b2d0-4cbe-a782-014d812282e0.gz

stdout | tests/e2e/messaging/managed-messaging-gateway-graphql.e2e.test.ts > Managed messaging gateway GraphQL e2e > fails explicitly when the runtime-only internal server base url is not seeded
Attempting to download file from: http://127.0.0.1:55843/autobyteus-message-gateway-0.1.0-node-generic.tar.gz

stdout | tests/e2e/messaging/managed-messaging-gateway-graphql.e2e.test.ts > Managed messaging gateway GraphQL e2e > fails explicitly when the runtime-only internal server base url is not seeded
Successfully downloaded file to: /var/folders/7w/9r4_s1_s42z3f7c136bpjf0r0000gn/T/managed-messaging-gateway-3ydCNO/data/download/messaging-gateway/a8da885d-0f82-4e44-a5be-e868ff6e7492.gz

stdout | tests/e2e/messaging/managed-messaging-gateway-graphql.e2e.test.ts > Managed messaging gateway GraphQL e2e > proxies WeCom accounts and Discord peer candidates through the server-owned boundary
Attempting to download file from: http://127.0.0.1:55843/autobyteus-message-gateway-0.1.0-node-generic.tar.gz

stdout | tests/e2e/messaging/managed-messaging-gateway-graphql.e2e.test.ts > Managed messaging gateway GraphQL e2e > proxies WeCom accounts and Discord peer candidates through the server-owned boundary
Successfully downloaded file to: /var/folders/7w/9r4_s1_s42z3f7c136bpjf0r0000gn/T/managed-messaging-gateway-3ydCNO/data/download/messaging-gateway/ca418a4d-0b1b-4c2e-91ea-96bb8e9bec42.gz

stdout | tests/e2e/messaging/managed-messaging-gateway-graphql.e2e.test.ts > Managed messaging gateway GraphQL e2e > disables the managed gateway without leaving the runtime running
Attempting to download file from: http://127.0.0.1:55843/autobyteus-message-gateway-0.1.0-node-generic.tar.gz

stdout | tests/e2e/messaging/managed-messaging-gateway-graphql.e2e.test.ts > Managed messaging gateway GraphQL e2e > disables the managed gateway without leaving the runtime running
Successfully downloaded file to: /var/folders/7w/9r4_s1_s42z3f7c136bpjf0r0000gn/T/managed-messaging-gateway-3ydCNO/data/download/messaging-gateway/1fed4ad2-75a0-4ade-8c47-7cf9bf0a7eb2.gz

 ✓ tests/e2e/messaging/managed-messaging-gateway-graphql.e2e.test.ts (6 tests) 1668ms
     ✓ downloads, installs, starts, and reports managed gateway status  326ms
     ✓ writes the seeded runtime-only port when it differs from the public URL port  300ms
     ✓ proxies WeCom accounts and Discord peer candidates through the server-owned boundary  311ms
     ✓ disables the managed gateway without leaving the runtime running  317ms
stdout | tests/e2e/file-explorer/file-explorer-websocket-lifecycle.e2e.test.ts
Successfully registered tool definition: 'read_file'
Successfully registered tool definition: 'write_file'
Successfully registered tool definition: 'edit_file'
Successfully registered tool definition: 'replace_in_file'
Successfully registered tool definition: 'insert_in_file'
Successfully registered tool definition: 'run_bash'
Successfully registered tool definition: 'start_background_process'
Successfully registered tool definition: 'get_background_processes'
Successfully registered tool definition: 'get_process_output'
Successfully registered tool definition: 'stop_background_process'
Successfully registered tool definition: 'search_web'
Successfully registered tool definition: 'read_media_file'
Successfully registered tool definition: 'download_media'
Successfully registered tool definition: 'read_url'
Successfully registered tool definition: 'add_todo'
Successfully registered tool definition: 'create_todo_list'
Successfully registered tool definition: 'get_todo_list'
Successfully registered tool definition: 'update_todo_status'
AgentFactory (Singleton) initialized.

(node:81286) ExperimentalWarning: SQLite is an experimental feature and might change at any time
(Use `node --trace-warnings ...` to show where the warning was created)
stdout | tests/e2e/file-explorer/file-explorer-websocket-lifecycle.e2e.test.ts > File explorer websocket lifecycle e2e > keeps workspace/search snapshot APIs watcher-free, then leases one real watcher across visible websocket consumers
Creating new workspace for rootPath: /var/folders/7w/9r4_s1_s42z3f7c136bpjf0r0000gn/T/autobyteus-file-explorer-ws-e2e-4O39Kc
Platform detection: Windows=false
App root directory: /Users/normy/autobyteus_org/autobyteus-worktrees/memory-lineage-provenance-analysis/autobyteus-server-ts
App data directory: /Users/normy/autobyteus_org/autobyteus-worktrees/memory-lineage-provenance-analysis/autobyteus-server-ts
Created metadata-only FileSystemWorkspace at /var/folders/7w/9r4_s1_s42z3f7c136bpjf0r0000gn/T/autobyteus-file-explorer-ws-e2e-4O39Kc.

stdout | tests/e2e/file-explorer/file-explorer-websocket-lifecycle.e2e.test.ts > File explorer websocket lifecycle e2e > keeps workspace/search snapshot APIs watcher-free, then leases one real watcher across visible websocket consumers
Created and registered workspace ID: agent_ws_9c01eb446abcb889b55556b065d8b418c82cff29e57c66c70636fee982f74766

stdout | tests/e2e/file-explorer/file-explorer-websocket-lifecycle.e2e.test.ts > File explorer websocket lifecycle e2e > keeps workspace/search snapshot APIs watcher-free, then leases one real watcher across visible websocket consumers
Created WorkspaceFileExplorer for agent_ws_9c01eb446abcb889b55556b065d8b418c82cff29e57c66c70636fee982f74766 (e2e-search-snapshot).

stdout | tests/e2e/file-explorer/file-explorer-websocket-lifecycle.e2e.test.ts > File explorer websocket lifecycle e2e > keeps workspace/search snapshot APIs watcher-free, then leases one real watcher across visible websocket consumers
Starting directory traversal for: '/var/folders/7w/9r4_s1_s42z3f7c136bpjf0r0000gn/T/autobyteus-file-explorer-ws-e2e-4O39Kc' with max_depth=null

stdout | tests/e2e/file-explorer/file-explorer-websocket-lifecycle.e2e.test.ts > File explorer websocket lifecycle e2e > keeps workspace/search snapshot APIs watcher-free, then leases one real watcher across visible websocket consumers
Directory traversal for '/var/folders/7w/9r4_s1_s42z3f7c136bpjf0r0000gn/T/autobyteus-file-explorer-ws-e2e-4O39Kc' completed in 0.0020 seconds.

stdout | tests/e2e/file-explorer/file-explorer-websocket-lifecycle.e2e.test.ts > File explorer websocket lifecycle e2e > keeps workspace/search snapshot APIs watcher-free, then leases one real watcher across visible websocket consumers
FileNameIndexer refreshing snapshot index...

stdout | tests/e2e/file-explorer/file-explorer-websocket-lifecycle.e2e.test.ts > File explorer websocket lifecycle e2e > keeps workspace/search snapshot APIs watcher-free, then leases one real watcher across visible websocket consumers
[Search] Trying strategy: FuzzysortSearchStrategy for query 'alpha'

stdout | tests/e2e/file-explorer/file-explorer-websocket-lifecycle.e2e.test.ts > File explorer websocket lifecycle e2e > keeps workspace/search snapshot APIs watcher-free, then leases one real watcher across visible websocket consumers
[Search] FuzzysortSearchStrategy completed in 0.51ms, found 1 results (total: 0.53ms)

stdout | tests/e2e/file-explorer/file-explorer-websocket-lifecycle.e2e.test.ts > File explorer websocket lifecycle e2e > keeps workspace/search snapshot APIs watcher-free, then leases one real watcher across visible websocket consumers
FileSystemWatcher initialized for '/var/folders/7w/9r4_s1_s42z3f7c136bpjf0r0000gn/T/autobyteus-file-explorer-ws-e2e-4O39Kc' with ignore strategies: SpecificFolderIgnoreStrategy, GitIgnoreStrategy

stdout | tests/e2e/file-explorer/file-explorer-websocket-lifecycle.e2e.test.ts > File explorer websocket lifecycle e2e > keeps workspace/search snapshot APIs watcher-free, then leases one real watcher across visible websocket consumers
Started filesystem watcher for workspace /var/folders/7w/9r4_s1_s42z3f7c136bpjf0r0000gn/T/autobyteus-file-explorer-ws-e2e-4O39Kc

stdout | tests/e2e/file-explorer/file-explorer-websocket-lifecycle.e2e.test.ts > File explorer websocket lifecycle e2e > keeps workspace/search snapshot APIs watcher-free, then leases one real watcher across visible websocket consumers
Acquired file watcher lease for /var/folders/7w/9r4_s1_s42z3f7c136bpjf0r0000gn/T/autobyteus-file-explorer-ws-e2e-4O39Kc (file-explorer-websocket); active leases: 1

stdout | tests/e2e/file-explorer/file-explorer-websocket-lifecycle.e2e.test.ts > File explorer websocket lifecycle e2e > keeps workspace/search snapshot APIs watcher-free, then leases one real watcher across visible websocket consumers
FileExplorerSession created: 336c38c1-b578-4ca5-96bf-80aa17c491c1 for workspace agent_ws_9c01eb446abcb889b55556b065d8b418c82cff29e57c66c70636fee982f74766

stdout | tests/e2e/file-explorer/file-explorer-websocket-lifecycle.e2e.test.ts > File explorer websocket lifecycle e2e > keeps workspace/search snapshot APIs watcher-free, then leases one real watcher across visible websocket consumers
Created file explorer session 336c38c1-b578-4ca5-96bf-80aa17c491c1 for workspace agent_ws_9c01eb446abcb889b55556b065d8b418c82cff29e57c66c70636fee982f74766. Active sessions: 1

stdout | tests/e2e/file-explorer/file-explorer-websocket-lifecycle.e2e.test.ts > File explorer websocket lifecycle e2e > keeps workspace/search snapshot APIs watcher-free, then leases one real watcher across visible websocket consumers
File explorer WebSocket connected: 336c38c1-b578-4ca5-96bf-80aa17c491c1 for workspace agent_ws_9c01eb446abcb889b55556b065d8b418c82cff29e57c66c70636fee982f74766

stdout | tests/e2e/file-explorer/file-explorer-websocket-lifecycle.e2e.test.ts > File explorer websocket lifecycle e2e > keeps workspace/search snapshot APIs watcher-free, then leases one real watcher across visible websocket consumers
File explorer websocket attached for workspace agent_ws_9c01eb446abcb889b55556b065d8b418c82cff29e57c66c70636fee982f74766

stdout | tests/e2e/file-explorer/file-explorer-websocket-lifecycle.e2e.test.ts > File explorer websocket lifecycle e2e > keeps workspace/search snapshot APIs watcher-free, then leases one real watcher across visible websocket consumers
Acquired file watcher lease for /var/folders/7w/9r4_s1_s42z3f7c136bpjf0r0000gn/T/autobyteus-file-explorer-ws-e2e-4O39Kc (file-explorer-websocket); active leases: 2

stdout | tests/e2e/file-explorer/file-explorer-websocket-lifecycle.e2e.test.ts > File explorer websocket lifecycle e2e > keeps workspace/search snapshot APIs watcher-free, then leases one real watcher across visible websocket consumers
FileExplorerSession created: 7592ef7a-cfd1-4efe-9a37-d5ce60d0636d for workspace agent_ws_9c01eb446abcb889b55556b065d8b418c82cff29e57c66c70636fee982f74766

stdout | tests/e2e/file-explorer/file-explorer-websocket-lifecycle.e2e.test.ts > File explorer websocket lifecycle e2e > keeps workspace/search snapshot APIs watcher-free, then leases one real watcher across visible websocket consumers
Created file explorer session 7592ef7a-cfd1-4efe-9a37-d5ce60d0636d for workspace agent_ws_9c01eb446abcb889b55556b065d8b418c82cff29e57c66c70636fee982f74766. Active sessions: 2

stdout | tests/e2e/file-explorer/file-explorer-websocket-lifecycle.e2e.test.ts > File explorer websocket lifecycle e2e > keeps workspace/search snapshot APIs watcher-free, then leases one real watcher across visible websocket consumers
File explorer WebSocket connected: 7592ef7a-cfd1-4efe-9a37-d5ce60d0636d for workspace agent_ws_9c01eb446abcb889b55556b065d8b418c82cff29e57c66c70636fee982f74766

stdout | tests/e2e/file-explorer/file-explorer-websocket-lifecycle.e2e.test.ts > File explorer websocket lifecycle e2e > keeps workspace/search snapshot APIs watcher-free, then leases one real watcher across visible websocket consumers
File explorer websocket attached for workspace agent_ws_9c01eb446abcb889b55556b065d8b418c82cff29e57c66c70636fee982f74766

stdout | tests/e2e/file-explorer/file-explorer-websocket-lifecycle.e2e.test.ts > File explorer websocket lifecycle e2e > keeps workspace/search snapshot APIs watcher-free, then leases one real watcher across visible websocket consumers
Watcher detected creation: /var/folders/7w/9r4_s1_s42z3f7c136bpjf0r0000gn/T/autobyteus-file-explorer-ws-e2e-4O39Kc/live-added.txt

stdout | tests/e2e/file-explorer/file-explorer-websocket-lifecycle.e2e.test.ts > File explorer websocket lifecycle e2e > keeps workspace/search snapshot APIs watcher-free, then leases one real watcher across visible websocket consumers
Released file watcher lease for /var/folders/7w/9r4_s1_s42z3f7c136bpjf0r0000gn/T/autobyteus-file-explorer-ws-e2e-4O39Kc (file-explorer-websocket); active leases: 1

stdout | tests/e2e/file-explorer/file-explorer-websocket-lifecycle.e2e.test.ts > File explorer websocket lifecycle e2e > keeps workspace/search snapshot APIs watcher-free, then leases one real watcher across visible websocket consumers
FileExplorerSession closed: 336c38c1-b578-4ca5-96bf-80aa17c491c1

stdout | tests/e2e/file-explorer/file-explorer-websocket-lifecycle.e2e.test.ts > File explorer websocket lifecycle e2e > keeps workspace/search snapshot APIs watcher-free, then leases one real watcher across visible websocket consumers
Closed file explorer session 336c38c1-b578-4ca5-96bf-80aa17c491c1. Active sessions: 1

stdout | tests/e2e/file-explorer/file-explorer-websocket-lifecycle.e2e.test.ts > File explorer websocket lifecycle e2e > keeps workspace/search snapshot APIs watcher-free, then leases one real watcher across visible websocket consumers
File explorer WebSocket disconnected: 336c38c1-b578-4ca5-96bf-80aa17c491c1

stdout | tests/e2e/file-explorer/file-explorer-websocket-lifecycle.e2e.test.ts > File explorer websocket lifecycle e2e > keeps workspace/search snapshot APIs watcher-free, then leases one real watcher across visible websocket consumers
Released file watcher lease for /var/folders/7w/9r4_s1_s42z3f7c136bpjf0r0000gn/T/autobyteus-file-explorer-ws-e2e-4O39Kc (file-explorer-websocket); active leases: 0

stdout | tests/e2e/file-explorer/file-explorer-websocket-lifecycle.e2e.test.ts > File explorer websocket lifecycle e2e > keeps workspace/search snapshot APIs watcher-free, then leases one real watcher across visible websocket consumers
Logically stopped filesystem watcher for workspace /var/folders/7w/9r4_s1_s42z3f7c136bpjf0r0000gn/T/autobyteus-file-explorer-ws-e2e-4O39Kc

stdout | tests/e2e/file-explorer/file-explorer-websocket-lifecycle.e2e.test.ts > File explorer websocket lifecycle e2e > keeps workspace/search snapshot APIs watcher-free, then leases one real watcher across visible websocket consumers
FileExplorerSession closed: 7592ef7a-cfd1-4efe-9a37-d5ce60d0636d

stdout | tests/e2e/file-explorer/file-explorer-websocket-lifecycle.e2e.test.ts > File explorer websocket lifecycle e2e > keeps workspace/search snapshot APIs watcher-free, then leases one real watcher across visible websocket consumers
Closed file explorer session 7592ef7a-cfd1-4efe-9a37-d5ce60d0636d. Active sessions: 0

stdout | tests/e2e/file-explorer/file-explorer-websocket-lifecycle.e2e.test.ts > File explorer websocket lifecycle e2e > keeps workspace/search snapshot APIs watcher-free, then leases one real watcher across visible websocket consumers
File explorer WebSocket disconnected: 7592ef7a-cfd1-4efe-9a37-d5ce60d0636d

stdout | tests/e2e/file-explorer/file-explorer-websocket-lifecycle.e2e.test.ts > File explorer websocket lifecycle e2e > keeps workspace/search snapshot APIs watcher-free, then leases one real watcher across visible websocket consumers
Closing FileSystemWorkspace agent_ws_9c01eb446abcb889b55556b065d8b418c82cff29e57c66c70636fee982f74766

stdout | tests/e2e/file-explorer/file-explorer-websocket-lifecycle.e2e.test.ts > File explorer websocket lifecycle e2e > does not leak watcher leases when sockets close before CONNECTED is observed
Creating new workspace for rootPath: /var/folders/7w/9r4_s1_s42z3f7c136bpjf0r0000gn/T/autobyteus-file-explorer-ws-e2e-WYXJXT
Created metadata-only FileSystemWorkspace at /var/folders/7w/9r4_s1_s42z3f7c136bpjf0r0000gn/T/autobyteus-file-explorer-ws-e2e-WYXJXT.

stdout | tests/e2e/file-explorer/file-explorer-websocket-lifecycle.e2e.test.ts > File explorer websocket lifecycle e2e > does not leak watcher leases when sockets close before CONNECTED is observed
Created and registered workspace ID: agent_ws_19eb63e12ad6119631669838be0c80f25246d7ca86680d4ec8cf753345dda8b1

stdout | tests/e2e/file-explorer/file-explorer-websocket-lifecycle.e2e.test.ts > File explorer websocket lifecycle e2e > does not leak watcher leases when sockets close before CONNECTED is observed
Created WorkspaceFileExplorer for agent_ws_19eb63e12ad6119631669838be0c80f25246d7ca86680d4ec8cf753345dda8b1 (file-explorer-websocket).

stdout | tests/e2e/file-explorer/file-explorer-websocket-lifecycle.e2e.test.ts > File explorer websocket lifecycle e2e > does not leak watcher leases when sockets close before CONNECTED is observed
FileSystemWatcher initialized for '/var/folders/7w/9r4_s1_s42z3f7c136bpjf0r0000gn/T/autobyteus-file-explorer-ws-e2e-WYXJXT' with ignore strategies: SpecificFolderIgnoreStrategy, GitIgnoreStrategy

stdout | tests/e2e/file-explorer/file-explorer-websocket-lifecycle.e2e.test.ts > File explorer websocket lifecycle e2e > does not leak watcher leases when sockets close before CONNECTED is observed
Started filesystem watcher for workspace /var/folders/7w/9r4_s1_s42z3f7c136bpjf0r0000gn/T/autobyteus-file-explorer-ws-e2e-WYXJXT

stdout | tests/e2e/file-explorer/file-explorer-websocket-lifecycle.e2e.test.ts > File explorer websocket lifecycle e2e > does not leak watcher leases when sockets close before CONNECTED is observed
Acquired file watcher lease for /var/folders/7w/9r4_s1_s42z3f7c136bpjf0r0000gn/T/autobyteus-file-explorer-ws-e2e-WYXJXT (file-explorer-websocket); active leases: 1

stdout | tests/e2e/file-explorer/file-explorer-websocket-lifecycle.e2e.test.ts > File explorer websocket lifecycle e2e > does not leak watcher leases when sockets close before CONNECTED is observed
FileExplorerSession created: 11b4ba8c-1460-44c2-a99e-eb824a0a3966 for workspace agent_ws_19eb63e12ad6119631669838be0c80f25246d7ca86680d4ec8cf753345dda8b1

stdout | tests/e2e/file-explorer/file-explorer-websocket-lifecycle.e2e.test.ts > File explorer websocket lifecycle e2e > does not leak watcher leases when sockets close before CONNECTED is observed
Created file explorer session 11b4ba8c-1460-44c2-a99e-eb824a0a3966 for workspace agent_ws_19eb63e12ad6119631669838be0c80f25246d7ca86680d4ec8cf753345dda8b1. Active sessions: 1

stdout | tests/e2e/file-explorer/file-explorer-websocket-lifecycle.e2e.test.ts > File explorer websocket lifecycle e2e > does not leak watcher leases when sockets close before CONNECTED is observed
File explorer WebSocket connected: 11b4ba8c-1460-44c2-a99e-eb824a0a3966 for workspace agent_ws_19eb63e12ad6119631669838be0c80f25246d7ca86680d4ec8cf753345dda8b1

stdout | tests/e2e/file-explorer/file-explorer-websocket-lifecycle.e2e.test.ts > File explorer websocket lifecycle e2e > does not leak watcher leases when sockets close before CONNECTED is observed
Released file watcher lease for /var/folders/7w/9r4_s1_s42z3f7c136bpjf0r0000gn/T/autobyteus-file-explorer-ws-e2e-WYXJXT (file-explorer-websocket); active leases: 0

stdout | tests/e2e/file-explorer/file-explorer-websocket-lifecycle.e2e.test.ts > File explorer websocket lifecycle e2e > does not leak watcher leases when sockets close before CONNECTED is observed
Logically stopped filesystem watcher for workspace /var/folders/7w/9r4_s1_s42z3f7c136bpjf0r0000gn/T/autobyteus-file-explorer-ws-e2e-WYXJXT

stdout | tests/e2e/file-explorer/file-explorer-websocket-lifecycle.e2e.test.ts > File explorer websocket lifecycle e2e > does not leak watcher leases when sockets close before CONNECTED is observed
FileExplorerSession closed: 11b4ba8c-1460-44c2-a99e-eb824a0a3966

stdout | tests/e2e/file-explorer/file-explorer-websocket-lifecycle.e2e.test.ts > File explorer websocket lifecycle e2e > does not leak watcher leases when sockets close before CONNECTED is observed
Closed file explorer session 11b4ba8c-1460-44c2-a99e-eb824a0a3966. Active sessions: 0

stdout | tests/e2e/file-explorer/file-explorer-websocket-lifecycle.e2e.test.ts > File explorer websocket lifecycle e2e > does not leak watcher leases when sockets close before CONNECTED is observed
File explorer WebSocket disconnected: 11b4ba8c-1460-44c2-a99e-eb824a0a3966

stdout | tests/e2e/file-explorer/file-explorer-websocket-lifecycle.e2e.test.ts > File explorer websocket lifecycle e2e > does not leak watcher leases when sockets close before CONNECTED is observed
FileSystemWatcher initialized for '/var/folders/7w/9r4_s1_s42z3f7c136bpjf0r0000gn/T/autobyteus-file-explorer-ws-e2e-WYXJXT' with ignore strategies: SpecificFolderIgnoreStrategy, GitIgnoreStrategy

stdout | tests/e2e/file-explorer/file-explorer-websocket-lifecycle.e2e.test.ts > File explorer websocket lifecycle e2e > does not leak watcher leases when sockets close before CONNECTED is observed
Started filesystem watcher for workspace /var/folders/7w/9r4_s1_s42z3f7c136bpjf0r0000gn/T/autobyteus-file-explorer-ws-e2e-WYXJXT

stdout | tests/e2e/file-explorer/file-explorer-websocket-lifecycle.e2e.test.ts > File explorer websocket lifecycle e2e > does not leak watcher leases when sockets close before CONNECTED is observed
Acquired file watcher lease for /var/folders/7w/9r4_s1_s42z3f7c136bpjf0r0000gn/T/autobyteus-file-explorer-ws-e2e-WYXJXT (file-explorer-websocket); active leases: 1

stdout | tests/e2e/file-explorer/file-explorer-websocket-lifecycle.e2e.test.ts > File explorer websocket lifecycle e2e > does not leak watcher leases when sockets close before CONNECTED is observed
FileExplorerSession created: f79c66d1-e4b4-4a95-b43d-cc75f3e11a75 for workspace agent_ws_19eb63e12ad6119631669838be0c80f25246d7ca86680d4ec8cf753345dda8b1

stdout | tests/e2e/file-explorer/file-explorer-websocket-lifecycle.e2e.test.ts > File explorer websocket lifecycle e2e > does not leak watcher leases when sockets close before CONNECTED is observed
Created file explorer session f79c66d1-e4b4-4a95-b43d-cc75f3e11a75 for workspace agent_ws_19eb63e12ad6119631669838be0c80f25246d7ca86680d4ec8cf753345dda8b1. Active sessions: 1

stdout | tests/e2e/file-explorer/file-explorer-websocket-lifecycle.e2e.test.ts > File explorer websocket lifecycle e2e > does not leak watcher leases when sockets close before CONNECTED is observed
File explorer WebSocket connected: f79c66d1-e4b4-4a95-b43d-cc75f3e11a75 for workspace agent_ws_19eb63e12ad6119631669838be0c80f25246d7ca86680d4ec8cf753345dda8b1

stdout | tests/e2e/file-explorer/file-explorer-websocket-lifecycle.e2e.test.ts > File explorer websocket lifecycle e2e > does not leak watcher leases when sockets close before CONNECTED is observed
Released file watcher lease for /var/folders/7w/9r4_s1_s42z3f7c136bpjf0r0000gn/T/autobyteus-file-explorer-ws-e2e-WYXJXT (file-explorer-websocket); active leases: 0

stdout | tests/e2e/file-explorer/file-explorer-websocket-lifecycle.e2e.test.ts > File explorer websocket lifecycle e2e > does not leak watcher leases when sockets close before CONNECTED is observed
Logically stopped filesystem watcher for workspace /var/folders/7w/9r4_s1_s42z3f7c136bpjf0r0000gn/T/autobyteus-file-explorer-ws-e2e-WYXJXT

stdout | tests/e2e/file-explorer/file-explorer-websocket-lifecycle.e2e.test.ts > File explorer websocket lifecycle e2e > does not leak watcher leases when sockets close before CONNECTED is observed
FileExplorerSession closed: f79c66d1-e4b4-4a95-b43d-cc75f3e11a75

stdout | tests/e2e/file-explorer/file-explorer-websocket-lifecycle.e2e.test.ts > File explorer websocket lifecycle e2e > does not leak watcher leases when sockets close before CONNECTED is observed
Closed file explorer session f79c66d1-e4b4-4a95-b43d-cc75f3e11a75. Active sessions: 0

stdout | tests/e2e/file-explorer/file-explorer-websocket-lifecycle.e2e.test.ts > File explorer websocket lifecycle e2e > does not leak watcher leases when sockets close before CONNECTED is observed
File explorer WebSocket disconnected: f79c66d1-e4b4-4a95-b43d-cc75f3e11a75

stdout | tests/e2e/file-explorer/file-explorer-websocket-lifecycle.e2e.test.ts > File explorer websocket lifecycle e2e > does not leak watcher leases when sockets close before CONNECTED is observed
FileSystemWatcher initialized for '/var/folders/7w/9r4_s1_s42z3f7c136bpjf0r0000gn/T/autobyteus-file-explorer-ws-e2e-WYXJXT' with ignore strategies: SpecificFolderIgnoreStrategy, GitIgnoreStrategy

stdout | tests/e2e/file-explorer/file-explorer-websocket-lifecycle.e2e.test.ts > File explorer websocket lifecycle e2e > does not leak watcher leases when sockets close before CONNECTED is observed
Started filesystem watcher for workspace /var/folders/7w/9r4_s1_s42z3f7c136bpjf0r0000gn/T/autobyteus-file-explorer-ws-e2e-WYXJXT

stdout | tests/e2e/file-explorer/file-explorer-websocket-lifecycle.e2e.test.ts > File explorer websocket lifecycle e2e > does not leak watcher leases when sockets close before CONNECTED is observed
Acquired file watcher lease for /var/folders/7w/9r4_s1_s42z3f7c136bpjf0r0000gn/T/autobyteus-file-explorer-ws-e2e-WYXJXT (file-explorer-websocket); active leases: 1

stdout | tests/e2e/file-explorer/file-explorer-websocket-lifecycle.e2e.test.ts > File explorer websocket lifecycle e2e > does not leak watcher leases when sockets close before CONNECTED is observed
FileExplorerSession created: a2d95099-7734-4dc4-96b6-d7f89e069ea0 for workspace agent_ws_19eb63e12ad6119631669838be0c80f25246d7ca86680d4ec8cf753345dda8b1

stdout | tests/e2e/file-explorer/file-explorer-websocket-lifecycle.e2e.test.ts > File explorer websocket lifecycle e2e > does not leak watcher leases when sockets close before CONNECTED is observed
Created file explorer session a2d95099-7734-4dc4-96b6-d7f89e069ea0 for workspace agent_ws_19eb63e12ad6119631669838be0c80f25246d7ca86680d4ec8cf753345dda8b1. Active sessions: 1

stdout | tests/e2e/file-explorer/file-explorer-websocket-lifecycle.e2e.test.ts > File explorer websocket lifecycle e2e > does not leak watcher leases when sockets close before CONNECTED is observed
File explorer WebSocket connected: a2d95099-7734-4dc4-96b6-d7f89e069ea0 for workspace agent_ws_19eb63e12ad6119631669838be0c80f25246d7ca86680d4ec8cf753345dda8b1

stdout | tests/e2e/file-explorer/file-explorer-websocket-lifecycle.e2e.test.ts > File explorer websocket lifecycle e2e > does not leak watcher leases when sockets close before CONNECTED is observed
Released file watcher lease for /var/folders/7w/9r4_s1_s42z3f7c136bpjf0r0000gn/T/autobyteus-file-explorer-ws-e2e-WYXJXT (file-explorer-websocket); active leases: 0

stdout | tests/e2e/file-explorer/file-explorer-websocket-lifecycle.e2e.test.ts > File explorer websocket lifecycle e2e > does not leak watcher leases when sockets close before CONNECTED is observed
Logically stopped filesystem watcher for workspace /var/folders/7w/9r4_s1_s42z3f7c136bpjf0r0000gn/T/autobyteus-file-explorer-ws-e2e-WYXJXT

stdout | tests/e2e/file-explorer/file-explorer-websocket-lifecycle.e2e.test.ts > File explorer websocket lifecycle e2e > does not leak watcher leases when sockets close before CONNECTED is observed
FileExplorerSession closed: a2d95099-7734-4dc4-96b6-d7f89e069ea0

stdout | tests/e2e/file-explorer/file-explorer-websocket-lifecycle.e2e.test.ts > File explorer websocket lifecycle e2e > does not leak watcher leases when sockets close before CONNECTED is observed
Closed file explorer session a2d95099-7734-4dc4-96b6-d7f89e069ea0. Active sessions: 0

stdout | tests/e2e/file-explorer/file-explorer-websocket-lifecycle.e2e.test.ts > File explorer websocket lifecycle e2e > does not leak watcher leases when sockets close before CONNECTED is observed
File explorer WebSocket disconnected: a2d95099-7734-4dc4-96b6-d7f89e069ea0

stderr | tests/e2e/file-explorer/file-explorer-websocket-lifecycle.e2e.test.ts > File explorer websocket lifecycle e2e > does not leak watcher leases when sockets close before CONNECTED is observed
Replacing stale watcher runtime client for /var/folders/7w/9r4_s1_s42z3f7c136bpjf0r0000gn/T/autobyteus-file-explorer-ws-e2e-WYXJXT; killing previous child

stdout | tests/e2e/file-explorer/file-explorer-websocket-lifecycle.e2e.test.ts > File explorer websocket lifecycle e2e > does not leak watcher leases when sockets close before CONNECTED is observed
FileSystemWatcher initialized for '/var/folders/7w/9r4_s1_s42z3f7c136bpjf0r0000gn/T/autobyteus-file-explorer-ws-e2e-WYXJXT' with ignore strategies: SpecificFolderIgnoreStrategy, GitIgnoreStrategy

stdout | tests/e2e/file-explorer/file-explorer-websocket-lifecycle.e2e.test.ts > File explorer websocket lifecycle e2e > does not leak watcher leases when sockets close before CONNECTED is observed
Started filesystem watcher for workspace /var/folders/7w/9r4_s1_s42z3f7c136bpjf0r0000gn/T/autobyteus-file-explorer-ws-e2e-WYXJXT

stdout | tests/e2e/file-explorer/file-explorer-websocket-lifecycle.e2e.test.ts > File explorer websocket lifecycle e2e > does not leak watcher leases when sockets close before CONNECTED is observed
Acquired file watcher lease for /var/folders/7w/9r4_s1_s42z3f7c136bpjf0r0000gn/T/autobyteus-file-explorer-ws-e2e-WYXJXT (file-explorer-websocket); active leases: 1

stdout | tests/e2e/file-explorer/file-explorer-websocket-lifecycle.e2e.test.ts > File explorer websocket lifecycle e2e > does not leak watcher leases when sockets close before CONNECTED is observed
FileExplorerSession created: 572da50b-45a9-46e5-bf76-bc42f84e8578 for workspace agent_ws_19eb63e12ad6119631669838be0c80f25246d7ca86680d4ec8cf753345dda8b1

stdout | tests/e2e/file-explorer/file-explorer-websocket-lifecycle.e2e.test.ts > File explorer websocket lifecycle e2e > does not leak watcher leases when sockets close before CONNECTED is observed
Created file explorer session 572da50b-45a9-46e5-bf76-bc42f84e8578 for workspace agent_ws_19eb63e12ad6119631669838be0c80f25246d7ca86680d4ec8cf753345dda8b1. Active sessions: 1

stdout | tests/e2e/file-explorer/file-explorer-websocket-lifecycle.e2e.test.ts > File explorer websocket lifecycle e2e > does not leak watcher leases when sockets close before CONNECTED is observed
File explorer WebSocket connected: 572da50b-45a9-46e5-bf76-bc42f84e8578 for workspace agent_ws_19eb63e12ad6119631669838be0c80f25246d7ca86680d4ec8cf753345dda8b1

stdout | tests/e2e/file-explorer/file-explorer-websocket-lifecycle.e2e.test.ts > File explorer websocket lifecycle e2e > does not leak watcher leases when sockets close before CONNECTED is observed
Released file watcher lease for /var/folders/7w/9r4_s1_s42z3f7c136bpjf0r0000gn/T/autobyteus-file-explorer-ws-e2e-WYXJXT (file-explorer-websocket); active leases: 0

stdout | tests/e2e/file-explorer/file-explorer-websocket-lifecycle.e2e.test.ts > File explorer websocket lifecycle e2e > does not leak watcher leases when sockets close before CONNECTED is observed
Logically stopped filesystem watcher for workspace /var/folders/7w/9r4_s1_s42z3f7c136bpjf0r0000gn/T/autobyteus-file-explorer-ws-e2e-WYXJXT

stdout | tests/e2e/file-explorer/file-explorer-websocket-lifecycle.e2e.test.ts > File explorer websocket lifecycle e2e > does not leak watcher leases when sockets close before CONNECTED is observed
FileExplorerSession closed: 572da50b-45a9-46e5-bf76-bc42f84e8578

stdout | tests/e2e/file-explorer/file-explorer-websocket-lifecycle.e2e.test.ts > File explorer websocket lifecycle e2e > does not leak watcher leases when sockets close before CONNECTED is observed
Closed file explorer session 572da50b-45a9-46e5-bf76-bc42f84e8578. Active sessions: 0

stdout | tests/e2e/file-explorer/file-explorer-websocket-lifecycle.e2e.test.ts > File explorer websocket lifecycle e2e > does not leak watcher leases when sockets close before CONNECTED is observed
File explorer WebSocket disconnected: 572da50b-45a9-46e5-bf76-bc42f84e8578

stdout | tests/e2e/file-explorer/file-explorer-websocket-lifecycle.e2e.test.ts > File explorer websocket lifecycle e2e > does not leak watcher leases when sockets close before CONNECTED is observed
FileSystemWatcher initialized for '/var/folders/7w/9r4_s1_s42z3f7c136bpjf0r0000gn/T/autobyteus-file-explorer-ws-e2e-WYXJXT' with ignore strategies: SpecificFolderIgnoreStrategy, GitIgnoreStrategy

stdout | tests/e2e/file-explorer/file-explorer-websocket-lifecycle.e2e.test.ts > File explorer websocket lifecycle e2e > does not leak watcher leases when sockets close before CONNECTED is observed
Started filesystem watcher for workspace /var/folders/7w/9r4_s1_s42z3f7c136bpjf0r0000gn/T/autobyteus-file-explorer-ws-e2e-WYXJXT

stdout | tests/e2e/file-explorer/file-explorer-websocket-lifecycle.e2e.test.ts > File explorer websocket lifecycle e2e > does not leak watcher leases when sockets close before CONNECTED is observed
Acquired file watcher lease for /var/folders/7w/9r4_s1_s42z3f7c136bpjf0r0000gn/T/autobyteus-file-explorer-ws-e2e-WYXJXT (file-explorer-websocket); active leases: 1

stdout | tests/e2e/file-explorer/file-explorer-websocket-lifecycle.e2e.test.ts > File explorer websocket lifecycle e2e > does not leak watcher leases when sockets close before CONNECTED is observed
FileExplorerSession created: 8ab64d1e-30ec-4191-bb7b-c81e4b3e0212 for workspace agent_ws_19eb63e12ad6119631669838be0c80f25246d7ca86680d4ec8cf753345dda8b1

stdout | tests/e2e/file-explorer/file-explorer-websocket-lifecycle.e2e.test.ts > File explorer websocket lifecycle e2e > does not leak watcher leases when sockets close before CONNECTED is observed
Created file explorer session 8ab64d1e-30ec-4191-bb7b-c81e4b3e0212 for workspace agent_ws_19eb63e12ad6119631669838be0c80f25246d7ca86680d4ec8cf753345dda8b1. Active sessions: 1

stdout | tests/e2e/file-explorer/file-explorer-websocket-lifecycle.e2e.test.ts > File explorer websocket lifecycle e2e > does not leak watcher leases when sockets close before CONNECTED is observed
File explorer WebSocket connected: 8ab64d1e-30ec-4191-bb7b-c81e4b3e0212 for workspace agent_ws_19eb63e12ad6119631669838be0c80f25246d7ca86680d4ec8cf753345dda8b1

stdout | tests/e2e/file-explorer/file-explorer-websocket-lifecycle.e2e.test.ts > File explorer websocket lifecycle e2e > does not leak watcher leases when sockets close before CONNECTED is observed
Released file watcher lease for /var/folders/7w/9r4_s1_s42z3f7c136bpjf0r0000gn/T/autobyteus-file-explorer-ws-e2e-WYXJXT (file-explorer-websocket); active leases: 0

stdout | tests/e2e/file-explorer/file-explorer-websocket-lifecycle.e2e.test.ts > File explorer websocket lifecycle e2e > does not leak watcher leases when sockets close before CONNECTED is observed
Logically stopped filesystem watcher for workspace /var/folders/7w/9r4_s1_s42z3f7c136bpjf0r0000gn/T/autobyteus-file-explorer-ws-e2e-WYXJXT

stdout | tests/e2e/file-explorer/file-explorer-websocket-lifecycle.e2e.test.ts > File explorer websocket lifecycle e2e > does not leak watcher leases when sockets close before CONNECTED is observed
FileExplorerSession closed: 8ab64d1e-30ec-4191-bb7b-c81e4b3e0212

stdout | tests/e2e/file-explorer/file-explorer-websocket-lifecycle.e2e.test.ts > File explorer websocket lifecycle e2e > does not leak watcher leases when sockets close before CONNECTED is observed
Closed file explorer session 8ab64d1e-30ec-4191-bb7b-c81e4b3e0212. Active sessions: 0

stdout | tests/e2e/file-explorer/file-explorer-websocket-lifecycle.e2e.test.ts > File explorer websocket lifecycle e2e > does not leak watcher leases when sockets close before CONNECTED is observed
File explorer WebSocket disconnected: 8ab64d1e-30ec-4191-bb7b-c81e4b3e0212

stdout | tests/e2e/file-explorer/file-explorer-websocket-lifecycle.e2e.test.ts > File explorer websocket lifecycle e2e > does not leak watcher leases when sockets close before CONNECTED is observed
Closing FileSystemWorkspace agent_ws_19eb63e12ad6119631669838be0c80f25246d7ca86680d4ec8cf753345dda8b1

stdout | tests/e2e/file-explorer/file-explorer-websocket-lifecycle.e2e.test.ts > File explorer websocket lifecycle e2e > survives repeated open/close cycles without descriptor growth and keeps child-process spawn healthy
Creating new workspace for rootPath: /var/folders/7w/9r4_s1_s42z3f7c136bpjf0r0000gn/T/autobyteus-file-explorer-ws-e2e-H2Q0z1
Created metadata-only FileSystemWorkspace at /var/folders/7w/9r4_s1_s42z3f7c136bpjf0r0000gn/T/autobyteus-file-explorer-ws-e2e-H2Q0z1.

stdout | tests/e2e/file-explorer/file-explorer-websocket-lifecycle.e2e.test.ts > File explorer websocket lifecycle e2e > survives repeated open/close cycles without descriptor growth and keeps child-process spawn healthy
Created and registered workspace ID: agent_ws_05382680f5f75fc8bd5e09ea8378f62bee1fbb9b88967ed62fb2ebdfad61078c

stdout | tests/e2e/file-explorer/file-explorer-websocket-lifecycle.e2e.test.ts > File explorer websocket lifecycle e2e > survives repeated open/close cycles without descriptor growth and keeps child-process spawn healthy
Created WorkspaceFileExplorer for agent_ws_05382680f5f75fc8bd5e09ea8378f62bee1fbb9b88967ed62fb2ebdfad61078c (file-explorer-websocket).

stdout | tests/e2e/file-explorer/file-explorer-websocket-lifecycle.e2e.test.ts > File explorer websocket lifecycle e2e > survives repeated open/close cycles without descriptor growth and keeps child-process spawn healthy
FileSystemWatcher initialized for '/var/folders/7w/9r4_s1_s42z3f7c136bpjf0r0000gn/T/autobyteus-file-explorer-ws-e2e-H2Q0z1' with ignore strategies: SpecificFolderIgnoreStrategy, GitIgnoreStrategy

stdout | tests/e2e/file-explorer/file-explorer-websocket-lifecycle.e2e.test.ts > File explorer websocket lifecycle e2e > survives repeated open/close cycles without descriptor growth and keeps child-process spawn healthy
Started filesystem watcher for workspace /var/folders/7w/9r4_s1_s42z3f7c136bpjf0r0000gn/T/autobyteus-file-explorer-ws-e2e-H2Q0z1

stdout | tests/e2e/file-explorer/file-explorer-websocket-lifecycle.e2e.test.ts > File explorer websocket lifecycle e2e > survives repeated open/close cycles without descriptor growth and keeps child-process spawn healthy
Acquired file watcher lease for /var/folders/7w/9r4_s1_s42z3f7c136bpjf0r0000gn/T/autobyteus-file-explorer-ws-e2e-H2Q0z1 (file-explorer-websocket); active leases: 1

stdout | tests/e2e/file-explorer/file-explorer-websocket-lifecycle.e2e.test.ts > File explorer websocket lifecycle e2e > survives repeated open/close cycles without descriptor growth and keeps child-process spawn healthy
FileExplorerSession created: bf0bc06f-7c4b-4513-8286-148cc8b7210d for workspace agent_ws_05382680f5f75fc8bd5e09ea8378f62bee1fbb9b88967ed62fb2ebdfad61078c

stdout | tests/e2e/file-explorer/file-explorer-websocket-lifecycle.e2e.test.ts > File explorer websocket lifecycle e2e > survives repeated open/close cycles without descriptor growth and keeps child-process spawn healthy
Created file explorer session bf0bc06f-7c4b-4513-8286-148cc8b7210d for workspace agent_ws_05382680f5f75fc8bd5e09ea8378f62bee1fbb9b88967ed62fb2ebdfad61078c. Active sessions: 1

stdout | tests/e2e/file-explorer/file-explorer-websocket-lifecycle.e2e.test.ts > File explorer websocket lifecycle e2e > survives repeated open/close cycles without descriptor growth and keeps child-process spawn healthy
File explorer WebSocket connected: bf0bc06f-7c4b-4513-8286-148cc8b7210d for workspace agent_ws_05382680f5f75fc8bd5e09ea8378f62bee1fbb9b88967ed62fb2ebdfad61078c

stdout | tests/e2e/file-explorer/file-explorer-websocket-lifecycle.e2e.test.ts > File explorer websocket lifecycle e2e > survives repeated open/close cycles without descriptor growth and keeps child-process spawn healthy
File explorer websocket attached for workspace agent_ws_05382680f5f75fc8bd5e09ea8378f62bee1fbb9b88967ed62fb2ebdfad61078c

stdout | tests/e2e/file-explorer/file-explorer-websocket-lifecycle.e2e.test.ts > File explorer websocket lifecycle e2e > survives repeated open/close cycles without descriptor growth and keeps child-process spawn healthy
Released file watcher lease for /var/folders/7w/9r4_s1_s42z3f7c136bpjf0r0000gn/T/autobyteus-file-explorer-ws-e2e-H2Q0z1 (file-explorer-websocket); active leases: 0

stdout | tests/e2e/file-explorer/file-explorer-websocket-lifecycle.e2e.test.ts > File explorer websocket lifecycle e2e > survives repeated open/close cycles without descriptor growth and keeps child-process spawn healthy
Logically stopped filesystem watcher for workspace /var/folders/7w/9r4_s1_s42z3f7c136bpjf0r0000gn/T/autobyteus-file-explorer-ws-e2e-H2Q0z1

stdout | tests/e2e/file-explorer/file-explorer-websocket-lifecycle.e2e.test.ts > File explorer websocket lifecycle e2e > survives repeated open/close cycles without descriptor growth and keeps child-process spawn healthy
FileExplorerSession closed: bf0bc06f-7c4b-4513-8286-148cc8b7210d

stdout | tests/e2e/file-explorer/file-explorer-websocket-lifecycle.e2e.test.ts > File explorer websocket lifecycle e2e > survives repeated open/close cycles without descriptor growth and keeps child-process spawn healthy
Closed file explorer session bf0bc06f-7c4b-4513-8286-148cc8b7210d. Active sessions: 0

stdout | tests/e2e/file-explorer/file-explorer-websocket-lifecycle.e2e.test.ts > File explorer websocket lifecycle e2e > survives repeated open/close cycles without descriptor growth and keeps child-process spawn healthy
File explorer WebSocket disconnected: bf0bc06f-7c4b-4513-8286-148cc8b7210d

stdout | tests/e2e/file-explorer/file-explorer-websocket-lifecycle.e2e.test.ts > File explorer websocket lifecycle e2e > survives repeated open/close cycles without descriptor growth and keeps child-process spawn healthy
FileSystemWatcher initialized for '/var/folders/7w/9r4_s1_s42z3f7c136bpjf0r0000gn/T/autobyteus-file-explorer-ws-e2e-H2Q0z1' with ignore strategies: SpecificFolderIgnoreStrategy, GitIgnoreStrategy

stdout | tests/e2e/file-explorer/file-explorer-websocket-lifecycle.e2e.test.ts > File explorer websocket lifecycle e2e > survives repeated open/close cycles without descriptor growth and keeps child-process spawn healthy
Started filesystem watcher for workspace /var/folders/7w/9r4_s1_s42z3f7c136bpjf0r0000gn/T/autobyteus-file-explorer-ws-e2e-H2Q0z1

stdout | tests/e2e/file-explorer/file-explorer-websocket-lifecycle.e2e.test.ts > File explorer websocket lifecycle e2e > survives repeated open/close cycles without descriptor growth and keeps child-process spawn healthy
Acquired file watcher lease for /var/folders/7w/9r4_s1_s42z3f7c136bpjf0r0000gn/T/autobyteus-file-explorer-ws-e2e-H2Q0z1 (file-explorer-websocket); active leases: 1

stdout | tests/e2e/file-explorer/file-explorer-websocket-lifecycle.e2e.test.ts > File explorer websocket lifecycle e2e > survives repeated open/close cycles without descriptor growth and keeps child-process spawn healthy
FileExplorerSession created: 1cbc3dc7-f76a-4acb-92e3-47e620292e6a for workspace agent_ws_05382680f5f75fc8bd5e09ea8378f62bee1fbb9b88967ed62fb2ebdfad61078c

stdout | tests/e2e/file-explorer/file-explorer-websocket-lifecycle.e2e.test.ts > File explorer websocket lifecycle e2e > survives repeated open/close cycles without descriptor growth and keeps child-process spawn healthy
Created file explorer session 1cbc3dc7-f76a-4acb-92e3-47e620292e6a for workspace agent_ws_05382680f5f75fc8bd5e09ea8378f62bee1fbb9b88967ed62fb2ebdfad61078c. Active sessions: 1

stdout | tests/e2e/file-explorer/file-explorer-websocket-lifecycle.e2e.test.ts > File explorer websocket lifecycle e2e > survives repeated open/close cycles without descriptor growth and keeps child-process spawn healthy
File explorer WebSocket connected: 1cbc3dc7-f76a-4acb-92e3-47e620292e6a for workspace agent_ws_05382680f5f75fc8bd5e09ea8378f62bee1fbb9b88967ed62fb2ebdfad61078c

stdout | tests/e2e/file-explorer/file-explorer-websocket-lifecycle.e2e.test.ts > File explorer websocket lifecycle e2e > survives repeated open/close cycles without descriptor growth and keeps child-process spawn healthy
File explorer websocket attached for workspace agent_ws_05382680f5f75fc8bd5e09ea8378f62bee1fbb9b88967ed62fb2ebdfad61078c

stdout | tests/e2e/file-explorer/file-explorer-websocket-lifecycle.e2e.test.ts > File explorer websocket lifecycle e2e > survives repeated open/close cycles without descriptor growth and keeps child-process spawn healthy
Released file watcher lease for /var/folders/7w/9r4_s1_s42z3f7c136bpjf0r0000gn/T/autobyteus-file-explorer-ws-e2e-H2Q0z1 (file-explorer-websocket); active leases: 0

stdout | tests/e2e/file-explorer/file-explorer-websocket-lifecycle.e2e.test.ts > File explorer websocket lifecycle e2e > survives repeated open/close cycles without descriptor growth and keeps child-process spawn healthy
Logically stopped filesystem watcher for workspace /var/folders/7w/9r4_s1_s42z3f7c136bpjf0r0000gn/T/autobyteus-file-explorer-ws-e2e-H2Q0z1

stdout | tests/e2e/file-explorer/file-explorer-websocket-lifecycle.e2e.test.ts > File explorer websocket lifecycle e2e > survives repeated open/close cycles without descriptor growth and keeps child-process spawn healthy
FileExplorerSession closed: 1cbc3dc7-f76a-4acb-92e3-47e620292e6a

stdout | tests/e2e/file-explorer/file-explorer-websocket-lifecycle.e2e.test.ts > File explorer websocket lifecycle e2e > survives repeated open/close cycles without descriptor growth and keeps child-process spawn healthy
Closed file explorer session 1cbc3dc7-f76a-4acb-92e3-47e620292e6a. Active sessions: 0

stdout | tests/e2e/file-explorer/file-explorer-websocket-lifecycle.e2e.test.ts > File explorer websocket lifecycle e2e > survives repeated open/close cycles without descriptor growth and keeps child-process spawn healthy
File explorer WebSocket disconnected: 1cbc3dc7-f76a-4acb-92e3-47e620292e6a

stdout | tests/e2e/file-explorer/file-explorer-websocket-lifecycle.e2e.test.ts > File explorer websocket lifecycle e2e > survives repeated open/close cycles without descriptor growth and keeps child-process spawn healthy
FileSystemWatcher initialized for '/var/folders/7w/9r4_s1_s42z3f7c136bpjf0r0000gn/T/autobyteus-file-explorer-ws-e2e-H2Q0z1' with ignore strategies: SpecificFolderIgnoreStrategy, GitIgnoreStrategy

stdout | tests/e2e/file-explorer/file-explorer-websocket-lifecycle.e2e.test.ts > File explorer websocket lifecycle e2e > survives repeated open/close cycles without descriptor growth and keeps child-process spawn healthy
Started filesystem watcher for workspace /var/folders/7w/9r4_s1_s42z3f7c136bpjf0r0000gn/T/autobyteus-file-explorer-ws-e2e-H2Q0z1

stdout | tests/e2e/file-explorer/file-explorer-websocket-lifecycle.e2e.test.ts > File explorer websocket lifecycle e2e > survives repeated open/close cycles without descriptor growth and keeps child-process spawn healthy
Acquired file watcher lease for /var/folders/7w/9r4_s1_s42z3f7c136bpjf0r0000gn/T/autobyteus-file-explorer-ws-e2e-H2Q0z1 (file-explorer-websocket); active leases: 1

stdout | tests/e2e/file-explorer/file-explorer-websocket-lifecycle.e2e.test.ts > File explorer websocket lifecycle e2e > survives repeated open/close cycles without descriptor growth and keeps child-process spawn healthy
FileExplorerSession created: 95b92c20-4f28-488b-b28e-26ab22b9bb05 for workspace agent_ws_05382680f5f75fc8bd5e09ea8378f62bee1fbb9b88967ed62fb2ebdfad61078c

stdout | tests/e2e/file-explorer/file-explorer-websocket-lifecycle.e2e.test.ts > File explorer websocket lifecycle e2e > survives repeated open/close cycles without descriptor growth and keeps child-process spawn healthy
Created file explorer session 95b92c20-4f28-488b-b28e-26ab22b9bb05 for workspace agent_ws_05382680f5f75fc8bd5e09ea8378f62bee1fbb9b88967ed62fb2ebdfad61078c. Active sessions: 1

stdout | tests/e2e/file-explorer/file-explorer-websocket-lifecycle.e2e.test.ts > File explorer websocket lifecycle e2e > survives repeated open/close cycles without descriptor growth and keeps child-process spawn healthy
File explorer WebSocket connected: 95b92c20-4f28-488b-b28e-26ab22b9bb05 for workspace agent_ws_05382680f5f75fc8bd5e09ea8378f62bee1fbb9b88967ed62fb2ebdfad61078c

stdout | tests/e2e/file-explorer/file-explorer-websocket-lifecycle.e2e.test.ts > File explorer websocket lifecycle e2e > survives repeated open/close cycles without descriptor growth and keeps child-process spawn healthy
File explorer websocket attached for workspace agent_ws_05382680f5f75fc8bd5e09ea8378f62bee1fbb9b88967ed62fb2ebdfad61078c

stdout | tests/e2e/file-explorer/file-explorer-websocket-lifecycle.e2e.test.ts > File explorer websocket lifecycle e2e > survives repeated open/close cycles without descriptor growth and keeps child-process spawn healthy
Released file watcher lease for /var/folders/7w/9r4_s1_s42z3f7c136bpjf0r0000gn/T/autobyteus-file-explorer-ws-e2e-H2Q0z1 (file-explorer-websocket); active leases: 0

stdout | tests/e2e/file-explorer/file-explorer-websocket-lifecycle.e2e.test.ts > File explorer websocket lifecycle e2e > survives repeated open/close cycles without descriptor growth and keeps child-process spawn healthy
Logically stopped filesystem watcher for workspace /var/folders/7w/9r4_s1_s42z3f7c136bpjf0r0000gn/T/autobyteus-file-explorer-ws-e2e-H2Q0z1

stdout | tests/e2e/file-explorer/file-explorer-websocket-lifecycle.e2e.test.ts > File explorer websocket lifecycle e2e > survives repeated open/close cycles without descriptor growth and keeps child-process spawn healthy
FileExplorerSession closed: 95b92c20-4f28-488b-b28e-26ab22b9bb05

stdout | tests/e2e/file-explorer/file-explorer-websocket-lifecycle.e2e.test.ts > File explorer websocket lifecycle e2e > survives repeated open/close cycles without descriptor growth and keeps child-process spawn healthy
Closed file explorer session 95b92c20-4f28-488b-b28e-26ab22b9bb05. Active sessions: 0

stdout | tests/e2e/file-explorer/file-explorer-websocket-lifecycle.e2e.test.ts > File explorer websocket lifecycle e2e > survives repeated open/close cycles without descriptor growth and keeps child-process spawn healthy
File explorer WebSocket disconnected: 95b92c20-4f28-488b-b28e-26ab22b9bb05

stdout | tests/e2e/file-explorer/file-explorer-websocket-lifecycle.e2e.test.ts > File explorer websocket lifecycle e2e > survives repeated open/close cycles without descriptor growth and keeps child-process spawn healthy
FileSystemWatcher initialized for '/var/folders/7w/9r4_s1_s42z3f7c136bpjf0r0000gn/T/autobyteus-file-explorer-ws-e2e-H2Q0z1' with ignore strategies: SpecificFolderIgnoreStrategy, GitIgnoreStrategy

stdout | tests/e2e/file-explorer/file-explorer-websocket-lifecycle.e2e.test.ts > File explorer websocket lifecycle e2e > survives repeated open/close cycles without descriptor growth and keeps child-process spawn healthy
Started filesystem watcher for workspace /var/folders/7w/9r4_s1_s42z3f7c136bpjf0r0000gn/T/autobyteus-file-explorer-ws-e2e-H2Q0z1

stdout | tests/e2e/file-explorer/file-explorer-websocket-lifecycle.e2e.test.ts > File explorer websocket lifecycle e2e > survives repeated open/close cycles without descriptor growth and keeps child-process spawn healthy
Acquired file watcher lease for /var/folders/7w/9r4_s1_s42z3f7c136bpjf0r0000gn/T/autobyteus-file-explorer-ws-e2e-H2Q0z1 (file-explorer-websocket); active leases: 1

stdout | tests/e2e/file-explorer/file-explorer-websocket-lifecycle.e2e.test.ts > File explorer websocket lifecycle e2e > survives repeated open/close cycles without descriptor growth and keeps child-process spawn healthy
FileExplorerSession created: 0018a449-ba26-49db-a19b-9cdab4e6d14f for workspace agent_ws_05382680f5f75fc8bd5e09ea8378f62bee1fbb9b88967ed62fb2ebdfad61078c

stdout | tests/e2e/file-explorer/file-explorer-websocket-lifecycle.e2e.test.ts > File explorer websocket lifecycle e2e > survives repeated open/close cycles without descriptor growth and keeps child-process spawn healthy
Created file explorer session 0018a449-ba26-49db-a19b-9cdab4e6d14f for workspace agent_ws_05382680f5f75fc8bd5e09ea8378f62bee1fbb9b88967ed62fb2ebdfad61078c. Active sessions: 1

stdout | tests/e2e/file-explorer/file-explorer-websocket-lifecycle.e2e.test.ts > File explorer websocket lifecycle e2e > survives repeated open/close cycles without descriptor growth and keeps child-process spawn healthy
File explorer WebSocket connected: 0018a449-ba26-49db-a19b-9cdab4e6d14f for workspace agent_ws_05382680f5f75fc8bd5e09ea8378f62bee1fbb9b88967ed62fb2ebdfad61078c

stdout | tests/e2e/file-explorer/file-explorer-websocket-lifecycle.e2e.test.ts > File explorer websocket lifecycle e2e > survives repeated open/close cycles without descriptor growth and keeps child-process spawn healthy
File explorer websocket attached for workspace agent_ws_05382680f5f75fc8bd5e09ea8378f62bee1fbb9b88967ed62fb2ebdfad61078c

stdout | tests/e2e/file-explorer/file-explorer-websocket-lifecycle.e2e.test.ts > File explorer websocket lifecycle e2e > survives repeated open/close cycles without descriptor growth and keeps child-process spawn healthy
Released file watcher lease for /var/folders/7w/9r4_s1_s42z3f7c136bpjf0r0000gn/T/autobyteus-file-explorer-ws-e2e-H2Q0z1 (file-explorer-websocket); active leases: 0

stdout | tests/e2e/file-explorer/file-explorer-websocket-lifecycle.e2e.test.ts > File explorer websocket lifecycle e2e > survives repeated open/close cycles without descriptor growth and keeps child-process spawn healthy
Logically stopped filesystem watcher for workspace /var/folders/7w/9r4_s1_s42z3f7c136bpjf0r0000gn/T/autobyteus-file-explorer-ws-e2e-H2Q0z1

stdout | tests/e2e/file-explorer/file-explorer-websocket-lifecycle.e2e.test.ts > File explorer websocket lifecycle e2e > survives repeated open/close cycles without descriptor growth and keeps child-process spawn healthy
FileExplorerSession closed: 0018a449-ba26-49db-a19b-9cdab4e6d14f

stdout | tests/e2e/file-explorer/file-explorer-websocket-lifecycle.e2e.test.ts > File explorer websocket lifecycle e2e > survives repeated open/close cycles without descriptor growth and keeps child-process spawn healthy
Closed file explorer session 0018a449-ba26-49db-a19b-9cdab4e6d14f. Active sessions: 0

stdout | tests/e2e/file-explorer/file-explorer-websocket-lifecycle.e2e.test.ts > File explorer websocket lifecycle e2e > survives repeated open/close cycles without descriptor growth and keeps child-process spawn healthy
File explorer WebSocket disconnected: 0018a449-ba26-49db-a19b-9cdab4e6d14f

stdout | tests/e2e/file-explorer/file-explorer-websocket-lifecycle.e2e.test.ts > File explorer websocket lifecycle e2e > survives repeated open/close cycles without descriptor growth and keeps child-process spawn healthy
FileSystemWatcher initialized for '/var/folders/7w/9r4_s1_s42z3f7c136bpjf0r0000gn/T/autobyteus-file-explorer-ws-e2e-H2Q0z1' with ignore strategies: SpecificFolderIgnoreStrategy, GitIgnoreStrategy

stdout | tests/e2e/file-explorer/file-explorer-websocket-lifecycle.e2e.test.ts > File explorer websocket lifecycle e2e > survives repeated open/close cycles without descriptor growth and keeps child-process spawn healthy
Started filesystem watcher for workspace /var/folders/7w/9r4_s1_s42z3f7c136bpjf0r0000gn/T/autobyteus-file-explorer-ws-e2e-H2Q0z1

stdout | tests/e2e/file-explorer/file-explorer-websocket-lifecycle.e2e.test.ts > File explorer websocket lifecycle e2e > survives repeated open/close cycles without descriptor growth and keeps child-process spawn healthy
Acquired file watcher lease for /var/folders/7w/9r4_s1_s42z3f7c136bpjf0r0000gn/T/autobyteus-file-explorer-ws-e2e-H2Q0z1 (file-explorer-websocket); active leases: 1

stdout | tests/e2e/file-explorer/file-explorer-websocket-lifecycle.e2e.test.ts > File explorer websocket lifecycle e2e > survives repeated open/close cycles without descriptor growth and keeps child-process spawn healthy
FileExplorerSession created: 47dab5d8-ee68-41a6-bc36-20a621c82922 for workspace agent_ws_05382680f5f75fc8bd5e09ea8378f62bee1fbb9b88967ed62fb2ebdfad61078c

stdout | tests/e2e/file-explorer/file-explorer-websocket-lifecycle.e2e.test.ts > File explorer websocket lifecycle e2e > survives repeated open/close cycles without descriptor growth and keeps child-process spawn healthy
Created file explorer session 47dab5d8-ee68-41a6-bc36-20a621c82922 for workspace agent_ws_05382680f5f75fc8bd5e09ea8378f62bee1fbb9b88967ed62fb2ebdfad61078c. Active sessions: 1

stdout | tests/e2e/file-explorer/file-explorer-websocket-lifecycle.e2e.test.ts > File explorer websocket lifecycle e2e > survives repeated open/close cycles without descriptor growth and keeps child-process spawn healthy
File explorer WebSocket connected: 47dab5d8-ee68-41a6-bc36-20a621c82922 for workspace agent_ws_05382680f5f75fc8bd5e09ea8378f62bee1fbb9b88967ed62fb2ebdfad61078c

stdout | tests/e2e/file-explorer/file-explorer-websocket-lifecycle.e2e.test.ts > File explorer websocket lifecycle e2e > survives repeated open/close cycles without descriptor growth and keeps child-process spawn healthy
File explorer websocket attached for workspace agent_ws_05382680f5f75fc8bd5e09ea8378f62bee1fbb9b88967ed62fb2ebdfad61078c

stdout | tests/e2e/file-explorer/file-explorer-websocket-lifecycle.e2e.test.ts > File explorer websocket lifecycle e2e > survives repeated open/close cycles without descriptor growth and keeps child-process spawn healthy
Released file watcher lease for /var/folders/7w/9r4_s1_s42z3f7c136bpjf0r0000gn/T/autobyteus-file-explorer-ws-e2e-H2Q0z1 (file-explorer-websocket); active leases: 0

stdout | tests/e2e/file-explorer/file-explorer-websocket-lifecycle.e2e.test.ts > File explorer websocket lifecycle e2e > survives repeated open/close cycles without descriptor growth and keeps child-process spawn healthy
Logically stopped filesystem watcher for workspace /var/folders/7w/9r4_s1_s42z3f7c136bpjf0r0000gn/T/autobyteus-file-explorer-ws-e2e-H2Q0z1

stdout | tests/e2e/file-explorer/file-explorer-websocket-lifecycle.e2e.test.ts > File explorer websocket lifecycle e2e > survives repeated open/close cycles without descriptor growth and keeps child-process spawn healthy
FileExplorerSession closed: 47dab5d8-ee68-41a6-bc36-20a621c82922

stdout | tests/e2e/file-explorer/file-explorer-websocket-lifecycle.e2e.test.ts > File explorer websocket lifecycle e2e > survives repeated open/close cycles without descriptor growth and keeps child-process spawn healthy
Closed file explorer session 47dab5d8-ee68-41a6-bc36-20a621c82922. Active sessions: 0

stdout | tests/e2e/file-explorer/file-explorer-websocket-lifecycle.e2e.test.ts > File explorer websocket lifecycle e2e > survives repeated open/close cycles without descriptor growth and keeps child-process spawn healthy
File explorer WebSocket disconnected: 47dab5d8-ee68-41a6-bc36-20a621c82922

stdout | tests/e2e/file-explorer/file-explorer-websocket-lifecycle.e2e.test.ts > File explorer websocket lifecycle e2e > survives repeated open/close cycles without descriptor growth and keeps child-process spawn healthy
FileSystemWatcher initialized for '/var/folders/7w/9r4_s1_s42z3f7c136bpjf0r0000gn/T/autobyteus-file-explorer-ws-e2e-H2Q0z1' with ignore strategies: SpecificFolderIgnoreStrategy, GitIgnoreStrategy

stdout | tests/e2e/file-explorer/file-explorer-websocket-lifecycle.e2e.test.ts > File explorer websocket lifecycle e2e > survives repeated open/close cycles without descriptor growth and keeps child-process spawn healthy
Started filesystem watcher for workspace /var/folders/7w/9r4_s1_s42z3f7c136bpjf0r0000gn/T/autobyteus-file-explorer-ws-e2e-H2Q0z1

stdout | tests/e2e/file-explorer/file-explorer-websocket-lifecycle.e2e.test.ts > File explorer websocket lifecycle e2e > survives repeated open/close cycles without descriptor growth and keeps child-process spawn healthy
Acquired file watcher lease for /var/folders/7w/9r4_s1_s42z3f7c136bpjf0r0000gn/T/autobyteus-file-explorer-ws-e2e-H2Q0z1 (file-explorer-websocket); active leases: 1

stdout | tests/e2e/file-explorer/file-explorer-websocket-lifecycle.e2e.test.ts > File explorer websocket lifecycle e2e > survives repeated open/close cycles without descriptor growth and keeps child-process spawn healthy
FileExplorerSession created: f90362ac-2b24-4cce-a5f2-d80570cf242d for workspace agent_ws_05382680f5f75fc8bd5e09ea8378f62bee1fbb9b88967ed62fb2ebdfad61078c

stdout | tests/e2e/file-explorer/file-explorer-websocket-lifecycle.e2e.test.ts > File explorer websocket lifecycle e2e > survives repeated open/close cycles without descriptor growth and keeps child-process spawn healthy
Created file explorer session f90362ac-2b24-4cce-a5f2-d80570cf242d for workspace agent_ws_05382680f5f75fc8bd5e09ea8378f62bee1fbb9b88967ed62fb2ebdfad61078c. Active sessions: 1

stdout | tests/e2e/file-explorer/file-explorer-websocket-lifecycle.e2e.test.ts > File explorer websocket lifecycle e2e > survives repeated open/close cycles without descriptor growth and keeps child-process spawn healthy
File explorer WebSocket connected: f90362ac-2b24-4cce-a5f2-d80570cf242d for workspace agent_ws_05382680f5f75fc8bd5e09ea8378f62bee1fbb9b88967ed62fb2ebdfad61078c

stdout | tests/e2e/file-explorer/file-explorer-websocket-lifecycle.e2e.test.ts > File explorer websocket lifecycle e2e > survives repeated open/close cycles without descriptor growth and keeps child-process spawn healthy
File explorer websocket attached for workspace agent_ws_05382680f5f75fc8bd5e09ea8378f62bee1fbb9b88967ed62fb2ebdfad61078c

stdout | tests/e2e/file-explorer/file-explorer-websocket-lifecycle.e2e.test.ts > File explorer websocket lifecycle e2e > survives repeated open/close cycles without descriptor growth and keeps child-process spawn healthy
Released file watcher lease for /var/folders/7w/9r4_s1_s42z3f7c136bpjf0r0000gn/T/autobyteus-file-explorer-ws-e2e-H2Q0z1 (file-explorer-websocket); active leases: 0

stdout | tests/e2e/file-explorer/file-explorer-websocket-lifecycle.e2e.test.ts > File explorer websocket lifecycle e2e > survives repeated open/close cycles without descriptor growth and keeps child-process spawn healthy
Logically stopped filesystem watcher for workspace /var/folders/7w/9r4_s1_s42z3f7c136bpjf0r0000gn/T/autobyteus-file-explorer-ws-e2e-H2Q0z1

stdout | tests/e2e/file-explorer/file-explorer-websocket-lifecycle.e2e.test.ts > File explorer websocket lifecycle e2e > survives repeated open/close cycles without descriptor growth and keeps child-process spawn healthy
FileExplorerSession closed: f90362ac-2b24-4cce-a5f2-d80570cf242d

stdout | tests/e2e/file-explorer/file-explorer-websocket-lifecycle.e2e.test.ts > File explorer websocket lifecycle e2e > survives repeated open/close cycles without descriptor growth and keeps child-process spawn healthy
Closed file explorer session f90362ac-2b24-4cce-a5f2-d80570cf242d. Active sessions: 0

stdout | tests/e2e/file-explorer/file-explorer-websocket-lifecycle.e2e.test.ts > File explorer websocket lifecycle e2e > survives repeated open/close cycles without descriptor growth and keeps child-process spawn healthy
File explorer WebSocket disconnected: f90362ac-2b24-4cce-a5f2-d80570cf242d

stdout | tests/e2e/file-explorer/file-explorer-websocket-lifecycle.e2e.test.ts > File explorer websocket lifecycle e2e > survives repeated open/close cycles without descriptor growth and keeps child-process spawn healthy
FileSystemWatcher initialized for '/var/folders/7w/9r4_s1_s42z3f7c136bpjf0r0000gn/T/autobyteus-file-explorer-ws-e2e-H2Q0z1' with ignore strategies: SpecificFolderIgnoreStrategy, GitIgnoreStrategy

stdout | tests/e2e/file-explorer/file-explorer-websocket-lifecycle.e2e.test.ts > File explorer websocket lifecycle e2e > survives repeated open/close cycles without descriptor growth and keeps child-process spawn healthy
Started filesystem watcher for workspace /var/folders/7w/9r4_s1_s42z3f7c136bpjf0r0000gn/T/autobyteus-file-explorer-ws-e2e-H2Q0z1

stdout | tests/e2e/file-explorer/file-explorer-websocket-lifecycle.e2e.test.ts > File explorer websocket lifecycle e2e > survives repeated open/close cycles without descriptor growth and keeps child-process spawn healthy
Acquired file watcher lease for /var/folders/7w/9r4_s1_s42z3f7c136bpjf0r0000gn/T/autobyteus-file-explorer-ws-e2e-H2Q0z1 (file-explorer-websocket); active leases: 1

stdout | tests/e2e/file-explorer/file-explorer-websocket-lifecycle.e2e.test.ts > File explorer websocket lifecycle e2e > survives repeated open/close cycles without descriptor growth and keeps child-process spawn healthy
FileExplorerSession created: 29e6a9d0-6c69-40dc-947a-9d4593408066 for workspace agent_ws_05382680f5f75fc8bd5e09ea8378f62bee1fbb9b88967ed62fb2ebdfad61078c

stdout | tests/e2e/file-explorer/file-explorer-websocket-lifecycle.e2e.test.ts > File explorer websocket lifecycle e2e > survives repeated open/close cycles without descriptor growth and keeps child-process spawn healthy
Created file explorer session 29e6a9d0-6c69-40dc-947a-9d4593408066 for workspace agent_ws_05382680f5f75fc8bd5e09ea8378f62bee1fbb9b88967ed62fb2ebdfad61078c. Active sessions: 1

stdout | tests/e2e/file-explorer/file-explorer-websocket-lifecycle.e2e.test.ts > File explorer websocket lifecycle e2e > survives repeated open/close cycles without descriptor growth and keeps child-process spawn healthy
File explorer WebSocket connected: 29e6a9d0-6c69-40dc-947a-9d4593408066 for workspace agent_ws_05382680f5f75fc8bd5e09ea8378f62bee1fbb9b88967ed62fb2ebdfad61078c

stdout | tests/e2e/file-explorer/file-explorer-websocket-lifecycle.e2e.test.ts > File explorer websocket lifecycle e2e > survives repeated open/close cycles without descriptor growth and keeps child-process spawn healthy
File explorer websocket attached for workspace agent_ws_05382680f5f75fc8bd5e09ea8378f62bee1fbb9b88967ed62fb2ebdfad61078c

stdout | tests/e2e/file-explorer/file-explorer-websocket-lifecycle.e2e.test.ts > File explorer websocket lifecycle e2e > survives repeated open/close cycles without descriptor growth and keeps child-process spawn healthy
Released file watcher lease for /var/folders/7w/9r4_s1_s42z3f7c136bpjf0r0000gn/T/autobyteus-file-explorer-ws-e2e-H2Q0z1 (file-explorer-websocket); active leases: 0

stdout | tests/e2e/file-explorer/file-explorer-websocket-lifecycle.e2e.test.ts > File explorer websocket lifecycle e2e > survives repeated open/close cycles without descriptor growth and keeps child-process spawn healthy
Logically stopped filesystem watcher for workspace /var/folders/7w/9r4_s1_s42z3f7c136bpjf0r0000gn/T/autobyteus-file-explorer-ws-e2e-H2Q0z1

stdout | tests/e2e/file-explorer/file-explorer-websocket-lifecycle.e2e.test.ts > File explorer websocket lifecycle e2e > survives repeated open/close cycles without descriptor growth and keeps child-process spawn healthy
FileExplorerSession closed: 29e6a9d0-6c69-40dc-947a-9d4593408066

stdout | tests/e2e/file-explorer/file-explorer-websocket-lifecycle.e2e.test.ts > File explorer websocket lifecycle e2e > survives repeated open/close cycles without descriptor growth and keeps child-process spawn healthy
Closed file explorer session 29e6a9d0-6c69-40dc-947a-9d4593408066. Active sessions: 0

stdout | tests/e2e/file-explorer/file-explorer-websocket-lifecycle.e2e.test.ts > File explorer websocket lifecycle e2e > survives repeated open/close cycles without descriptor growth and keeps child-process spawn healthy
File explorer WebSocket disconnected: 29e6a9d0-6c69-40dc-947a-9d4593408066

stdout | tests/e2e/file-explorer/file-explorer-websocket-lifecycle.e2e.test.ts > File explorer websocket lifecycle e2e > survives repeated open/close cycles without descriptor growth and keeps child-process spawn healthy
FileSystemWatcher initialized for '/var/folders/7w/9r4_s1_s42z3f7c136bpjf0r0000gn/T/autobyteus-file-explorer-ws-e2e-H2Q0z1' with ignore strategies: SpecificFolderIgnoreStrategy, GitIgnoreStrategy

stdout | tests/e2e/file-explorer/file-explorer-websocket-lifecycle.e2e.test.ts > File explorer websocket lifecycle e2e > survives repeated open/close cycles without descriptor growth and keeps child-process spawn healthy
Started filesystem watcher for workspace /var/folders/7w/9r4_s1_s42z3f7c136bpjf0r0000gn/T/autobyteus-file-explorer-ws-e2e-H2Q0z1

stdout | tests/e2e/file-explorer/file-explorer-websocket-lifecycle.e2e.test.ts > File explorer websocket lifecycle e2e > survives repeated open/close cycles without descriptor growth and keeps child-process spawn healthy
Acquired file watcher lease for /var/folders/7w/9r4_s1_s42z3f7c136bpjf0r0000gn/T/autobyteus-file-explorer-ws-e2e-H2Q0z1 (file-explorer-websocket); active leases: 1

stdout | tests/e2e/file-explorer/file-explorer-websocket-lifecycle.e2e.test.ts > File explorer websocket lifecycle e2e > survives repeated open/close cycles without descriptor growth and keeps child-process spawn healthy
FileExplorerSession created: 61353e1f-b625-4728-a8b1-5255db6b9122 for workspace agent_ws_05382680f5f75fc8bd5e09ea8378f62bee1fbb9b88967ed62fb2ebdfad61078c

stdout | tests/e2e/file-explorer/file-explorer-websocket-lifecycle.e2e.test.ts > File explorer websocket lifecycle e2e > survives repeated open/close cycles without descriptor growth and keeps child-process spawn healthy
Created file explorer session 61353e1f-b625-4728-a8b1-5255db6b9122 for workspace agent_ws_05382680f5f75fc8bd5e09ea8378f62bee1fbb9b88967ed62fb2ebdfad61078c. Active sessions: 1

stdout | tests/e2e/file-explorer/file-explorer-websocket-lifecycle.e2e.test.ts > File explorer websocket lifecycle e2e > survives repeated open/close cycles without descriptor growth and keeps child-process spawn healthy
File explorer WebSocket connected: 61353e1f-b625-4728-a8b1-5255db6b9122 for workspace agent_ws_05382680f5f75fc8bd5e09ea8378f62bee1fbb9b88967ed62fb2ebdfad61078c

stdout | tests/e2e/file-explorer/file-explorer-websocket-lifecycle.e2e.test.ts > File explorer websocket lifecycle e2e > survives repeated open/close cycles without descriptor growth and keeps child-process spawn healthy
File explorer websocket attached for workspace agent_ws_05382680f5f75fc8bd5e09ea8378f62bee1fbb9b88967ed62fb2ebdfad61078c

stdout | tests/e2e/file-explorer/file-explorer-websocket-lifecycle.e2e.test.ts > File explorer websocket lifecycle e2e > survives repeated open/close cycles without descriptor growth and keeps child-process spawn healthy
Released file watcher lease for /var/folders/7w/9r4_s1_s42z3f7c136bpjf0r0000gn/T/autobyteus-file-explorer-ws-e2e-H2Q0z1 (file-explorer-websocket); active leases: 0

stdout | tests/e2e/file-explorer/file-explorer-websocket-lifecycle.e2e.test.ts > File explorer websocket lifecycle e2e > survives repeated open/close cycles without descriptor growth and keeps child-process spawn healthy
Logically stopped filesystem watcher for workspace /var/folders/7w/9r4_s1_s42z3f7c136bpjf0r0000gn/T/autobyteus-file-explorer-ws-e2e-H2Q0z1

stdout | tests/e2e/file-explorer/file-explorer-websocket-lifecycle.e2e.test.ts > File explorer websocket lifecycle e2e > survives repeated open/close cycles without descriptor growth and keeps child-process spawn healthy
FileExplorerSession closed: 61353e1f-b625-4728-a8b1-5255db6b9122

stdout | tests/e2e/file-explorer/file-explorer-websocket-lifecycle.e2e.test.ts > File explorer websocket lifecycle e2e > survives repeated open/close cycles without descriptor growth and keeps child-process spawn healthy
Closed file explorer session 61353e1f-b625-4728-a8b1-5255db6b9122. Active sessions: 0

stdout | tests/e2e/file-explorer/file-explorer-websocket-lifecycle.e2e.test.ts > File explorer websocket lifecycle e2e > survives repeated open/close cycles without descriptor growth and keeps child-process spawn healthy
File explorer WebSocket disconnected: 61353e1f-b625-4728-a8b1-5255db6b9122

stdout | tests/e2e/file-explorer/file-explorer-websocket-lifecycle.e2e.test.ts > File explorer websocket lifecycle e2e > survives repeated open/close cycles without descriptor growth and keeps child-process spawn healthy
Closing FileSystemWorkspace agent_ws_05382680f5f75fc8bd5e09ea8378f62bee1fbb9b88967ed62fb2ebdfad61078c

 ✓ tests/e2e/file-explorer/file-explorer-websocket-lifecycle.e2e.test.ts (3 tests) 1726ms
     ✓ keeps workspace/search snapshot APIs watcher-free, then leases one real watcher across visible websocket consumers  635ms
     ✓ does not leak watcher leases when sockets close before CONNECTED is observed  312ms
     ✓ survives repeated open/close cycles without descriptor growth and keeps child-process spawn healthy  766ms
 ✓ tests/e2e/secret-management/provider-secret-lifecycle-graphql.e2e.test.ts (5 tests) 1584ms
stdout | tests/e2e/llm-management/model-metadata-provenance-graphql.e2e.test.ts
Successfully registered tool definition: 'read_file'
Successfully registered tool definition: 'write_file'
Successfully registered tool definition: 'edit_file'
Successfully registered tool definition: 'replace_in_file'
Successfully registered tool definition: 'insert_in_file'
Successfully registered tool definition: 'run_bash'
Successfully registered tool definition: 'start_background_process'
Successfully registered tool definition: 'get_background_processes'
Successfully registered tool definition: 'get_process_output'
Successfully registered tool definition: 'stop_background_process'
Successfully registered tool definition: 'search_web'
Successfully registered tool definition: 'read_media_file'
Successfully registered tool definition: 'download_media'
Successfully registered tool definition: 'read_url'
Successfully registered tool definition: 'add_todo'
Successfully registered tool definition: 'create_todo_list'
Successfully registered tool definition: 'get_todo_list'
Successfully registered tool definition: 'update_todo_status'
AgentFactory (Singleton) initialized.

(node:81315) ExperimentalWarning: SQLite is an experimental feature and might change at any time
(Use `node --trace-warnings ...` to show where the warning was created)
stdout | tests/e2e/llm-management/model-metadata-provenance-graphql.e2e.test.ts > assembled Gemini metadata provenance GraphQL E2E
Platform detection: Windows=false
App root directory: /Users/normy/autobyteus_org/autobyteus-worktrees/memory-lineage-provenance-analysis/autobyteus-server-ts
App data directory: /Users/normy/autobyteus_org/autobyteus-worktrees/memory-lineage-provenance-analysis/autobyteus-server-ts/tests/.tmp/metadata-provenance-81315-1785539539910-7f2dd33759fa2
Config file path: /Users/normy/autobyteus_org/autobyteus-worktrees/memory-lineage-provenance-analysis/autobyteus-server-ts/tests/.tmp/metadata-provenance-81315-1785539539910-7f2dd33759fa2/.env
Loading environment from: /Users/normy/autobyteus_org/autobyteus-worktrees/memory-lineage-provenance-analysis/autobyteus-server-ts/tests/.tmp/metadata-provenance-81315-1785539539910-7f2dd33759fa2/.env
[dotenv@17.3.1] injecting env (1) from tests/.tmp/metadata-provenance-81315-1785539539910-7f2dd33759fa2/.env -- tip: ⚙️  suppress all logs with { quiet: true }
Environment variables loaded successfully
Server public base URL configured to: http://127.0.0.1:29695
=== Starting logging configuration ===
Logging config file is ignored in Node.js: /Users/normy/autobyteus_org/autobyteus-worktrees/memory-lineage-provenance-analysis/autobyteus-server-ts/logging_config.ini
============================================================
SERVER PUBLIC URL: http://127.0.0.1:29695
APP ROOT DIRECTORY: /Users/normy/autobyteus_org/autobyteus-worktrees/memory-lineage-provenance-analysis/autobyteus-server-ts
APP DATA DIRECTORY: /Users/normy/autobyteus_org/autobyteus-worktrees/memory-lineage-provenance-analysis/autobyteus-server-ts/tests/.tmp/metadata-provenance-81315-1785539539910-7f2dd33759fa2
DB DIRECTORY: /Users/normy/autobyteus_org/autobyteus-worktrees/memory-lineage-provenance-analysis/autobyteus-server-ts/tests/.tmp/metadata-provenance-81315-1785539539910-7f2dd33759fa2/db
LOGS DIRECTORY: /Users/normy/autobyteus_org/autobyteus-worktrees/memory-lineage-provenance-analysis/autobyteus-server-ts/tests/.tmp/metadata-provenance-81315-1785539539910-7f2dd33759fa2/logs
DOWNLOAD DIRECTORY: /Users/normy/autobyteus_org/autobyteus-worktrees/memory-lineage-provenance-analysis/autobyteus-server-ts/tests/.tmp/metadata-provenance-81315-1785539539910-7f2dd33759fa2/download
MEMORY DIRECTORY: /Users/normy/autobyteus_org/autobyteus-worktrees/memory-lineage-provenance-analysis/autobyteus-server-ts/tests/.tmp/metadata-provenance-81315-1785539539910-7f2dd33759fa2/memory
============================================================
AppConfig initialization completed successfully

stdout | tests/e2e/llm-management/model-metadata-provenance-graphql.e2e.test.ts > assembled Gemini metadata provenance GraphQL E2E
prisma:info Starting a sqlite pool with 21 connections.

stdout | tests/e2e/llm-management/model-metadata-provenance-graphql.e2e.test.ts > assembled Gemini metadata provenance GraphQL E2E > projects LIVE only for a matching AI Studio Developer API record
CachedAutobyteusLlmModelProvider initialized with an in-memory cache strategy.
AutobyteusModelCatalog initialized.
CachedAudioModelProvider initialized.
AudioModelService initialized.
CachedImageModelProvider initialized.
ImageModelService initialized.
CachedVideoModelProvider initialized.
VideoModelService initialized.

stdout | tests/e2e/llm-management/model-metadata-provenance-graphql.e2e.test.ts > assembled Gemini metadata provenance GraphQL E2E > projects LIVE only for a matching AI Studio Developer API record
Populating LLM models cache for the first time...
Fetching list of available LLM models from LLMFactory...

stdout | tests/e2e/llm-management/model-metadata-provenance-graphql.e2e.test.ts > assembled Gemini metadata provenance GraphQL E2E > projects LIVE only for a matching AI Studio Developer API record
Successfully fetched 27 models from LLMFactory.

stdout | tests/e2e/llm-management/model-metadata-provenance-graphql.e2e.test.ts > assembled Gemini metadata provenance GraphQL E2E > projects LIVE only for a matching AI Studio Developer API record
LLM models cache populated with 27 items.

 ✓ tests/e2e/llm-management/model-metadata-provenance-graphql.e2e.test.ts (4 tests) 1375ms
stdout | tests/e2e/messaging/managed-messaging-gateway-recovery.e2e.test.ts
Successfully registered tool definition: 'read_file'
Successfully registered tool definition: 'write_file'
Successfully registered tool definition: 'edit_file'
Successfully registered tool definition: 'replace_in_file'
Successfully registered tool definition: 'insert_in_file'
Successfully registered tool definition: 'run_bash'
Successfully registered tool definition: 'start_background_process'
Successfully registered tool definition: 'get_background_processes'
Successfully registered tool definition: 'get_process_output'
Successfully registered tool definition: 'stop_background_process'
Successfully registered tool definition: 'search_web'
Successfully registered tool definition: 'read_media_file'
Successfully registered tool definition: 'download_media'
Successfully registered tool definition: 'read_url'
Successfully registered tool definition: 'add_todo'
Successfully registered tool definition: 'create_todo_list'
Successfully registered tool definition: 'get_todo_list'
Successfully registered tool definition: 'update_todo_status'
AgentFactory (Singleton) initialized.

(node:81324) ExperimentalWarning: SQLite is an experimental feature and might change at any time
(Use `node --trace-warnings ...` to show where the warning was created)
stdout | tests/e2e/messaging/managed-messaging-gateway-recovery.e2e.test.ts > Managed messaging gateway recovery GraphQL e2e
Platform detection: Windows=false
App root directory: /Users/normy/autobyteus_org/autobyteus-worktrees/memory-lineage-provenance-analysis/autobyteus-server-ts
App data directory: /Users/normy/autobyteus_org/autobyteus-worktrees/memory-lineage-provenance-analysis/autobyteus-server-ts
Custom app data directory set to: /var/folders/7w/9r4_s1_s42z3f7c136bpjf0r0000gn/T/managed-messaging-gateway-recovery-mpoNpG/data
Updated config file path to /var/folders/7w/9r4_s1_s42z3f7c136bpjf0r0000gn/T/managed-messaging-gateway-recovery-mpoNpG/data/.env
Loading environment from: /var/folders/7w/9r4_s1_s42z3f7c136bpjf0r0000gn/T/managed-messaging-gateway-recovery-mpoNpG/data/.env
[dotenv@17.3.1] injecting env (0) from ../../../../../../var/folders/7w/9r4_s1_s42z3f7c136bpjf0r0000gn/T/managed-messaging-gateway-recovery-mpoNpG/data/.env -- tip: ⚙️  write to custom object with { processEnv: myObject }
Environment variables loaded successfully
Server public base URL configured to: http://127.0.0.1:29695
=== Starting logging configuration ===
Logging config file is ignored in Node.js: /Users/normy/autobyteus_org/autobyteus-worktrees/memory-lineage-provenance-analysis/autobyteus-server-ts/logging_config.ini
============================================================
SERVER PUBLIC URL: http://127.0.0.1:29695
APP ROOT DIRECTORY: /Users/normy/autobyteus_org/autobyteus-worktrees/memory-lineage-provenance-analysis/autobyteus-server-ts
APP DATA DIRECTORY: /var/folders/7w/9r4_s1_s42z3f7c136bpjf0r0000gn/T/managed-messaging-gateway-recovery-mpoNpG/data
DB DIRECTORY: /var/folders/7w/9r4_s1_s42z3f7c136bpjf0r0000gn/T/managed-messaging-gateway-recovery-mpoNpG/data/db
LOGS DIRECTORY: /var/folders/7w/9r4_s1_s42z3f7c136bpjf0r0000gn/T/managed-messaging-gateway-recovery-mpoNpG/data/logs
DOWNLOAD DIRECTORY: /var/folders/7w/9r4_s1_s42z3f7c136bpjf0r0000gn/T/managed-messaging-gateway-recovery-mpoNpG/data/download
MEMORY DIRECTORY: /var/folders/7w/9r4_s1_s42z3f7c136bpjf0r0000gn/T/managed-messaging-gateway-recovery-mpoNpG/data/memory
============================================================
AppConfig initialization completed successfully

stdout | tests/e2e/messaging/managed-messaging-gateway-recovery.e2e.test.ts > Managed messaging gateway recovery GraphQL e2e > restarts the managed gateway after an unexpected process exit
Attempting to download file from: http://127.0.0.1:55895/autobyteus-message-gateway-0.1.0-node-generic.tar.gz

stdout | tests/e2e/messaging/managed-messaging-gateway-recovery.e2e.test.ts > Managed messaging gateway recovery GraphQL e2e > restarts the managed gateway after an unexpected process exit
Successfully downloaded file to: /var/folders/7w/9r4_s1_s42z3f7c136bpjf0r0000gn/T/managed-messaging-gateway-recovery-mpoNpG/data/download/messaging-gateway/d9800cd6-4d3f-4a85-8d72-30b167fdc2e9.gz

stdout | tests/e2e/messaging/managed-messaging-gateway-recovery.e2e.test.ts > Managed messaging gateway recovery GraphQL e2e > restarts the managed gateway when heartbeat supervision detects a stale runtime
Attempting to download file from: http://127.0.0.1:55895/autobyteus-message-gateway-0.1.1-node-generic.tar.gz

stdout | tests/e2e/messaging/managed-messaging-gateway-recovery.e2e.test.ts > Managed messaging gateway recovery GraphQL e2e > restarts the managed gateway when heartbeat supervision detects a stale runtime
Successfully downloaded file to: /var/folders/7w/9r4_s1_s42z3f7c136bpjf0r0000gn/T/managed-messaging-gateway-recovery-mpoNpG/data/download/messaging-gateway/934ef9ad-0915-4c5f-822c-353755354b39.gz

 ✓ tests/e2e/messaging/managed-messaging-gateway-recovery.e2e.test.ts (2 tests) 1342ms
     ✓ restarts the managed gateway after an unexpected process exit  533ms
     ✓ restarts the managed gateway when heartbeat supervision detects a stale runtime  730ms
stdout | tests/e2e/token-usage/token-usage-legacy-path-columns-drop-startup.e2e.test.ts > token usage legacy path column drop startup E2E
Platform detection: Windows=false
App root directory: /Users/normy/autobyteus_org/autobyteus-worktrees/memory-lineage-provenance-analysis/autobyteus-server-ts
App data directory: /var/folders/7w/9r4_s1_s42z3f7c136bpjf0r0000gn/T/token-usage-legacy-drop-e2e-1N1BqG
AppConfig instance created.
Config file path: /var/folders/7w/9r4_s1_s42z3f7c136bpjf0r0000gn/T/token-usage-legacy-drop-e2e-1N1BqG/.env
Loading environment from: /var/folders/7w/9r4_s1_s42z3f7c136bpjf0r0000gn/T/token-usage-legacy-drop-e2e-1N1BqG/.env
[dotenv@17.3.1] injecting env (0) from ../../../../../../var/folders/7w/9r4_s1_s42z3f7c136bpjf0r0000gn/T/token-usage-legacy-drop-e2e-1N1BqG/.env -- tip: ⚙️  write to custom object with { processEnv: myObject }
Environment variables loaded successfully
Server public base URL configured to: http://localhost:8000
=== Starting logging configuration ===
Logging config file is ignored in Node.js: /Users/normy/autobyteus_org/autobyteus-worktrees/memory-lineage-provenance-analysis/autobyteus-server-ts/logging_config.ini
============================================================
SERVER PUBLIC URL: http://localhost:8000
APP ROOT DIRECTORY: /Users/normy/autobyteus_org/autobyteus-worktrees/memory-lineage-provenance-analysis/autobyteus-server-ts
APP DATA DIRECTORY: /var/folders/7w/9r4_s1_s42z3f7c136bpjf0r0000gn/T/token-usage-legacy-drop-e2e-1N1BqG
DB DIRECTORY: /var/folders/7w/9r4_s1_s42z3f7c136bpjf0r0000gn/T/token-usage-legacy-drop-e2e-1N1BqG/db
LOGS DIRECTORY: /var/folders/7w/9r4_s1_s42z3f7c136bpjf0r0000gn/T/token-usage-legacy-drop-e2e-1N1BqG/logs
DOWNLOAD DIRECTORY: /var/folders/7w/9r4_s1_s42z3f7c136bpjf0r0000gn/T/token-usage-legacy-drop-e2e-1N1BqG/download
MEMORY DIRECTORY: /var/folders/7w/9r4_s1_s42z3f7c136bpjf0r0000gn/T/token-usage-legacy-drop-e2e-1N1BqG/memory
============================================================
AppConfig initialization completed successfully

stdout | tests/e2e/token-usage/token-usage-legacy-path-columns-drop-startup.e2e.test.ts > token usage legacy path column drop startup E2E
Successfully registered tool definition: 'read_file'
Successfully registered tool definition: 'write_file'
Successfully registered tool definition: 'edit_file'
Successfully registered tool definition: 'replace_in_file'
Successfully registered tool definition: 'insert_in_file'
Successfully registered tool definition: 'run_bash'
Successfully registered tool definition: 'start_background_process'
Successfully registered tool definition: 'get_background_processes'
Successfully registered tool definition: 'get_process_output'
Successfully registered tool definition: 'stop_background_process'
Successfully registered tool definition: 'search_web'
Successfully registered tool definition: 'read_media_file'
Successfully registered tool definition: 'download_media'
Successfully registered tool definition: 'read_url'
Successfully registered tool definition: 'add_todo'
Successfully registered tool definition: 'create_todo_list'
Successfully registered tool definition: 'get_todo_list'
Successfully registered tool definition: 'update_todo_status'
AgentFactory (Singleton) initialized.

(node:81408) ExperimentalWarning: SQLite is an experimental feature and might change at any time
(Use `node --trace-warnings ...` to show where the warning was created)
stdout | tests/e2e/token-usage/token-usage-legacy-path-columns-drop-startup.e2e.test.ts > token usage legacy path column drop startup E2E > runs backfill before the guarded contract drop, preserves token data, and keeps GraphQL statistics working
prisma:info Starting a sqlite pool with 21 connections.

stdout | tests/e2e/token-usage/token-usage-legacy-path-columns-drop-startup.e2e.test.ts > token usage legacy path column drop startup E2E > runs backfill before the guarded contract drop, preserves token data, and keeps GraphQL statistics working
AgentTeamRunManager initialized with MixedTeamManager-only team execution.

 ✓ tests/e2e/token-usage/token-usage-legacy-path-columns-drop-startup.e2e.test.ts (2 tests) 951ms
stdout | tests/e2e/terminal/terminal-websocket-lifecycle.e2e.test.ts
Successfully registered tool definition: 'read_file'
Successfully registered tool definition: 'write_file'
Successfully registered tool definition: 'edit_file'
Successfully registered tool definition: 'replace_in_file'
Successfully registered tool definition: 'insert_in_file'
Successfully registered tool definition: 'run_bash'
Successfully registered tool definition: 'start_background_process'
Successfully registered tool definition: 'get_background_processes'
Successfully registered tool definition: 'get_process_output'
Successfully registered tool definition: 'stop_background_process'
Successfully registered tool definition: 'search_web'
Successfully registered tool definition: 'read_media_file'
Successfully registered tool definition: 'download_media'
Successfully registered tool definition: 'read_url'
Successfully registered tool definition: 'add_todo'
Successfully registered tool definition: 'create_todo_list'
Successfully registered tool definition: 'get_todo_list'
Successfully registered tool definition: 'update_todo_status'
AgentFactory (Singleton) initialized.

stdout | tests/e2e/terminal/terminal-websocket-lifecycle.e2e.test.ts > Terminal websocket lifecycle e2e > opens a real PTY in the requested cwd and releases it on websocket close
Created terminal session real-pty-cwd using backend IsolatedPtySession for target /var/folders/7w/9r4_s1_s42z3f7c136bpjf0r0000gn/T/autobyteus-terminal-e2e-t4x7Ro/workspace with spaces

stdout | tests/e2e/terminal/terminal-websocket-lifecycle.e2e.test.ts > Terminal websocket lifecycle e2e > opens a real PTY in the requested cwd and releases it on websocket close
Terminal WebSocket connected: real-pty-cwd

stdout | tests/e2e/terminal/terminal-websocket-lifecycle.e2e.test.ts > Terminal websocket lifecycle e2e > opens a real PTY in the requested cwd and releases it on websocket close
Terminal websocket attached for cwd /var/folders/7w/9r4_s1_s42z3f7c136bpjf0r0000gn/T/autobyteus-terminal-e2e-t4x7Ro/workspace with spaces

stdout | tests/e2e/terminal/terminal-websocket-lifecycle.e2e.test.ts > Terminal websocket lifecycle e2e > opens a real PTY in server home when cwd and rootPath are omitted
Closed PTY session real-pty-cwd

stdout | tests/e2e/terminal/terminal-websocket-lifecycle.e2e.test.ts > Terminal websocket lifecycle e2e > opens a real PTY in server home when cwd and rootPath are omitted
Terminal WebSocket disconnected: real-pty-cwd

stdout | tests/e2e/terminal/terminal-websocket-lifecycle.e2e.test.ts > Terminal websocket lifecycle e2e > opens a real PTY in server home when cwd and rootPath are omitted
Created terminal session real-pty-server-home-default using backend IsolatedPtySession for target /Users/normy

stdout | tests/e2e/terminal/terminal-websocket-lifecycle.e2e.test.ts > Terminal websocket lifecycle e2e > opens a real PTY in server home when cwd and rootPath are omitted
Terminal WebSocket connected: real-pty-server-home-default

stdout | tests/e2e/terminal/terminal-websocket-lifecycle.e2e.test.ts > Terminal websocket lifecycle e2e > opens a real PTY in server home when cwd and rootPath are omitted
Terminal websocket attached for cwd /Users/normy

stdout | tests/e2e/terminal/terminal-websocket-lifecycle.e2e.test.ts > Terminal websocket lifecycle e2e > rejects unavailable cwd before creating a PTY session
Closed PTY session real-pty-server-home-default

stdout | tests/e2e/terminal/terminal-websocket-lifecycle.e2e.test.ts > Terminal websocket lifecycle e2e > rejects unavailable cwd before creating a PTY session
Terminal WebSocket disconnected: real-pty-server-home-default

stderr | tests/e2e/terminal/terminal-websocket-lifecycle.e2e.test.ts > Terminal websocket lifecycle e2e > rejects unavailable cwd before creating a PTY session
Terminal connection rejected: Error: ENOENT: no such file or directory, stat '/var/folders/7w/9r4_s1_s42z3f7c136bpjf0r0000gn/T/autobyteus-terminal-e2e-en6925/missing'

stdout | tests/e2e/terminal/terminal-websocket-lifecycle.e2e.test.ts > Terminal websocket lifecycle e2e > rejects unavailable cwd before creating a PTY session
Terminal WebSocket disconnected: invalid-cwd

stdout | tests/e2e/terminal/terminal-websocket-lifecycle.e2e.test.ts > Terminal websocket lifecycle e2e > does not retain PTYs across close-before-connect and repeated open/close churn
Terminal WebSocket disconnected: early-close-0

stdout | tests/e2e/terminal/terminal-websocket-lifecycle.e2e.test.ts > Terminal websocket lifecycle e2e > does not retain PTYs across close-before-connect and repeated open/close churn
Terminal WebSocket disconnected: early-close-1

stdout | tests/e2e/terminal/terminal-websocket-lifecycle.e2e.test.ts > Terminal websocket lifecycle e2e > does not retain PTYs across close-before-connect and repeated open/close churn
Terminal WebSocket disconnected: early-close-2
Closed PTY session early-close-2

stdout | tests/e2e/terminal/terminal-websocket-lifecycle.e2e.test.ts > Terminal websocket lifecycle e2e > does not retain PTYs across close-before-connect and repeated open/close churn
Terminal session startup aborted: early-close-2

stdout | tests/e2e/terminal/terminal-websocket-lifecycle.e2e.test.ts > Terminal websocket lifecycle e2e > does not retain PTYs across close-before-connect and repeated open/close churn
Closed PTY session early-close-0

stdout | tests/e2e/terminal/terminal-websocket-lifecycle.e2e.test.ts > Terminal websocket lifecycle e2e > does not retain PTYs across close-before-connect and repeated open/close churn
Terminal session startup aborted: early-close-0

stdout | tests/e2e/terminal/terminal-websocket-lifecycle.e2e.test.ts > Terminal websocket lifecycle e2e > does not retain PTYs across close-before-connect and repeated open/close churn
Terminal WebSocket disconnected: early-close-3

stdout | tests/e2e/terminal/terminal-websocket-lifecycle.e2e.test.ts > Terminal websocket lifecycle e2e > does not retain PTYs across close-before-connect and repeated open/close churn
Closed PTY session early-close-1

stdout | tests/e2e/terminal/terminal-websocket-lifecycle.e2e.test.ts > Terminal websocket lifecycle e2e > does not retain PTYs across close-before-connect and repeated open/close churn
Terminal session startup aborted: early-close-1

stdout | tests/e2e/terminal/terminal-websocket-lifecycle.e2e.test.ts > Terminal websocket lifecycle e2e > does not retain PTYs across close-before-connect and repeated open/close churn
Terminal WebSocket disconnected: early-close-4
Closed PTY session early-close-4

stdout | tests/e2e/terminal/terminal-websocket-lifecycle.e2e.test.ts > Terminal websocket lifecycle e2e > does not retain PTYs across close-before-connect and repeated open/close churn
Terminal session startup aborted: early-close-4

stdout | tests/e2e/terminal/terminal-websocket-lifecycle.e2e.test.ts > Terminal websocket lifecycle e2e > does not retain PTYs across close-before-connect and repeated open/close churn
Closed PTY session early-close-3

stdout | tests/e2e/terminal/terminal-websocket-lifecycle.e2e.test.ts > Terminal websocket lifecycle e2e > does not retain PTYs across close-before-connect and repeated open/close churn
Terminal session startup aborted: early-close-3

stdout | tests/e2e/terminal/terminal-websocket-lifecycle.e2e.test.ts > Terminal websocket lifecycle e2e > does not retain PTYs across close-before-connect and repeated open/close churn
Terminal WebSocket disconnected: churn-0

stdout | tests/e2e/terminal/terminal-websocket-lifecycle.e2e.test.ts > Terminal websocket lifecycle e2e > does not retain PTYs across close-before-connect and repeated open/close churn
Closed PTY session churn-0

stdout | tests/e2e/terminal/terminal-websocket-lifecycle.e2e.test.ts > Terminal websocket lifecycle e2e > does not retain PTYs across close-before-connect and repeated open/close churn
Terminal session startup aborted: churn-0

stdout | tests/e2e/terminal/terminal-websocket-lifecycle.e2e.test.ts > Terminal websocket lifecycle e2e > does not retain PTYs across close-before-connect and repeated open/close churn
Terminal WebSocket disconnected: churn-1

stdout | tests/e2e/terminal/terminal-websocket-lifecycle.e2e.test.ts > Terminal websocket lifecycle e2e > does not retain PTYs across close-before-connect and repeated open/close churn
Terminal WebSocket disconnected: churn-2

stdout | tests/e2e/terminal/terminal-websocket-lifecycle.e2e.test.ts > Terminal websocket lifecycle e2e > does not retain PTYs across close-before-connect and repeated open/close churn
Closed PTY session churn-1

stdout | tests/e2e/terminal/terminal-websocket-lifecycle.e2e.test.ts > Terminal websocket lifecycle e2e > does not retain PTYs across close-before-connect and repeated open/close churn
Terminal session startup aborted: churn-1

stdout | tests/e2e/terminal/terminal-websocket-lifecycle.e2e.test.ts > Terminal websocket lifecycle e2e > does not retain PTYs across close-before-connect and repeated open/close churn
Closed PTY session churn-2

stdout | tests/e2e/terminal/terminal-websocket-lifecycle.e2e.test.ts > Terminal websocket lifecycle e2e > does not retain PTYs across close-before-connect and repeated open/close churn
Terminal session startup aborted: churn-2

stdout | tests/e2e/terminal/terminal-websocket-lifecycle.e2e.test.ts > Terminal websocket lifecycle e2e > does not retain PTYs across close-before-connect and repeated open/close churn
Terminal WebSocket disconnected: churn-3

stdout | tests/e2e/terminal/terminal-websocket-lifecycle.e2e.test.ts > Terminal websocket lifecycle e2e > does not retain PTYs across close-before-connect and repeated open/close churn
Closed PTY session churn-3

stdout | tests/e2e/terminal/terminal-websocket-lifecycle.e2e.test.ts > Terminal websocket lifecycle e2e > does not retain PTYs across close-before-connect and repeated open/close churn
Terminal session startup aborted: churn-3

stdout | tests/e2e/terminal/terminal-websocket-lifecycle.e2e.test.ts > Terminal websocket lifecycle e2e > does not retain PTYs across close-before-connect and repeated open/close churn
Terminal WebSocket disconnected: churn-4

stdout | tests/e2e/terminal/terminal-websocket-lifecycle.e2e.test.ts > Terminal websocket lifecycle e2e > does not retain PTYs across close-before-connect and repeated open/close churn
Closed PTY session churn-4

stdout | tests/e2e/terminal/terminal-websocket-lifecycle.e2e.test.ts > Terminal websocket lifecycle e2e > does not retain PTYs across close-before-connect and repeated open/close churn
Terminal session startup aborted: churn-4

stdout | tests/e2e/terminal/terminal-websocket-lifecycle.e2e.test.ts > Terminal websocket lifecycle e2e > does not retain PTYs across close-before-connect and repeated open/close churn
Terminal WebSocket disconnected: churn-5

stdout | tests/e2e/terminal/terminal-websocket-lifecycle.e2e.test.ts > Terminal websocket lifecycle e2e > does not retain PTYs across close-before-connect and repeated open/close churn
Closed PTY session churn-5

stdout | tests/e2e/terminal/terminal-websocket-lifecycle.e2e.test.ts > Terminal websocket lifecycle e2e > does not retain PTYs across close-before-connect and repeated open/close churn
Terminal session startup aborted: churn-5

stdout | tests/e2e/terminal/terminal-websocket-lifecycle.e2e.test.ts > Terminal websocket lifecycle e2e > does not retain PTYs across close-before-connect and repeated open/close churn
Terminal WebSocket disconnected: churn-6

stdout | tests/e2e/terminal/terminal-websocket-lifecycle.e2e.test.ts > Terminal websocket lifecycle e2e > does not retain PTYs across close-before-connect and repeated open/close churn
Closed PTY session churn-6

stdout | tests/e2e/terminal/terminal-websocket-lifecycle.e2e.test.ts > Terminal websocket lifecycle e2e > does not retain PTYs across close-before-connect and repeated open/close churn
Terminal session startup aborted: churn-6

stdout | tests/e2e/terminal/terminal-websocket-lifecycle.e2e.test.ts > Terminal websocket lifecycle e2e > does not retain PTYs across close-before-connect and repeated open/close churn
Terminal WebSocket disconnected: churn-7

 ✓ tests/e2e/terminal/terminal-websocket-lifecycle.e2e.test.ts (4 tests) 818ms
     ✓ does not retain PTYs across close-before-connect and repeated open/close churn  565ms
stdout | tests/e2e/runtime/runtime-capability-graphql.e2e.test.ts
Successfully registered tool definition: 'read_file'
Successfully registered tool definition: 'write_file'
Successfully registered tool definition: 'edit_file'
Successfully registered tool definition: 'replace_in_file'
Successfully registered tool definition: 'insert_in_file'
Successfully registered tool definition: 'run_bash'
Successfully registered tool definition: 'start_background_process'
Successfully registered tool definition: 'get_background_processes'
Successfully registered tool definition: 'get_process_output'
Successfully registered tool definition: 'stop_background_process'
Successfully registered tool definition: 'search_web'
Successfully registered tool definition: 'read_media_file'
Successfully registered tool definition: 'download_media'
Successfully registered tool definition: 'read_url'
Successfully registered tool definition: 'add_todo'
Successfully registered tool definition: 'create_todo_list'
Successfully registered tool definition: 'get_todo_list'
Successfully registered tool definition: 'update_todo_status'
AgentFactory (Singleton) initialized.

(node:81437) ExperimentalWarning: SQLite is an experimental feature and might change at any time
(Use `node --trace-warnings ...` to show where the warning was created)
 ✓ tests/e2e/runtime/runtime-capability-graphql.e2e.test.ts (1 test) 167ms
(node:81477) ExperimentalWarning: SQLite is an experimental feature and might change at any time
(Use `node --trace-warnings ...` to show where the warning was created)
 ✓ tests/e2e/secret-management/secret-vault-independent-process-initialization.e2e.test.ts (1 test) 528ms
     ✓ serializes two package compositions on one SQLite target and publishes one key/domain  527ms
stdout | tests/e2e/agent-definitions/agent-packages-graphql.e2e.test.ts
Successfully registered tool definition: 'read_file'
Successfully registered tool definition: 'write_file'
Successfully registered tool definition: 'edit_file'
Successfully registered tool definition: 'replace_in_file'
Successfully registered tool definition: 'insert_in_file'
Successfully registered tool definition: 'run_bash'
Successfully registered tool definition: 'start_background_process'
Successfully registered tool definition: 'get_background_processes'
Successfully registered tool definition: 'get_process_output'
Successfully registered tool definition: 'stop_background_process'
Successfully registered tool definition: 'search_web'
Successfully registered tool definition: 'read_media_file'
Successfully registered tool definition: 'download_media'
Successfully registered tool definition: 'read_url'
Successfully registered tool definition: 'add_todo'
Successfully registered tool definition: 'create_todo_list'
Successfully registered tool definition: 'get_todo_list'
Successfully registered tool definition: 'update_todo_status'
AgentFactory (Singleton) initialized.

(node:81481) ExperimentalWarning: SQLite is an experimental feature and might change at any time
(Use `node --trace-warnings ...` to show where the warning was created)
stdout | tests/e2e/agent-definitions/agent-packages-graphql.e2e.test.ts > Agent packages GraphQL e2e > imports and removes a linked local package while preserving runtime discovery behavior
Platform detection: Windows=false
App root directory: /Users/normy/autobyteus_org/autobyteus-worktrees/memory-lineage-provenance-analysis/autobyteus-server-ts
App data directory: /Users/normy/autobyteus_org/autobyteus-worktrees/memory-lineage-provenance-analysis/autobyteus-server-ts

stdout | tests/e2e/agent-definitions/agent-packages-graphql.e2e.test.ts > Agent packages GraphQL e2e > imports and removes a linked local package while preserving runtime discovery behavior
CachedAgentDefinitionProvider initialized with a full in-memory cache strategy.
Populating agent definition cache for the first time...

stdout | tests/e2e/agent-definitions/agent-packages-graphql.e2e.test.ts > Agent packages GraphQL e2e > imports and removes a linked local package while preserving runtime discovery behavior
Initialized server settings service with 19 predefined settings

stdout | tests/e2e/agent-definitions/agent-packages-graphql.e2e.test.ts > Agent packages GraphQL e2e > imports and removes a linked local package while preserving runtime discovery behavior
Agent definition cache populated with 75 items.

stdout | tests/e2e/agent-definitions/agent-packages-graphql.e2e.test.ts > Agent packages GraphQL e2e > imports and removes a linked local package while preserving runtime discovery behavior
[2026-07-31T23:12:29.113Z] [INFO] [agent-team-definition.cache] CachedAgentTeamDefinitionProvider initialized with a full in-memory cache strategy.
[2026-07-31T23:12:29.114Z] [INFO] [agent-team-definition.cache] Populating agent team definition cache for the first time...

stdout | tests/e2e/agent-definitions/agent-packages-graphql.e2e.test.ts > Agent packages GraphQL e2e > imports and removes a linked local package while preserving runtime discovery behavior
[2026-07-31T23:12:29.124Z] [INFO] [agent-team-definition.cache] Agent team definition cache populated with 37 items.

stdout | tests/e2e/agent-definitions/agent-packages-graphql.e2e.test.ts > Agent packages GraphQL e2e > imports and removes a linked local package while preserving runtime discovery behavior
Populating agent definition cache for the first time...

stdout | tests/e2e/agent-definitions/agent-packages-graphql.e2e.test.ts > Agent packages GraphQL e2e > imports and removes a linked local package while preserving runtime discovery behavior
Agent definition cache populated with 74 items.

stdout | tests/e2e/agent-definitions/agent-packages-graphql.e2e.test.ts > Agent packages GraphQL e2e > imports and removes a linked local package while preserving runtime discovery behavior
[2026-07-31T23:12:29.199Z] [INFO] [agent-team-definition.cache] Populating agent team definition cache for the first time...

stdout | tests/e2e/agent-definitions/agent-packages-graphql.e2e.test.ts > Agent packages GraphQL e2e > imports and removes a linked local package while preserving runtime discovery behavior
[2026-07-31T23:12:29.206Z] [INFO] [agent-team-definition.cache] Agent team definition cache populated with 36 items.

stdout | tests/e2e/agent-definitions/agent-packages-graphql.e2e.test.ts > Agent packages GraphQL e2e > imports and removes a linked local package while preserving runtime discovery behavior
Populating agent definition cache for the first time...

stdout | tests/e2e/agent-definitions/agent-packages-graphql.e2e.test.ts > Agent packages GraphQL e2e > imports and removes a linked local package while preserving runtime discovery behavior
Agent definition cache populated with 25 items.

stdout | tests/e2e/agent-definitions/agent-packages-graphql.e2e.test.ts > Agent packages GraphQL e2e > imports and removes a linked local package while preserving runtime discovery behavior
[2026-07-31T23:12:29.251Z] [INFO] [agent-team-definition.cache] Populating agent team definition cache for the first time...

stdout | tests/e2e/agent-definitions/agent-packages-graphql.e2e.test.ts > Agent packages GraphQL e2e > imports and removes a linked local package while preserving runtime discovery behavior
[2026-07-31T23:12:29.252Z] [INFO] [agent-team-definition.cache] Agent team definition cache populated with 6 items.

stdout | tests/e2e/agent-definitions/agent-packages-graphql.e2e.test.ts > Agent packages GraphQL e2e > reloads a linked local package through GraphQL and refreshes package-derived reads
Populating agent definition cache for the first time...

stdout | tests/e2e/agent-definitions/agent-packages-graphql.e2e.test.ts > Agent packages GraphQL e2e > reloads a linked local package through GraphQL and refreshes package-derived reads
Agent definition cache populated with 26 items.

stdout | tests/e2e/agent-definitions/agent-packages-graphql.e2e.test.ts > Agent packages GraphQL e2e > reloads a linked local package through GraphQL and refreshes package-derived reads
[2026-07-31T23:12:29.265Z] [INFO] [agent-team-definition.cache] Populating agent team definition cache for the first time...

stdout | tests/e2e/agent-definitions/agent-packages-graphql.e2e.test.ts > Agent packages GraphQL e2e > reloads a linked local package through GraphQL and refreshes package-derived reads
[2026-07-31T23:12:29.266Z] [INFO] [agent-team-definition.cache] Agent team definition cache populated with 6 items.

stdout | tests/e2e/agent-definitions/agent-packages-graphql.e2e.test.ts > Agent packages GraphQL e2e > reloads a linked local package through GraphQL and refreshes package-derived reads
Populating agent definition cache for the first time...

stdout | tests/e2e/agent-definitions/agent-packages-graphql.e2e.test.ts > Agent packages GraphQL e2e > reloads a linked local package through GraphQL and refreshes package-derived reads
Agent definition cache populated with 27 items.

stdout | tests/e2e/agent-definitions/agent-packages-graphql.e2e.test.ts > Agent packages GraphQL e2e > reloads a linked local package through GraphQL and refreshes package-derived reads
[2026-07-31T23:12:29.272Z] [INFO] [agent-team-definition.cache] Populating agent team definition cache for the first time...

stdout | tests/e2e/agent-definitions/agent-packages-graphql.e2e.test.ts > Agent packages GraphQL e2e > reloads a linked local package through GraphQL and refreshes package-derived reads
[2026-07-31T23:12:29.274Z] [INFO] [agent-team-definition.cache] Agent team definition cache populated with 6 items.

stdout | tests/e2e/agent-definitions/agent-packages-graphql.e2e.test.ts > Agent packages GraphQL e2e > reloads a linked local package through GraphQL and refreshes package-derived reads
Populating agent definition cache for the first time...

stdout | tests/e2e/agent-definitions/agent-packages-graphql.e2e.test.ts > Agent packages GraphQL e2e > reloads a linked local package through GraphQL and refreshes package-derived reads
Agent definition cache populated with 25 items.

stdout | tests/e2e/agent-definitions/agent-packages-graphql.e2e.test.ts > Agent packages GraphQL e2e > reloads a linked local package through GraphQL and refreshes package-derived reads
[2026-07-31T23:12:29.284Z] [INFO] [agent-team-definition.cache] Populating agent team definition cache for the first time...

stdout | tests/e2e/agent-definitions/agent-packages-graphql.e2e.test.ts > Agent packages GraphQL e2e > reloads a linked local package through GraphQL and refreshes package-derived reads
[2026-07-31T23:12:29.285Z] [INFO] [agent-team-definition.cache] Agent team definition cache populated with 6 items.

stdout | tests/e2e/agent-definitions/agent-packages-graphql.e2e.test.ts > Agent packages GraphQL e2e > imports and removes a managed GitHub package through the package-oriented GraphQL contract
Populating agent definition cache for the first time...

stdout | tests/e2e/agent-definitions/agent-packages-graphql.e2e.test.ts > Agent packages GraphQL e2e > imports and removes a managed GitHub package through the package-oriented GraphQL contract
Agent definition cache populated with 26 items.

stdout | tests/e2e/agent-definitions/agent-packages-graphql.e2e.test.ts > Agent packages GraphQL e2e > imports and removes a managed GitHub package through the package-oriented GraphQL contract
[2026-07-31T23:12:29.298Z] [INFO] [agent-team-definition.cache] Populating agent team definition cache for the first time...

stdout | tests/e2e/agent-definitions/agent-packages-graphql.e2e.test.ts > Agent packages GraphQL e2e > imports and removes a managed GitHub package through the package-oriented GraphQL contract
[2026-07-31T23:12:29.300Z] [INFO] [agent-team-definition.cache] Agent team definition cache populated with 7 items.

stdout | tests/e2e/agent-definitions/agent-packages-graphql.e2e.test.ts > Agent packages GraphQL e2e > imports and removes a managed GitHub package through the package-oriented GraphQL contract
Populating agent definition cache for the first time...

stdout | tests/e2e/agent-definitions/agent-packages-graphql.e2e.test.ts > Agent packages GraphQL e2e > imports and removes a managed GitHub package through the package-oriented GraphQL contract
Agent definition cache populated with 25 items.

stdout | tests/e2e/agent-definitions/agent-packages-graphql.e2e.test.ts > Agent packages GraphQL e2e > imports and removes a managed GitHub package through the package-oriented GraphQL contract
[2026-07-31T23:12:29.317Z] [INFO] [agent-team-definition.cache] Populating agent team definition cache for the first time...

stdout | tests/e2e/agent-definitions/agent-packages-graphql.e2e.test.ts > Agent packages GraphQL e2e > imports and removes a managed GitHub package through the package-oriented GraphQL contract
[2026-07-31T23:12:29.318Z] [INFO] [agent-team-definition.cache] Agent team definition cache populated with 6 items.

stdout | tests/e2e/agent-definitions/agent-packages-graphql.e2e.test.ts > Agent packages GraphQL e2e > imports and removes a managed GitHub package through the package-oriented GraphQL contract
Populating agent definition cache for the first time...

stdout | tests/e2e/agent-definitions/agent-packages-graphql.e2e.test.ts > Agent packages GraphQL e2e > imports and removes a managed GitHub package through the package-oriented GraphQL contract
Agent definition cache populated with 25 items.

stdout | tests/e2e/agent-definitions/agent-packages-graphql.e2e.test.ts > Agent packages GraphQL e2e > imports and removes a managed GitHub package through the package-oriented GraphQL contract
[2026-07-31T23:12:29.324Z] [INFO] [agent-team-definition.cache] Populating agent team definition cache for the first time...

stdout | tests/e2e/agent-definitions/agent-packages-graphql.e2e.test.ts > Agent packages GraphQL e2e > imports and removes a managed GitHub package through the package-oriented GraphQL contract
[2026-07-31T23:12:29.325Z] [INFO] [agent-team-definition.cache] Agent team definition cache populated with 6 items.

stdout | tests/e2e/agent-definitions/agent-packages-graphql.e2e.test.ts > Agent packages GraphQL e2e > checks and updates a managed GitHub package through GraphQL with staged directory replacement
Populating agent definition cache for the first time...

stdout | tests/e2e/agent-definitions/agent-packages-graphql.e2e.test.ts > Agent packages GraphQL e2e > checks and updates a managed GitHub package through GraphQL with staged directory replacement
Agent definition cache populated with 26 items.

stdout | tests/e2e/agent-definitions/agent-packages-graphql.e2e.test.ts > Agent packages GraphQL e2e > checks and updates a managed GitHub package through GraphQL with staged directory replacement
[2026-07-31T23:12:29.345Z] [INFO] [agent-team-definition.cache] Populating agent team definition cache for the first time...

stdout | tests/e2e/agent-definitions/agent-packages-graphql.e2e.test.ts > Agent packages GraphQL e2e > checks and updates a managed GitHub package through GraphQL with staged directory replacement
[2026-07-31T23:12:29.346Z] [INFO] [agent-team-definition.cache] Agent team definition cache populated with 6 items.

stdout | tests/e2e/agent-definitions/agent-packages-graphql.e2e.test.ts > Agent packages GraphQL e2e > checks and updates a managed GitHub package through GraphQL with staged directory replacement
Populating agent definition cache for the first time...

stdout | tests/e2e/agent-definitions/agent-packages-graphql.e2e.test.ts > Agent packages GraphQL e2e > checks and updates a managed GitHub package through GraphQL with staged directory replacement
Agent definition cache populated with 27 items.

stdout | tests/e2e/agent-definitions/agent-packages-graphql.e2e.test.ts > Agent packages GraphQL e2e > checks and updates a managed GitHub package through GraphQL with staged directory replacement
[2026-07-31T23:12:29.372Z] [INFO] [agent-team-definition.cache] Populating agent team definition cache for the first time...

stdout | tests/e2e/agent-definitions/agent-packages-graphql.e2e.test.ts > Agent packages GraphQL e2e > checks and updates a managed GitHub package through GraphQL with staged directory replacement
[2026-07-31T23:12:29.373Z] [INFO] [agent-team-definition.cache] Agent team definition cache populated with 7 items.

stdout | tests/e2e/agent-definitions/agent-packages-graphql.e2e.test.ts > Agent packages GraphQL e2e > checks and updates a managed GitHub package through GraphQL with staged directory replacement
Populating agent definition cache for the first time...

stdout | tests/e2e/agent-definitions/agent-packages-graphql.e2e.test.ts > Agent packages GraphQL e2e > checks and updates a managed GitHub package through GraphQL with staged directory replacement
Agent definition cache populated with 25 items.

stdout | tests/e2e/agent-definitions/agent-packages-graphql.e2e.test.ts > Agent packages GraphQL e2e > checks and updates a managed GitHub package through GraphQL with staged directory replacement
[2026-07-31T23:12:29.390Z] [INFO] [agent-team-definition.cache] Populating agent team definition cache for the first time...

stdout | tests/e2e/agent-definitions/agent-packages-graphql.e2e.test.ts > Agent packages GraphQL e2e > checks and updates a managed GitHub package through GraphQL with staged directory replacement
[2026-07-31T23:12:29.391Z] [INFO] [agent-team-definition.cache] Agent team definition cache populated with 6 items.

stdout | tests/e2e/agent-definitions/agent-packages-graphql.e2e.test.ts > Agent packages GraphQL e2e > allows legacy managed GitHub records with unknown revision to update to latest through GraphQL
Populating agent definition cache for the first time...

stdout | tests/e2e/agent-definitions/agent-packages-graphql.e2e.test.ts > Agent packages GraphQL e2e > allows legacy managed GitHub records with unknown revision to update to latest through GraphQL
Agent definition cache populated with 26 items.

stdout | tests/e2e/agent-definitions/agent-packages-graphql.e2e.test.ts > Agent packages GraphQL e2e > allows legacy managed GitHub records with unknown revision to update to latest through GraphQL
[2026-07-31T23:12:29.409Z] [INFO] [agent-team-definition.cache] Populating agent team definition cache for the first time...

stdout | tests/e2e/agent-definitions/agent-packages-graphql.e2e.test.ts > Agent packages GraphQL e2e > allows legacy managed GitHub records with unknown revision to update to latest through GraphQL
[2026-07-31T23:12:29.410Z] [INFO] [agent-team-definition.cache] Agent team definition cache populated with 6 items.

stdout | tests/e2e/agent-definitions/agent-packages-graphql.e2e.test.ts > Agent packages GraphQL e2e > allows legacy managed GitHub records with unknown revision to update to latest through GraphQL
Populating agent definition cache for the first time...

stdout | tests/e2e/agent-definitions/agent-packages-graphql.e2e.test.ts > Agent packages GraphQL e2e > allows legacy managed GitHub records with unknown revision to update to latest through GraphQL
Agent definition cache populated with 25 items.

stdout | tests/e2e/agent-definitions/agent-packages-graphql.e2e.test.ts > Agent packages GraphQL e2e > allows legacy managed GitHub records with unknown revision to update to latest through GraphQL
[2026-07-31T23:12:29.417Z] [INFO] [agent-team-definition.cache] Populating agent team definition cache for the first time...

stdout | tests/e2e/agent-definitions/agent-packages-graphql.e2e.test.ts > Agent packages GraphQL e2e > allows legacy managed GitHub records with unknown revision to update to latest through GraphQL
[2026-07-31T23:12:29.418Z] [INFO] [agent-team-definition.cache] Agent team definition cache populated with 6 items.

stdout | tests/e2e/agent-definitions/agent-packages-graphql.e2e.test.ts > Agent packages GraphQL e2e > rolls back managed GitHub directory replacement and persists failed status on GraphQL update failure
Populating agent definition cache for the first time...

stdout | tests/e2e/agent-definitions/agent-packages-graphql.e2e.test.ts > Agent packages GraphQL e2e > rolls back managed GitHub directory replacement and persists failed status on GraphQL update failure
Agent definition cache populated with 26 items.

stdout | tests/e2e/agent-definitions/agent-packages-graphql.e2e.test.ts > Agent packages GraphQL e2e > rolls back managed GitHub directory replacement and persists failed status on GraphQL update failure
[2026-07-31T23:12:29.434Z] [INFO] [agent-team-definition.cache] Populating agent team definition cache for the first time...

stdout | tests/e2e/agent-definitions/agent-packages-graphql.e2e.test.ts > Agent packages GraphQL e2e > rolls back managed GitHub directory replacement and persists failed status on GraphQL update failure
[2026-07-31T23:12:29.435Z] [INFO] [agent-team-definition.cache] Agent team definition cache populated with 6 items.

stdout | tests/e2e/agent-definitions/agent-packages-graphql.e2e.test.ts > Agent packages GraphQL e2e > rolls back managed GitHub directory replacement and persists failed status on GraphQL update failure
Populating agent definition cache for the first time...

stdout | tests/e2e/agent-definitions/agent-packages-graphql.e2e.test.ts > Agent packages GraphQL e2e > rolls back managed GitHub directory replacement and persists failed status on GraphQL update failure
Agent definition cache populated with 25 items.

stdout | tests/e2e/agent-definitions/agent-packages-graphql.e2e.test.ts > Agent packages GraphQL e2e > rolls back managed GitHub directory replacement and persists failed status on GraphQL update failure
[2026-07-31T23:12:29.474Z] [INFO] [agent-team-definition.cache] Populating agent team definition cache for the first time...

stdout | tests/e2e/agent-definitions/agent-packages-graphql.e2e.test.ts > Agent packages GraphQL e2e > rolls back managed GitHub directory replacement and persists failed status on GraphQL update failure
[2026-07-31T23:12:29.475Z] [INFO] [agent-team-definition.cache] Agent team definition cache populated with 6 items.

stdout | tests/e2e/agent-definitions/agent-packages-graphql.e2e.test.ts > Agent packages GraphQL e2e > returns local-clone guidance when direct private GitHub import metadata is unavailable
Populating agent definition cache for the first time...

stdout | tests/e2e/agent-definitions/agent-packages-graphql.e2e.test.ts > Agent packages GraphQL e2e > returns local-clone guidance when direct private GitHub import metadata is unavailable
Agent definition cache populated with 25 items.

stdout | tests/e2e/agent-definitions/agent-packages-graphql.e2e.test.ts > Agent packages GraphQL e2e > returns local-clone guidance when direct private GitHub import metadata is unavailable
[2026-07-31T23:12:29.481Z] [INFO] [agent-team-definition.cache] Populating agent team definition cache for the first time...

stdout | tests/e2e/agent-definitions/agent-packages-graphql.e2e.test.ts > Agent packages GraphQL e2e > returns local-clone guidance when direct private GitHub import metadata is unavailable
[2026-07-31T23:12:29.482Z] [INFO] [agent-team-definition.cache] Agent team definition cache populated with 6 items.

stdout | tests/e2e/agent-definitions/agent-packages-graphql.e2e.test.ts > Agent packages GraphQL e2e > rejects invalid import input and invalid managed package shape
Populating agent definition cache for the first time...

stdout | tests/e2e/agent-definitions/agent-packages-graphql.e2e.test.ts > Agent packages GraphQL e2e > rejects invalid import input and invalid managed package shape
Agent definition cache populated with 25 items.

stdout | tests/e2e/agent-definitions/agent-packages-graphql.e2e.test.ts > Agent packages GraphQL e2e > rejects invalid import input and invalid managed package shape
[2026-07-31T23:12:29.491Z] [INFO] [agent-team-definition.cache] Populating agent team definition cache for the first time...

stdout | tests/e2e/agent-definitions/agent-packages-graphql.e2e.test.ts > Agent packages GraphQL e2e > rejects invalid import input and invalid managed package shape
[2026-07-31T23:12:29.492Z] [INFO] [agent-team-definition.cache] Agent team definition cache populated with 6 items.

stdout | tests/e2e/agent-definitions/agent-packages-graphql.e2e.test.ts > Agent packages GraphQL e2e > rejects invalid import input and invalid managed package shape
Populating agent definition cache for the first time...

stdout | tests/e2e/agent-definitions/agent-packages-graphql.e2e.test.ts > Agent packages GraphQL e2e > rejects invalid import input and invalid managed package shape
Agent definition cache populated with 25 items.

stdout | tests/e2e/agent-definitions/agent-packages-graphql.e2e.test.ts > Agent packages GraphQL e2e > rejects invalid import input and invalid managed package shape
[2026-07-31T23:12:29.497Z] [INFO] [agent-team-definition.cache] Populating agent team definition cache for the first time...

stdout | tests/e2e/agent-definitions/agent-packages-graphql.e2e.test.ts > Agent packages GraphQL e2e > rejects invalid import input and invalid managed package shape
[2026-07-31T23:12:29.498Z] [INFO] [agent-team-definition.cache] Agent team definition cache populated with 6 items.

 ✓ tests/e2e/agent-definitions/agent-packages-graphql.e2e.test.ts (8 tests) 464ms
stdout | tests/e2e/remote-access/phone-access-running-routes.e2e.test.ts > Phone Access running REST route behavior > keeps active and revoked device routes separate while proving HTTPS and trusted LAN HTTP QR policy
Platform detection: Windows=false
App root directory: /Users/normy/autobyteus_org/autobyteus-worktrees/memory-lineage-provenance-analysis/autobyteus-server-ts
App data directory: /var/folders/7w/9r4_s1_s42z3f7c136bpjf0r0000gn/T/autobyteus-phone-access-routes-mCDmbD
AppConfig instance created.

stdout | tests/e2e/remote-access/phone-access-running-routes.e2e.test.ts > Phone Access running REST route behavior > restores trusted-network remote-node management and protected routes without additional credentials
Platform detection: Windows=false
App root directory: /Users/normy/autobyteus_org/autobyteus-worktrees/memory-lineage-provenance-analysis/autobyteus-server-ts
App data directory: /var/folders/7w/9r4_s1_s42z3f7c136bpjf0r0000gn/T/autobyteus-phone-access-routes-U33LAZ
AppConfig instance created.

 ✓ tests/e2e/remote-access/phone-access-running-routes.e2e.test.ts (2 tests) 370ms
     ✓ keeps active and revoked device routes separate while proving HTTPS and trusted LAN HTTP QR policy  340ms
stdout | tests/e2e/external-channel/external-channel-team-open-delivery.e2e.test.ts
Successfully registered tool definition: 'read_file'
Successfully registered tool definition: 'write_file'
Successfully registered tool definition: 'edit_file'
Successfully registered tool definition: 'replace_in_file'
Successfully registered tool definition: 'insert_in_file'
Successfully registered tool definition: 'run_bash'
Successfully registered tool definition: 'start_background_process'
Successfully registered tool definition: 'get_background_processes'
Successfully registered tool definition: 'get_process_output'
Successfully registered tool definition: 'stop_background_process'
Successfully registered tool definition: 'search_web'
Successfully registered tool definition: 'read_media_file'
Successfully registered tool definition: 'download_media'
Successfully registered tool definition: 'read_url'
Successfully registered tool definition: 'add_todo'
Successfully registered tool definition: 'create_todo_list'
Successfully registered tool definition: 'get_todo_list'
Successfully registered tool definition: 'update_todo_status'
AgentFactory (Singleton) initialized.

(node:81484) ExperimentalWarning: SQLite is an experimental feature and might change at any time
(Use `node --trace-warnings ...` to show where the warning was created)
stdout | tests/e2e/external-channel/external-channel-team-open-delivery.e2e.test.ts > external channel team open delivery e2e > delivers deduped direct and no-new-inbound coordinator outputs from one team run without leaking worker output
Platform detection: Windows=false
App root directory: /Users/normy/autobyteus_org/autobyteus-worktrees/memory-lineage-provenance-analysis/autobyteus-server-ts
App data directory: /Users/normy/autobyteus_org/autobyteus-worktrees/memory-lineage-provenance-analysis/autobyteus-server-ts
CachedAgentDefinitionProvider initialized with a full in-memory cache strategy.
AgentRunManager initialized.
AgentTeamRunManager initialized with MixedTeamManager-only team execution.
[2026-07-31T23:12:31.086Z] [INFO] [agent-team-definition.cache] CachedAgentTeamDefinitionProvider initialized with a full in-memory cache strategy.

 ✓ tests/e2e/external-channel/external-channel-team-open-delivery.e2e.test.ts (1 test) 302ms
     ✓ delivers deduped direct and no-new-inbound coordinator outputs from one team run without leaking worker output  301ms
stdout | tests/e2e/workspaces/archive-run-history-graphql.e2e.test.ts
Successfully registered tool definition: 'read_file'
Successfully registered tool definition: 'write_file'
Successfully registered tool definition: 'edit_file'
Successfully registered tool definition: 'replace_in_file'
Successfully registered tool definition: 'insert_in_file'
Successfully registered tool definition: 'run_bash'
Successfully registered tool definition: 'start_background_process'
Successfully registered tool definition: 'get_background_processes'
Successfully registered tool definition: 'get_process_output'
Successfully registered tool definition: 'stop_background_process'
Successfully registered tool definition: 'search_web'
Successfully registered tool definition: 'read_media_file'
Successfully registered tool definition: 'download_media'
Successfully registered tool definition: 'read_url'
Successfully registered tool definition: 'add_todo'
Successfully registered tool definition: 'create_todo_list'
Successfully registered tool definition: 'get_todo_list'
Successfully registered tool definition: 'update_todo_status'
AgentFactory (Singleton) initialized.

(node:81486) ExperimentalWarning: SQLite is an experimental feature and might change at any time
(Use `node --trace-warnings ...` to show where the warning was created)
stdout | tests/e2e/workspaces/archive-run-history-graphql.e2e.test.ts > Archive run history GraphQL e2e > archives inactive agent and team runs and hides them from default history without deleting disk or index data
Platform detection: Windows=false
App root directory: /Users/normy/autobyteus_org/autobyteus-worktrees/memory-lineage-provenance-analysis/autobyteus-server-ts
App data directory: /Users/normy/autobyteus_org/autobyteus-worktrees/memory-lineage-provenance-analysis/autobyteus-server-ts

 ✓ tests/e2e/workspaces/archive-run-history-graphql.e2e.test.ts (2 tests) 304ms
stdout | tests/e2e/memory-sync/memory-sync-api.e2e.test.ts
Successfully registered tool definition: 'read_file'
Successfully registered tool definition: 'write_file'
Successfully registered tool definition: 'edit_file'
Successfully registered tool definition: 'replace_in_file'
Successfully registered tool definition: 'insert_in_file'
Successfully registered tool definition: 'run_bash'
Successfully registered tool definition: 'start_background_process'
Successfully registered tool definition: 'get_background_processes'
Successfully registered tool definition: 'get_process_output'
Successfully registered tool definition: 'stop_background_process'
Successfully registered tool definition: 'search_web'
Successfully registered tool definition: 'read_media_file'
Successfully registered tool definition: 'download_media'
Successfully registered tool definition: 'read_url'
Successfully registered tool definition: 'add_todo'
Successfully registered tool definition: 'create_todo_list'
Successfully registered tool definition: 'get_todo_list'
Successfully registered tool definition: 'update_todo_status'
AgentFactory (Singleton) initialized.

(node:81652) ExperimentalWarning: SQLite is an experimental feature and might change at any time
(Use `node --trace-warnings ...` to show where the warning was created)
stdout | tests/e2e/memory-sync/memory-sync-api.e2e.test.ts > Memory Sync public API and imported memory e2e
Platform detection: Windows=false
App root directory: /Users/normy/autobyteus_org/autobyteus-worktrees/memory-lineage-provenance-analysis/autobyteus-server-ts
App data directory: /var/folders/7w/9r4_s1_s42z3f7c136bpjf0r0000gn/T/autobyteus-memory-sync-api-GtHOdP
Config file path: /var/folders/7w/9r4_s1_s42z3f7c136bpjf0r0000gn/T/autobyteus-memory-sync-api-GtHOdP/.env
Loading environment from: /var/folders/7w/9r4_s1_s42z3f7c136bpjf0r0000gn/T/autobyteus-memory-sync-api-GtHOdP/.env
[dotenv@17.3.1] injecting env (0) from ../../../../../../var/folders/7w/9r4_s1_s42z3f7c136bpjf0r0000gn/T/autobyteus-memory-sync-api-GtHOdP/.env -- tip: ⚙️  specify custom .env file path with { path: '/custom/path/.env' }
Environment variables loaded successfully
Server public base URL configured to: http://127.0.0.1:37654
=== Starting logging configuration ===
Logging config file is ignored in Node.js: /Users/normy/autobyteus_org/autobyteus-worktrees/memory-lineage-provenance-analysis/autobyteus-server-ts/logging_config.ini
============================================================
SERVER PUBLIC URL: http://127.0.0.1:37654
APP ROOT DIRECTORY: /Users/normy/autobyteus_org/autobyteus-worktrees/memory-lineage-provenance-analysis/autobyteus-server-ts
APP DATA DIRECTORY: /var/folders/7w/9r4_s1_s42z3f7c136bpjf0r0000gn/T/autobyteus-memory-sync-api-GtHOdP
DB DIRECTORY: /var/folders/7w/9r4_s1_s42z3f7c136bpjf0r0000gn/T/autobyteus-memory-sync-api-GtHOdP/db
LOGS DIRECTORY: /var/folders/7w/9r4_s1_s42z3f7c136bpjf0r0000gn/T/autobyteus-memory-sync-api-GtHOdP/logs
DOWNLOAD DIRECTORY: /var/folders/7w/9r4_s1_s42z3f7c136bpjf0r0000gn/T/autobyteus-memory-sync-api-GtHOdP/download
MEMORY DIRECTORY: /var/folders/7w/9r4_s1_s42z3f7c136bpjf0r0000gn/T/autobyteus-memory-sync-api-GtHOdP/memory
============================================================
AppConfig initialization completed successfully

 ✓ tests/e2e/memory-sync/memory-sync-api.e2e.test.ts (1 test) 291ms
stdout | tests/e2e/run-history/recent-run-projection-graphql.e2e.test.ts
Successfully registered tool definition: 'read_file'
Successfully registered tool definition: 'write_file'
Successfully registered tool definition: 'edit_file'
Successfully registered tool definition: 'replace_in_file'
Successfully registered tool definition: 'insert_in_file'
Successfully registered tool definition: 'run_bash'
Successfully registered tool definition: 'start_background_process'
Successfully registered tool definition: 'get_background_processes'
Successfully registered tool definition: 'get_process_output'
Successfully registered tool definition: 'stop_background_process'
Successfully registered tool definition: 'search_web'
Successfully registered tool definition: 'read_media_file'
Successfully registered tool definition: 'download_media'
Successfully registered tool definition: 'read_url'
Successfully registered tool definition: 'add_todo'
Successfully registered tool definition: 'create_todo_list'
Successfully registered tool definition: 'get_todo_list'
Successfully registered tool definition: 'update_todo_status'
AgentFactory (Singleton) initialized.

(node:81816) ExperimentalWarning: SQLite is an experimental feature and might change at any time
(Use `node --trace-warnings ...` to show where the warning was created)
stdout | tests/e2e/run-history/recent-run-projection-graphql.e2e.test.ts > recent run projection GraphQL e2e
Platform detection: Windows=false
App root directory: /Users/normy/autobyteus_org/autobyteus-worktrees/memory-lineage-provenance-analysis/autobyteus-server-ts
App data directory: /Users/normy/autobyteus_org/autobyteus-worktrees/memory-lineage-provenance-analysis/autobyteus-server-ts
Custom app data directory set to: /var/folders/7w/9r4_s1_s42z3f7c136bpjf0r0000gn/T/recent-run-projection-gql-paDSoc
Updated config file path to /var/folders/7w/9r4_s1_s42z3f7c136bpjf0r0000gn/T/recent-run-projection-gql-paDSoc/.env

stdout | tests/e2e/run-history/recent-run-projection-graphql.e2e.test.ts > recent run projection GraphQL e2e > projects the newest 100 events from a >=5 MB active file without reading or changing its standalone archive
CachedAgentDefinitionProvider initialized with a full in-memory cache strategy.
AgentRunManager initialized.
AgentTeamRunManager initialized with MixedTeamManager-only team execution.

stdout | tests/e2e/run-history/recent-run-projection-graphql.e2e.test.ts > recent run projection GraphQL e2e > projects the newest 100 events from a >=5 MB active file without reading or changing its standalone archive
[recent-run-projection-metrics] {"fixtureBytes":5416102,"canonicalActiveEvents":620,"returnedConversationRows":100,"returnedActivityRows":0,"payloadBytes":868832,"totalMs":24.159}

stderr | tests/e2e/run-history/recent-run-projection-graphql.e2e.test.ts > recent run projection GraphQL e2e > traverses exactly 275 team-member active events and rejects its cursor for another subject
Memory file missing: /var/folders/7w/9r4_s1_s42z3f7c136bpjf0r0000gn/T/recent-run-projection-gql-paDSoc/memory/agents/active-page-275-member/raw_traces_manifest.json

stderr | tests/e2e/run-history/recent-run-projection-graphql.e2e.test.ts > recent run projection GraphQL e2e > serializes production media and shallow tool state without multi-megabyte result or log payload
Memory file missing: /var/folders/7w/9r4_s1_s42z3f7c136bpjf0r0000gn/T/recent-run-projection-gql-paDSoc/memory/agents/active-page-closed-payload/raw_traces_manifest.json

stderr | tests/e2e/run-history/recent-run-projection-graphql.e2e.test.ts > recent run projection GraphQL e2e > serializes production media and shallow tool state without multi-megabyte result or log payload
Memory file missing: /var/folders/7w/9r4_s1_s42z3f7c136bpjf0r0000gn/T/recent-run-projection-gql-paDSoc/memory/agents/active-page-closed-payload/raw_traces_manifest.json

stdout | tests/e2e/run-history/recent-run-projection-graphql.e2e.test.ts > recent run projection GraphQL e2e > serializes production media and shallow tool state without multi-megabyte result or log payload
[active-trace-page-closed-payload-metrics] {"fixtureBytes":4861018,"returnedEvents":3,"returnedVisuals":7,"serializedEventBytes":2371,"totalMs":7.926}

 ✓ tests/e2e/run-history/recent-run-projection-graphql.e2e.test.ts (6 tests) 307ms
stdout | tests/e2e/agent-team-definitions/agent-team-definitions-graphql.e2e.test.ts
Successfully registered tool definition: 'read_file'
Successfully registered tool definition: 'write_file'
Successfully registered tool definition: 'edit_file'
Successfully registered tool definition: 'replace_in_file'
Successfully registered tool definition: 'insert_in_file'
Successfully registered tool definition: 'run_bash'
Successfully registered tool definition: 'start_background_process'
Successfully registered tool definition: 'get_background_processes'
Successfully registered tool definition: 'get_process_output'
Successfully registered tool definition: 'stop_background_process'
Successfully registered tool definition: 'search_web'
Successfully registered tool definition: 'read_media_file'
Successfully registered tool definition: 'download_media'
Successfully registered tool definition: 'read_url'
Successfully registered tool definition: 'add_todo'
Successfully registered tool definition: 'create_todo_list'
Successfully registered tool definition: 'get_todo_list'
Successfully registered tool definition: 'update_todo_status'
AgentFactory (Singleton) initialized.

(node:81817) ExperimentalWarning: SQLite is an experimental feature and might change at any time
(Use `node --trace-warnings ...` to show where the warning was created)
stdout | tests/e2e/agent-team-definitions/agent-team-definitions-graphql.e2e.test.ts > Agent team definitions GraphQL e2e > creates, updates, lists templates, and deletes agent team definitions
Platform detection: Windows=false
App root directory: /Users/normy/autobyteus_org/autobyteus-worktrees/memory-lineage-provenance-analysis/autobyteus-server-ts
App data directory: /Users/normy/autobyteus_org/autobyteus-worktrees/memory-lineage-provenance-analysis/autobyteus-server-ts

stdout | tests/e2e/agent-team-definitions/agent-team-definitions-graphql.e2e.test.ts > Agent team definitions GraphQL e2e > creates, updates, lists templates, and deletes agent team definitions
[2026-07-31T23:12:36.419Z] [INFO] [agent-team-definition.cache] CachedAgentTeamDefinitionProvider initialized with a full in-memory cache strategy.
CachedAgentDefinitionProvider initialized with a full in-memory cache strategy.

stdout | tests/e2e/agent-team-definitions/agent-team-definitions-graphql.e2e.test.ts > Agent team definitions GraphQL e2e > creates, updates, lists templates, and deletes agent team definitions
[2026-07-31T23:12:36.440Z] [INFO] [agent-team-definition.cache] Populating agent team definition cache for the first time...
Initialized server settings service with 19 predefined settings

stdout | tests/e2e/agent-team-definitions/agent-team-definitions-graphql.e2e.test.ts > Agent team definitions GraphQL e2e > creates, updates, lists templates, and deletes agent team definitions
[2026-07-31T23:12:36.451Z] [INFO] [agent-team-definition.cache] Agent team definition cache populated with 36 items.

stdout | tests/e2e/agent-team-definitions/agent-team-definitions-graphql.e2e.test.ts > Agent team definitions GraphQL e2e > creates, updates, lists templates, and deletes agent team definitions
Agent Team Definition created successfully with ID: team-team-def-1785539556413-39a8b086e5c2b

stdout | tests/e2e/agent-team-definitions/agent-team-definitions-graphql.e2e.test.ts > Agent team definitions GraphQL e2e > creates, updates, lists templates, and deletes agent team definitions
[2026-07-31T23:12:36.468Z] [INFO] [agent-team-definition.cache] In-memory cache: Updated agent team definition with ID team-team-def-1785539556413-39a8b086e5c2b.

stdout | tests/e2e/agent-team-definitions/agent-team-definitions-graphql.e2e.test.ts > Agent team definitions GraphQL e2e > creates, updates, lists templates, and deletes agent team definitions
Agent Team Definition with ID team-team-def-1785539556413-39a8b086e5c2b updated successfully.

stdout | tests/e2e/agent-team-definitions/agent-team-definitions-graphql.e2e.test.ts > Agent team definitions GraphQL e2e > creates, updates, lists templates, and deletes agent team definitions
[2026-07-31T23:12:36.482Z] [INFO] [agent-team-definition.cache] In-memory cache: Updated agent team definition with ID team-team-def-1785539556413-39a8b086e5c2b.

stdout | tests/e2e/agent-team-definitions/agent-team-definitions-graphql.e2e.test.ts > Agent team definitions GraphQL e2e > creates, updates, lists templates, and deletes agent team definitions
Agent Team Definition with ID team-team-def-1785539556413-39a8b086e5c2b updated successfully.

stdout | tests/e2e/agent-team-definitions/agent-team-definitions-graphql.e2e.test.ts > Agent team definitions GraphQL e2e > creates, updates, lists templates, and deletes agent team definitions
[2026-07-31T23:12:36.497Z] [INFO] [agent-team-definition.cache] In-memory cache: Updated agent team definition with ID team-team-def-1785539556413-39a8b086e5c2b.

stdout | tests/e2e/agent-team-definitions/agent-team-definitions-graphql.e2e.test.ts > Agent team definitions GraphQL e2e > creates, updates, lists templates, and deletes agent team definitions
Agent Team Definition with ID team-team-def-1785539556413-39a8b086e5c2b updated successfully.

stdout | tests/e2e/agent-team-definitions/agent-team-definitions-graphql.e2e.test.ts > Agent team definitions GraphQL e2e > creates, updates, lists templates, and deletes agent team definitions
[2026-07-31T23:12:36.501Z] [INFO] [agent-team-definition.cache] In-memory cache: Removed agent team definition with ID team-team-def-1785539556413-39a8b086e5c2b.

stdout | tests/e2e/agent-team-definitions/agent-team-definitions-graphql.e2e.test.ts > Agent team definitions GraphQL e2e > creates, updates, lists templates, and deletes agent team definitions
Agent Team Definition with ID team-team-def-1785539556413-39a8b086e5c2b deleted successfully.

stdout | tests/e2e/agent-team-definitions/agent-team-definitions-graphql.e2e.test.ts > Agent team definitions GraphQL e2e > round-trips TEAM_LOCAL members from file-authored teams through read and update GraphQL flows
[2026-07-31T23:12:36.507Z] [INFO] [agent-team-definition.cache] CachedAgentTeamDefinitionProvider initialized with a full in-memory cache strategy.
CachedAgentDefinitionProvider initialized with a full in-memory cache strategy.
[2026-07-31T23:12:36.507Z] [INFO] [agent-team-definition.cache] Populating agent team definition cache for the first time...

stdout | tests/e2e/agent-team-definitions/agent-team-definitions-graphql.e2e.test.ts > Agent team definitions GraphQL e2e > round-trips TEAM_LOCAL members from file-authored teams through read and update GraphQL flows
[2026-07-31T23:12:36.514Z] [INFO] [agent-team-definition.cache] Agent team definition cache populated with 34 items.

stdout | tests/e2e/agent-team-definitions/agent-team-definitions-graphql.e2e.test.ts > Agent team definitions GraphQL e2e > round-trips TEAM_LOCAL members from file-authored teams through read and update GraphQL flows
[2026-07-31T23:12:36.530Z] [INFO] [agent-team-definition.cache] In-memory cache: Updated agent team definition with ID team_local_team_local_graphql_1785539556504_af21554cf5af2.

stdout | tests/e2e/agent-team-definitions/agent-team-definitions-graphql.e2e.test.ts > Agent team definitions GraphQL e2e > round-trips TEAM_LOCAL members from file-authored teams through read and update GraphQL flows
Agent Team Definition with ID team_local_team_local_graphql_1785539556504_af21554cf5af2 updated successfully.

stdout | tests/e2e/agent-team-definitions/agent-team-definitions-graphql.e2e.test.ts > Agent team definitions GraphQL e2e > exposes team-local subteams in GraphQL with ownership metadata and local member scopes
[2026-07-31T23:12:36.534Z] [INFO] [agent-team-definition.cache] CachedAgentTeamDefinitionProvider initialized with a full in-memory cache strategy.
CachedAgentDefinitionProvider initialized with a full in-memory cache strategy.
[2026-07-31T23:12:36.534Z] [INFO] [agent-team-definition.cache] Populating agent team definition cache for the first time...

stdout | tests/e2e/agent-team-definitions/agent-team-definitions-graphql.e2e.test.ts > Agent team definitions GraphQL e2e > exposes team-local subteams in GraphQL with ownership metadata and local member scopes
[2026-07-31T23:12:36.542Z] [INFO] [agent-team-definition.cache] Agent team definition cache populated with 35 items.

stdout | tests/e2e/agent-team-definitions/agent-team-definitions-graphql.e2e.test.ts > Agent team definitions GraphQL e2e > exposes company-level team-local departments and their local agents without promoting departments to root catalog entries
[2026-07-31T23:12:36.551Z] [INFO] [agent-team-definition.cache] CachedAgentTeamDefinitionProvider initialized with a full in-memory cache strategy.
CachedAgentDefinitionProvider initialized with a full in-memory cache strategy.
[2026-07-31T23:12:36.551Z] [INFO] [agent-team-definition.cache] Populating agent team definition cache for the first time...

stdout | tests/e2e/agent-team-definitions/agent-team-definitions-graphql.e2e.test.ts > Agent team definitions GraphQL e2e > exposes company-level team-local departments and their local agents without promoting departments to root catalog entries
[2026-07-31T23:12:36.562Z] [INFO] [agent-team-definition.cache] Agent team definition cache populated with 39 items.

stdout | tests/e2e/agent-team-definitions/agent-team-definitions-graphql.e2e.test.ts > Agent team definitions GraphQL e2e > returns validation error when coordinatorMemberName is not present in nodes
[2026-07-31T23:12:36.606Z] [INFO] [agent-team-definition.cache] CachedAgentTeamDefinitionProvider initialized with a full in-memory cache strategy.
CachedAgentDefinitionProvider initialized with a full in-memory cache strategy.

stderr | tests/e2e/agent-team-definitions/agent-team-definitions-graphql.e2e.test.ts > Agent team definitions GraphQL e2e > returns validation error when coordinatorMemberName is not present in nodes
Error creating agent team definition: Error: Coordinator member name must match one of nodes.memberName values.

 ✓ tests/e2e/agent-team-definitions/agent-team-definitions-graphql.e2e.test.ts (6 tests) 239ms
stdout | tests/e2e/external-channel/external-channel-setup-graphql.e2e.test.ts
Successfully registered tool definition: 'read_file'
Successfully registered tool definition: 'write_file'
Successfully registered tool definition: 'edit_file'
Successfully registered tool definition: 'replace_in_file'
Successfully registered tool definition: 'insert_in_file'
Successfully registered tool definition: 'run_bash'
Successfully registered tool definition: 'start_background_process'
Successfully registered tool definition: 'get_background_processes'
Successfully registered tool definition: 'get_process_output'
Successfully registered tool definition: 'stop_background_process'
Successfully registered tool definition: 'search_web'
Successfully registered tool definition: 'read_media_file'
Successfully registered tool definition: 'download_media'
Successfully registered tool definition: 'read_url'
Successfully registered tool definition: 'add_todo'
Successfully registered tool definition: 'create_todo_list'
Successfully registered tool definition: 'get_todo_list'
Successfully registered tool definition: 'update_todo_status'
AgentFactory (Singleton) initialized.

(node:81819) ExperimentalWarning: SQLite is an experimental feature and might change at any time
(Use `node --trace-warnings ...` to show where the warning was created)
stdout | tests/e2e/external-channel/external-channel-setup-graphql.e2e.test.ts > External channel setup GraphQL e2e > exposes setup capability query
CachedAgentDefinitionProvider initialized with a full in-memory cache strategy.

stdout | tests/e2e/external-channel/external-channel-setup-graphql.e2e.test.ts > External channel setup GraphQL e2e > supports upsert/list/delete binding setup lifecycle with targetAgentDefinitionId and launchPreset
Platform detection: Windows=false
App root directory: /Users/normy/autobyteus_org/autobyteus-worktrees/memory-lineage-provenance-analysis/autobyteus-server-ts
App data directory: /Users/normy/autobyteus_org/autobyteus-worktrees/memory-lineage-provenance-analysis/autobyteus-server-ts

stdout | tests/e2e/external-channel/external-channel-setup-graphql.e2e.test.ts > External channel setup GraphQL e2e > supports upsert/list/delete binding setup lifecycle with targetAgentDefinitionId and launchPreset
Agent Definition created successfully with ID: external-channel-agent-c525aa51-15a7-43c2-8665-4879f9bcf15a

stdout | tests/e2e/external-channel/external-channel-setup-graphql.e2e.test.ts > External channel setup GraphQL e2e > supports upsert/list/delete binding setup lifecycle with targetAgentDefinitionId and launchPreset
Populating agent definition cache for the first time...

stdout | tests/e2e/external-channel/external-channel-setup-graphql.e2e.test.ts > External channel setup GraphQL e2e > supports upsert/list/delete binding setup lifecycle with targetAgentDefinitionId and launchPreset
Initialized server settings service with 19 predefined settings

stdout | tests/e2e/external-channel/external-channel-setup-graphql.e2e.test.ts > External channel setup GraphQL e2e > supports upsert/list/delete binding setup lifecycle with targetAgentDefinitionId and launchPreset
Agent definition cache populated with 73 items.

stdout | tests/e2e/external-channel/external-channel-setup-graphql.e2e.test.ts > External channel setup GraphQL e2e > rejects unsupported provider/transport combinations during upsert
In-memory cache: Added new agent definition with ID external-channel-agent-bb16c1c6-ef36-44dc-acc1-c22ce887604d.

stdout | tests/e2e/external-channel/external-channel-setup-graphql.e2e.test.ts > External channel setup GraphQL e2e > rejects unsupported provider/transport combinations during upsert
Agent Definition created successfully with ID: external-channel-agent-bb16c1c6-ef36-44dc-acc1-c22ce887604d

stdout | tests/e2e/external-channel/external-channel-setup-graphql.e2e.test.ts > External channel setup GraphQL e2e > accepts supported provider/transport binding combinations with launch presets
In-memory cache: Added new agent definition with ID external-channel-agent-fdb58139-129a-4bba-b5ca-6dba6bfc9f57.

stdout | tests/e2e/external-channel/external-channel-setup-graphql.e2e.test.ts > External channel setup GraphQL e2e > accepts supported provider/transport binding combinations with launch presets
Agent Definition created successfully with ID: external-channel-agent-fdb58139-129a-4bba-b5ca-6dba6bfc9f57

stdout | tests/e2e/external-channel/external-channel-setup-graphql.e2e.test.ts > External channel setup GraphQL e2e > lists team definition options and supports TEAM binding lifecycle
In-memory cache: Added new agent definition with ID external-channel-agent-45c264ac-92aa-4652-9ca7-85fbdb5e0dd2.

stdout | tests/e2e/external-channel/external-channel-setup-graphql.e2e.test.ts > External channel setup GraphQL e2e > lists team definition options and supports TEAM binding lifecycle
Agent Definition created successfully with ID: external-channel-agent-45c264ac-92aa-4652-9ca7-85fbdb5e0dd2

stdout | tests/e2e/external-channel/external-channel-setup-graphql.e2e.test.ts > External channel setup GraphQL e2e > lists team definition options and supports TEAM binding lifecycle
[2026-07-31T23:12:37.772Z] [INFO] [agent-team-definition.cache] CachedAgentTeamDefinitionProvider initialized with a full in-memory cache strategy.

stdout | tests/e2e/external-channel/external-channel-setup-graphql.e2e.test.ts > External channel setup GraphQL e2e > lists team definition options and supports TEAM binding lifecycle
Agent Team Definition created successfully with ID: telegram-team-d0942740-efc5-4fe5-a0d1-225c22866df7

stdout | tests/e2e/external-channel/external-channel-setup-graphql.e2e.test.ts > External channel setup GraphQL e2e > lists team definition options and supports TEAM binding lifecycle
[2026-07-31T23:12:37.786Z] [INFO] [agent-team-definition.cache] Populating agent team definition cache for the first time...

stdout | tests/e2e/external-channel/external-channel-setup-graphql.e2e.test.ts > External channel setup GraphQL e2e > lists team definition options and supports TEAM binding lifecycle
[2026-07-31T23:12:37.795Z] [INFO] [agent-team-definition.cache] Agent team definition cache populated with 35 items.

stdout | tests/e2e/external-channel/external-channel-setup-graphql.e2e.test.ts > External channel setup GraphQL e2e > rejects malformed Discord peerId with typed field-aware error
In-memory cache: Added new agent definition with ID external-channel-agent-d8264672-6c1c-4e05-bb78-50b58c236864.

stdout | tests/e2e/external-channel/external-channel-setup-graphql.e2e.test.ts > External channel setup GraphQL e2e > rejects malformed Discord peerId with typed field-aware error
Agent Definition created successfully with ID: external-channel-agent-d8264672-6c1c-4e05-bb78-50b58c236864

 ✓ tests/e2e/external-channel/external-channel-setup-graphql.e2e.test.ts (8 tests) 226ms
stdout | tests/e2e/agent-definitions/agent-definitions-graphql.e2e.test.ts
Successfully registered tool definition: 'read_file'
Successfully registered tool definition: 'write_file'
Successfully registered tool definition: 'edit_file'
Successfully registered tool definition: 'replace_in_file'
Successfully registered tool definition: 'insert_in_file'
Successfully registered tool definition: 'run_bash'
Successfully registered tool definition: 'start_background_process'
Successfully registered tool definition: 'get_background_processes'
Successfully registered tool definition: 'get_process_output'
Successfully registered tool definition: 'stop_background_process'
Successfully registered tool definition: 'search_web'
Successfully registered tool definition: 'read_media_file'
Successfully registered tool definition: 'download_media'
Successfully registered tool definition: 'read_url'
Successfully registered tool definition: 'add_todo'
Successfully registered tool definition: 'create_todo_list'
Successfully registered tool definition: 'get_todo_list'
Successfully registered tool definition: 'update_todo_status'
AgentFactory (Singleton) initialized.

(node:81821) ExperimentalWarning: SQLite is an experimental feature and might change at any time
(Use `node --trace-warnings ...` to show where the warning was created)
stdout | tests/e2e/agent-definitions/agent-definitions-graphql.e2e.test.ts > Agent definitions GraphQL e2e > creates, updates, lists templates, and deletes agent definitions
Platform detection: Windows=false
App root directory: /Users/normy/autobyteus_org/autobyteus-worktrees/memory-lineage-provenance-analysis/autobyteus-server-ts
App data directory: /Users/normy/autobyteus_org/autobyteus-worktrees/memory-lineage-provenance-analysis/autobyteus-server-ts

stdout | tests/e2e/agent-definitions/agent-definitions-graphql.e2e.test.ts > Agent definitions GraphQL e2e > creates, updates, lists templates, and deletes agent definitions
CachedAgentDefinitionProvider initialized with a full in-memory cache strategy.

stdout | tests/e2e/agent-definitions/agent-definitions-graphql.e2e.test.ts > Agent definitions GraphQL e2e > creates, updates, lists templates, and deletes agent definitions
Agent Definition created successfully with ID: agent-agent-def-1785539558811-58bff71f880f8

stdout | tests/e2e/agent-definitions/agent-definitions-graphql.e2e.test.ts > Agent definitions GraphQL e2e > creates, updates, lists templates, and deletes agent definitions
Populating agent definition cache for the first time...

stdout | tests/e2e/agent-definitions/agent-definitions-graphql.e2e.test.ts > Agent definitions GraphQL e2e > creates, updates, lists templates, and deletes agent definitions
Initialized server settings service with 19 predefined settings

stdout | tests/e2e/agent-definitions/agent-definitions-graphql.e2e.test.ts > Agent definitions GraphQL e2e > creates, updates, lists templates, and deletes agent definitions
Agent definition cache populated with 78 items.

stdout | tests/e2e/agent-definitions/agent-definitions-graphql.e2e.test.ts > Agent definitions GraphQL e2e > creates, updates, lists templates, and deletes agent definitions
In-memory cache: Updated agent definition with ID agent-agent-def-1785539558811-58bff71f880f8.

stdout | tests/e2e/agent-definitions/agent-definitions-graphql.e2e.test.ts > Agent definitions GraphQL e2e > creates, updates, lists templates, and deletes agent definitions
Agent Definition with ID agent-agent-def-1785539558811-58bff71f880f8 updated successfully.

stdout | tests/e2e/agent-definitions/agent-definitions-graphql.e2e.test.ts > Agent definitions GraphQL e2e > creates, updates, lists templates, and deletes agent definitions
In-memory cache: Removed agent definition with ID agent-agent-def-1785539558811-58bff71f880f8.

stdout | tests/e2e/agent-definitions/agent-definitions-graphql.e2e.test.ts > Agent definitions GraphQL e2e > creates, updates, lists templates, and deletes agent definitions
Agent Definition with ID agent-agent-def-1785539558811-58bff71f880f8 deleted successfully.

stdout | tests/e2e/agent-definitions/agent-definitions-graphql.e2e.test.ts > Agent definitions GraphQL e2e > lists and updates team-local agent definitions with ownership metadata
Agent Definition with ID team-local-agent:team_team_local_agent_1785539558912_10f957dfa3fe4:agent_team_local_agent_1785539558912_10f957dfa3fe4 updated successfully.

stderr | tests/e2e/agent-definitions/agent-definitions-graphql.e2e.test.ts > Agent definitions GraphQL e2e > lists and updates team-local agent definitions with ownership metadata
Error deleting agent definition with ID team-local-agent:team_team_local_agent_1785539558912_10f957dfa3fe4:agent_team_local_agent_1785539558912_10f957dfa3fe4: Error: Deleting non-shared agent definitions is not supported.

 ✓ tests/e2e/agent-definitions/agent-definitions-graphql.e2e.test.ts (7 tests) 242ms
stdout | tests/e2e/runtime/claude-agent-websocket-interrupt-resume.e2e.test.ts
Successfully registered tool definition: 'read_file'
Successfully registered tool definition: 'write_file'
Successfully registered tool definition: 'edit_file'
Successfully registered tool definition: 'replace_in_file'
Successfully registered tool definition: 'insert_in_file'
Successfully registered tool definition: 'run_bash'
Successfully registered tool definition: 'start_background_process'
Successfully registered tool definition: 'get_background_processes'
Successfully registered tool definition: 'get_process_output'
Successfully registered tool definition: 'stop_background_process'
Successfully registered tool definition: 'search_web'
Successfully registered tool definition: 'read_media_file'
Successfully registered tool definition: 'download_media'
Successfully registered tool definition: 'read_url'
Successfully registered tool definition: 'add_todo'
Successfully registered tool definition: 'create_todo_list'
Successfully registered tool definition: 'get_todo_list'
Successfully registered tool definition: 'update_todo_status'
AgentFactory (Singleton) initialized.

(node:81823) ExperimentalWarning: SQLite is an experimental feature and might change at any time
(Use `node --trace-warnings ...` to show where the warning was created)
stdout | tests/e2e/runtime/claude-agent-websocket-interrupt-resume.e2e.test.ts > Claude Agent SDK websocket interrupt/resume integration > preserves provider conversation memory after interrupt instead of starting a new Claude conversation
Platform detection: Windows=false
App root directory: /Users/normy/autobyteus_org/autobyteus-worktrees/memory-lineage-provenance-analysis/autobyteus-server-ts
App data directory: /Users/normy/autobyteus_org/autobyteus-worktrees/memory-lineage-provenance-analysis/autobyteus-server-ts

stdout | tests/e2e/runtime/claude-agent-websocket-interrupt-resume.e2e.test.ts > Claude Agent SDK websocket interrupt/resume integration > preserves provider conversation memory after interrupt instead of starting a new Claude conversation
Agent websocket attached for run claude-ws-context-memory
Created agent session 0cf8d8be-141c-4917-900c-a3960faede34 for run claude-ws-context-memory
Agent WebSocket connected: session=0cf8d8be-141c-4917-900c-a3960faede34, run=claude-ws-context-memory

stdout | tests/e2e/runtime/claude-agent-websocket-interrupt-resume.e2e.test.ts > Claude Agent SDK websocket interrupt/resume integration > resumes the same WebSocket follow-up with the adopted provider session id after INTERRUPT_GENERATION
Closed agent session 0cf8d8be-141c-4917-900c-a3960faede34
Agent WebSocket disconnected: 0cf8d8be-141c-4917-900c-a3960faede34

stdout | tests/e2e/runtime/claude-agent-websocket-interrupt-resume.e2e.test.ts > Claude Agent SDK websocket interrupt/resume integration > resumes the same WebSocket follow-up with the adopted provider session id after INTERRUPT_GENERATION
Agent websocket attached for run claude-ws-interrupt-provider
Created agent session ec4a62a9-a8b9-412e-9006-7f433adf85c4 for run claude-ws-interrupt-provider
Agent WebSocket connected: session=ec4a62a9-a8b9-412e-9006-7f433adf85c4, run=claude-ws-interrupt-provider

stdout | tests/e2e/runtime/claude-agent-websocket-interrupt-resume.e2e.test.ts > Claude Agent SDK websocket interrupt/resume integration > resumes a targeted Claude team member follow-up sent on the same team WebSocket after INTERRUPT_GENERATION
Closed agent session ec4a62a9-a8b9-412e-9006-7f433adf85c4
Agent WebSocket disconnected: ec4a62a9-a8b9-412e-9006-7f433adf85c4

stdout | tests/e2e/runtime/claude-agent-websocket-interrupt-resume.e2e.test.ts > Claude Agent SDK websocket interrupt/resume integration > resumes a targeted Claude team member follow-up sent on the same team WebSocket after INTERRUPT_GENERATION
Agent team websocket attached for team run claude-team-ws-interrupt
Created agent session 12fa23e7-c156-4597-9dda-eeb9c178fad7 for run claude-team-ws-interrupt
Agent Team WebSocket connected: session=12fa23e7-c156-4597-9dda-eeb9c178fad7, run=claude-team-ws-interrupt

stdout | tests/e2e/runtime/claude-agent-websocket-interrupt-resume.e2e.test.ts > Claude Agent SDK websocket interrupt/resume integration > does not send the local run id as SDK resume when INTERRUPT_GENERATION happens before a provider session id exists
Closed agent session 12fa23e7-c156-4597-9dda-eeb9c178fad7

stdout | tests/e2e/runtime/claude-agent-websocket-interrupt-resume.e2e.test.ts > Claude Agent SDK websocket interrupt/resume integration > does not send the local run id as SDK resume when INTERRUPT_GENERATION happens before a provider session id exists
Agent Team WebSocket disconnected: 12fa23e7-c156-4597-9dda-eeb9c178fad7

stdout | tests/e2e/runtime/claude-agent-websocket-interrupt-resume.e2e.test.ts > Claude Agent SDK websocket interrupt/resume integration > does not send the local run id as SDK resume when INTERRUPT_GENERATION happens before a provider session id exists
Agent websocket attached for run claude-ws-interrupt-placeholder
Created agent session 7c223430-8980-4b21-938a-193dd75e5ca2 for run claude-ws-interrupt-placeholder
Agent WebSocket connected: session=7c223430-8980-4b21-938a-193dd75e5ca2, run=claude-ws-interrupt-placeholder

stdout | tests/e2e/runtime/claude-agent-websocket-interrupt-resume.e2e.test.ts > Claude Agent SDK websocket interrupt/resume live E2E
Closed agent session 7c223430-8980-4b21-938a-193dd75e5ca2
Agent WebSocket disconnected: 7c223430-8980-4b21-938a-193dd75e5ca2

 ✓ tests/e2e/runtime/claude-agent-websocket-interrupt-resume.e2e.test.ts (5 tests | 1 skipped) 230ms
stdout | tests/e2e/skills/skills-graphql.e2e.test.ts
Successfully registered tool definition: 'read_file'
Successfully registered tool definition: 'write_file'
Successfully registered tool definition: 'edit_file'
Successfully registered tool definition: 'replace_in_file'
Successfully registered tool definition: 'insert_in_file'
Successfully registered tool definition: 'run_bash'
Successfully registered tool definition: 'start_background_process'
Successfully registered tool definition: 'get_background_processes'
Successfully registered tool definition: 'get_process_output'
Successfully registered tool definition: 'stop_background_process'
Successfully registered tool definition: 'search_web'
Successfully registered tool definition: 'read_media_file'
Successfully registered tool definition: 'download_media'
Successfully registered tool definition: 'read_url'
Successfully registered tool definition: 'add_todo'
Successfully registered tool definition: 'create_todo_list'
Successfully registered tool definition: 'get_todo_list'
Successfully registered tool definition: 'update_todo_status'
AgentFactory (Singleton) initialized.

(node:81851) ExperimentalWarning: SQLite is an experimental feature and might change at any time
(Use `node --trace-warnings ...` to show where the warning was created)
stdout | tests/e2e/skills/skills-graphql.e2e.test.ts > Skills GraphQL e2e > creates and queries a skill
Platform detection: Windows=false
App root directory: /Users/normy/autobyteus_org/autobyteus-worktrees/memory-lineage-provenance-analysis/autobyteus-server-ts
App data directory: /Users/normy/autobyteus_org/autobyteus-worktrees/memory-lineage-provenance-analysis/autobyteus-server-ts
Custom app data directory set to: /var/folders/7w/9r4_s1_s42z3f7c136bpjf0r0000gn/T/autobyteus-skill-graphql-uzlsJf
Config file not found in new data directory: Error: Configuration file not found: /var/folders/7w/9r4_s1_s42z3f7c136bpjf0r0000gn/T/autobyteus-skill-graphql-uzlsJf/.env

stdout | tests/e2e/skills/skills-graphql.e2e.test.ts > Skills GraphQL e2e > does not expose removed skill history fields, operations, or types
Custom app data directory set to: /var/folders/7w/9r4_s1_s42z3f7c136bpjf0r0000gn/T/autobyteus-skill-graphql-76dJKg
Config file not found in new data directory: Error: Configuration file not found: /var/folders/7w/9r4_s1_s42z3f7c136bpjf0r0000gn/T/autobyteus-skill-graphql-76dJKg/.env

stdout | tests/e2e/skills/skills-graphql.e2e.test.ts > Skills GraphQL e2e > uploads a file and reads content/tree
Custom app data directory set to: /var/folders/7w/9r4_s1_s42z3f7c136bpjf0r0000gn/T/autobyteus-skill-graphql-Mx7VC3
Config file not found in new data directory: Error: Configuration file not found: /var/folders/7w/9r4_s1_s42z3f7c136bpjf0r0000gn/T/autobyteus-skill-graphql-Mx7VC3/.env

stdout | tests/e2e/skills/skills-graphql.e2e.test.ts > Skills GraphQL e2e > uploads a file and reads content/tree
Starting directory traversal for: '/var/folders/7w/9r4_s1_s42z3f7c136bpjf0r0000gn/T/autobyteus-skill-graphql-Mx7VC3/skills/file_skill' with max_depth=null

stdout | tests/e2e/skills/skills-graphql.e2e.test.ts > Skills GraphQL e2e > uploads a file and reads content/tree
Directory traversal for '/var/folders/7w/9r4_s1_s42z3f7c136bpjf0r0000gn/T/autobyteus-skill-graphql-Mx7VC3/skills/file_skill' completed in 0.0020 seconds.

stdout | tests/e2e/skills/skills-graphql.e2e.test.ts > Skills GraphQL e2e > reloads the skill catalog after external file edits and returns refreshed sources
Custom app data directory set to: /var/folders/7w/9r4_s1_s42z3f7c136bpjf0r0000gn/T/autobyteus-skill-graphql-6sUXcD
Config file not found in new data directory: Error: Configuration file not found: /var/folders/7w/9r4_s1_s42z3f7c136bpjf0r0000gn/T/autobyteus-skill-graphql-6sUXcD/.env

stdout | tests/e2e/skills/skills-graphql.e2e.test.ts > Skills GraphQL e2e > deletes a skill
Custom app data directory set to: /var/folders/7w/9r4_s1_s42z3f7c136bpjf0r0000gn/T/autobyteus-skill-graphql-V4wJ9R
Config file not found in new data directory: Error: Configuration file not found: /var/folders/7w/9r4_s1_s42z3f7c136bpjf0r0000gn/T/autobyteus-skill-graphql-V4wJ9R/.env

 ✓ tests/e2e/skills/skills-graphql.e2e.test.ts (5 tests) 194ms
stdout | tests/e2e/agent-definitions/agent-package-private-skills.e2e.test.ts
Successfully registered tool definition: 'read_file'
Successfully registered tool definition: 'write_file'
Successfully registered tool definition: 'edit_file'
Successfully registered tool definition: 'replace_in_file'
Successfully registered tool definition: 'insert_in_file'
Successfully registered tool definition: 'run_bash'
Successfully registered tool definition: 'start_background_process'
Successfully registered tool definition: 'get_background_processes'
Successfully registered tool definition: 'get_process_output'
Successfully registered tool definition: 'stop_background_process'
Successfully registered tool definition: 'search_web'
Successfully registered tool definition: 'read_media_file'
Successfully registered tool definition: 'download_media'
Successfully registered tool definition: 'read_url'
Successfully registered tool definition: 'add_todo'
Successfully registered tool definition: 'create_todo_list'
Successfully registered tool definition: 'get_todo_list'
Successfully registered tool definition: 'update_todo_status'
AgentFactory (Singleton) initialized.

(node:81853) ExperimentalWarning: SQLite is an experimental feature and might change at any time
(Use `node --trace-warnings ...` to show where the warning was created)
stdout | tests/e2e/agent-definitions/agent-package-private-skills.e2e.test.ts > Agent package private skills GraphQL e2e
Platform detection: Windows=false
App root directory: /Users/normy/autobyteus_org/autobyteus-worktrees/memory-lineage-provenance-analysis/autobyteus-server-ts
App data directory: /Users/normy/autobyteus_org/autobyteus-worktrees/memory-lineage-provenance-analysis/autobyteus-server-ts
Custom app data directory set to: /var/folders/7w/9r4_s1_s42z3f7c136bpjf0r0000gn/T/agent-package-private-skills-data-5FP7Ny
Config file not found in new data directory: Error: Configuration file not found: /var/folders/7w/9r4_s1_s42z3f7c136bpjf0r0000gn/T/agent-package-private-skills-data-5FP7Ny/.env

stdout | tests/e2e/agent-definitions/agent-package-private-skills.e2e.test.ts > Agent package private skills GraphQL e2e > materializes imported shared-agent canonical single-skill and multi-skill layouts for Codex runtime
CachedAgentDefinitionProvider initialized with a full in-memory cache strategy.
Populating agent definition cache for the first time...

stdout | tests/e2e/agent-definitions/agent-package-private-skills.e2e.test.ts > Agent package private skills GraphQL e2e > materializes imported shared-agent canonical single-skill and multi-skill layouts for Codex runtime
Initialized server settings service with 19 predefined settings

stdout | tests/e2e/agent-definitions/agent-package-private-skills.e2e.test.ts > Agent package private skills GraphQL e2e > materializes imported shared-agent canonical single-skill and multi-skill layouts for Codex runtime
Agent definition cache populated with 2 items.

stdout | tests/e2e/agent-definitions/agent-package-private-skills.e2e.test.ts > Agent package private skills GraphQL e2e > materializes imported shared-agent canonical single-skill and multi-skill layouts for Codex runtime
[2026-07-31T23:12:42.438Z] [INFO] [agent-team-definition.cache] CachedAgentTeamDefinitionProvider initialized with a full in-memory cache strategy.
[2026-07-31T23:12:42.438Z] [INFO] [agent-team-definition.cache] Populating agent team definition cache for the first time...

stdout | tests/e2e/agent-definitions/agent-package-private-skills.e2e.test.ts > Agent package private skills GraphQL e2e > materializes imported shared-agent canonical single-skill and multi-skill layouts for Codex runtime
[2026-07-31T23:12:42.439Z] [INFO] [agent-team-definition.cache] Agent team definition cache populated with 1 items.

stdout | tests/e2e/agent-definitions/agent-package-private-skills.e2e.test.ts > Agent package private skills GraphQL e2e > materializes imported shared-agent canonical single-skill and multi-skill layouts for Codex runtime
Populating agent definition cache for the first time...

stdout | tests/e2e/agent-definitions/agent-package-private-skills.e2e.test.ts > Agent package private skills GraphQL e2e > materializes imported shared-agent canonical single-skill and multi-skill layouts for Codex runtime
Agent definition cache populated with 2 items.

stdout | tests/e2e/agent-definitions/agent-package-private-skills.e2e.test.ts > Agent package private skills GraphQL e2e > materializes imported shared-agent canonical single-skill and multi-skill layouts for Codex runtime
Populating agent definition cache for the first time...

stdout | tests/e2e/agent-definitions/agent-package-private-skills.e2e.test.ts > Agent package private skills GraphQL e2e > materializes imported shared-agent canonical single-skill and multi-skill layouts for Codex runtime
Agent definition cache populated with 0 items.

stdout | tests/e2e/agent-definitions/agent-package-private-skills.e2e.test.ts > Agent package private skills GraphQL e2e > materializes imported shared-agent canonical single-skill and multi-skill layouts for Codex runtime
[2026-07-31T23:12:42.453Z] [INFO] [agent-team-definition.cache] Populating agent team definition cache for the first time...

stdout | tests/e2e/agent-definitions/agent-package-private-skills.e2e.test.ts > Agent package private skills GraphQL e2e > materializes imported shared-agent canonical single-skill and multi-skill layouts for Codex runtime
[2026-07-31T23:12:42.454Z] [INFO] [agent-team-definition.cache] Agent team definition cache populated with 1 items.

stdout | tests/e2e/agent-definitions/agent-package-private-skills.e2e.test.ts > Agent package private skills GraphQL e2e > passes imported canonical single-skill and multi-skill paths to the AutoByteus runtime config
Populating agent definition cache for the first time...

stdout | tests/e2e/agent-definitions/agent-package-private-skills.e2e.test.ts > Agent package private skills GraphQL e2e > passes imported canonical single-skill and multi-skill paths to the AutoByteus runtime config
Agent definition cache populated with 2 items.

stdout | tests/e2e/agent-definitions/agent-package-private-skills.e2e.test.ts > Agent package private skills GraphQL e2e > passes imported canonical single-skill and multi-skill paths to the AutoByteus runtime config
[2026-07-31T23:12:42.469Z] [INFO] [agent-team-definition.cache] Populating agent team definition cache for the first time...

stdout | tests/e2e/agent-definitions/agent-package-private-skills.e2e.test.ts > Agent package private skills GraphQL e2e > passes imported canonical single-skill and multi-skill paths to the AutoByteus runtime config
[2026-07-31T23:12:42.469Z] [INFO] [agent-team-definition.cache] Agent team definition cache populated with 1 items.

stdout | tests/e2e/agent-definitions/agent-package-private-skills.e2e.test.ts > Agent package private skills GraphQL e2e > passes imported canonical single-skill and multi-skill paths to the AutoByteus runtime config
Populating agent definition cache for the first time...

stdout | tests/e2e/agent-definitions/agent-package-private-skills.e2e.test.ts > Agent package private skills GraphQL e2e > passes imported canonical single-skill and multi-skill paths to the AutoByteus runtime config
Agent definition cache populated with 2 items.

stdout | tests/e2e/agent-definitions/agent-package-private-skills.e2e.test.ts > Agent package private skills GraphQL e2e > passes imported canonical single-skill and multi-skill paths to the AutoByteus runtime config
Resolved system prompt from fresh definition instructions for AgentDefinition autobyteus-single-agent-1785539562454_5bdc5895d0b31.
Resolved skill 'autobyteus_single_1785539562454_5bdc5895d0b31' to path: /var/folders/7w/9r4_s1_s42z3f7c136bpjf0r0000gn/T/agent-package-private-local-1785539562454_5bdc5895d0b31-NKq0wb/agents/autobyteus-single-agent-1785539562454_5bdc5895d0b31/skills/autobyteus_single_1785539562454_5bdc5895d0b31

stdout | tests/e2e/agent-definitions/agent-package-private-skills.e2e.test.ts > Agent package private skills GraphQL e2e > passes imported canonical single-skill and multi-skill paths to the AutoByteus runtime config
Resolved system prompt from fresh definition instructions for AgentDefinition autobyteus-multi-agent-1785539562454_5bdc5895d0b31.
Resolved skill 'autobyteus_tone_1785539562454_5bdc5895d0b31' to path: /var/folders/7w/9r4_s1_s42z3f7c136bpjf0r0000gn/T/agent-package-private-local-1785539562454_5bdc5895d0b31-NKq0wb/agents/autobyteus-multi-agent-1785539562454_5bdc5895d0b31/skills/autobyteus_tone_1785539562454_5bdc5895d0b31
Resolved skill 'autobyteus_outline_1785539562454_5bdc5895d0b31' to path: /var/folders/7w/9r4_s1_s42z3f7c136bpjf0r0000gn/T/agent-package-private-local-1785539562454_5bdc5895d0b31-NKq0wb/agents/autobyteus-multi-agent-1785539562454_5bdc5895d0b31/skills/autobyteus_outline_1785539562454_5bdc5895d0b31

stdout | tests/e2e/agent-definitions/agent-package-private-skills.e2e.test.ts > Agent package private skills GraphQL e2e > passes imported canonical single-skill and multi-skill paths to the AutoByteus runtime config
Populating agent definition cache for the first time...

stdout | tests/e2e/agent-definitions/agent-package-private-skills.e2e.test.ts > Agent package private skills GraphQL e2e > passes imported canonical single-skill and multi-skill paths to the AutoByteus runtime config
Agent definition cache populated with 0 items.

stdout | tests/e2e/agent-definitions/agent-package-private-skills.e2e.test.ts > Agent package private skills GraphQL e2e > passes imported canonical single-skill and multi-skill paths to the AutoByteus runtime config
[2026-07-31T23:12:42.477Z] [INFO] [agent-team-definition.cache] Populating agent team definition cache for the first time...

stdout | tests/e2e/agent-definitions/agent-package-private-skills.e2e.test.ts > Agent package private skills GraphQL e2e > passes imported canonical single-skill and multi-skill paths to the AutoByteus runtime config
[2026-07-31T23:12:42.478Z] [INFO] [agent-team-definition.cache] Agent team definition cache populated with 1 items.

stdout | tests/e2e/agent-definitions/agent-package-private-skills.e2e.test.ts > Agent package private skills GraphQL e2e > imports shared agents with canonical single-skill, multi-skill, context-bound private, and global fallback skills with catalog visibility
Populating agent definition cache for the first time...

stdout | tests/e2e/agent-definitions/agent-package-private-skills.e2e.test.ts > Agent package private skills GraphQL e2e > imports shared agents with canonical single-skill, multi-skill, context-bound private, and global fallback skills with catalog visibility
Agent definition cache populated with 3 items.

stdout | tests/e2e/agent-definitions/agent-package-private-skills.e2e.test.ts > Agent package private skills GraphQL e2e > imports shared agents with canonical single-skill, multi-skill, context-bound private, and global fallback skills with catalog visibility
[2026-07-31T23:12:42.492Z] [INFO] [agent-team-definition.cache] Populating agent team definition cache for the first time...

stdout | tests/e2e/agent-definitions/agent-package-private-skills.e2e.test.ts > Agent package private skills GraphQL e2e > imports shared agents with canonical single-skill, multi-skill, context-bound private, and global fallback skills with catalog visibility
[2026-07-31T23:12:42.493Z] [INFO] [agent-team-definition.cache] Agent team definition cache populated with 1 items.

stdout | tests/e2e/agent-definitions/agent-package-private-skills.e2e.test.ts > Agent package private skills GraphQL e2e > imports shared agents with canonical single-skill, multi-skill, context-bound private, and global fallback skills with catalog visibility
Populating agent definition cache for the first time...

stdout | tests/e2e/agent-definitions/agent-package-private-skills.e2e.test.ts > Agent package private skills GraphQL e2e > imports shared agents with canonical single-skill, multi-skill, context-bound private, and global fallback skills with catalog visibility
Agent definition cache populated with 3 items.

stdout | tests/e2e/agent-definitions/agent-package-private-skills.e2e.test.ts > Agent package private skills GraphQL e2e > imports shared agents with canonical single-skill, multi-skill, context-bound private, and global fallback skills with catalog visibility
Starting directory traversal for: '/var/folders/7w/9r4_s1_s42z3f7c136bpjf0r0000gn/T/agent-package-private-local-1785539562478_59f0493f0fb3e-7ANa2O/agents/shared-single-1785539562478_59f0493f0fb3e/skills/single_private_1785539562478_59f0493f0fb3e' with max_depth=null
Creating on-demand SkillWorkspace for: single_private_1785539562478_59f0493f0fb3e
Creating on-demand SkillWorkspace for: single_private_1785539562478_59f0493f0fb3e
Creating on-demand SkillWorkspace for: tone_1785539562478_59f0493f0fb3e

stdout | tests/e2e/agent-definitions/agent-package-private-skills.e2e.test.ts > Agent package private skills GraphQL e2e > imports shared agents with canonical single-skill, multi-skill, context-bound private, and global fallback skills with catalog visibility
Created metadata-only FileSystemWorkspace at /var/folders/7w/9r4_s1_s42z3f7c136bpjf0r0000gn/T/agent-package-private-local-1785539562478_59f0493f0fb3e-7ANa2O/agents/shared-single-1785539562478_59f0493f0fb3e/skills/single_private_1785539562478_59f0493f0fb3e.
Initialized SkillWorkspace for skill 'single_private_1785539562478_59f0493f0fb3e' at /var/folders/7w/9r4_s1_s42z3f7c136bpjf0r0000gn/T/agent-package-private-local-1785539562478_59f0493f0fb3e-7ANa2O/agents/shared-single-1785539562478_59f0493f0fb3e/skills/single_private_1785539562478_59f0493f0fb3e
Created metadata-only FileSystemWorkspace at /var/folders/7w/9r4_s1_s42z3f7c136bpjf0r0000gn/T/agent-package-private-local-1785539562478_59f0493f0fb3e-7ANa2O/agents/shared-single-1785539562478_59f0493f0fb3e/skills/single_private_1785539562478_59f0493f0fb3e.
Initialized SkillWorkspace for skill 'single_private_1785539562478_59f0493f0fb3e' at /var/folders/7w/9r4_s1_s42z3f7c136bpjf0r0000gn/T/agent-package-private-local-1785539562478_59f0493f0fb3e-7ANa2O/agents/shared-single-1785539562478_59f0493f0fb3e/skills/single_private_1785539562478_59f0493f0fb3e
Created metadata-only FileSystemWorkspace at /var/folders/7w/9r4_s1_s42z3f7c136bpjf0r0000gn/T/agent-package-private-local-1785539562478_59f0493f0fb3e-7ANa2O/agents/shared-multi-1785539562478_59f0493f0fb3e/skills/tone_1785539562478_59f0493f0fb3e.
Initialized SkillWorkspace for skill 'tone_1785539562478_59f0493f0fb3e' at /var/folders/7w/9r4_s1_s42z3f7c136bpjf0r0000gn/T/agent-package-private-local-1785539562478_59f0493f0fb3e-7ANa2O/agents/shared-multi-1785539562478_59f0493f0fb3e/skills/tone_1785539562478_59f0493f0fb3e

stdout | tests/e2e/agent-definitions/agent-package-private-skills.e2e.test.ts > Agent package private skills GraphQL e2e > imports shared agents with canonical single-skill, multi-skill, context-bound private, and global fallback skills with catalog visibility
Created WorkspaceFileExplorer for skill_ws_single_private_1785539562478_59f0493f0fb3e (graphql-folder-children).
Created WorkspaceFileExplorer for skill_ws_single_private_1785539562478_59f0493f0fb3e (graphql-file-content).
Created WorkspaceFileExplorer for skill_ws_tone_1785539562478_59f0493f0fb3e (graphql-file-content).

stdout | tests/e2e/agent-definitions/agent-package-private-skills.e2e.test.ts > Agent package private skills GraphQL e2e > imports shared agents with canonical single-skill, multi-skill, context-bound private, and global fallback skills with catalog visibility
Directory traversal for '/var/folders/7w/9r4_s1_s42z3f7c136bpjf0r0000gn/T/agent-package-private-local-1785539562478_59f0493f0fb3e-7ANa2O/agents/shared-single-1785539562478_59f0493f0fb3e/skills/single_private_1785539562478_59f0493f0fb3e' completed in 0.0070 seconds.

stdout | tests/e2e/agent-definitions/agent-package-private-skills.e2e.test.ts > Agent package private skills GraphQL e2e > imports shared agents with canonical single-skill, multi-skill, context-bound private, and global fallback skills with catalog visibility
Populating agent definition cache for the first time...

stdout | tests/e2e/agent-definitions/agent-package-private-skills.e2e.test.ts > Agent package private skills GraphQL e2e > imports shared agents with canonical single-skill, multi-skill, context-bound private, and global fallback skills with catalog visibility
Agent definition cache populated with 0 items.

stdout | tests/e2e/agent-definitions/agent-package-private-skills.e2e.test.ts > Agent package private skills GraphQL e2e > imports shared agents with canonical single-skill, multi-skill, context-bound private, and global fallback skills with catalog visibility
[2026-07-31T23:12:42.520Z] [INFO] [agent-team-definition.cache] Populating agent team definition cache for the first time...

stdout | tests/e2e/agent-definitions/agent-package-private-skills.e2e.test.ts > Agent package private skills GraphQL e2e > imports shared agents with canonical single-skill, multi-skill, context-bound private, and global fallback skills with catalog visibility
[2026-07-31T23:12:42.520Z] [INFO] [agent-team-definition.cache] Agent team definition cache populated with 1 items.

stdout | tests/e2e/agent-definitions/agent-package-private-skills.e2e.test.ts > Agent package private skills GraphQL e2e > imports team-local private and team-shared skills with context guards plus warn-and-skip guards
Populating agent definition cache for the first time...

stdout | tests/e2e/agent-definitions/agent-package-private-skills.e2e.test.ts > Agent package private skills GraphQL e2e > imports team-local private and team-shared skills with context guards plus warn-and-skip guards
Agent definition cache populated with 0 items.

stdout | tests/e2e/agent-definitions/agent-package-private-skills.e2e.test.ts > Agent package private skills GraphQL e2e > imports team-local private and team-shared skills with context guards plus warn-and-skip guards
[2026-07-31T23:12:42.533Z] [INFO] [agent-team-definition.cache] Populating agent team definition cache for the first time...

stdout | tests/e2e/agent-definitions/agent-package-private-skills.e2e.test.ts > Agent package private skills GraphQL e2e > imports team-local private and team-shared skills with context guards plus warn-and-skip guards
[2026-07-31T23:12:42.534Z] [INFO] [agent-team-definition.cache] Agent team definition cache populated with 2 items.

stdout | tests/e2e/agent-definitions/agent-package-private-skills.e2e.test.ts > Agent package private skills GraphQL e2e > imports team-local private and team-shared skills with context guards plus warn-and-skip guards
Populating agent definition cache for the first time...

stdout | tests/e2e/agent-definitions/agent-package-private-skills.e2e.test.ts > Agent package private skills GraphQL e2e > imports team-local private and team-shared skills with context guards plus warn-and-skip guards
Agent definition cache populated with 0 items.

stdout | tests/e2e/agent-definitions/agent-package-private-skills.e2e.test.ts > Agent package private skills GraphQL e2e > imports team-local private and team-shared skills with context guards plus warn-and-skip guards
Starting directory traversal for: '/var/folders/7w/9r4_s1_s42z3f7c136bpjf0r0000gn/T/agent-package-private-local-1785539562520_14fe227d73dd9-AfBl0B/agent-teams/team-1785539562520_14fe227d73dd9/skills/team_shared_1785539562520_14fe227d73dd9' with max_depth=null
Creating on-demand SkillWorkspace for: team_shared_1785539562520_14fe227d73dd9
Creating on-demand SkillWorkspace for: team_shared_1785539562520_14fe227d73dd9

stdout | tests/e2e/agent-definitions/agent-package-private-skills.e2e.test.ts > Agent package private skills GraphQL e2e > imports team-local private and team-shared skills with context guards plus warn-and-skip guards
Created metadata-only FileSystemWorkspace at /var/folders/7w/9r4_s1_s42z3f7c136bpjf0r0000gn/T/agent-package-private-local-1785539562520_14fe227d73dd9-AfBl0B/agent-teams/team-1785539562520_14fe227d73dd9/skills/team_shared_1785539562520_14fe227d73dd9.
Initialized SkillWorkspace for skill 'team_shared_1785539562520_14fe227d73dd9' at /var/folders/7w/9r4_s1_s42z3f7c136bpjf0r0000gn/T/agent-package-private-local-1785539562520_14fe227d73dd9-AfBl0B/agent-teams/team-1785539562520_14fe227d73dd9/skills/team_shared_1785539562520_14fe227d73dd9
Created metadata-only FileSystemWorkspace at /var/folders/7w/9r4_s1_s42z3f7c136bpjf0r0000gn/T/agent-package-private-local-1785539562520_14fe227d73dd9-AfBl0B/agent-teams/team-1785539562520_14fe227d73dd9/skills/team_shared_1785539562520_14fe227d73dd9.
Initialized SkillWorkspace for skill 'team_shared_1785539562520_14fe227d73dd9' at /var/folders/7w/9r4_s1_s42z3f7c136bpjf0r0000gn/T/agent-package-private-local-1785539562520_14fe227d73dd9-AfBl0B/agent-teams/team-1785539562520_14fe227d73dd9/skills/team_shared_1785539562520_14fe227d73dd9

stdout | tests/e2e/agent-definitions/agent-package-private-skills.e2e.test.ts > Agent package private skills GraphQL e2e > imports team-local private and team-shared skills with context guards plus warn-and-skip guards
Created WorkspaceFileExplorer for skill_ws_team_shared_1785539562520_14fe227d73dd9 (graphql-folder-children).
Created WorkspaceFileExplorer for skill_ws_team_shared_1785539562520_14fe227d73dd9 (graphql-file-content).

stdout | tests/e2e/agent-definitions/agent-package-private-skills.e2e.test.ts > Agent package private skills GraphQL e2e > imports team-local private and team-shared skills with context guards plus warn-and-skip guards
Directory traversal for '/var/folders/7w/9r4_s1_s42z3f7c136bpjf0r0000gn/T/agent-package-private-local-1785539562520_14fe227d73dd9-AfBl0B/agent-teams/team-1785539562520_14fe227d73dd9/skills/team_shared_1785539562520_14fe227d73dd9' completed in 0.0060 seconds.

stdout | tests/e2e/agent-definitions/agent-package-private-skills.e2e.test.ts > Agent package private skills GraphQL e2e > imports team-local private and team-shared skills with context guards plus warn-and-skip guards
Populating agent definition cache for the first time...

stdout | tests/e2e/agent-definitions/agent-package-private-skills.e2e.test.ts > Agent package private skills GraphQL e2e > imports team-local private and team-shared skills with context guards plus warn-and-skip guards
Agent definition cache populated with 0 items.

stdout | tests/e2e/agent-definitions/agent-package-private-skills.e2e.test.ts > Agent package private skills GraphQL e2e > imports team-local private and team-shared skills with context guards plus warn-and-skip guards
[2026-07-31T23:12:42.553Z] [INFO] [agent-team-definition.cache] Populating agent team definition cache for the first time...

stdout | tests/e2e/agent-definitions/agent-package-private-skills.e2e.test.ts > Agent package private skills GraphQL e2e > imports team-local private and team-shared skills with context guards plus warn-and-skip guards
[2026-07-31T23:12:42.554Z] [INFO] [agent-team-definition.cache] Agent team definition cache populated with 1 items.

 ✓ tests/e2e/agent-definitions/agent-package-private-skills.e2e.test.ts (4 tests) 191ms
stdout | tests/e2e/agent/agent-command-correlated-status.e2e.test.ts
Successfully registered tool definition: 'read_file'
Successfully registered tool definition: 'write_file'
Successfully registered tool definition: 'edit_file'
Successfully registered tool definition: 'replace_in_file'
Successfully registered tool definition: 'insert_in_file'
Successfully registered tool definition: 'run_bash'
Successfully registered tool definition: 'start_background_process'
Successfully registered tool definition: 'get_background_processes'
Successfully registered tool definition: 'get_process_output'
Successfully registered tool definition: 'stop_background_process'
Successfully registered tool definition: 'search_web'
Successfully registered tool definition: 'read_media_file'
Successfully registered tool definition: 'download_media'
Successfully registered tool definition: 'read_url'
Successfully registered tool definition: 'add_todo'
Successfully registered tool definition: 'create_todo_list'
Successfully registered tool definition: 'get_todo_list'
Successfully registered tool definition: 'update_todo_status'
AgentFactory (Singleton) initialized.

(node:82159) ExperimentalWarning: SQLite is an experimental feature and might change at any time
(Use `node --trace-warnings ...` to show where the warning was created)
stdout | tests/e2e/agent/agent-command-correlated-status.e2e.test.ts > Agent command-correlated status overlay e2e > preserves offline -> initializing -> running when a stopped standalone run restores with an already-running snapshot
Agent websocket attached for run agent-command-status-e2e
Created agent session f894687c-8561-4880-8382-1cb642c8bee5 for run agent-command-status-e2e
Agent WebSocket connected: session=f894687c-8561-4880-8382-1cb642c8bee5, run=agent-command-status-e2e

stdout | tests/e2e/agent/agent-command-correlated-status.e2e.test.ts > Agent command-correlated status overlay e2e > preserves offline -> initializing -> running when a stopped standalone run restores with an already-running snapshot
Agent websocket attached for run agent-command-status-e2e

stdout | tests/e2e/agent/agent-command-correlated-status.e2e.test.ts > Agent command-correlated status overlay e2e > preserves offline -> initializing -> running when a stopped standalone run restores with an already-running snapshot
Created agent session dc8cbe6f-19f6-44ad-8238-eb810f9c4bd8 for run agent-command-status-e2e
Agent WebSocket connected: session=dc8cbe6f-19f6-44ad-8238-eb810f9c4bd8, run=agent-command-status-e2e

stdout | tests/e2e/agent/agent-command-correlated-status.e2e.test.ts > Agent command-correlated status overlay e2e > preserves offline -> initializing -> running when a stopped standalone run restores with an already-running snapshot
Closed agent session f894687c-8561-4880-8382-1cb642c8bee5
Agent WebSocket disconnected: f894687c-8561-4880-8382-1cb642c8bee5

stdout | tests/e2e/agent/agent-command-correlated-status.e2e.test.ts
Closed agent session dc8cbe6f-19f6-44ad-8238-eb810f9c4bd8
Agent WebSocket disconnected: dc8cbe6f-19f6-44ad-8238-eb810f9c4bd8

 ✓ tests/e2e/agent/agent-command-correlated-status.e2e.test.ts (1 test) 151ms
stdout | tests/e2e/agent-definitions/json-file-persistence-contract.e2e.test.ts
Successfully registered tool definition: 'read_file'
Successfully registered tool definition: 'write_file'
Successfully registered tool definition: 'edit_file'
Successfully registered tool definition: 'replace_in_file'
Successfully registered tool definition: 'insert_in_file'
Successfully registered tool definition: 'run_bash'
Successfully registered tool definition: 'start_background_process'
Successfully registered tool definition: 'get_background_processes'
Successfully registered tool definition: 'get_process_output'
Successfully registered tool definition: 'stop_background_process'
Successfully registered tool definition: 'search_web'
Successfully registered tool definition: 'read_media_file'
Successfully registered tool definition: 'download_media'
Successfully registered tool definition: 'read_url'
Successfully registered tool definition: 'add_todo'
Successfully registered tool definition: 'create_todo_list'
Successfully registered tool definition: 'get_todo_list'
Successfully registered tool definition: 'update_todo_status'
AgentFactory (Singleton) initialized.

(node:82161) ExperimentalWarning: SQLite is an experimental feature and might change at any time
(Use `node --trace-warnings ...` to show where the warning was created)
stdout | tests/e2e/agent-definitions/json-file-persistence-contract.e2e.test.ts > JSON file persistence contract e2e (md-centric, no mocks) > persists agent/team/mcp contracts with agent.md+agent-config.json and team.md+team-config.json
Platform detection: Windows=false
App root directory: /Users/normy/autobyteus_org/autobyteus-worktrees/memory-lineage-provenance-analysis/autobyteus-server-ts
App data directory: /Users/normy/autobyteus_org/autobyteus-worktrees/memory-lineage-provenance-analysis/autobyteus-server-ts

stdout | tests/e2e/agent-definitions/json-file-persistence-contract.e2e.test.ts > JSON file persistence contract e2e (md-centric, no mocks) > persists agent/team/mcp contracts with agent.md+agent-config.json and team.md+team-config.json
CachedAgentDefinitionProvider initialized with a full in-memory cache strategy.

stdout | tests/e2e/agent-definitions/json-file-persistence-contract.e2e.test.ts > JSON file persistence contract e2e (md-centric, no mocks) > persists agent/team/mcp contracts with agent.md+agent-config.json and team.md+team-config.json
Agent Definition created successfully with ID: professor-agent-ac-1785539564601-6b1a35

stdout | tests/e2e/agent-definitions/json-file-persistence-contract.e2e.test.ts > JSON file persistence contract e2e (md-centric, no mocks) > persists agent/team/mcp contracts with agent.md+agent-config.json and team.md+team-config.json
Populating agent definition cache for the first time...

stdout | tests/e2e/agent-definitions/json-file-persistence-contract.e2e.test.ts > JSON file persistence contract e2e (md-centric, no mocks) > persists agent/team/mcp contracts with agent.md+agent-config.json and team.md+team-config.json
Initialized server settings service with 19 predefined settings

stdout | tests/e2e/agent-definitions/json-file-persistence-contract.e2e.test.ts > JSON file persistence contract e2e (md-centric, no mocks) > persists agent/team/mcp contracts with agent.md+agent-config.json and team.md+team-config.json
Agent definition cache populated with 78 items.

stdout | tests/e2e/agent-definitions/json-file-persistence-contract.e2e.test.ts > JSON file persistence contract e2e (md-centric, no mocks) > persists agent/team/mcp contracts with agent.md+agent-config.json and team.md+team-config.json
In-memory cache: Updated agent definition with ID professor-agent-ac-1785539564601-6b1a35.

stdout | tests/e2e/agent-definitions/json-file-persistence-contract.e2e.test.ts > JSON file persistence contract e2e (md-centric, no mocks) > persists agent/team/mcp contracts with agent.md+agent-config.json and team.md+team-config.json
Agent Definition with ID professor-agent-ac-1785539564601-6b1a35 updated successfully.

stdout | tests/e2e/agent-definitions/json-file-persistence-contract.e2e.test.ts > JSON file persistence contract e2e (md-centric, no mocks) > persists agent/team/mcp contracts with agent.md+agent-config.json and team.md+team-config.json
In-memory cache: Updated agent definition with ID professor-agent-ac-1785539564601-6b1a35.

stdout | tests/e2e/agent-definitions/json-file-persistence-contract.e2e.test.ts > JSON file persistence contract e2e (md-centric, no mocks) > persists agent/team/mcp contracts with agent.md+agent-config.json and team.md+team-config.json
Agent Definition with ID professor-agent-ac-1785539564601-6b1a35 updated successfully.

stdout | tests/e2e/agent-definitions/json-file-persistence-contract.e2e.test.ts > JSON file persistence contract e2e (md-centric, no mocks) > persists agent/team/mcp contracts with agent.md+agent-config.json and team.md+team-config.json
[2026-07-31T23:12:44.667Z] [INFO] [agent-team-definition.cache] CachedAgentTeamDefinitionProvider initialized with a full in-memory cache strategy.

stdout | tests/e2e/agent-definitions/json-file-persistence-contract.e2e.test.ts > JSON file persistence contract e2e (md-centric, no mocks) > persists agent/team/mcp contracts with agent.md+agent-config.json and team.md+team-config.json
Agent Team Definition created successfully with ID: professor-team-ac-1785539564601-6b1a35

stdout | tests/e2e/agent-definitions/json-file-persistence-contract.e2e.test.ts > JSON file persistence contract e2e (md-centric, no mocks) > persists agent/team/mcp contracts with agent.md+agent-config.json and team.md+team-config.json
[2026-07-31T23:12:44.683Z] [INFO] [agent-team-definition.cache] Populating agent team definition cache for the first time...

stdout | tests/e2e/agent-definitions/json-file-persistence-contract.e2e.test.ts > JSON file persistence contract e2e (md-centric, no mocks) > persists agent/team/mcp contracts with agent.md+agent-config.json and team.md+team-config.json
[2026-07-31T23:12:44.691Z] [INFO] [agent-team-definition.cache] Agent team definition cache populated with 36 items.

stdout | tests/e2e/agent-definitions/json-file-persistence-contract.e2e.test.ts > JSON file persistence contract e2e (md-centric, no mocks) > persists agent/team/mcp contracts with agent.md+agent-config.json and team.md+team-config.json
[2026-07-31T23:12:44.704Z] [INFO] [agent-team-definition.cache] In-memory cache: Updated agent team definition with ID professor-team-ac-1785539564601-6b1a35.

stdout | tests/e2e/agent-definitions/json-file-persistence-contract.e2e.test.ts > JSON file persistence contract e2e (md-centric, no mocks) > persists agent/team/mcp contracts with agent.md+agent-config.json and team.md+team-config.json
Agent Team Definition with ID professor-team-ac-1785539564601-6b1a35 updated successfully.

stdout | tests/e2e/agent-definitions/json-file-persistence-contract.e2e.test.ts > JSON file persistence contract e2e (md-centric, no mocks) > persists agent/team/mcp contracts with agent.md+agent-config.json and team.md+team-config.json
CachedMcpServerConfigProvider initialized with a full in-memory cache strategy.
Configuring MCP server with ID: stdio_ac_1785539564601_6b1a35
Populating MCP server config cache for the first time...

stdout | tests/e2e/agent-definitions/json-file-persistence-contract.e2e.test.ts > JSON file persistence contract e2e (md-centric, no mocks) > persists agent/team/mcp contracts with agent.md+agent-config.json and team.md+team-config.json
MCP server config cache populated with 0 items.

stdout | tests/e2e/agent-definitions/json-file-persistence-contract.e2e.test.ts > JSON file persistence contract e2e (md-centric, no mocks) > persists agent/team/mcp contracts with agent.md+agent-config.json and team.md+team-config.json
In-memory cache: Added new MCP config stdio_ac_1785539564601_6b1a35.

 ✓ tests/e2e/agent-definitions/json-file-persistence-contract.e2e.test.ts (1 test) 156ms
stdout | tests/e2e/token-usage/token-usage-ledger-graphql.e2e.test.ts
Successfully registered tool definition: 'read_file'
Successfully registered tool definition: 'write_file'
Successfully registered tool definition: 'edit_file'
Successfully registered tool definition: 'replace_in_file'
Successfully registered tool definition: 'insert_in_file'
Successfully registered tool definition: 'run_bash'
Successfully registered tool definition: 'start_background_process'
Successfully registered tool definition: 'get_background_processes'
Successfully registered tool definition: 'get_process_output'
Successfully registered tool definition: 'stop_background_process'
Successfully registered tool definition: 'search_web'
Successfully registered tool definition: 'read_media_file'
Successfully registered tool definition: 'download_media'
Successfully registered tool definition: 'read_url'
Successfully registered tool definition: 'add_todo'
Successfully registered tool definition: 'create_todo_list'
Successfully registered tool definition: 'get_todo_list'
Successfully registered tool definition: 'update_todo_status'
AgentFactory (Singleton) initialized.

(node:82166) ExperimentalWarning: SQLite is an experimental feature and might change at any time
(Use `node --trace-warnings ...` to show where the warning was created)
stdout | tests/e2e/token-usage/token-usage-ledger-graphql.e2e.test.ts > token usage ledger GraphQL projections
prisma:info Starting a sqlite pool with 21 connections.

stdout | tests/e2e/token-usage/token-usage-ledger-graphql.e2e.test.ts > token usage ledger GraphQL projections > returns expanded run/team/member summaries and settings statistics from ledger accounting fields
Platform detection: Windows=false
App root directory: /Users/normy/autobyteus_org/autobyteus-worktrees/memory-lineage-provenance-analysis/autobyteus-server-ts
App data directory: /Users/normy/autobyteus_org/autobyteus-worktrees/memory-lineage-provenance-analysis/autobyteus-server-ts

stdout | tests/e2e/token-usage/token-usage-ledger-graphql.e2e.test.ts > token usage ledger GraphQL projections > returns expanded run/team/member summaries and settings statistics from ledger accounting fields
AgentTeamRunManager initialized with MixedTeamManager-only team execution.

 ✓ tests/e2e/token-usage/token-usage-ledger-graphql.e2e.test.ts (4 tests) 157ms
stdout | tests/e2e/run-history/run-projection-toolcalls-graphql.e2e.test.ts
Successfully registered tool definition: 'read_file'
Successfully registered tool definition: 'write_file'
Successfully registered tool definition: 'edit_file'
Successfully registered tool definition: 'replace_in_file'
Successfully registered tool definition: 'insert_in_file'
Successfully registered tool definition: 'run_bash'
Successfully registered tool definition: 'start_background_process'
Successfully registered tool definition: 'get_background_processes'
Successfully registered tool definition: 'get_process_output'
Successfully registered tool definition: 'stop_background_process'
Successfully registered tool definition: 'search_web'
Successfully registered tool definition: 'read_media_file'
Successfully registered tool definition: 'download_media'
Successfully registered tool definition: 'read_url'
Successfully registered tool definition: 'add_todo'
Successfully registered tool definition: 'create_todo_list'
Successfully registered tool definition: 'get_todo_list'
Successfully registered tool definition: 'update_todo_status'
AgentFactory (Singleton) initialized.

(node:82167) ExperimentalWarning: SQLite is an experimental feature and might change at any time
(Use `node --trace-warnings ...` to show where the warning was created)
stdout | tests/e2e/run-history/run-projection-toolcalls-graphql.e2e.test.ts > Run projection tool-call GraphQL e2e
Platform detection: Windows=false
App root directory: /Users/normy/autobyteus_org/autobyteus-worktrees/memory-lineage-provenance-analysis/autobyteus-server-ts
App data directory: /Users/normy/autobyteus_org/autobyteus-worktrees/memory-lineage-provenance-analysis/autobyteus-server-ts
Custom app data directory set to: /var/folders/7w/9r4_s1_s42z3f7c136bpjf0r0000gn/T/run-projection-toolcalls-gql-7bytde
Updated config file path to /var/folders/7w/9r4_s1_s42z3f7c136bpjf0r0000gn/T/run-projection-toolcalls-gql-7bytde/.env

stdout | tests/e2e/run-history/run-projection-toolcalls-graphql.e2e.test.ts > Run projection tool-call GraphQL e2e > serves local replay dynamic and MCP Codex tool rows through getRunProjection
CachedAgentDefinitionProvider initialized with a full in-memory cache strategy.
AgentRunManager initialized.
AgentTeamRunManager initialized with MixedTeamManager-only team execution.

stderr | tests/e2e/run-history/run-projection-toolcalls-graphql.e2e.test.ts > Run projection tool-call GraphQL e2e > preserves the exact packaged tool-update reasoning sequence through GraphQL reload
[RuntimeToolTraceSequencer] deferred terminal tool event 'web-search-insufficient' in turn 'turn-unseen-insufficient-terminal' because authoritative call arguments were unavailable.

stderr | tests/e2e/run-history/run-projection-toolcalls-graphql.e2e.test.ts > Run projection tool-call GraphQL e2e > returns empty standalone Codex projection instead of native recovery when local replay is absent
Memory file missing: /var/folders/7w/9r4_s1_s42z3f7c136bpjf0r0000gn/T/run-projection-toolcalls-gql-7bytde/memory/agents/run-codex-local-replay-absent/raw_traces_active.jsonl

stderr | tests/e2e/run-history/run-projection-toolcalls-graphql.e2e.test.ts > Run projection tool-call GraphQL e2e > returns empty team-member Codex projection instead of native recovery when local replay is absent
Memory file missing: /var/folders/7w/9r4_s1_s42z3f7c136bpjf0r0000gn/T/run-projection-toolcalls-gql-7bytde/memory/agent_teams/team-codex-local-replay-absent/member-codex-local-replay-absent/raw_traces_active.jsonl

 ✓ tests/e2e/run-history/run-projection-toolcalls-graphql.e2e.test.ts (7 tests) 155ms
stdout | tests/e2e/workspaces/workspaces-graphql.e2e.test.ts
Successfully registered tool definition: 'read_file'
Successfully registered tool definition: 'write_file'
Successfully registered tool definition: 'edit_file'
Successfully registered tool definition: 'replace_in_file'
Successfully registered tool definition: 'insert_in_file'
Successfully registered tool definition: 'run_bash'
Successfully registered tool definition: 'start_background_process'
Successfully registered tool definition: 'get_background_processes'
Successfully registered tool definition: 'get_process_output'
Successfully registered tool definition: 'stop_background_process'
Successfully registered tool definition: 'search_web'
Successfully registered tool definition: 'read_media_file'
Successfully registered tool definition: 'download_media'
Successfully registered tool definition: 'read_url'
Successfully registered tool definition: 'add_todo'
Successfully registered tool definition: 'create_todo_list'
Successfully registered tool definition: 'get_todo_list'
Successfully registered tool definition: 'update_todo_status'
AgentFactory (Singleton) initialized.

(node:82474) ExperimentalWarning: SQLite is an experimental feature and might change at any time
(Use `node --trace-warnings ...` to show where the warning was created)
stdout | tests/e2e/workspaces/workspaces-graphql.e2e.test.ts > Workspaces GraphQL e2e > creates and lists workspaces
GraphQL mutation to create workspace metadata
Creating new workspace for rootPath: /var/folders/7w/9r4_s1_s42z3f7c136bpjf0r0000gn/T/autobyteus-workspace-TpwuLm/test_ws_root
Platform detection: Windows=false
App root directory: /Users/normy/autobyteus_org/autobyteus-worktrees/memory-lineage-provenance-analysis/autobyteus-server-ts
App data directory: /Users/normy/autobyteus_org/autobyteus-worktrees/memory-lineage-provenance-analysis/autobyteus-server-ts
Created metadata-only FileSystemWorkspace at /var/folders/7w/9r4_s1_s42z3f7c136bpjf0r0000gn/T/autobyteus-workspace-TpwuLm/test_ws_root.

stdout | tests/e2e/workspaces/workspaces-graphql.e2e.test.ts > Workspaces GraphQL e2e > creates and lists workspaces
Created and registered workspace ID: agent_ws_e36dce4b32c9da06898d1c9e525f098dfe525761ab9ca0ce8214362eed419cfa

stdout | tests/e2e/workspaces/workspaces-graphql.e2e.test.ts > Workspaces GraphQL e2e > creates and lists workspaces
Creating temp workspace at: /Users/normy/autobyteus_org/autobyteus-worktrees/memory-lineage-provenance-analysis/autobyteus-server-ts/temp_workspace
Created metadata-only FileSystemWorkspace at /Users/normy/autobyteus_org/autobyteus-worktrees/memory-lineage-provenance-analysis/autobyteus-server-ts/temp_workspace.
Initialized TempWorkspace at /Users/normy/autobyteus_org/autobyteus-worktrees/memory-lineage-provenance-analysis/autobyteus-server-ts/temp_workspace with fixed ID 'temp_ws_default'
Temp workspace created and cached with ID: temp_ws_default

stdout | tests/e2e/workspaces/workspaces-graphql.e2e.test.ts > Workspaces GraphQL e2e > creates and lists workspaces
Created metadata-only FileSystemWorkspace at /var/folders/7w/9r4_s1_s42z3f7c136bpjf0r0000gn/T/autobyteus-file-explorer-2HoJvh.
Created metadata-only FileSystemWorkspace at /var/folders/7w/9r4_s1_s42z3f7c136bpjf0r0000gn/T/autobyteus-file-explorer-8tTSNr/graphql_snapshot_ws.
Created metadata-only FileSystemWorkspace at /var/folders/7w/9r4_s1_s42z3f7c136bpjf0r0000gn/T/autobyteus-file-explorer-g1r3VD.
Created metadata-only FileSystemWorkspace at /var/folders/7w/9r4_s1_s42z3f7c136bpjf0r0000gn/T/autobyteus-file-explorer-gdEbJH/graphql_snapshot_ws.
Created metadata-only FileSystemWorkspace at /var/folders/7w/9r4_s1_s42z3f7c136bpjf0r0000gn/T/autobyteus-file-explorer-hbUCJb.
Created metadata-only FileSystemWorkspace at /var/folders/7w/9r4_s1_s42z3f7c136bpjf0r0000gn/T/autobyteus-file-explorer-nmCw3I.
Created metadata-only FileSystemWorkspace at /var/folders/7w/9r4_s1_s42z3f7c136bpjf0r0000gn/T/autobyteus-file-explorer-PilbRd/graphql_snapshot_ws.
Created metadata-only FileSystemWorkspace at /var/folders/7w/9r4_s1_s42z3f7c136bpjf0r0000gn/T/autobyteus-file-explorer-T8MXYG/graphql_snapshot_ws.
Created metadata-only FileSystemWorkspace at /var/folders/7w/9r4_s1_s42z3f7c136bpjf0r0000gn/T/autobyteus-file-explorer-UVad2h.
Created metadata-only FileSystemWorkspace at /var/folders/7w/9r4_s1_s42z3f7c136bpjf0r0000gn/T/autobyteus-file-explorer-ws-e2e-3bHWsy.
Created metadata-only FileSystemWorkspace at /var/folders/7w/9r4_s1_s42z3f7c136bpjf0r0000gn/T/autobyteus-file-explorer-ws-e2e-4O39Kc.
Created metadata-only FileSystemWorkspace at /var/folders/7w/9r4_s1_s42z3f7c136bpjf0r0000gn/T/autobyteus-file-explorer-ws-e2e-DHHzEW.
Created metadata-only FileSystemWorkspace at /var/folders/7w/9r4_s1_s42z3f7c136bpjf0r0000gn/T/autobyteus-file-explorer-ws-e2e-esAuaZ.
Created metadata-only FileSystemWorkspace at /var/folders/7w/9r4_s1_s42z3f7c136bpjf0r0000gn/T/autobyteus-file-explorer-ws-e2e-FYOTVh.
Created metadata-only FileSystemWorkspace at /var/folders/7w/9r4_s1_s42z3f7c136bpjf0r0000gn/T/autobyteus-file-explorer-ws-e2e-g2qrZh.
Created metadata-only FileSystemWorkspace at /var/folders/7w/9r4_s1_s42z3f7c136bpjf0r0000gn/T/autobyteus-file-explorer-ws-e2e-H2Q0z1.
Created metadata-only FileSystemWorkspace at /var/folders/7w/9r4_s1_s42z3f7c136bpjf0r0000gn/T/autobyteus-file-explorer-ws-e2e-iyrCmI.
Created metadata-only FileSystemWorkspace at /var/folders/7w/9r4_s1_s42z3f7c136bpjf0r0000gn/T/autobyteus-file-explorer-ws-e2e-j5JWX4.
Created metadata-only FileSystemWorkspace at /var/folders/7w/9r4_s1_s42z3f7c136bpjf0r0000gn/T/autobyteus-file-explorer-ws-e2e-mADEAM.
Created metadata-only FileSystemWorkspace at /var/folders/7w/9r4_s1_s42z3f7c136bpjf0r0000gn/T/autobyteus-file-explorer-ws-e2e-nYd2MO.
Created metadata-only FileSystemWorkspace at /var/folders/7w/9r4_s1_s42z3f7c136bpjf0r0000gn/T/autobyteus-file-explorer-ws-e2e-onlgnm.
Created metadata-only FileSystemWorkspace at /var/folders/7w/9r4_s1_s42z3f7c136bpjf0r0000gn/T/autobyteus-file-explorer-ws-e2e-RutRS1.
Created metadata-only FileSystemWorkspace at /var/folders/7w/9r4_s1_s42z3f7c136bpjf0r0000gn/T/autobyteus-file-explorer-ws-e2e-VOXs4U.
Created metadata-only FileSystemWorkspace at /var/folders/7w/9r4_s1_s42z3f7c136bpjf0r0000gn/T/autobyteus-file-explorer-ws-e2e-WBH0cs.
Created metadata-only FileSystemWorkspace at /var/folders/7w/9r4_s1_s42z3f7c136bpjf0r0000gn/T/autobyteus-file-explorer-ws-e2e-WYXJXT.
Created metadata-only FileSystemWorkspace at /var/folders/7w/9r4_s1_s42z3f7c136bpjf0r0000gn/T/autobyteus-file-explorer-ws-e2e-YWXKZm.
Created metadata-only FileSystemWorkspace at /var/folders/7w/9r4_s1_s42z3f7c136bpjf0r0000gn/T/autobyteus-file-explorer-ws-e2e-zid3XX.
Created metadata-only FileSystemWorkspace at /var/folders/7w/9r4_s1_s42z3f7c136bpjf0r0000gn/T/autobyteus-file-explorer-yugWJI/graphql_snapshot_ws.
Created metadata-only FileSystemWorkspace at /var/folders/7w/9r4_s1_s42z3f7c136bpjf0r0000gn/T/autobyteus-file-ops-5IkwwD/file_ops_ws.
Created metadata-only FileSystemWorkspace at /var/folders/7w/9r4_s1_s42z3f7c136bpjf0r0000gn/T/autobyteus-file-ops-asZvJ8/rename_ws.
Created metadata-only FileSystemWorkspace at /var/folders/7w/9r4_s1_s42z3f7c136bpjf0r0000gn/T/autobyteus-file-ops-jmSKLA/rename_ws.
Created metadata-only FileSystemWorkspace at /var/folders/7w/9r4_s1_s42z3f7c136bpjf0r0000gn/T/autobyteus-file-ops-L5MDta/file_ops_ws.
Created metadata-only FileSystemWorkspace at /var/folders/7w/9r4_s1_s42z3f7c136bpjf0r0000gn/T/autobyteus-file-ops-lXhDZ4/file_ops_ws.
Created metadata-only FileSystemWorkspace at /var/folders/7w/9r4_s1_s42z3f7c136bpjf0r0000gn/T/autobyteus-file-ops-oekPVr/rename_ws.
Created metadata-only FileSystemWorkspace at /var/folders/7w/9r4_s1_s42z3f7c136bpjf0r0000gn/T/autobyteus-file-ops-Oh89mT/file_ops_ws.
Created metadata-only FileSystemWorkspace at /var/folders/7w/9r4_s1_s42z3f7c136bpjf0r0000gn/T/autobyteus-file-ops-qZdxJv/file_ops_ws.
Created metadata-only FileSystemWorkspace at /var/folders/7w/9r4_s1_s42z3f7c136bpjf0r0000gn/T/autobyteus-file-ops-wfYe3a/rename_ws.
Created metadata-only FileSystemWorkspace at /var/folders/7w/9r4_s1_s42z3f7c136bpjf0r0000gn/T/autobyteus-file-ops-YEPJHb/rename_ws.
Created metadata-only FileSystemWorkspace at /var/folders/7w/9r4_s1_s42z3f7c136bpjf0r0000gn/T/autobyteus-path-boundary-e2e-ecss5p/ignored_ws.
Created metadata-only FileSystemWorkspace at /var/folders/7w/9r4_s1_s42z3f7c136bpjf0r0000gn/T/autobyteus-path-boundary-e2e-GiUsDH/ws.
Created metadata-only FileSystemWorkspace at /var/folders/7w/9r4_s1_s42z3f7c136bpjf0r0000gn/T/autobyteus-path-boundary-e2e-k00QkY/ignored_ws.
Created metadata-only FileSystemWorkspace at /var/folders/7w/9r4_s1_s42z3f7c136bpjf0r0000gn/T/autobyteus-path-boundary-e2e-L56HNx/ws.
Created metadata-only FileSystemWorkspace at /var/folders/7w/9r4_s1_s42z3f7c136bpjf0r0000gn/T/autobyteus-path-boundary-e2e-mxN1JL/ws.
Created metadata-only FileSystemWorkspace at /var/folders/7w/9r4_s1_s42z3f7c136bpjf0r0000gn/T/autobyteus-path-boundary-e2e-oZuc5B/ignored_ws.
Created metadata-only FileSystemWorkspace at /var/folders/7w/9r4_s1_s42z3f7c136bpjf0r0000gn/T/autobyteus-path-boundary-e2e-uNRXjT/ws.
Created metadata-only FileSystemWorkspace at /var/folders/7w/9r4_s1_s42z3f7c136bpjf0r0000gn/T/autobyteus-path-boundary-e2e-UyCCh3/ignored_ws.
Created metadata-only FileSystemWorkspace at /var/folders/7w/9r4_s1_s42z3f7c136bpjf0r0000gn/T/autobyteus-path-boundary-e2e-w0I2IB/ws.
Created metadata-only FileSystemWorkspace at /var/folders/7w/9r4_s1_s42z3f7c136bpjf0r0000gn/T/autobyteus-path-boundary-e2e-XXbvbF/ignored_ws.

stdout | tests/e2e/workspaces/workspaces-graphql.e2e.test.ts > Workspaces GraphQL e2e > creates and lists workspaces
Created metadata-only FileSystemWorkspace at /var/folders/7w/9r4_s1_s42z3f7c136bpjf0r0000gn/T/autobyteus-file-explorer-2HoJvh.
Created metadata-only FileSystemWorkspace at /var/folders/7w/9r4_s1_s42z3f7c136bpjf0r0000gn/T/autobyteus-file-explorer-8tTSNr/graphql_snapshot_ws.
Created metadata-only FileSystemWorkspace at /var/folders/7w/9r4_s1_s42z3f7c136bpjf0r0000gn/T/autobyteus-file-explorer-g1r3VD.
Created metadata-only FileSystemWorkspace at /var/folders/7w/9r4_s1_s42z3f7c136bpjf0r0000gn/T/autobyteus-file-explorer-gdEbJH/graphql_snapshot_ws.
Created metadata-only FileSystemWorkspace at /var/folders/7w/9r4_s1_s42z3f7c136bpjf0r0000gn/T/autobyteus-file-explorer-hbUCJb.
Created metadata-only FileSystemWorkspace at /var/folders/7w/9r4_s1_s42z3f7c136bpjf0r0000gn/T/autobyteus-file-explorer-nmCw3I.
Created metadata-only FileSystemWorkspace at /var/folders/7w/9r4_s1_s42z3f7c136bpjf0r0000gn/T/autobyteus-file-explorer-PilbRd/graphql_snapshot_ws.
Created metadata-only FileSystemWorkspace at /var/folders/7w/9r4_s1_s42z3f7c136bpjf0r0000gn/T/autobyteus-file-explorer-T8MXYG/graphql_snapshot_ws.
Created metadata-only FileSystemWorkspace at /var/folders/7w/9r4_s1_s42z3f7c136bpjf0r0000gn/T/autobyteus-file-explorer-UVad2h.
Created metadata-only FileSystemWorkspace at /var/folders/7w/9r4_s1_s42z3f7c136bpjf0r0000gn/T/autobyteus-file-explorer-ws-e2e-3bHWsy.
Created metadata-only FileSystemWorkspace at /var/folders/7w/9r4_s1_s42z3f7c136bpjf0r0000gn/T/autobyteus-file-explorer-ws-e2e-4O39Kc.
Created metadata-only FileSystemWorkspace at /var/folders/7w/9r4_s1_s42z3f7c136bpjf0r0000gn/T/autobyteus-file-explorer-ws-e2e-DHHzEW.
Created metadata-only FileSystemWorkspace at /var/folders/7w/9r4_s1_s42z3f7c136bpjf0r0000gn/T/autobyteus-file-explorer-ws-e2e-esAuaZ.
Created metadata-only FileSystemWorkspace at /var/folders/7w/9r4_s1_s42z3f7c136bpjf0r0000gn/T/autobyteus-file-explorer-ws-e2e-FYOTVh.
Created metadata-only FileSystemWorkspace at /var/folders/7w/9r4_s1_s42z3f7c136bpjf0r0000gn/T/autobyteus-file-explorer-ws-e2e-g2qrZh.
Created metadata-only FileSystemWorkspace at /var/folders/7w/9r4_s1_s42z3f7c136bpjf0r0000gn/T/autobyteus-file-explorer-ws-e2e-H2Q0z1.
Created metadata-only FileSystemWorkspace at /var/folders/7w/9r4_s1_s42z3f7c136bpjf0r0000gn/T/autobyteus-file-explorer-ws-e2e-iyrCmI.
Created metadata-only FileSystemWorkspace at /var/folders/7w/9r4_s1_s42z3f7c136bpjf0r0000gn/T/autobyteus-file-explorer-ws-e2e-j5JWX4.
Created metadata-only FileSystemWorkspace at /var/folders/7w/9r4_s1_s42z3f7c136bpjf0r0000gn/T/autobyteus-file-explorer-ws-e2e-mADEAM.
Created metadata-only FileSystemWorkspace at /var/folders/7w/9r4_s1_s42z3f7c136bpjf0r0000gn/T/autobyteus-file-explorer-ws-e2e-nYd2MO.
Created metadata-only FileSystemWorkspace at /var/folders/7w/9r4_s1_s42z3f7c136bpjf0r0000gn/T/autobyteus-file-explorer-ws-e2e-onlgnm.
Created metadata-only FileSystemWorkspace at /var/folders/7w/9r4_s1_s42z3f7c136bpjf0r0000gn/T/autobyteus-file-explorer-ws-e2e-RutRS1.
Created metadata-only FileSystemWorkspace at /var/folders/7w/9r4_s1_s42z3f7c136bpjf0r0000gn/T/autobyteus-file-explorer-ws-e2e-VOXs4U.
Created metadata-only FileSystemWorkspace at /var/folders/7w/9r4_s1_s42z3f7c136bpjf0r0000gn/T/autobyteus-file-explorer-ws-e2e-WBH0cs.
Created metadata-only FileSystemWorkspace at /var/folders/7w/9r4_s1_s42z3f7c136bpjf0r0000gn/T/autobyteus-file-explorer-ws-e2e-WYXJXT.
Created metadata-only FileSystemWorkspace at /var/folders/7w/9r4_s1_s42z3f7c136bpjf0r0000gn/T/autobyteus-file-explorer-ws-e2e-YWXKZm.
Created metadata-only FileSystemWorkspace at /var/folders/7w/9r4_s1_s42z3f7c136bpjf0r0000gn/T/autobyteus-file-explorer-ws-e2e-zid3XX.
Created metadata-only FileSystemWorkspace at /var/folders/7w/9r4_s1_s42z3f7c136bpjf0r0000gn/T/autobyteus-file-explorer-yugWJI/graphql_snapshot_ws.
Created metadata-only FileSystemWorkspace at /var/folders/7w/9r4_s1_s42z3f7c136bpjf0r0000gn/T/autobyteus-file-ops-5IkwwD/file_ops_ws.
Created metadata-only FileSystemWorkspace at /var/folders/7w/9r4_s1_s42z3f7c136bpjf0r0000gn/T/autobyteus-file-ops-asZvJ8/rename_ws.
Created metadata-only FileSystemWorkspace at /var/folders/7w/9r4_s1_s42z3f7c136bpjf0r0000gn/T/autobyteus-file-ops-jmSKLA/rename_ws.
Created metadata-only FileSystemWorkspace at /var/folders/7w/9r4_s1_s42z3f7c136bpjf0r0000gn/T/autobyteus-file-ops-L5MDta/file_ops_ws.
Created metadata-only FileSystemWorkspace at /var/folders/7w/9r4_s1_s42z3f7c136bpjf0r0000gn/T/autobyteus-file-ops-lXhDZ4/file_ops_ws.
Created metadata-only FileSystemWorkspace at /var/folders/7w/9r4_s1_s42z3f7c136bpjf0r0000gn/T/autobyteus-file-ops-oekPVr/rename_ws.
Created metadata-only FileSystemWorkspace at /var/folders/7w/9r4_s1_s42z3f7c136bpjf0r0000gn/T/autobyteus-file-ops-Oh89mT/file_ops_ws.
Created metadata-only FileSystemWorkspace at /var/folders/7w/9r4_s1_s42z3f7c136bpjf0r0000gn/T/autobyteus-file-ops-qZdxJv/file_ops_ws.
Created metadata-only FileSystemWorkspace at /var/folders/7w/9r4_s1_s42z3f7c136bpjf0r0000gn/T/autobyteus-file-ops-wfYe3a/rename_ws.
Created metadata-only FileSystemWorkspace at /var/folders/7w/9r4_s1_s42z3f7c136bpjf0r0000gn/T/autobyteus-file-ops-YEPJHb/rename_ws.
Created metadata-only FileSystemWorkspace at /var/folders/7w/9r4_s1_s42z3f7c136bpjf0r0000gn/T/autobyteus-path-boundary-e2e-ecss5p/ignored_ws.
Created metadata-only FileSystemWorkspace at /var/folders/7w/9r4_s1_s42z3f7c136bpjf0r0000gn/T/autobyteus-path-boundary-e2e-GiUsDH/ws.
Created metadata-only FileSystemWorkspace at /var/folders/7w/9r4_s1_s42z3f7c136bpjf0r0000gn/T/autobyteus-path-boundary-e2e-k00QkY/ignored_ws.
Created metadata-only FileSystemWorkspace at /var/folders/7w/9r4_s1_s42z3f7c136bpjf0r0000gn/T/autobyteus-path-boundary-e2e-L56HNx/ws.
Created metadata-only FileSystemWorkspace at /var/folders/7w/9r4_s1_s42z3f7c136bpjf0r0000gn/T/autobyteus-path-boundary-e2e-mxN1JL/ws.
Created metadata-only FileSystemWorkspace at /var/folders/7w/9r4_s1_s42z3f7c136bpjf0r0000gn/T/autobyteus-path-boundary-e2e-oZuc5B/ignored_ws.
Created metadata-only FileSystemWorkspace at /var/folders/7w/9r4_s1_s42z3f7c136bpjf0r0000gn/T/autobyteus-path-boundary-e2e-uNRXjT/ws.
Created metadata-only FileSystemWorkspace at /var/folders/7w/9r4_s1_s42z3f7c136bpjf0r0000gn/T/autobyteus-path-boundary-e2e-UyCCh3/ignored_ws.
Created metadata-only FileSystemWorkspace at /var/folders/7w/9r4_s1_s42z3f7c136bpjf0r0000gn/T/autobyteus-path-boundary-e2e-w0I2IB/ws.
Created metadata-only FileSystemWorkspace at /var/folders/7w/9r4_s1_s42z3f7c136bpjf0r0000gn/T/autobyteus-path-boundary-e2e-XXbvbF/ignored_ws.

stdout | tests/e2e/workspaces/workspaces-graphql.e2e.test.ts > Workspaces GraphQL e2e > creates and lists workspaces
CachedAgentDefinitionProvider initialized with a full in-memory cache strategy.
AgentRunManager initialized.
AgentTeamRunManager initialized with MixedTeamManager-only team execution.

stdout | tests/e2e/workspaces/workspaces-graphql.e2e.test.ts > Workspaces GraphQL e2e > creates and lists workspaces
Closing FileSystemWorkspace agent_ws_e36dce4b32c9da06898d1c9e525f098dfe525761ab9ca0ce8214362eed419cfa

stdout | tests/e2e/workspaces/workspaces-graphql.e2e.test.ts > Workspaces GraphQL e2e > creates and lists workspaces
Closing FileSystemWorkspace temp_ws_default

stdout | tests/e2e/workspaces/workspaces-graphql.e2e.test.ts > Workspaces GraphQL e2e > removes a registered workspace from visibility, preserves files, and re-adds the same root
GraphQL mutation to create workspace metadata
Creating new workspace for rootPath: /var/folders/7w/9r4_s1_s42z3f7c136bpjf0r0000gn/T/autobyteus-workspace-oZqH8i/test_ws_root
Created metadata-only FileSystemWorkspace at /var/folders/7w/9r4_s1_s42z3f7c136bpjf0r0000gn/T/autobyteus-workspace-oZqH8i/test_ws_root.

stdout | tests/e2e/workspaces/workspaces-graphql.e2e.test.ts > Workspaces GraphQL e2e > removes a registered workspace from visibility, preserves files, and re-adds the same root
Created and registered workspace ID: agent_ws_b760193fba80e04679078e906fc1b55798c4372fd265d75ff263a8c7bb954417

stdout | tests/e2e/workspaces/workspaces-graphql.e2e.test.ts > Workspaces GraphQL e2e > removes a registered workspace from visibility, preserves files, and re-adds the same root
GraphQL mutation to remove registered workspace

stdout | tests/e2e/workspaces/workspaces-graphql.e2e.test.ts > Workspaces GraphQL e2e > removes a registered workspace from visibility, preserves files, and re-adds the same root
Closing FileSystemWorkspace agent_ws_b760193fba80e04679078e906fc1b55798c4372fd265d75ff263a8c7bb954417

stdout | tests/e2e/workspaces/workspaces-graphql.e2e.test.ts > Workspaces GraphQL e2e > removes a registered workspace from visibility, preserves files, and re-adds the same root
Creating temp workspace at: /Users/normy/autobyteus_org/autobyteus-worktrees/memory-lineage-provenance-analysis/autobyteus-server-ts/temp_workspace
Created metadata-only FileSystemWorkspace at /Users/normy/autobyteus_org/autobyteus-worktrees/memory-lineage-provenance-analysis/autobyteus-server-ts/temp_workspace.
Initialized TempWorkspace at /Users/normy/autobyteus_org/autobyteus-worktrees/memory-lineage-provenance-analysis/autobyteus-server-ts/temp_workspace with fixed ID 'temp_ws_default'
Temp workspace created and cached with ID: temp_ws_default

stdout | tests/e2e/workspaces/workspaces-graphql.e2e.test.ts > Workspaces GraphQL e2e > removes a registered workspace from visibility, preserves files, and re-adds the same root
Created metadata-only FileSystemWorkspace at /var/folders/7w/9r4_s1_s42z3f7c136bpjf0r0000gn/T/autobyteus-file-explorer-2HoJvh.
Created metadata-only FileSystemWorkspace at /var/folders/7w/9r4_s1_s42z3f7c136bpjf0r0000gn/T/autobyteus-file-explorer-8tTSNr/graphql_snapshot_ws.
Created metadata-only FileSystemWorkspace at /var/folders/7w/9r4_s1_s42z3f7c136bpjf0r0000gn/T/autobyteus-file-explorer-g1r3VD.
Created metadata-only FileSystemWorkspace at /var/folders/7w/9r4_s1_s42z3f7c136bpjf0r0000gn/T/autobyteus-file-explorer-gdEbJH/graphql_snapshot_ws.
Created metadata-only FileSystemWorkspace at /var/folders/7w/9r4_s1_s42z3f7c136bpjf0r0000gn/T/autobyteus-file-explorer-hbUCJb.
Created metadata-only FileSystemWorkspace at /var/folders/7w/9r4_s1_s42z3f7c136bpjf0r0000gn/T/autobyteus-file-explorer-nmCw3I.
Created metadata-only FileSystemWorkspace at /var/folders/7w/9r4_s1_s42z3f7c136bpjf0r0000gn/T/autobyteus-file-explorer-PilbRd/graphql_snapshot_ws.
Created metadata-only FileSystemWorkspace at /var/folders/7w/9r4_s1_s42z3f7c136bpjf0r0000gn/T/autobyteus-file-explorer-T8MXYG/graphql_snapshot_ws.
Created metadata-only FileSystemWorkspace at /var/folders/7w/9r4_s1_s42z3f7c136bpjf0r0000gn/T/autobyteus-file-explorer-UVad2h.
Created metadata-only FileSystemWorkspace at /var/folders/7w/9r4_s1_s42z3f7c136bpjf0r0000gn/T/autobyteus-file-explorer-ws-e2e-3bHWsy.
Created metadata-only FileSystemWorkspace at /var/folders/7w/9r4_s1_s42z3f7c136bpjf0r0000gn/T/autobyteus-file-explorer-ws-e2e-4O39Kc.
Created metadata-only FileSystemWorkspace at /var/folders/7w/9r4_s1_s42z3f7c136bpjf0r0000gn/T/autobyteus-file-explorer-ws-e2e-DHHzEW.
Created metadata-only FileSystemWorkspace at /var/folders/7w/9r4_s1_s42z3f7c136bpjf0r0000gn/T/autobyteus-file-explorer-ws-e2e-esAuaZ.
Created metadata-only FileSystemWorkspace at /var/folders/7w/9r4_s1_s42z3f7c136bpjf0r0000gn/T/autobyteus-file-explorer-ws-e2e-FYOTVh.
Created metadata-only FileSystemWorkspace at /var/folders/7w/9r4_s1_s42z3f7c136bpjf0r0000gn/T/autobyteus-file-explorer-ws-e2e-g2qrZh.
Created metadata-only FileSystemWorkspace at /var/folders/7w/9r4_s1_s42z3f7c136bpjf0r0000gn/T/autobyteus-file-explorer-ws-e2e-H2Q0z1.
Created metadata-only FileSystemWorkspace at /var/folders/7w/9r4_s1_s42z3f7c136bpjf0r0000gn/T/autobyteus-file-explorer-ws-e2e-iyrCmI.
Created metadata-only FileSystemWorkspace at /var/folders/7w/9r4_s1_s42z3f7c136bpjf0r0000gn/T/autobyteus-file-explorer-ws-e2e-j5JWX4.
Created metadata-only FileSystemWorkspace at /var/folders/7w/9r4_s1_s42z3f7c136bpjf0r0000gn/T/autobyteus-file-explorer-ws-e2e-mADEAM.
Created metadata-only FileSystemWorkspace at /var/folders/7w/9r4_s1_s42z3f7c136bpjf0r0000gn/T/autobyteus-file-explorer-ws-e2e-nYd2MO.
Created metadata-only FileSystemWorkspace at /var/folders/7w/9r4_s1_s42z3f7c136bpjf0r0000gn/T/autobyteus-file-explorer-ws-e2e-onlgnm.
Created metadata-only FileSystemWorkspace at /var/folders/7w/9r4_s1_s42z3f7c136bpjf0r0000gn/T/autobyteus-file-explorer-ws-e2e-RutRS1.
Created metadata-only FileSystemWorkspace at /var/folders/7w/9r4_s1_s42z3f7c136bpjf0r0000gn/T/autobyteus-file-explorer-ws-e2e-VOXs4U.
Created metadata-only FileSystemWorkspace at /var/folders/7w/9r4_s1_s42z3f7c136bpjf0r0000gn/T/autobyteus-file-explorer-ws-e2e-WBH0cs.
Created metadata-only FileSystemWorkspace at /var/folders/7w/9r4_s1_s42z3f7c136bpjf0r0000gn/T/autobyteus-file-explorer-ws-e2e-WYXJXT.
Created metadata-only FileSystemWorkspace at /var/folders/7w/9r4_s1_s42z3f7c136bpjf0r0000gn/T/autobyteus-file-explorer-ws-e2e-YWXKZm.
Created metadata-only FileSystemWorkspace at /var/folders/7w/9r4_s1_s42z3f7c136bpjf0r0000gn/T/autobyteus-file-explorer-ws-e2e-zid3XX.
Created metadata-only FileSystemWorkspace at /var/folders/7w/9r4_s1_s42z3f7c136bpjf0r0000gn/T/autobyteus-file-explorer-yugWJI/graphql_snapshot_ws.
Created metadata-only FileSystemWorkspace at /var/folders/7w/9r4_s1_s42z3f7c136bpjf0r0000gn/T/autobyteus-file-ops-5IkwwD/file_ops_ws.
Created metadata-only FileSystemWorkspace at /var/folders/7w/9r4_s1_s42z3f7c136bpjf0r0000gn/T/autobyteus-file-ops-asZvJ8/rename_ws.
Created metadata-only FileSystemWorkspace at /var/folders/7w/9r4_s1_s42z3f7c136bpjf0r0000gn/T/autobyteus-file-ops-jmSKLA/rename_ws.
Created metadata-only FileSystemWorkspace at /var/folders/7w/9r4_s1_s42z3f7c136bpjf0r0000gn/T/autobyteus-file-ops-L5MDta/file_ops_ws.
Created metadata-only FileSystemWorkspace at /var/folders/7w/9r4_s1_s42z3f7c136bpjf0r0000gn/T/autobyteus-file-ops-lXhDZ4/file_ops_ws.
Created metadata-only FileSystemWorkspace at /var/folders/7w/9r4_s1_s42z3f7c136bpjf0r0000gn/T/autobyteus-file-ops-oekPVr/rename_ws.
Created metadata-only FileSystemWorkspace at /var/folders/7w/9r4_s1_s42z3f7c136bpjf0r0000gn/T/autobyteus-file-ops-Oh89mT/file_ops_ws.
Created metadata-only FileSystemWorkspace at /var/folders/7w/9r4_s1_s42z3f7c136bpjf0r0000gn/T/autobyteus-file-ops-qZdxJv/file_ops_ws.
Created metadata-only FileSystemWorkspace at /var/folders/7w/9r4_s1_s42z3f7c136bpjf0r0000gn/T/autobyteus-file-ops-wfYe3a/rename_ws.
Created metadata-only FileSystemWorkspace at /var/folders/7w/9r4_s1_s42z3f7c136bpjf0r0000gn/T/autobyteus-file-ops-YEPJHb/rename_ws.
Created metadata-only FileSystemWorkspace at /var/folders/7w/9r4_s1_s42z3f7c136bpjf0r0000gn/T/autobyteus-path-boundary-e2e-ecss5p/ignored_ws.
Created metadata-only FileSystemWorkspace at /var/folders/7w/9r4_s1_s42z3f7c136bpjf0r0000gn/T/autobyteus-path-boundary-e2e-GiUsDH/ws.
Created metadata-only FileSystemWorkspace at /var/folders/7w/9r4_s1_s42z3f7c136bpjf0r0000gn/T/autobyteus-path-boundary-e2e-k00QkY/ignored_ws.
Created metadata-only FileSystemWorkspace at /var/folders/7w/9r4_s1_s42z3f7c136bpjf0r0000gn/T/autobyteus-path-boundary-e2e-L56HNx/ws.
Created metadata-only FileSystemWorkspace at /var/folders/7w/9r4_s1_s42z3f7c136bpjf0r0000gn/T/autobyteus-path-boundary-e2e-mxN1JL/ws.
Created metadata-only FileSystemWorkspace at /var/folders/7w/9r4_s1_s42z3f7c136bpjf0r0000gn/T/autobyteus-path-boundary-e2e-oZuc5B/ignored_ws.
Created metadata-only FileSystemWorkspace at /var/folders/7w/9r4_s1_s42z3f7c136bpjf0r0000gn/T/autobyteus-path-boundary-e2e-uNRXjT/ws.
Created metadata-only FileSystemWorkspace at /var/folders/7w/9r4_s1_s42z3f7c136bpjf0r0000gn/T/autobyteus-path-boundary-e2e-UyCCh3/ignored_ws.
Created metadata-only FileSystemWorkspace at /var/folders/7w/9r4_s1_s42z3f7c136bpjf0r0000gn/T/autobyteus-path-boundary-e2e-w0I2IB/ws.
Created metadata-only FileSystemWorkspace at /var/folders/7w/9r4_s1_s42z3f7c136bpjf0r0000gn/T/autobyteus-path-boundary-e2e-XXbvbF/ignored_ws.

stdout | tests/e2e/workspaces/workspaces-graphql.e2e.test.ts > Workspaces GraphQL e2e > removes a registered workspace from visibility, preserves files, and re-adds the same root
GraphQL mutation to create workspace metadata
Creating new workspace for rootPath: /var/folders/7w/9r4_s1_s42z3f7c136bpjf0r0000gn/T/autobyteus-workspace-oZqH8i/test_ws_root
Created metadata-only FileSystemWorkspace at /var/folders/7w/9r4_s1_s42z3f7c136bpjf0r0000gn/T/autobyteus-workspace-oZqH8i/test_ws_root.

stdout | tests/e2e/workspaces/workspaces-graphql.e2e.test.ts > Workspaces GraphQL e2e > removes a registered workspace from visibility, preserves files, and re-adds the same root
Created and registered workspace ID: agent_ws_b760193fba80e04679078e906fc1b55798c4372fd265d75ff263a8c7bb954417

stdout | tests/e2e/workspaces/workspaces-graphql.e2e.test.ts > Workspaces GraphQL e2e > removes a registered workspace from visibility, preserves files, and re-adds the same root
Created metadata-only FileSystemWorkspace at /var/folders/7w/9r4_s1_s42z3f7c136bpjf0r0000gn/T/autobyteus-file-explorer-2HoJvh.
Created metadata-only FileSystemWorkspace at /var/folders/7w/9r4_s1_s42z3f7c136bpjf0r0000gn/T/autobyteus-file-explorer-8tTSNr/graphql_snapshot_ws.
Created metadata-only FileSystemWorkspace at /var/folders/7w/9r4_s1_s42z3f7c136bpjf0r0000gn/T/autobyteus-file-explorer-g1r3VD.
Created metadata-only FileSystemWorkspace at /var/folders/7w/9r4_s1_s42z3f7c136bpjf0r0000gn/T/autobyteus-file-explorer-gdEbJH/graphql_snapshot_ws.
Created metadata-only FileSystemWorkspace at /var/folders/7w/9r4_s1_s42z3f7c136bpjf0r0000gn/T/autobyteus-file-explorer-hbUCJb.
Created metadata-only FileSystemWorkspace at /var/folders/7w/9r4_s1_s42z3f7c136bpjf0r0000gn/T/autobyteus-file-explorer-nmCw3I.
Created metadata-only FileSystemWorkspace at /var/folders/7w/9r4_s1_s42z3f7c136bpjf0r0000gn/T/autobyteus-file-explorer-PilbRd/graphql_snapshot_ws.
Created metadata-only FileSystemWorkspace at /var/folders/7w/9r4_s1_s42z3f7c136bpjf0r0000gn/T/autobyteus-file-explorer-T8MXYG/graphql_snapshot_ws.
Created metadata-only FileSystemWorkspace at /var/folders/7w/9r4_s1_s42z3f7c136bpjf0r0000gn/T/autobyteus-file-explorer-UVad2h.
Created metadata-only FileSystemWorkspace at /var/folders/7w/9r4_s1_s42z3f7c136bpjf0r0000gn/T/autobyteus-file-explorer-ws-e2e-3bHWsy.
Created metadata-only FileSystemWorkspace at /var/folders/7w/9r4_s1_s42z3f7c136bpjf0r0000gn/T/autobyteus-file-explorer-ws-e2e-4O39Kc.
Created metadata-only FileSystemWorkspace at /var/folders/7w/9r4_s1_s42z3f7c136bpjf0r0000gn/T/autobyteus-file-explorer-ws-e2e-DHHzEW.
Created metadata-only FileSystemWorkspace at /var/folders/7w/9r4_s1_s42z3f7c136bpjf0r0000gn/T/autobyteus-file-explorer-ws-e2e-esAuaZ.
Created metadata-only FileSystemWorkspace at /var/folders/7w/9r4_s1_s42z3f7c136bpjf0r0000gn/T/autobyteus-file-explorer-ws-e2e-FYOTVh.
Created metadata-only FileSystemWorkspace at /var/folders/7w/9r4_s1_s42z3f7c136bpjf0r0000gn/T/autobyteus-file-explorer-ws-e2e-g2qrZh.
Created metadata-only FileSystemWorkspace at /var/folders/7w/9r4_s1_s42z3f7c136bpjf0r0000gn/T/autobyteus-file-explorer-ws-e2e-H2Q0z1.
Created metadata-only FileSystemWorkspace at /var/folders/7w/9r4_s1_s42z3f7c136bpjf0r0000gn/T/autobyteus-file-explorer-ws-e2e-iyrCmI.
Created metadata-only FileSystemWorkspace at /var/folders/7w/9r4_s1_s42z3f7c136bpjf0r0000gn/T/autobyteus-file-explorer-ws-e2e-j5JWX4.
Created metadata-only FileSystemWorkspace at /var/folders/7w/9r4_s1_s42z3f7c136bpjf0r0000gn/T/autobyteus-file-explorer-ws-e2e-mADEAM.
Created metadata-only FileSystemWorkspace at /var/folders/7w/9r4_s1_s42z3f7c136bpjf0r0000gn/T/autobyteus-file-explorer-ws-e2e-nYd2MO.
Created metadata-only FileSystemWorkspace at /var/folders/7w/9r4_s1_s42z3f7c136bpjf0r0000gn/T/autobyteus-file-explorer-ws-e2e-onlgnm.
Created metadata-only FileSystemWorkspace at /var/folders/7w/9r4_s1_s42z3f7c136bpjf0r0000gn/T/autobyteus-file-explorer-ws-e2e-RutRS1.
Created metadata-only FileSystemWorkspace at /var/folders/7w/9r4_s1_s42z3f7c136bpjf0r0000gn/T/autobyteus-file-explorer-ws-e2e-VOXs4U.
Created metadata-only FileSystemWorkspace at /var/folders/7w/9r4_s1_s42z3f7c136bpjf0r0000gn/T/autobyteus-file-explorer-ws-e2e-WBH0cs.
Created metadata-only FileSystemWorkspace at /var/folders/7w/9r4_s1_s42z3f7c136bpjf0r0000gn/T/autobyteus-file-explorer-ws-e2e-WYXJXT.
Created metadata-only FileSystemWorkspace at /var/folders/7w/9r4_s1_s42z3f7c136bpjf0r0000gn/T/autobyteus-file-explorer-ws-e2e-YWXKZm.
Created metadata-only FileSystemWorkspace at /var/folders/7w/9r4_s1_s42z3f7c136bpjf0r0000gn/T/autobyteus-file-explorer-ws-e2e-zid3XX.
Created metadata-only FileSystemWorkspace at /var/folders/7w/9r4_s1_s42z3f7c136bpjf0r0000gn/T/autobyteus-file-explorer-yugWJI/graphql_snapshot_ws.
Created metadata-only FileSystemWorkspace at /var/folders/7w/9r4_s1_s42z3f7c136bpjf0r0000gn/T/autobyteus-file-ops-5IkwwD/file_ops_ws.
Created metadata-only FileSystemWorkspace at /var/folders/7w/9r4_s1_s42z3f7c136bpjf0r0000gn/T/autobyteus-file-ops-asZvJ8/rename_ws.
Created metadata-only FileSystemWorkspace at /var/folders/7w/9r4_s1_s42z3f7c136bpjf0r0000gn/T/autobyteus-file-ops-jmSKLA/rename_ws.
Created metadata-only FileSystemWorkspace at /var/folders/7w/9r4_s1_s42z3f7c136bpjf0r0000gn/T/autobyteus-file-ops-L5MDta/file_ops_ws.
Created metadata-only FileSystemWorkspace at /var/folders/7w/9r4_s1_s42z3f7c136bpjf0r0000gn/T/autobyteus-file-ops-lXhDZ4/file_ops_ws.
Created metadata-only FileSystemWorkspace at /var/folders/7w/9r4_s1_s42z3f7c136bpjf0r0000gn/T/autobyteus-file-ops-oekPVr/rename_ws.
Created metadata-only FileSystemWorkspace at /var/folders/7w/9r4_s1_s42z3f7c136bpjf0r0000gn/T/autobyteus-file-ops-Oh89mT/file_ops_ws.
Created metadata-only FileSystemWorkspace at /var/folders/7w/9r4_s1_s42z3f7c136bpjf0r0000gn/T/autobyteus-file-ops-qZdxJv/file_ops_ws.
Created metadata-only FileSystemWorkspace at /var/folders/7w/9r4_s1_s42z3f7c136bpjf0r0000gn/T/autobyteus-file-ops-wfYe3a/rename_ws.
Created metadata-only FileSystemWorkspace at /var/folders/7w/9r4_s1_s42z3f7c136bpjf0r0000gn/T/autobyteus-file-ops-YEPJHb/rename_ws.
Created metadata-only FileSystemWorkspace at /var/folders/7w/9r4_s1_s42z3f7c136bpjf0r0000gn/T/autobyteus-path-boundary-e2e-ecss5p/ignored_ws.
Created metadata-only FileSystemWorkspace at /var/folders/7w/9r4_s1_s42z3f7c136bpjf0r0000gn/T/autobyteus-path-boundary-e2e-GiUsDH/ws.
Created metadata-only FileSystemWorkspace at /var/folders/7w/9r4_s1_s42z3f7c136bpjf0r0000gn/T/autobyteus-path-boundary-e2e-k00QkY/ignored_ws.
Created metadata-only FileSystemWorkspace at /var/folders/7w/9r4_s1_s42z3f7c136bpjf0r0000gn/T/autobyteus-path-boundary-e2e-L56HNx/ws.
Created metadata-only FileSystemWorkspace at /var/folders/7w/9r4_s1_s42z3f7c136bpjf0r0000gn/T/autobyteus-path-boundary-e2e-mxN1JL/ws.
Created metadata-only FileSystemWorkspace at /var/folders/7w/9r4_s1_s42z3f7c136bpjf0r0000gn/T/autobyteus-path-boundary-e2e-oZuc5B/ignored_ws.
Created metadata-only FileSystemWorkspace at /var/folders/7w/9r4_s1_s42z3f7c136bpjf0r0000gn/T/autobyteus-path-boundary-e2e-uNRXjT/ws.
Created metadata-only FileSystemWorkspace at /var/folders/7w/9r4_s1_s42z3f7c136bpjf0r0000gn/T/autobyteus-path-boundary-e2e-UyCCh3/ignored_ws.
Created metadata-only FileSystemWorkspace at /var/folders/7w/9r4_s1_s42z3f7c136bpjf0r0000gn/T/autobyteus-path-boundary-e2e-w0I2IB/ws.
Created metadata-only FileSystemWorkspace at /var/folders/7w/9r4_s1_s42z3f7c136bpjf0r0000gn/T/autobyteus-path-boundary-e2e-XXbvbF/ignored_ws.

stdout | tests/e2e/workspaces/workspaces-graphql.e2e.test.ts > Workspaces GraphQL e2e > removes a registered workspace from visibility, preserves files, and re-adds the same root
Created metadata-only FileSystemWorkspace at /var/folders/7w/9r4_s1_s42z3f7c136bpjf0r0000gn/T/autobyteus-file-explorer-2HoJvh.
Created metadata-only FileSystemWorkspace at /var/folders/7w/9r4_s1_s42z3f7c136bpjf0r0000gn/T/autobyteus-file-explorer-8tTSNr/graphql_snapshot_ws.
Created metadata-only FileSystemWorkspace at /var/folders/7w/9r4_s1_s42z3f7c136bpjf0r0000gn/T/autobyteus-file-explorer-g1r3VD.
Created metadata-only FileSystemWorkspace at /var/folders/7w/9r4_s1_s42z3f7c136bpjf0r0000gn/T/autobyteus-file-explorer-gdEbJH/graphql_snapshot_ws.
Created metadata-only FileSystemWorkspace at /var/folders/7w/9r4_s1_s42z3f7c136bpjf0r0000gn/T/autobyteus-file-explorer-hbUCJb.
Created metadata-only FileSystemWorkspace at /var/folders/7w/9r4_s1_s42z3f7c136bpjf0r0000gn/T/autobyteus-file-explorer-nmCw3I.
Created metadata-only FileSystemWorkspace at /var/folders/7w/9r4_s1_s42z3f7c136bpjf0r0000gn/T/autobyteus-file-explorer-PilbRd/graphql_snapshot_ws.
Created metadata-only FileSystemWorkspace at /var/folders/7w/9r4_s1_s42z3f7c136bpjf0r0000gn/T/autobyteus-file-explorer-T8MXYG/graphql_snapshot_ws.
Created metadata-only FileSystemWorkspace at /var/folders/7w/9r4_s1_s42z3f7c136bpjf0r0000gn/T/autobyteus-file-explorer-UVad2h.
Created metadata-only FileSystemWorkspace at /var/folders/7w/9r4_s1_s42z3f7c136bpjf0r0000gn/T/autobyteus-file-explorer-ws-e2e-3bHWsy.
Created metadata-only FileSystemWorkspace at /var/folders/7w/9r4_s1_s42z3f7c136bpjf0r0000gn/T/autobyteus-file-explorer-ws-e2e-4O39Kc.
Created metadata-only FileSystemWorkspace at /var/folders/7w/9r4_s1_s42z3f7c136bpjf0r0000gn/T/autobyteus-file-explorer-ws-e2e-DHHzEW.
Created metadata-only FileSystemWorkspace at /var/folders/7w/9r4_s1_s42z3f7c136bpjf0r0000gn/T/autobyteus-file-explorer-ws-e2e-esAuaZ.
Created metadata-only FileSystemWorkspace at /var/folders/7w/9r4_s1_s42z3f7c136bpjf0r0000gn/T/autobyteus-file-explorer-ws-e2e-FYOTVh.
Created metadata-only FileSystemWorkspace at /var/folders/7w/9r4_s1_s42z3f7c136bpjf0r0000gn/T/autobyteus-file-explorer-ws-e2e-g2qrZh.
Created metadata-only FileSystemWorkspace at /var/folders/7w/9r4_s1_s42z3f7c136bpjf0r0000gn/T/autobyteus-file-explorer-ws-e2e-H2Q0z1.
Created metadata-only FileSystemWorkspace at /var/folders/7w/9r4_s1_s42z3f7c136bpjf0r0000gn/T/autobyteus-file-explorer-ws-e2e-iyrCmI.
Created metadata-only FileSystemWorkspace at /var/folders/7w/9r4_s1_s42z3f7c136bpjf0r0000gn/T/autobyteus-file-explorer-ws-e2e-j5JWX4.
Created metadata-only FileSystemWorkspace at /var/folders/7w/9r4_s1_s42z3f7c136bpjf0r0000gn/T/autobyteus-file-explorer-ws-e2e-mADEAM.
Created metadata-only FileSystemWorkspace at /var/folders/7w/9r4_s1_s42z3f7c136bpjf0r0000gn/T/autobyteus-file-explorer-ws-e2e-nYd2MO.
Created metadata-only FileSystemWorkspace at /var/folders/7w/9r4_s1_s42z3f7c136bpjf0r0000gn/T/autobyteus-file-explorer-ws-e2e-onlgnm.
Created metadata-only FileSystemWorkspace at /var/folders/7w/9r4_s1_s42z3f7c136bpjf0r0000gn/T/autobyteus-file-explorer-ws-e2e-RutRS1.
Created metadata-only FileSystemWorkspace at /var/folders/7w/9r4_s1_s42z3f7c136bpjf0r0000gn/T/autobyteus-file-explorer-ws-e2e-VOXs4U.
Created metadata-only FileSystemWorkspace at /var/folders/7w/9r4_s1_s42z3f7c136bpjf0r0000gn/T/autobyteus-file-explorer-ws-e2e-WBH0cs.
Created metadata-only FileSystemWorkspace at /var/folders/7w/9r4_s1_s42z3f7c136bpjf0r0000gn/T/autobyteus-file-explorer-ws-e2e-WYXJXT.
Created metadata-only FileSystemWorkspace at /var/folders/7w/9r4_s1_s42z3f7c136bpjf0r0000gn/T/autobyteus-file-explorer-ws-e2e-YWXKZm.
Created metadata-only FileSystemWorkspace at /var/folders/7w/9r4_s1_s42z3f7c136bpjf0r0000gn/T/autobyteus-file-explorer-ws-e2e-zid3XX.
Created metadata-only FileSystemWorkspace at /var/folders/7w/9r4_s1_s42z3f7c136bpjf0r0000gn/T/autobyteus-file-explorer-yugWJI/graphql_snapshot_ws.
Created metadata-only FileSystemWorkspace at /var/folders/7w/9r4_s1_s42z3f7c136bpjf0r0000gn/T/autobyteus-file-ops-5IkwwD/file_ops_ws.
Created metadata-only FileSystemWorkspace at /var/folders/7w/9r4_s1_s42z3f7c136bpjf0r0000gn/T/autobyteus-file-ops-asZvJ8/rename_ws.
Created metadata-only FileSystemWorkspace at /var/folders/7w/9r4_s1_s42z3f7c136bpjf0r0000gn/T/autobyteus-file-ops-jmSKLA/rename_ws.
Created metadata-only FileSystemWorkspace at /var/folders/7w/9r4_s1_s42z3f7c136bpjf0r0000gn/T/autobyteus-file-ops-L5MDta/file_ops_ws.
Created metadata-only FileSystemWorkspace at /var/folders/7w/9r4_s1_s42z3f7c136bpjf0r0000gn/T/autobyteus-file-ops-lXhDZ4/file_ops_ws.
Created metadata-only FileSystemWorkspace at /var/folders/7w/9r4_s1_s42z3f7c136bpjf0r0000gn/T/autobyteus-file-ops-oekPVr/rename_ws.
Created metadata-only FileSystemWorkspace at /var/folders/7w/9r4_s1_s42z3f7c136bpjf0r0000gn/T/autobyteus-file-ops-Oh89mT/file_ops_ws.
Created metadata-only FileSystemWorkspace at /var/folders/7w/9r4_s1_s42z3f7c136bpjf0r0000gn/T/autobyteus-file-ops-qZdxJv/file_ops_ws.
Created metadata-only FileSystemWorkspace at /var/folders/7w/9r4_s1_s42z3f7c136bpjf0r0000gn/T/autobyteus-file-ops-wfYe3a/rename_ws.
Created metadata-only FileSystemWorkspace at /var/folders/7w/9r4_s1_s42z3f7c136bpjf0r0000gn/T/autobyteus-file-ops-YEPJHb/rename_ws.
Created metadata-only FileSystemWorkspace at /var/folders/7w/9r4_s1_s42z3f7c136bpjf0r0000gn/T/autobyteus-path-boundary-e2e-ecss5p/ignored_ws.
Created metadata-only FileSystemWorkspace at /var/folders/7w/9r4_s1_s42z3f7c136bpjf0r0000gn/T/autobyteus-path-boundary-e2e-GiUsDH/ws.
Created metadata-only FileSystemWorkspace at /var/folders/7w/9r4_s1_s42z3f7c136bpjf0r0000gn/T/autobyteus-path-boundary-e2e-k00QkY/ignored_ws.
Created metadata-only FileSystemWorkspace at /var/folders/7w/9r4_s1_s42z3f7c136bpjf0r0000gn/T/autobyteus-path-boundary-e2e-L56HNx/ws.
Created metadata-only FileSystemWorkspace at /var/folders/7w/9r4_s1_s42z3f7c136bpjf0r0000gn/T/autobyteus-path-boundary-e2e-mxN1JL/ws.
Created metadata-only FileSystemWorkspace at /var/folders/7w/9r4_s1_s42z3f7c136bpjf0r0000gn/T/autobyteus-path-boundary-e2e-oZuc5B/ignored_ws.
Created metadata-only FileSystemWorkspace at /var/folders/7w/9r4_s1_s42z3f7c136bpjf0r0000gn/T/autobyteus-path-boundary-e2e-uNRXjT/ws.
Created metadata-only FileSystemWorkspace at /var/folders/7w/9r4_s1_s42z3f7c136bpjf0r0000gn/T/autobyteus-path-boundary-e2e-UyCCh3/ignored_ws.
Created metadata-only FileSystemWorkspace at /var/folders/7w/9r4_s1_s42z3f7c136bpjf0r0000gn/T/autobyteus-path-boundary-e2e-w0I2IB/ws.
Created metadata-only FileSystemWorkspace at /var/folders/7w/9r4_s1_s42z3f7c136bpjf0r0000gn/T/autobyteus-path-boundary-e2e-XXbvbF/ignored_ws.

stdout | tests/e2e/workspaces/workspaces-graphql.e2e.test.ts > Workspaces GraphQL e2e > removes a registered workspace from visibility, preserves files, and re-adds the same root
Closing FileSystemWorkspace agent_ws_b760193fba80e04679078e906fc1b55798c4372fd265d75ff263a8c7bb954417

stdout | tests/e2e/workspaces/workspaces-graphql.e2e.test.ts > Workspaces GraphQL e2e > removes a registered workspace from visibility, preserves files, and re-adds the same root
Closing FileSystemWorkspace temp_ws_default

stdout | tests/e2e/workspaces/workspaces-graphql.e2e.test.ts > Workspaces GraphQL e2e > keeps a workspace registered when removeWorkspace is blocked by an active standalone run
GraphQL mutation to create workspace metadata
Creating new workspace for rootPath: /var/folders/7w/9r4_s1_s42z3f7c136bpjf0r0000gn/T/autobyteus-workspace-ttG64p/test_ws_root
Created metadata-only FileSystemWorkspace at /var/folders/7w/9r4_s1_s42z3f7c136bpjf0r0000gn/T/autobyteus-workspace-ttG64p/test_ws_root.

stdout | tests/e2e/workspaces/workspaces-graphql.e2e.test.ts > Workspaces GraphQL e2e > keeps a workspace registered when removeWorkspace is blocked by an active standalone run
Created and registered workspace ID: agent_ws_6ba68fa0045608aea41f81bb671c056bd6f3ab0bf64a4785f0de6e20f8fbaf4c

stdout | tests/e2e/workspaces/workspaces-graphql.e2e.test.ts > Workspaces GraphQL e2e > keeps a workspace registered when removeWorkspace is blocked by an active standalone run
GraphQL mutation to remove registered workspace

stdout | tests/e2e/workspaces/workspaces-graphql.e2e.test.ts > Workspaces GraphQL e2e > keeps a workspace registered when removeWorkspace is blocked by an active standalone run
Creating temp workspace at: /Users/normy/autobyteus_org/autobyteus-worktrees/memory-lineage-provenance-analysis/autobyteus-server-ts/temp_workspace
Created metadata-only FileSystemWorkspace at /Users/normy/autobyteus_org/autobyteus-worktrees/memory-lineage-provenance-analysis/autobyteus-server-ts/temp_workspace.
Initialized TempWorkspace at /Users/normy/autobyteus_org/autobyteus-worktrees/memory-lineage-provenance-analysis/autobyteus-server-ts/temp_workspace with fixed ID 'temp_ws_default'
Temp workspace created and cached with ID: temp_ws_default

stdout | tests/e2e/workspaces/workspaces-graphql.e2e.test.ts > Workspaces GraphQL e2e > keeps a workspace registered when removeWorkspace is blocked by an active standalone run
Created metadata-only FileSystemWorkspace at /var/folders/7w/9r4_s1_s42z3f7c136bpjf0r0000gn/T/autobyteus-file-explorer-2HoJvh.
Created metadata-only FileSystemWorkspace at /var/folders/7w/9r4_s1_s42z3f7c136bpjf0r0000gn/T/autobyteus-file-explorer-8tTSNr/graphql_snapshot_ws.
Created metadata-only FileSystemWorkspace at /var/folders/7w/9r4_s1_s42z3f7c136bpjf0r0000gn/T/autobyteus-file-explorer-g1r3VD.
Created metadata-only FileSystemWorkspace at /var/folders/7w/9r4_s1_s42z3f7c136bpjf0r0000gn/T/autobyteus-file-explorer-gdEbJH/graphql_snapshot_ws.
Created metadata-only FileSystemWorkspace at /var/folders/7w/9r4_s1_s42z3f7c136bpjf0r0000gn/T/autobyteus-file-explorer-hbUCJb.
Created metadata-only FileSystemWorkspace at /var/folders/7w/9r4_s1_s42z3f7c136bpjf0r0000gn/T/autobyteus-file-explorer-nmCw3I.
Created metadata-only FileSystemWorkspace at /var/folders/7w/9r4_s1_s42z3f7c136bpjf0r0000gn/T/autobyteus-file-explorer-PilbRd/graphql_snapshot_ws.
Created metadata-only FileSystemWorkspace at /var/folders/7w/9r4_s1_s42z3f7c136bpjf0r0000gn/T/autobyteus-file-explorer-T8MXYG/graphql_snapshot_ws.
Created metadata-only FileSystemWorkspace at /var/folders/7w/9r4_s1_s42z3f7c136bpjf0r0000gn/T/autobyteus-file-explorer-UVad2h.
Created metadata-only FileSystemWorkspace at /var/folders/7w/9r4_s1_s42z3f7c136bpjf0r0000gn/T/autobyteus-file-explorer-ws-e2e-3bHWsy.
Created metadata-only FileSystemWorkspace at /var/folders/7w/9r4_s1_s42z3f7c136bpjf0r0000gn/T/autobyteus-file-explorer-ws-e2e-4O39Kc.
Created metadata-only FileSystemWorkspace at /var/folders/7w/9r4_s1_s42z3f7c136bpjf0r0000gn/T/autobyteus-file-explorer-ws-e2e-DHHzEW.
Created metadata-only FileSystemWorkspace at /var/folders/7w/9r4_s1_s42z3f7c136bpjf0r0000gn/T/autobyteus-file-explorer-ws-e2e-esAuaZ.
Created metadata-only FileSystemWorkspace at /var/folders/7w/9r4_s1_s42z3f7c136bpjf0r0000gn/T/autobyteus-file-explorer-ws-e2e-FYOTVh.
Created metadata-only FileSystemWorkspace at /var/folders/7w/9r4_s1_s42z3f7c136bpjf0r0000gn/T/autobyteus-file-explorer-ws-e2e-g2qrZh.
Created metadata-only FileSystemWorkspace at /var/folders/7w/9r4_s1_s42z3f7c136bpjf0r0000gn/T/autobyteus-file-explorer-ws-e2e-H2Q0z1.
Created metadata-only FileSystemWorkspace at /var/folders/7w/9r4_s1_s42z3f7c136bpjf0r0000gn/T/autobyteus-file-explorer-ws-e2e-iyrCmI.
Created metadata-only FileSystemWorkspace at /var/folders/7w/9r4_s1_s42z3f7c136bpjf0r0000gn/T/autobyteus-file-explorer-ws-e2e-j5JWX4.
Created metadata-only FileSystemWorkspace at /var/folders/7w/9r4_s1_s42z3f7c136bpjf0r0000gn/T/autobyteus-file-explorer-ws-e2e-mADEAM.
Created metadata-only FileSystemWorkspace at /var/folders/7w/9r4_s1_s42z3f7c136bpjf0r0000gn/T/autobyteus-file-explorer-ws-e2e-nYd2MO.
Created metadata-only FileSystemWorkspace at /var/folders/7w/9r4_s1_s42z3f7c136bpjf0r0000gn/T/autobyteus-file-explorer-ws-e2e-onlgnm.
Created metadata-only FileSystemWorkspace at /var/folders/7w/9r4_s1_s42z3f7c136bpjf0r0000gn/T/autobyteus-file-explorer-ws-e2e-RutRS1.
Created metadata-only FileSystemWorkspace at /var/folders/7w/9r4_s1_s42z3f7c136bpjf0r0000gn/T/autobyteus-file-explorer-ws-e2e-VOXs4U.
Created metadata-only FileSystemWorkspace at /var/folders/7w/9r4_s1_s42z3f7c136bpjf0r0000gn/T/autobyteus-file-explorer-ws-e2e-WBH0cs.
Created metadata-only FileSystemWorkspace at /var/folders/7w/9r4_s1_s42z3f7c136bpjf0r0000gn/T/autobyteus-file-explorer-ws-e2e-WYXJXT.
Created metadata-only FileSystemWorkspace at /var/folders/7w/9r4_s1_s42z3f7c136bpjf0r0000gn/T/autobyteus-file-explorer-ws-e2e-YWXKZm.
Created metadata-only FileSystemWorkspace at /var/folders/7w/9r4_s1_s42z3f7c136bpjf0r0000gn/T/autobyteus-file-explorer-ws-e2e-zid3XX.
Created metadata-only FileSystemWorkspace at /var/folders/7w/9r4_s1_s42z3f7c136bpjf0r0000gn/T/autobyteus-file-explorer-yugWJI/graphql_snapshot_ws.
Created metadata-only FileSystemWorkspace at /var/folders/7w/9r4_s1_s42z3f7c136bpjf0r0000gn/T/autobyteus-file-ops-5IkwwD/file_ops_ws.
Created metadata-only FileSystemWorkspace at /var/folders/7w/9r4_s1_s42z3f7c136bpjf0r0000gn/T/autobyteus-file-ops-asZvJ8/rename_ws.
Created metadata-only FileSystemWorkspace at /var/folders/7w/9r4_s1_s42z3f7c136bpjf0r0000gn/T/autobyteus-file-ops-jmSKLA/rename_ws.
Created metadata-only FileSystemWorkspace at /var/folders/7w/9r4_s1_s42z3f7c136bpjf0r0000gn/T/autobyteus-file-ops-L5MDta/file_ops_ws.
Created metadata-only FileSystemWorkspace at /var/folders/7w/9r4_s1_s42z3f7c136bpjf0r0000gn/T/autobyteus-file-ops-lXhDZ4/file_ops_ws.
Created metadata-only FileSystemWorkspace at /var/folders/7w/9r4_s1_s42z3f7c136bpjf0r0000gn/T/autobyteus-file-ops-oekPVr/rename_ws.
Created metadata-only FileSystemWorkspace at /var/folders/7w/9r4_s1_s42z3f7c136bpjf0r0000gn/T/autobyteus-file-ops-Oh89mT/file_ops_ws.
Created metadata-only FileSystemWorkspace at /var/folders/7w/9r4_s1_s42z3f7c136bpjf0r0000gn/T/autobyteus-file-ops-qZdxJv/file_ops_ws.
Created metadata-only FileSystemWorkspace at /var/folders/7w/9r4_s1_s42z3f7c136bpjf0r0000gn/T/autobyteus-file-ops-wfYe3a/rename_ws.
Created metadata-only FileSystemWorkspace at /var/folders/7w/9r4_s1_s42z3f7c136bpjf0r0000gn/T/autobyteus-file-ops-YEPJHb/rename_ws.
Created metadata-only FileSystemWorkspace at /var/folders/7w/9r4_s1_s42z3f7c136bpjf0r0000gn/T/autobyteus-path-boundary-e2e-ecss5p/ignored_ws.
Created metadata-only FileSystemWorkspace at /var/folders/7w/9r4_s1_s42z3f7c136bpjf0r0000gn/T/autobyteus-path-boundary-e2e-GiUsDH/ws.
Created metadata-only FileSystemWorkspace at /var/folders/7w/9r4_s1_s42z3f7c136bpjf0r0000gn/T/autobyteus-path-boundary-e2e-k00QkY/ignored_ws.
Created metadata-only FileSystemWorkspace at /var/folders/7w/9r4_s1_s42z3f7c136bpjf0r0000gn/T/autobyteus-path-boundary-e2e-L56HNx/ws.
Created metadata-only FileSystemWorkspace at /var/folders/7w/9r4_s1_s42z3f7c136bpjf0r0000gn/T/autobyteus-path-boundary-e2e-mxN1JL/ws.
Created metadata-only FileSystemWorkspace at /var/folders/7w/9r4_s1_s42z3f7c136bpjf0r0000gn/T/autobyteus-path-boundary-e2e-oZuc5B/ignored_ws.
Created metadata-only FileSystemWorkspace at /var/folders/7w/9r4_s1_s42z3f7c136bpjf0r0000gn/T/autobyteus-path-boundary-e2e-uNRXjT/ws.
Created metadata-only FileSystemWorkspace at /var/folders/7w/9r4_s1_s42z3f7c136bpjf0r0000gn/T/autobyteus-path-boundary-e2e-UyCCh3/ignored_ws.
Created metadata-only FileSystemWorkspace at /var/folders/7w/9r4_s1_s42z3f7c136bpjf0r0000gn/T/autobyteus-path-boundary-e2e-w0I2IB/ws.
Created metadata-only FileSystemWorkspace at /var/folders/7w/9r4_s1_s42z3f7c136bpjf0r0000gn/T/autobyteus-path-boundary-e2e-XXbvbF/ignored_ws.

stdout | tests/e2e/workspaces/workspaces-graphql.e2e.test.ts > Workspaces GraphQL e2e > keeps a workspace registered when removeWorkspace is blocked by an active standalone run
Created metadata-only FileSystemWorkspace at /var/folders/7w/9r4_s1_s42z3f7c136bpjf0r0000gn/T/autobyteus-file-explorer-2HoJvh.
Created metadata-only FileSystemWorkspace at /var/folders/7w/9r4_s1_s42z3f7c136bpjf0r0000gn/T/autobyteus-file-explorer-8tTSNr/graphql_snapshot_ws.
Created metadata-only FileSystemWorkspace at /var/folders/7w/9r4_s1_s42z3f7c136bpjf0r0000gn/T/autobyteus-file-explorer-g1r3VD.
Created metadata-only FileSystemWorkspace at /var/folders/7w/9r4_s1_s42z3f7c136bpjf0r0000gn/T/autobyteus-file-explorer-gdEbJH/graphql_snapshot_ws.
Created metadata-only FileSystemWorkspace at /var/folders/7w/9r4_s1_s42z3f7c136bpjf0r0000gn/T/autobyteus-file-explorer-hbUCJb.
Created metadata-only FileSystemWorkspace at /var/folders/7w/9r4_s1_s42z3f7c136bpjf0r0000gn/T/autobyteus-file-explorer-nmCw3I.
Created metadata-only FileSystemWorkspace at /var/folders/7w/9r4_s1_s42z3f7c136bpjf0r0000gn/T/autobyteus-file-explorer-PilbRd/graphql_snapshot_ws.
Created metadata-only FileSystemWorkspace at /var/folders/7w/9r4_s1_s42z3f7c136bpjf0r0000gn/T/autobyteus-file-explorer-T8MXYG/graphql_snapshot_ws.
Created metadata-only FileSystemWorkspace at /var/folders/7w/9r4_s1_s42z3f7c136bpjf0r0000gn/T/autobyteus-file-explorer-UVad2h.
Created metadata-only FileSystemWorkspace at /var/folders/7w/9r4_s1_s42z3f7c136bpjf0r0000gn/T/autobyteus-file-explorer-ws-e2e-3bHWsy.
Created metadata-only FileSystemWorkspace at /var/folders/7w/9r4_s1_s42z3f7c136bpjf0r0000gn/T/autobyteus-file-explorer-ws-e2e-4O39Kc.
Created metadata-only FileSystemWorkspace at /var/folders/7w/9r4_s1_s42z3f7c136bpjf0r0000gn/T/autobyteus-file-explorer-ws-e2e-DHHzEW.
Created metadata-only FileSystemWorkspace at /var/folders/7w/9r4_s1_s42z3f7c136bpjf0r0000gn/T/autobyteus-file-explorer-ws-e2e-esAuaZ.
Created metadata-only FileSystemWorkspace at /var/folders/7w/9r4_s1_s42z3f7c136bpjf0r0000gn/T/autobyteus-file-explorer-ws-e2e-FYOTVh.
Created metadata-only FileSystemWorkspace at /var/folders/7w/9r4_s1_s42z3f7c136bpjf0r0000gn/T/autobyteus-file-explorer-ws-e2e-g2qrZh.
Created metadata-only FileSystemWorkspace at /var/folders/7w/9r4_s1_s42z3f7c136bpjf0r0000gn/T/autobyteus-file-explorer-ws-e2e-H2Q0z1.
Created metadata-only FileSystemWorkspace at /var/folders/7w/9r4_s1_s42z3f7c136bpjf0r0000gn/T/autobyteus-file-explorer-ws-e2e-iyrCmI.
Created metadata-only FileSystemWorkspace at /var/folders/7w/9r4_s1_s42z3f7c136bpjf0r0000gn/T/autobyteus-file-explorer-ws-e2e-j5JWX4.
Created metadata-only FileSystemWorkspace at /var/folders/7w/9r4_s1_s42z3f7c136bpjf0r0000gn/T/autobyteus-file-explorer-ws-e2e-mADEAM.
Created metadata-only FileSystemWorkspace at /var/folders/7w/9r4_s1_s42z3f7c136bpjf0r0000gn/T/autobyteus-file-explorer-ws-e2e-nYd2MO.
Created metadata-only FileSystemWorkspace at /var/folders/7w/9r4_s1_s42z3f7c136bpjf0r0000gn/T/autobyteus-file-explorer-ws-e2e-onlgnm.
Created metadata-only FileSystemWorkspace at /var/folders/7w/9r4_s1_s42z3f7c136bpjf0r0000gn/T/autobyteus-file-explorer-ws-e2e-RutRS1.
Created metadata-only FileSystemWorkspace at /var/folders/7w/9r4_s1_s42z3f7c136bpjf0r0000gn/T/autobyteus-file-explorer-ws-e2e-VOXs4U.
Created metadata-only FileSystemWorkspace at /var/folders/7w/9r4_s1_s42z3f7c136bpjf0r0000gn/T/autobyteus-file-explorer-ws-e2e-WBH0cs.
Created metadata-only FileSystemWorkspace at /var/folders/7w/9r4_s1_s42z3f7c136bpjf0r0000gn/T/autobyteus-file-explorer-ws-e2e-WYXJXT.
Created metadata-only FileSystemWorkspace at /var/folders/7w/9r4_s1_s42z3f7c136bpjf0r0000gn/T/autobyteus-file-explorer-ws-e2e-YWXKZm.
Created metadata-only FileSystemWorkspace at /var/folders/7w/9r4_s1_s42z3f7c136bpjf0r0000gn/T/autobyteus-file-explorer-ws-e2e-zid3XX.
Created metadata-only FileSystemWorkspace at /var/folders/7w/9r4_s1_s42z3f7c136bpjf0r0000gn/T/autobyteus-file-explorer-yugWJI/graphql_snapshot_ws.
Created metadata-only FileSystemWorkspace at /var/folders/7w/9r4_s1_s42z3f7c136bpjf0r0000gn/T/autobyteus-file-ops-5IkwwD/file_ops_ws.
Created metadata-only FileSystemWorkspace at /var/folders/7w/9r4_s1_s42z3f7c136bpjf0r0000gn/T/autobyteus-file-ops-asZvJ8/rename_ws.
Created metadata-only FileSystemWorkspace at /var/folders/7w/9r4_s1_s42z3f7c136bpjf0r0000gn/T/autobyteus-file-ops-jmSKLA/rename_ws.
Created metadata-only FileSystemWorkspace at /var/folders/7w/9r4_s1_s42z3f7c136bpjf0r0000gn/T/autobyteus-file-ops-L5MDta/file_ops_ws.
Created metadata-only FileSystemWorkspace at /var/folders/7w/9r4_s1_s42z3f7c136bpjf0r0000gn/T/autobyteus-file-ops-lXhDZ4/file_ops_ws.
Created metadata-only FileSystemWorkspace at /var/folders/7w/9r4_s1_s42z3f7c136bpjf0r0000gn/T/autobyteus-file-ops-oekPVr/rename_ws.
Created metadata-only FileSystemWorkspace at /var/folders/7w/9r4_s1_s42z3f7c136bpjf0r0000gn/T/autobyteus-file-ops-Oh89mT/file_ops_ws.
Created metadata-only FileSystemWorkspace at /var/folders/7w/9r4_s1_s42z3f7c136bpjf0r0000gn/T/autobyteus-file-ops-qZdxJv/file_ops_ws.
Created metadata-only FileSystemWorkspace at /var/folders/7w/9r4_s1_s42z3f7c136bpjf0r0000gn/T/autobyteus-file-ops-wfYe3a/rename_ws.
Created metadata-only FileSystemWorkspace at /var/folders/7w/9r4_s1_s42z3f7c136bpjf0r0000gn/T/autobyteus-file-ops-YEPJHb/rename_ws.
Created metadata-only FileSystemWorkspace at /var/folders/7w/9r4_s1_s42z3f7c136bpjf0r0000gn/T/autobyteus-path-boundary-e2e-ecss5p/ignored_ws.
Created metadata-only FileSystemWorkspace at /var/folders/7w/9r4_s1_s42z3f7c136bpjf0r0000gn/T/autobyteus-path-boundary-e2e-GiUsDH/ws.
Created metadata-only FileSystemWorkspace at /var/folders/7w/9r4_s1_s42z3f7c136bpjf0r0000gn/T/autobyteus-path-boundary-e2e-k00QkY/ignored_ws.
Created metadata-only FileSystemWorkspace at /var/folders/7w/9r4_s1_s42z3f7c136bpjf0r0000gn/T/autobyteus-path-boundary-e2e-L56HNx/ws.
Created metadata-only FileSystemWorkspace at /var/folders/7w/9r4_s1_s42z3f7c136bpjf0r0000gn/T/autobyteus-path-boundary-e2e-mxN1JL/ws.
Created metadata-only FileSystemWorkspace at /var/folders/7w/9r4_s1_s42z3f7c136bpjf0r0000gn/T/autobyteus-path-boundary-e2e-oZuc5B/ignored_ws.
Created metadata-only FileSystemWorkspace at /var/folders/7w/9r4_s1_s42z3f7c136bpjf0r0000gn/T/autobyteus-path-boundary-e2e-uNRXjT/ws.
Created metadata-only FileSystemWorkspace at /var/folders/7w/9r4_s1_s42z3f7c136bpjf0r0000gn/T/autobyteus-path-boundary-e2e-UyCCh3/ignored_ws.
Created metadata-only FileSystemWorkspace at /var/folders/7w/9r4_s1_s42z3f7c136bpjf0r0000gn/T/autobyteus-path-boundary-e2e-w0I2IB/ws.
Created metadata-only FileSystemWorkspace at /var/folders/7w/9r4_s1_s42z3f7c136bpjf0r0000gn/T/autobyteus-path-boundary-e2e-XXbvbF/ignored_ws.

stdout | tests/e2e/workspaces/workspaces-graphql.e2e.test.ts > Workspaces GraphQL e2e > keeps a workspace registered when removeWorkspace is blocked by an active standalone run
Closing FileSystemWorkspace agent_ws_6ba68fa0045608aea41f81bb671c056bd6f3ab0bf64a4785f0de6e20f8fbaf4c

stdout | tests/e2e/workspaces/workspaces-graphql.e2e.test.ts > Workspaces GraphQL e2e > keeps a workspace registered when removeWorkspace is blocked by an active standalone run
Closing FileSystemWorkspace temp_ws_default

stdout | tests/e2e/workspaces/workspaces-graphql.e2e.test.ts > Workspaces GraphQL e2e > returns workspace metadata from createWorkspace without acquiring file explorer
GraphQL mutation to create workspace metadata
Creating new workspace for rootPath: /var/folders/7w/9r4_s1_s42z3f7c136bpjf0r0000gn/T/autobyteus-workspace-nO2WeU/test_ws_root
Created metadata-only FileSystemWorkspace at /var/folders/7w/9r4_s1_s42z3f7c136bpjf0r0000gn/T/autobyteus-workspace-nO2WeU/test_ws_root.

stdout | tests/e2e/workspaces/workspaces-graphql.e2e.test.ts > Workspaces GraphQL e2e > returns workspace metadata from createWorkspace without acquiring file explorer
Created and registered workspace ID: agent_ws_ec1ea29298724a419d073ff925ea51f8786485a8643552a55169b45ad8fc4dc5

stdout | tests/e2e/workspaces/workspaces-graphql.e2e.test.ts > Workspaces GraphQL e2e > returns workspace metadata from createWorkspace without acquiring file explorer
Created metadata-only FileSystemWorkspace at /var/folders/7w/9r4_s1_s42z3f7c136bpjf0r0000gn/T/autobyteus-file-explorer-2HoJvh.
Created metadata-only FileSystemWorkspace at /var/folders/7w/9r4_s1_s42z3f7c136bpjf0r0000gn/T/autobyteus-file-explorer-8tTSNr/graphql_snapshot_ws.
Created metadata-only FileSystemWorkspace at /var/folders/7w/9r4_s1_s42z3f7c136bpjf0r0000gn/T/autobyteus-file-explorer-g1r3VD.
Created metadata-only FileSystemWorkspace at /var/folders/7w/9r4_s1_s42z3f7c136bpjf0r0000gn/T/autobyteus-file-explorer-gdEbJH/graphql_snapshot_ws.
Created metadata-only FileSystemWorkspace at /var/folders/7w/9r4_s1_s42z3f7c136bpjf0r0000gn/T/autobyteus-file-explorer-hbUCJb.
Created metadata-only FileSystemWorkspace at /var/folders/7w/9r4_s1_s42z3f7c136bpjf0r0000gn/T/autobyteus-file-explorer-nmCw3I.
Created metadata-only FileSystemWorkspace at /var/folders/7w/9r4_s1_s42z3f7c136bpjf0r0000gn/T/autobyteus-file-explorer-PilbRd/graphql_snapshot_ws.
Created metadata-only FileSystemWorkspace at /var/folders/7w/9r4_s1_s42z3f7c136bpjf0r0000gn/T/autobyteus-file-explorer-T8MXYG/graphql_snapshot_ws.
Created metadata-only FileSystemWorkspace at /var/folders/7w/9r4_s1_s42z3f7c136bpjf0r0000gn/T/autobyteus-file-explorer-UVad2h.
Created metadata-only FileSystemWorkspace at /var/folders/7w/9r4_s1_s42z3f7c136bpjf0r0000gn/T/autobyteus-file-explorer-ws-e2e-3bHWsy.
Created metadata-only FileSystemWorkspace at /var/folders/7w/9r4_s1_s42z3f7c136bpjf0r0000gn/T/autobyteus-file-explorer-ws-e2e-4O39Kc.
Created metadata-only FileSystemWorkspace at /var/folders/7w/9r4_s1_s42z3f7c136bpjf0r0000gn/T/autobyteus-file-explorer-ws-e2e-DHHzEW.
Created metadata-only FileSystemWorkspace at /var/folders/7w/9r4_s1_s42z3f7c136bpjf0r0000gn/T/autobyteus-file-explorer-ws-e2e-esAuaZ.
Created metadata-only FileSystemWorkspace at /var/folders/7w/9r4_s1_s42z3f7c136bpjf0r0000gn/T/autobyteus-file-explorer-ws-e2e-FYOTVh.
Created metadata-only FileSystemWorkspace at /var/folders/7w/9r4_s1_s42z3f7c136bpjf0r0000gn/T/autobyteus-file-explorer-ws-e2e-g2qrZh.
Created metadata-only FileSystemWorkspace at /var/folders/7w/9r4_s1_s42z3f7c136bpjf0r0000gn/T/autobyteus-file-explorer-ws-e2e-H2Q0z1.
Created metadata-only FileSystemWorkspace at /var/folders/7w/9r4_s1_s42z3f7c136bpjf0r0000gn/T/autobyteus-file-explorer-ws-e2e-iyrCmI.
Created metadata-only FileSystemWorkspace at /var/folders/7w/9r4_s1_s42z3f7c136bpjf0r0000gn/T/autobyteus-file-explorer-ws-e2e-j5JWX4.
Created metadata-only FileSystemWorkspace at /var/folders/7w/9r4_s1_s42z3f7c136bpjf0r0000gn/T/autobyteus-file-explorer-ws-e2e-mADEAM.
Created metadata-only FileSystemWorkspace at /var/folders/7w/9r4_s1_s42z3f7c136bpjf0r0000gn/T/autobyteus-file-explorer-ws-e2e-nYd2MO.
Created metadata-only FileSystemWorkspace at /var/folders/7w/9r4_s1_s42z3f7c136bpjf0r0000gn/T/autobyteus-file-explorer-ws-e2e-onlgnm.
Created metadata-only FileSystemWorkspace at /var/folders/7w/9r4_s1_s42z3f7c136bpjf0r0000gn/T/autobyteus-file-explorer-ws-e2e-RutRS1.
Created metadata-only FileSystemWorkspace at /var/folders/7w/9r4_s1_s42z3f7c136bpjf0r0000gn/T/autobyteus-file-explorer-ws-e2e-VOXs4U.
Created metadata-only FileSystemWorkspace at /var/folders/7w/9r4_s1_s42z3f7c136bpjf0r0000gn/T/autobyteus-file-explorer-ws-e2e-WBH0cs.
Created metadata-only FileSystemWorkspace at /var/folders/7w/9r4_s1_s42z3f7c136bpjf0r0000gn/T/autobyteus-file-explorer-ws-e2e-WYXJXT.
Created metadata-only FileSystemWorkspace at /var/folders/7w/9r4_s1_s42z3f7c136bpjf0r0000gn/T/autobyteus-file-explorer-ws-e2e-YWXKZm.
Created metadata-only FileSystemWorkspace at /var/folders/7w/9r4_s1_s42z3f7c136bpjf0r0000gn/T/autobyteus-file-explorer-ws-e2e-zid3XX.
Created metadata-only FileSystemWorkspace at /var/folders/7w/9r4_s1_s42z3f7c136bpjf0r0000gn/T/autobyteus-file-explorer-yugWJI/graphql_snapshot_ws.
Created metadata-only FileSystemWorkspace at /var/folders/7w/9r4_s1_s42z3f7c136bpjf0r0000gn/T/autobyteus-file-ops-5IkwwD/file_ops_ws.
Created metadata-only FileSystemWorkspace at /var/folders/7w/9r4_s1_s42z3f7c136bpjf0r0000gn/T/autobyteus-file-ops-asZvJ8/rename_ws.
Created metadata-only FileSystemWorkspace at /var/folders/7w/9r4_s1_s42z3f7c136bpjf0r0000gn/T/autobyteus-file-ops-jmSKLA/rename_ws.
Created metadata-only FileSystemWorkspace at /var/folders/7w/9r4_s1_s42z3f7c136bpjf0r0000gn/T/autobyteus-file-ops-L5MDta/file_ops_ws.
Created metadata-only FileSystemWorkspace at /var/folders/7w/9r4_s1_s42z3f7c136bpjf0r0000gn/T/autobyteus-file-ops-lXhDZ4/file_ops_ws.
Created metadata-only FileSystemWorkspace at /var/folders/7w/9r4_s1_s42z3f7c136bpjf0r0000gn/T/autobyteus-file-ops-oekPVr/rename_ws.
Created metadata-only FileSystemWorkspace at /var/folders/7w/9r4_s1_s42z3f7c136bpjf0r0000gn/T/autobyteus-file-ops-Oh89mT/file_ops_ws.
Created metadata-only FileSystemWorkspace at /var/folders/7w/9r4_s1_s42z3f7c136bpjf0r0000gn/T/autobyteus-file-ops-qZdxJv/file_ops_ws.
Created metadata-only FileSystemWorkspace at /var/folders/7w/9r4_s1_s42z3f7c136bpjf0r0000gn/T/autobyteus-file-ops-wfYe3a/rename_ws.
Created metadata-only FileSystemWorkspace at /var/folders/7w/9r4_s1_s42z3f7c136bpjf0r0000gn/T/autobyteus-file-ops-YEPJHb/rename_ws.
Created metadata-only FileSystemWorkspace at /var/folders/7w/9r4_s1_s42z3f7c136bpjf0r0000gn/T/autobyteus-path-boundary-e2e-ecss5p/ignored_ws.
Created metadata-only FileSystemWorkspace at /var/folders/7w/9r4_s1_s42z3f7c136bpjf0r0000gn/T/autobyteus-path-boundary-e2e-GiUsDH/ws.
Created metadata-only FileSystemWorkspace at /var/folders/7w/9r4_s1_s42z3f7c136bpjf0r0000gn/T/autobyteus-path-boundary-e2e-k00QkY/ignored_ws.
Created metadata-only FileSystemWorkspace at /var/folders/7w/9r4_s1_s42z3f7c136bpjf0r0000gn/T/autobyteus-path-boundary-e2e-L56HNx/ws.
Created metadata-only FileSystemWorkspace at /var/folders/7w/9r4_s1_s42z3f7c136bpjf0r0000gn/T/autobyteus-path-boundary-e2e-mxN1JL/ws.
Created metadata-only FileSystemWorkspace at /var/folders/7w/9r4_s1_s42z3f7c136bpjf0r0000gn/T/autobyteus-path-boundary-e2e-oZuc5B/ignored_ws.
Created metadata-only FileSystemWorkspace at /var/folders/7w/9r4_s1_s42z3f7c136bpjf0r0000gn/T/autobyteus-path-boundary-e2e-uNRXjT/ws.
Created metadata-only FileSystemWorkspace at /var/folders/7w/9r4_s1_s42z3f7c136bpjf0r0000gn/T/autobyteus-path-boundary-e2e-UyCCh3/ignored_ws.
Created metadata-only FileSystemWorkspace at /var/folders/7w/9r4_s1_s42z3f7c136bpjf0r0000gn/T/autobyteus-path-boundary-e2e-w0I2IB/ws.
Created metadata-only FileSystemWorkspace at /var/folders/7w/9r4_s1_s42z3f7c136bpjf0r0000gn/T/autobyteus-path-boundary-e2e-XXbvbF/ignored_ws.

stdout | tests/e2e/workspaces/workspaces-graphql.e2e.test.ts > Workspaces GraphQL e2e > returns workspace metadata from createWorkspace without acquiring file explorer
Closing FileSystemWorkspace agent_ws_ec1ea29298724a419d073ff925ea51f8786485a8643552a55169b45ad8fc4dc5

stdout | tests/e2e/workspaces/workspaces-graphql.e2e.test.ts > Workspaces GraphQL e2e > resolves deterministic workspace metadata without initializing the workspace
GraphQL mutation to create workspace metadata
Creating new workspace for rootPath: /var/folders/7w/9r4_s1_s42z3f7c136bpjf0r0000gn/T/autobyteus-workspace-VDkiXn/test_ws_root
Created metadata-only FileSystemWorkspace at /var/folders/7w/9r4_s1_s42z3f7c136bpjf0r0000gn/T/autobyteus-workspace-VDkiXn/test_ws_root.

stdout | tests/e2e/workspaces/workspaces-graphql.e2e.test.ts > Workspaces GraphQL e2e > resolves deterministic workspace metadata without initializing the workspace
Created and registered workspace ID: agent_ws_7e3e122b4c02d28b05ad0999838c41acaa421fadb0a110e587420f9718acc354

stdout | tests/e2e/workspaces/workspaces-graphql.e2e.test.ts > Workspaces GraphQL e2e > resolves deterministic workspace metadata without initializing the workspace
Created metadata-only FileSystemWorkspace at /var/folders/7w/9r4_s1_s42z3f7c136bpjf0r0000gn/T/autobyteus-file-explorer-2HoJvh.
Created metadata-only FileSystemWorkspace at /var/folders/7w/9r4_s1_s42z3f7c136bpjf0r0000gn/T/autobyteus-file-explorer-8tTSNr/graphql_snapshot_ws.
Created metadata-only FileSystemWorkspace at /var/folders/7w/9r4_s1_s42z3f7c136bpjf0r0000gn/T/autobyteus-file-explorer-g1r3VD.
Created metadata-only FileSystemWorkspace at /var/folders/7w/9r4_s1_s42z3f7c136bpjf0r0000gn/T/autobyteus-file-explorer-gdEbJH/graphql_snapshot_ws.
Created metadata-only FileSystemWorkspace at /var/folders/7w/9r4_s1_s42z3f7c136bpjf0r0000gn/T/autobyteus-file-explorer-hbUCJb.
Created metadata-only FileSystemWorkspace at /var/folders/7w/9r4_s1_s42z3f7c136bpjf0r0000gn/T/autobyteus-file-explorer-nmCw3I.
Created metadata-only FileSystemWorkspace at /var/folders/7w/9r4_s1_s42z3f7c136bpjf0r0000gn/T/autobyteus-file-explorer-PilbRd/graphql_snapshot_ws.
Created metadata-only FileSystemWorkspace at /var/folders/7w/9r4_s1_s42z3f7c136bpjf0r0000gn/T/autobyteus-file-explorer-T8MXYG/graphql_snapshot_ws.
Created metadata-only FileSystemWorkspace at /var/folders/7w/9r4_s1_s42z3f7c136bpjf0r0000gn/T/autobyteus-file-explorer-UVad2h.
Created metadata-only FileSystemWorkspace at /var/folders/7w/9r4_s1_s42z3f7c136bpjf0r0000gn/T/autobyteus-file-explorer-ws-e2e-3bHWsy.
Created metadata-only FileSystemWorkspace at /var/folders/7w/9r4_s1_s42z3f7c136bpjf0r0000gn/T/autobyteus-file-explorer-ws-e2e-4O39Kc.
Created metadata-only FileSystemWorkspace at /var/folders/7w/9r4_s1_s42z3f7c136bpjf0r0000gn/T/autobyteus-file-explorer-ws-e2e-DHHzEW.
Created metadata-only FileSystemWorkspace at /var/folders/7w/9r4_s1_s42z3f7c136bpjf0r0000gn/T/autobyteus-file-explorer-ws-e2e-esAuaZ.
Created metadata-only FileSystemWorkspace at /var/folders/7w/9r4_s1_s42z3f7c136bpjf0r0000gn/T/autobyteus-file-explorer-ws-e2e-FYOTVh.
Created metadata-only FileSystemWorkspace at /var/folders/7w/9r4_s1_s42z3f7c136bpjf0r0000gn/T/autobyteus-file-explorer-ws-e2e-g2qrZh.
Created metadata-only FileSystemWorkspace at /var/folders/7w/9r4_s1_s42z3f7c136bpjf0r0000gn/T/autobyteus-file-explorer-ws-e2e-H2Q0z1.
Created metadata-only FileSystemWorkspace at /var/folders/7w/9r4_s1_s42z3f7c136bpjf0r0000gn/T/autobyteus-file-explorer-ws-e2e-iyrCmI.
Created metadata-only FileSystemWorkspace at /var/folders/7w/9r4_s1_s42z3f7c136bpjf0r0000gn/T/autobyteus-file-explorer-ws-e2e-j5JWX4.
Created metadata-only FileSystemWorkspace at /var/folders/7w/9r4_s1_s42z3f7c136bpjf0r0000gn/T/autobyteus-file-explorer-ws-e2e-mADEAM.
Created metadata-only FileSystemWorkspace at /var/folders/7w/9r4_s1_s42z3f7c136bpjf0r0000gn/T/autobyteus-file-explorer-ws-e2e-nYd2MO.
Created metadata-only FileSystemWorkspace at /var/folders/7w/9r4_s1_s42z3f7c136bpjf0r0000gn/T/autobyteus-file-explorer-ws-e2e-onlgnm.
Created metadata-only FileSystemWorkspace at /var/folders/7w/9r4_s1_s42z3f7c136bpjf0r0000gn/T/autobyteus-file-explorer-ws-e2e-RutRS1.
Created metadata-only FileSystemWorkspace at /var/folders/7w/9r4_s1_s42z3f7c136bpjf0r0000gn/T/autobyteus-file-explorer-ws-e2e-VOXs4U.
Created metadata-only FileSystemWorkspace at /var/folders/7w/9r4_s1_s42z3f7c136bpjf0r0000gn/T/autobyteus-file-explorer-ws-e2e-WBH0cs.
Created metadata-only FileSystemWorkspace at /var/folders/7w/9r4_s1_s42z3f7c136bpjf0r0000gn/T/autobyteus-file-explorer-ws-e2e-WYXJXT.
Created metadata-only FileSystemWorkspace at /var/folders/7w/9r4_s1_s42z3f7c136bpjf0r0000gn/T/autobyteus-file-explorer-ws-e2e-YWXKZm.
Created metadata-only FileSystemWorkspace at /var/folders/7w/9r4_s1_s42z3f7c136bpjf0r0000gn/T/autobyteus-file-explorer-ws-e2e-zid3XX.
Created metadata-only FileSystemWorkspace at /var/folders/7w/9r4_s1_s42z3f7c136bpjf0r0000gn/T/autobyteus-file-explorer-yugWJI/graphql_snapshot_ws.
Created metadata-only FileSystemWorkspace at /var/folders/7w/9r4_s1_s42z3f7c136bpjf0r0000gn/T/autobyteus-file-ops-5IkwwD/file_ops_ws.
Created metadata-only FileSystemWorkspace at /var/folders/7w/9r4_s1_s42z3f7c136bpjf0r0000gn/T/autobyteus-file-ops-asZvJ8/rename_ws.
Created metadata-only FileSystemWorkspace at /var/folders/7w/9r4_s1_s42z3f7c136bpjf0r0000gn/T/autobyteus-file-ops-jmSKLA/rename_ws.
Created metadata-only FileSystemWorkspace at /var/folders/7w/9r4_s1_s42z3f7c136bpjf0r0000gn/T/autobyteus-file-ops-L5MDta/file_ops_ws.
Created metadata-only FileSystemWorkspace at /var/folders/7w/9r4_s1_s42z3f7c136bpjf0r0000gn/T/autobyteus-file-ops-lXhDZ4/file_ops_ws.
Created metadata-only FileSystemWorkspace at /var/folders/7w/9r4_s1_s42z3f7c136bpjf0r0000gn/T/autobyteus-file-ops-oekPVr/rename_ws.
Created metadata-only FileSystemWorkspace at /var/folders/7w/9r4_s1_s42z3f7c136bpjf0r0000gn/T/autobyteus-file-ops-Oh89mT/file_ops_ws.
Created metadata-only FileSystemWorkspace at /var/folders/7w/9r4_s1_s42z3f7c136bpjf0r0000gn/T/autobyteus-file-ops-qZdxJv/file_ops_ws.
Created metadata-only FileSystemWorkspace at /var/folders/7w/9r4_s1_s42z3f7c136bpjf0r0000gn/T/autobyteus-file-ops-wfYe3a/rename_ws.
Created metadata-only FileSystemWorkspace at /var/folders/7w/9r4_s1_s42z3f7c136bpjf0r0000gn/T/autobyteus-file-ops-YEPJHb/rename_ws.
Created metadata-only FileSystemWorkspace at /var/folders/7w/9r4_s1_s42z3f7c136bpjf0r0000gn/T/autobyteus-path-boundary-e2e-ecss5p/ignored_ws.
Created metadata-only FileSystemWorkspace at /var/folders/7w/9r4_s1_s42z3f7c136bpjf0r0000gn/T/autobyteus-path-boundary-e2e-GiUsDH/ws.
Created metadata-only FileSystemWorkspace at /var/folders/7w/9r4_s1_s42z3f7c136bpjf0r0000gn/T/autobyteus-path-boundary-e2e-k00QkY/ignored_ws.
Created metadata-only FileSystemWorkspace at /var/folders/7w/9r4_s1_s42z3f7c136bpjf0r0000gn/T/autobyteus-path-boundary-e2e-L56HNx/ws.
Created metadata-only FileSystemWorkspace at /var/folders/7w/9r4_s1_s42z3f7c136bpjf0r0000gn/T/autobyteus-path-boundary-e2e-mxN1JL/ws.
Created metadata-only FileSystemWorkspace at /var/folders/7w/9r4_s1_s42z3f7c136bpjf0r0000gn/T/autobyteus-path-boundary-e2e-oZuc5B/ignored_ws.
Created metadata-only FileSystemWorkspace at /var/folders/7w/9r4_s1_s42z3f7c136bpjf0r0000gn/T/autobyteus-path-boundary-e2e-uNRXjT/ws.
Created metadata-only FileSystemWorkspace at /var/folders/7w/9r4_s1_s42z3f7c136bpjf0r0000gn/T/autobyteus-path-boundary-e2e-UyCCh3/ignored_ws.
Created metadata-only FileSystemWorkspace at /var/folders/7w/9r4_s1_s42z3f7c136bpjf0r0000gn/T/autobyteus-path-boundary-e2e-w0I2IB/ws.
Created metadata-only FileSystemWorkspace at /var/folders/7w/9r4_s1_s42z3f7c136bpjf0r0000gn/T/autobyteus-path-boundary-e2e-XXbvbF/ignored_ws.

stdout | tests/e2e/workspaces/workspaces-graphql.e2e.test.ts > Workspaces GraphQL e2e > resolves deterministic workspace metadata without initializing the workspace
Closing FileSystemWorkspace agent_ws_7e3e122b4c02d28b05ad0999838c41acaa421fadb0a110e587420f9718acc354

stdout | tests/e2e/workspaces/workspaces-graphql.e2e.test.ts > Workspaces GraphQL e2e > creates and lists the temp workspace with the backend-selected app-data-relative path
Creating temp workspace at: /var/folders/7w/9r4_s1_s42z3f7c136bpjf0r0000gn/T/autobyteus-workspace-xZIJX5/server-data/temp_workspace
Created metadata-only FileSystemWorkspace at /var/folders/7w/9r4_s1_s42z3f7c136bpjf0r0000gn/T/autobyteus-workspace-xZIJX5/server-data/temp_workspace.
Initialized TempWorkspace at /var/folders/7w/9r4_s1_s42z3f7c136bpjf0r0000gn/T/autobyteus-workspace-xZIJX5/server-data/temp_workspace with fixed ID 'temp_ws_default'
Temp workspace created and cached with ID: temp_ws_default

stdout | tests/e2e/workspaces/workspaces-graphql.e2e.test.ts > Workspaces GraphQL e2e > creates and lists the temp workspace with the backend-selected app-data-relative path
Closing FileSystemWorkspace temp_ws_default

stdout | tests/e2e/workspaces/workspaces-graphql.e2e.test.ts > Workspaces GraphQL e2e > lists only temp_ws_default for the configured temp root and cleans duplicate persisted filesystem entries
Removed 1 persisted filesystem registry entry for the configured temp workspace root.

stdout | tests/e2e/workspaces/workspaces-graphql.e2e.test.ts > Workspaces GraphQL e2e > lists only temp_ws_default for the configured temp root and cleans duplicate persisted filesystem entries
Creating temp workspace at: /var/folders/7w/9r4_s1_s42z3f7c136bpjf0r0000gn/T/autobyteus-workspace-Q77qI6/server-data/temp_workspace
Created metadata-only FileSystemWorkspace at /var/folders/7w/9r4_s1_s42z3f7c136bpjf0r0000gn/T/autobyteus-workspace-Q77qI6/server-data/temp_workspace.
Initialized TempWorkspace at /var/folders/7w/9r4_s1_s42z3f7c136bpjf0r0000gn/T/autobyteus-workspace-Q77qI6/server-data/temp_workspace with fixed ID 'temp_ws_default'
Temp workspace created and cached with ID: temp_ws_default

stdout | tests/e2e/workspaces/workspaces-graphql.e2e.test.ts > Workspaces GraphQL e2e > lists only temp_ws_default for the configured temp root and cleans duplicate persisted filesystem entries
Created metadata-only FileSystemWorkspace at /var/folders/7w/9r4_s1_s42z3f7c136bpjf0r0000gn/T/autobyteus-workspace-Q77qI6/regular_ws.

stdout | tests/e2e/workspaces/workspaces-graphql.e2e.test.ts > Workspaces GraphQL e2e > lists only temp_ws_default for the configured temp root and cleans duplicate persisted filesystem entries
Created metadata-only FileSystemWorkspace at /var/folders/7w/9r4_s1_s42z3f7c136bpjf0r0000gn/T/autobyteus-workspace-Q77qI6/regular_ws.

stdout | tests/e2e/workspaces/workspaces-graphql.e2e.test.ts > Workspaces GraphQL e2e > lists only temp_ws_default for the configured temp root and cleans duplicate persisted filesystem entries
Closing FileSystemWorkspace temp_ws_default

stdout | tests/e2e/workspaces/workspaces-graphql.e2e.test.ts > Workspaces GraphQL e2e > resolves createWorkspace for the configured temp root to temp_ws_default without persisting a filesystem entry
GraphQL mutation to create workspace metadata
Creating new workspace for rootPath: /var/folders/7w/9r4_s1_s42z3f7c136bpjf0r0000gn/T/autobyteus-workspace-4AgGzq/server-data/temp_workspace/.
Resolved configured temp workspace root to TempWorkspace.

stdout | tests/e2e/workspaces/workspaces-graphql.e2e.test.ts > Workspaces GraphQL e2e > resolves createWorkspace for the configured temp root to temp_ws_default without persisting a filesystem entry
Creating temp workspace at: /var/folders/7w/9r4_s1_s42z3f7c136bpjf0r0000gn/T/autobyteus-workspace-4AgGzq/server-data/temp_workspace
Created metadata-only FileSystemWorkspace at /var/folders/7w/9r4_s1_s42z3f7c136bpjf0r0000gn/T/autobyteus-workspace-4AgGzq/server-data/temp_workspace.
Initialized TempWorkspace at /var/folders/7w/9r4_s1_s42z3f7c136bpjf0r0000gn/T/autobyteus-workspace-4AgGzq/server-data/temp_workspace with fixed ID 'temp_ws_default'
Temp workspace created and cached with ID: temp_ws_default

stdout | tests/e2e/workspaces/workspaces-graphql.e2e.test.ts > Workspaces GraphQL e2e > resolves createWorkspace for the configured temp root to temp_ws_default without persisting a filesystem entry
Closing FileSystemWorkspace temp_ws_default

stdout | tests/e2e/workspaces/workspaces-graphql.e2e.test.ts > Workspaces GraphQL e2e > preserves a seeded registry when GraphQL workspace listing and creation overlap
GraphQL mutation to create workspace metadata
Creating new workspace for rootPath: /var/folders/7w/9r4_s1_s42z3f7c136bpjf0r0000gn/T/autobyteus-workspace-em1Yq2/created-during-list
Created metadata-only FileSystemWorkspace at /var/folders/7w/9r4_s1_s42z3f7c136bpjf0r0000gn/T/autobyteus-workspace-em1Yq2/created-during-list.

stdout | tests/e2e/workspaces/workspaces-graphql.e2e.test.ts > Workspaces GraphQL e2e > preserves a seeded registry when GraphQL workspace listing and creation overlap
Creating temp workspace at: /var/folders/7w/9r4_s1_s42z3f7c136bpjf0r0000gn/T/autobyteus-workspace-em1Yq2/server-data/temp_workspace
Created metadata-only FileSystemWorkspace at /var/folders/7w/9r4_s1_s42z3f7c136bpjf0r0000gn/T/autobyteus-workspace-em1Yq2/server-data/temp_workspace.
Initialized TempWorkspace at /var/folders/7w/9r4_s1_s42z3f7c136bpjf0r0000gn/T/autobyteus-workspace-em1Yq2/server-data/temp_workspace with fixed ID 'temp_ws_default'
Temp workspace created and cached with ID: temp_ws_default

stdout | tests/e2e/workspaces/workspaces-graphql.e2e.test.ts > Workspaces GraphQL e2e > preserves a seeded registry when GraphQL workspace listing and creation overlap
Created and registered workspace ID: agent_ws_386b5d1949c4d77312d1f36c59e4d443a096218a155c49e0b396695542ab6a7d

stdout | tests/e2e/workspaces/workspaces-graphql.e2e.test.ts > Workspaces GraphQL e2e > preserves a seeded registry when GraphQL workspace listing and creation overlap
Created metadata-only FileSystemWorkspace at /var/folders/7w/9r4_s1_s42z3f7c136bpjf0r0000gn/T/autobyteus-workspace-em1Yq2/existing-a.
Created metadata-only FileSystemWorkspace at /var/folders/7w/9r4_s1_s42z3f7c136bpjf0r0000gn/T/autobyteus-workspace-em1Yq2/existing-b.
Created metadata-only FileSystemWorkspace at /var/folders/7w/9r4_s1_s42z3f7c136bpjf0r0000gn/T/autobyteus-workspace-em1Yq2/existing-c.

stdout | tests/e2e/workspaces/workspaces-graphql.e2e.test.ts > Workspaces GraphQL e2e > preserves a seeded registry when GraphQL workspace listing and creation overlap
Created metadata-only FileSystemWorkspace at /var/folders/7w/9r4_s1_s42z3f7c136bpjf0r0000gn/T/autobyteus-workspace-em1Yq2/existing-a.
Created metadata-only FileSystemWorkspace at /var/folders/7w/9r4_s1_s42z3f7c136bpjf0r0000gn/T/autobyteus-workspace-em1Yq2/existing-b.
Created metadata-only FileSystemWorkspace at /var/folders/7w/9r4_s1_s42z3f7c136bpjf0r0000gn/T/autobyteus-workspace-em1Yq2/existing-c.

stdout | tests/e2e/workspaces/workspaces-graphql.e2e.test.ts > Workspaces GraphQL e2e > preserves a seeded registry when GraphQL workspace listing and creation overlap
Closing FileSystemWorkspace agent_ws_386b5d1949c4d77312d1f36c59e4d443a096218a155c49e0b396695542ab6a7d

stdout | tests/e2e/workspaces/workspaces-graphql.e2e.test.ts > Workspaces GraphQL e2e > preserves a seeded registry when GraphQL workspace listing and creation overlap
Closing FileSystemWorkspace temp_ws_default

stdout | tests/e2e/workspaces/workspaces-graphql.e2e.test.ts > Workspaces GraphQL e2e > rejects removing the default temp workspace
GraphQL mutation to remove registered workspace

stdout | tests/e2e/workspaces/workspaces-graphql.e2e.test.ts > Workspaces GraphQL e2e > rejects removing the default temp workspace
Created metadata-only FileSystemWorkspace at /var/folders/7w/9r4_s1_s42z3f7c136bpjf0r0000gn/T/autobyteus-file-explorer-2HoJvh.
Created metadata-only FileSystemWorkspace at /var/folders/7w/9r4_s1_s42z3f7c136bpjf0r0000gn/T/autobyteus-file-explorer-8tTSNr/graphql_snapshot_ws.
Created metadata-only FileSystemWorkspace at /var/folders/7w/9r4_s1_s42z3f7c136bpjf0r0000gn/T/autobyteus-file-explorer-g1r3VD.
Created metadata-only FileSystemWorkspace at /var/folders/7w/9r4_s1_s42z3f7c136bpjf0r0000gn/T/autobyteus-file-explorer-gdEbJH/graphql_snapshot_ws.
Created metadata-only FileSystemWorkspace at /var/folders/7w/9r4_s1_s42z3f7c136bpjf0r0000gn/T/autobyteus-file-explorer-hbUCJb.
Created metadata-only FileSystemWorkspace at /var/folders/7w/9r4_s1_s42z3f7c136bpjf0r0000gn/T/autobyteus-file-explorer-nmCw3I.
Created metadata-only FileSystemWorkspace at /var/folders/7w/9r4_s1_s42z3f7c136bpjf0r0000gn/T/autobyteus-file-explorer-PilbRd/graphql_snapshot_ws.
Created metadata-only FileSystemWorkspace at /var/folders/7w/9r4_s1_s42z3f7c136bpjf0r0000gn/T/autobyteus-file-explorer-T8MXYG/graphql_snapshot_ws.
Created metadata-only FileSystemWorkspace at /var/folders/7w/9r4_s1_s42z3f7c136bpjf0r0000gn/T/autobyteus-file-explorer-UVad2h.
Created metadata-only FileSystemWorkspace at /var/folders/7w/9r4_s1_s42z3f7c136bpjf0r0000gn/T/autobyteus-file-explorer-ws-e2e-3bHWsy.
Created metadata-only FileSystemWorkspace at /var/folders/7w/9r4_s1_s42z3f7c136bpjf0r0000gn/T/autobyteus-file-explorer-ws-e2e-4O39Kc.
Created metadata-only FileSystemWorkspace at /var/folders/7w/9r4_s1_s42z3f7c136bpjf0r0000gn/T/autobyteus-file-explorer-ws-e2e-DHHzEW.
Created metadata-only FileSystemWorkspace at /var/folders/7w/9r4_s1_s42z3f7c136bpjf0r0000gn/T/autobyteus-file-explorer-ws-e2e-esAuaZ.
Created metadata-only FileSystemWorkspace at /var/folders/7w/9r4_s1_s42z3f7c136bpjf0r0000gn/T/autobyteus-file-explorer-ws-e2e-FYOTVh.
Created metadata-only FileSystemWorkspace at /var/folders/7w/9r4_s1_s42z3f7c136bpjf0r0000gn/T/autobyteus-file-explorer-ws-e2e-g2qrZh.
Created metadata-only FileSystemWorkspace at /var/folders/7w/9r4_s1_s42z3f7c136bpjf0r0000gn/T/autobyteus-file-explorer-ws-e2e-H2Q0z1.
Created metadata-only FileSystemWorkspace at /var/folders/7w/9r4_s1_s42z3f7c136bpjf0r0000gn/T/autobyteus-file-explorer-ws-e2e-iyrCmI.
Created metadata-only FileSystemWorkspace at /var/folders/7w/9r4_s1_s42z3f7c136bpjf0r0000gn/T/autobyteus-file-explorer-ws-e2e-j5JWX4.
Created metadata-only FileSystemWorkspace at /var/folders/7w/9r4_s1_s42z3f7c136bpjf0r0000gn/T/autobyteus-file-explorer-ws-e2e-mADEAM.
Created metadata-only FileSystemWorkspace at /var/folders/7w/9r4_s1_s42z3f7c136bpjf0r0000gn/T/autobyteus-file-explorer-ws-e2e-nYd2MO.
Created metadata-only FileSystemWorkspace at /var/folders/7w/9r4_s1_s42z3f7c136bpjf0r0000gn/T/autobyteus-file-explorer-ws-e2e-onlgnm.
Created metadata-only FileSystemWorkspace at /var/folders/7w/9r4_s1_s42z3f7c136bpjf0r0000gn/T/autobyteus-file-explorer-ws-e2e-RutRS1.
Created metadata-only FileSystemWorkspace at /var/folders/7w/9r4_s1_s42z3f7c136bpjf0r0000gn/T/autobyteus-file-explorer-ws-e2e-VOXs4U.
Created metadata-only FileSystemWorkspace at /var/folders/7w/9r4_s1_s42z3f7c136bpjf0r0000gn/T/autobyteus-file-explorer-ws-e2e-WBH0cs.
Created metadata-only FileSystemWorkspace at /var/folders/7w/9r4_s1_s42z3f7c136bpjf0r0000gn/T/autobyteus-file-explorer-ws-e2e-WYXJXT.
Created metadata-only FileSystemWorkspace at /var/folders/7w/9r4_s1_s42z3f7c136bpjf0r0000gn/T/autobyteus-file-explorer-ws-e2e-YWXKZm.
Created metadata-only FileSystemWorkspace at /var/folders/7w/9r4_s1_s42z3f7c136bpjf0r0000gn/T/autobyteus-file-explorer-ws-e2e-zid3XX.
Created metadata-only FileSystemWorkspace at /var/folders/7w/9r4_s1_s42z3f7c136bpjf0r0000gn/T/autobyteus-file-explorer-yugWJI/graphql_snapshot_ws.
Created metadata-only FileSystemWorkspace at /var/folders/7w/9r4_s1_s42z3f7c136bpjf0r0000gn/T/autobyteus-file-ops-5IkwwD/file_ops_ws.
Created metadata-only FileSystemWorkspace at /var/folders/7w/9r4_s1_s42z3f7c136bpjf0r0000gn/T/autobyteus-file-ops-asZvJ8/rename_ws.
Created metadata-only FileSystemWorkspace at /var/folders/7w/9r4_s1_s42z3f7c136bpjf0r0000gn/T/autobyteus-file-ops-jmSKLA/rename_ws.
Created metadata-only FileSystemWorkspace at /var/folders/7w/9r4_s1_s42z3f7c136bpjf0r0000gn/T/autobyteus-file-ops-L5MDta/file_ops_ws.
Created metadata-only FileSystemWorkspace at /var/folders/7w/9r4_s1_s42z3f7c136bpjf0r0000gn/T/autobyteus-file-ops-lXhDZ4/file_ops_ws.
Created metadata-only FileSystemWorkspace at /var/folders/7w/9r4_s1_s42z3f7c136bpjf0r0000gn/T/autobyteus-file-ops-oekPVr/rename_ws.
Created metadata-only FileSystemWorkspace at /var/folders/7w/9r4_s1_s42z3f7c136bpjf0r0000gn/T/autobyteus-file-ops-Oh89mT/file_ops_ws.
Created metadata-only FileSystemWorkspace at /var/folders/7w/9r4_s1_s42z3f7c136bpjf0r0000gn/T/autobyteus-file-ops-qZdxJv/file_ops_ws.
Created metadata-only FileSystemWorkspace at /var/folders/7w/9r4_s1_s42z3f7c136bpjf0r0000gn/T/autobyteus-file-ops-wfYe3a/rename_ws.
Created metadata-only FileSystemWorkspace at /var/folders/7w/9r4_s1_s42z3f7c136bpjf0r0000gn/T/autobyteus-file-ops-YEPJHb/rename_ws.
Created metadata-only FileSystemWorkspace at /var/folders/7w/9r4_s1_s42z3f7c136bpjf0r0000gn/T/autobyteus-path-boundary-e2e-ecss5p/ignored_ws.
Created metadata-only FileSystemWorkspace at /var/folders/7w/9r4_s1_s42z3f7c136bpjf0r0000gn/T/autobyteus-path-boundary-e2e-GiUsDH/ws.
Created metadata-only FileSystemWorkspace at /var/folders/7w/9r4_s1_s42z3f7c136bpjf0r0000gn/T/autobyteus-path-boundary-e2e-k00QkY/ignored_ws.
Created metadata-only FileSystemWorkspace at /var/folders/7w/9r4_s1_s42z3f7c136bpjf0r0000gn/T/autobyteus-path-boundary-e2e-L56HNx/ws.
Created metadata-only FileSystemWorkspace at /var/folders/7w/9r4_s1_s42z3f7c136bpjf0r0000gn/T/autobyteus-path-boundary-e2e-mxN1JL/ws.
Created metadata-only FileSystemWorkspace at /var/folders/7w/9r4_s1_s42z3f7c136bpjf0r0000gn/T/autobyteus-path-boundary-e2e-oZuc5B/ignored_ws.
Created metadata-only FileSystemWorkspace at /var/folders/7w/9r4_s1_s42z3f7c136bpjf0r0000gn/T/autobyteus-path-boundary-e2e-uNRXjT/ws.
Created metadata-only FileSystemWorkspace at /var/folders/7w/9r4_s1_s42z3f7c136bpjf0r0000gn/T/autobyteus-path-boundary-e2e-UyCCh3/ignored_ws.
Created metadata-only FileSystemWorkspace at /var/folders/7w/9r4_s1_s42z3f7c136bpjf0r0000gn/T/autobyteus-path-boundary-e2e-w0I2IB/ws.
Created metadata-only FileSystemWorkspace at /var/folders/7w/9r4_s1_s42z3f7c136bpjf0r0000gn/T/autobyteus-path-boundary-e2e-XXbvbF/ignored_ws.

stdout | tests/e2e/workspaces/workspaces-graphql.e2e.test.ts > Workspaces GraphQL e2e > creates and lists the temp workspace using the configured relative override under app data dir
Platform detection: Windows=false
App root directory: /Users/normy/autobyteus_org/autobyteus-worktrees/memory-lineage-provenance-analysis/autobyteus-server-ts
App data directory: /Users/normy/autobyteus_org/autobyteus-worktrees/memory-lineage-provenance-analysis/autobyteus-server-ts
Custom app data directory set to: /var/folders/7w/9r4_s1_s42z3f7c136bpjf0r0000gn/T/autobyteus-workspace-oJLfWQ/server-data
Config file not found in new data directory: Error: Configuration file not found: /var/folders/7w/9r4_s1_s42z3f7c136bpjf0r0000gn/T/autobyteus-workspace-oJLfWQ/server-data/.env

stdout | tests/e2e/workspaces/workspaces-graphql.e2e.test.ts > Workspaces GraphQL e2e > creates and lists the temp workspace using the configured relative override under app data dir
Creating temp workspace at: /var/folders/7w/9r4_s1_s42z3f7c136bpjf0r0000gn/T/autobyteus-workspace-oJLfWQ/server-data/isolated-temp-workspace
Created metadata-only FileSystemWorkspace at /var/folders/7w/9r4_s1_s42z3f7c136bpjf0r0000gn/T/autobyteus-workspace-oJLfWQ/server-data/isolated-temp-workspace.
Initialized TempWorkspace at /var/folders/7w/9r4_s1_s42z3f7c136bpjf0r0000gn/T/autobyteus-workspace-oJLfWQ/server-data/isolated-temp-workspace with fixed ID 'temp_ws_default'
Temp workspace created and cached with ID: temp_ws_default

stdout | tests/e2e/workspaces/workspaces-graphql.e2e.test.ts > Workspaces GraphQL e2e > creates and lists the temp workspace using the configured relative override under app data dir
Closing FileSystemWorkspace temp_ws_default

 ✓ tests/e2e/workspaces/workspaces-graphql.e2e.test.ts (11 tests) 113ms
stdout | tests/e2e/token-usage/token-usage-execution-address-backfill-graphql.e2e.test.ts
Successfully registered tool definition: 'read_file'
Successfully registered tool definition: 'write_file'
Successfully registered tool definition: 'edit_file'
Successfully registered tool definition: 'replace_in_file'
Successfully registered tool definition: 'insert_in_file'
Successfully registered tool definition: 'run_bash'
Successfully registered tool definition: 'start_background_process'
Successfully registered tool definition: 'get_background_processes'
Successfully registered tool definition: 'get_process_output'
Successfully registered tool definition: 'stop_background_process'
Successfully registered tool definition: 'search_web'
Successfully registered tool definition: 'read_media_file'
Successfully registered tool definition: 'download_media'
Successfully registered tool definition: 'read_url'
Successfully registered tool definition: 'add_todo'
Successfully registered tool definition: 'create_todo_list'
Successfully registered tool definition: 'get_todo_list'
Successfully registered tool definition: 'update_todo_status'
AgentFactory (Singleton) initialized.

(node:82476) ExperimentalWarning: SQLite is an experimental feature and might change at any time
(Use `node --trace-warnings ...` to show where the warning was created)
stdout | tests/e2e/token-usage/token-usage-execution-address-backfill-graphql.e2e.test.ts > token usage execution-address backfill GraphQL integration
Platform detection: Windows=false
App root directory: /Users/normy/autobyteus_org/autobyteus-worktrees/memory-lineage-provenance-analysis/autobyteus-server-ts
App data directory: /var/folders/7w/9r4_s1_s42z3f7c136bpjf0r0000gn/T/token-usage-backfill-e2e-aDYYvZ
Config file path: /var/folders/7w/9r4_s1_s42z3f7c136bpjf0r0000gn/T/token-usage-backfill-e2e-aDYYvZ/.env
Loading environment from: /var/folders/7w/9r4_s1_s42z3f7c136bpjf0r0000gn/T/token-usage-backfill-e2e-aDYYvZ/.env
[dotenv@17.3.1] injecting env (0) from ../../../../../../var/folders/7w/9r4_s1_s42z3f7c136bpjf0r0000gn/T/token-usage-backfill-e2e-aDYYvZ/.env -- tip: ⚙️  enable debug logging with { debug: true }
Environment variables loaded successfully
Server public base URL configured to: http://127.0.0.1:29695
=== Starting logging configuration ===
Logging config file is ignored in Node.js: /Users/normy/autobyteus_org/autobyteus-worktrees/memory-lineage-provenance-analysis/autobyteus-server-ts/logging_config.ini
============================================================
SERVER PUBLIC URL: http://127.0.0.1:29695
APP ROOT DIRECTORY: /Users/normy/autobyteus_org/autobyteus-worktrees/memory-lineage-provenance-analysis/autobyteus-server-ts
APP DATA DIRECTORY: /var/folders/7w/9r4_s1_s42z3f7c136bpjf0r0000gn/T/token-usage-backfill-e2e-aDYYvZ
DB DIRECTORY: /var/folders/7w/9r4_s1_s42z3f7c136bpjf0r0000gn/T/token-usage-backfill-e2e-aDYYvZ/db
LOGS DIRECTORY: /var/folders/7w/9r4_s1_s42z3f7c136bpjf0r0000gn/T/token-usage-backfill-e2e-aDYYvZ/logs
DOWNLOAD DIRECTORY: /var/folders/7w/9r4_s1_s42z3f7c136bpjf0r0000gn/T/token-usage-backfill-e2e-aDYYvZ/download
MEMORY DIRECTORY: /var/folders/7w/9r4_s1_s42z3f7c136bpjf0r0000gn/T/token-usage-backfill-e2e-aDYYvZ/memory
============================================================
AppConfig initialization completed successfully

stdout | tests/e2e/token-usage/token-usage-execution-address-backfill-graphql.e2e.test.ts > token usage execution-address backfill GraphQL integration > reparents historical task-team rows, preserves totals, and exposes migration summary details
prisma:info Starting a sqlite pool with 21 connections.

stdout | tests/e2e/token-usage/token-usage-execution-address-backfill-graphql.e2e.test.ts > token usage execution-address backfill GraphQL integration > reparents historical task-team rows, preserves totals, and exposes migration summary details
AgentTeamRunManager initialized with MixedTeamManager-only team execution.

 ✓ tests/e2e/token-usage/token-usage-execution-address-backfill-graphql.e2e.test.ts (1 test) 109ms
stdout | tests/e2e/tool-management/tool-catalog-cleanup.e2e.test.ts
Successfully registered tool definition: 'read_file'
Successfully registered tool definition: 'write_file'
Successfully registered tool definition: 'edit_file'
Successfully registered tool definition: 'replace_in_file'
Successfully registered tool definition: 'insert_in_file'
Successfully registered tool definition: 'run_bash'
Successfully registered tool definition: 'start_background_process'
Successfully registered tool definition: 'get_background_processes'
Successfully registered tool definition: 'get_process_output'
Successfully registered tool definition: 'stop_background_process'
Successfully registered tool definition: 'search_web'
Successfully registered tool definition: 'read_media_file'
Successfully registered tool definition: 'download_media'
Successfully registered tool definition: 'read_url'
Successfully registered tool definition: 'add_todo'
Successfully registered tool definition: 'create_todo_list'
Successfully registered tool definition: 'get_todo_list'
Successfully registered tool definition: 'update_todo_status'
AgentFactory (Singleton) initialized.

(node:82478) ExperimentalWarning: SQLite is an experimental feature and might change at any time
(Use `node --trace-warnings ...` to show where the warning was created)
stdout | tests/e2e/tool-management/tool-catalog-cleanup.e2e.test.ts > Tool catalog cleanup GraphQL e2e > does not expose removed local tools in LOCAL runtime catalog
Successfully registered tool definition: 'read_file'
Successfully registered tool definition: 'write_file'
Successfully registered tool definition: 'edit_file'
Successfully registered tool definition: 'replace_in_file'
Successfully registered tool definition: 'insert_in_file'
Successfully registered tool definition: 'run_bash'
Successfully registered tool definition: 'start_background_process'
Successfully registered tool definition: 'get_background_processes'
Successfully registered tool definition: 'get_process_output'
Successfully registered tool definition: 'stop_background_process'
Successfully registered tool definition: 'search_web'
Successfully registered tool definition: 'read_media_file'
Successfully registered tool definition: 'download_media'
Successfully registered tool definition: 'read_url'
Successfully registered tool definition: 'add_todo'
Successfully registered tool definition: 'create_todo_list'
Successfully registered tool definition: 'get_todo_list'
Successfully registered tool definition: 'update_todo_status'
Loading agent tool definitions...

stdout | tests/e2e/tool-management/tool-catalog-cleanup.e2e.test.ts > Tool catalog cleanup GraphQL e2e > does not expose removed local tools in LOCAL runtime catalog
Platform detection: Windows=false
App root directory: /Users/normy/autobyteus_org/autobyteus-worktrees/memory-lineage-provenance-analysis/autobyteus-server-ts
App data directory: /Users/normy/autobyteus_org/autobyteus-worktrees/memory-lineage-provenance-analysis/autobyteus-server-ts
Successfully registered tool definition: 'generate_image'
Successfully registered tool definition: 'edit_image'
Successfully registered tool definition: 'generate_speech'
Successfully registered tool definition: 'generate_video'
Loaded tool group: Media Tools

stdout | tests/e2e/tool-management/tool-catalog-cleanup.e2e.test.ts > Tool catalog cleanup GraphQL e2e > does not expose removed local tools in LOCAL runtime catalog
Successfully registered tool definition: 'publish_artifacts'
Loaded tool group: Published Artifact Tools

stdout | tests/e2e/tool-management/tool-catalog-cleanup.e2e.test.ts > Tool catalog cleanup GraphQL e2e > does not expose removed local tools in LOCAL runtime catalog
Successfully registered tool definition: 'send_message_to'
Loaded tool group: Agent Communication Tools

stdout | tests/e2e/tool-management/tool-catalog-cleanup.e2e.test.ts > Tool catalog cleanup GraphQL e2e > does not expose removed local tools in LOCAL runtime catalog
Successfully registered tool definition: 'delegate_task'
Successfully registered tool definition: 'submit_task_result'
Successfully registered tool definition: 'review_task_result'
Loaded tool group: Task Delegation Tools

stdout | tests/e2e/tool-management/tool-catalog-cleanup.e2e.test.ts > Tool catalog cleanup GraphQL e2e > does not expose removed local tools in LOCAL runtime catalog
Successfully registered tool definition: 'get_available_skills'
Successfully registered tool definition: 'get_skill_content'
Successfully registered tool definition: 'load_skill'
Loaded tool group: Skills Tools

stdout | tests/e2e/tool-management/tool-catalog-cleanup.e2e.test.ts > Tool catalog cleanup GraphQL e2e > does not expose removed local tools in LOCAL runtime catalog
Successfully registered tool definition: 'open_tab'
Successfully registered tool definition: 'navigate_to'
Successfully registered tool definition: 'close_tab'
Successfully registered tool definition: 'list_tabs'
Successfully registered tool definition: 'read_page'
Successfully registered tool definition: 'screenshot'
Successfully registered tool definition: 'dom_snapshot'
Successfully registered tool definition: 'run_script'
Successfully registered tool definition: 'set_device_emulation'
Loaded tool group: Browser Tools

 ✓ tests/e2e/tool-management/tool-catalog-cleanup.e2e.test.ts (1 test) 99ms
stdout | tests/e2e/token-usage/token-usage-unit-prices-graphql.e2e.test.ts
Successfully registered tool definition: 'read_file'
Successfully registered tool definition: 'write_file'
Successfully registered tool definition: 'edit_file'
Successfully registered tool definition: 'replace_in_file'
Successfully registered tool definition: 'insert_in_file'
Successfully registered tool definition: 'run_bash'
Successfully registered tool definition: 'start_background_process'
Successfully registered tool definition: 'get_background_processes'
Successfully registered tool definition: 'get_process_output'
Successfully registered tool definition: 'stop_background_process'
Successfully registered tool definition: 'search_web'
Successfully registered tool definition: 'read_media_file'
Successfully registered tool definition: 'download_media'
Successfully registered tool definition: 'read_url'
Successfully registered tool definition: 'add_todo'
Successfully registered tool definition: 'create_todo_list'
Successfully registered tool definition: 'get_todo_list'
Successfully registered tool definition: 'update_todo_status'
AgentFactory (Singleton) initialized.

(node:82479) ExperimentalWarning: SQLite is an experimental feature and might change at any time
(Use `node --trace-warnings ...` to show where the warning was created)
stdout | tests/e2e/token-usage/token-usage-unit-prices-graphql.e2e.test.ts > token usage unit-price GraphQL hydration
prisma:info Starting a sqlite pool with 21 connections.

stdout | tests/e2e/token-usage/token-usage-unit-prices-graphql.e2e.test.ts > token usage unit-price GraphQL hydration > exposes display-safe unit prices on hydrated run, team, member, and aggregate statistics summaries
Platform detection: Windows=false
App root directory: /Users/normy/autobyteus_org/autobyteus-worktrees/memory-lineage-provenance-analysis/autobyteus-server-ts
App data directory: /Users/normy/autobyteus_org/autobyteus-worktrees/memory-lineage-provenance-analysis/autobyteus-server-ts

stdout | tests/e2e/token-usage/token-usage-unit-prices-graphql.e2e.test.ts > token usage unit-price GraphQL hydration > exposes display-safe unit prices on hydrated run, team, member, and aggregate statistics summaries
AgentTeamRunManager initialized with MixedTeamManager-only team execution.

 ✓ tests/e2e/token-usage/token-usage-unit-prices-graphql.e2e.test.ts (1 test) 99ms
stdout | tests/e2e/token-usage/token-usage-ledger-provider-semantics.e2e.test.ts
Successfully registered tool definition: 'read_file'
Successfully registered tool definition: 'write_file'
Successfully registered tool definition: 'edit_file'
Successfully registered tool definition: 'replace_in_file'
Successfully registered tool definition: 'insert_in_file'
Successfully registered tool definition: 'run_bash'
Successfully registered tool definition: 'start_background_process'
Successfully registered tool definition: 'get_background_processes'
Successfully registered tool definition: 'get_process_output'
Successfully registered tool definition: 'stop_background_process'
Successfully registered tool definition: 'search_web'
Successfully registered tool definition: 'read_media_file'
Successfully registered tool definition: 'download_media'
Successfully registered tool definition: 'read_url'
Successfully registered tool definition: 'add_todo'
Successfully registered tool definition: 'create_todo_list'
Successfully registered tool definition: 'get_todo_list'
Successfully registered tool definition: 'update_todo_status'
AgentFactory (Singleton) initialized.

(node:82481) ExperimentalWarning: SQLite is an experimental feature and might change at any time
(Use `node --trace-warnings ...` to show where the warning was created)
stdout | tests/e2e/token-usage/token-usage-ledger-provider-semantics.e2e.test.ts > token usage ledger GraphQL provider semantics
prisma:info Starting a sqlite pool with 21 connections.

stdout | tests/e2e/token-usage/token-usage-ledger-provider-semantics.e2e.test.ts > token usage ledger GraphQL provider semantics
Platform detection: Windows=false
App root directory: /Users/normy/autobyteus_org/autobyteus-worktrees/memory-lineage-provenance-analysis/autobyteus-server-ts
App data directory: /var/folders/7w/9r4_s1_s42z3f7c136bpjf0r0000gn/T/autobyteus-token-usage-graphql-8KbhSK
Config file path: /var/folders/7w/9r4_s1_s42z3f7c136bpjf0r0000gn/T/autobyteus-token-usage-graphql-8KbhSK/.env
Loading environment from: /var/folders/7w/9r4_s1_s42z3f7c136bpjf0r0000gn/T/autobyteus-token-usage-graphql-8KbhSK/.env
[dotenv@17.3.1] injecting env (0) from ../../../../../../var/folders/7w/9r4_s1_s42z3f7c136bpjf0r0000gn/T/autobyteus-token-usage-graphql-8KbhSK/.env -- tip: ⚙️  override existing env vars with { override: true }
Environment variables loaded successfully
Server public base URL configured to: http://127.0.0.1:29695
=== Starting logging configuration ===
Logging config file is ignored in Node.js: /Users/normy/autobyteus_org/autobyteus-worktrees/memory-lineage-provenance-analysis/autobyteus-server-ts/logging_config.ini
============================================================
SERVER PUBLIC URL: http://127.0.0.1:29695
APP ROOT DIRECTORY: /Users/normy/autobyteus_org/autobyteus-worktrees/memory-lineage-provenance-analysis/autobyteus-server-ts
APP DATA DIRECTORY: /var/folders/7w/9r4_s1_s42z3f7c136bpjf0r0000gn/T/autobyteus-token-usage-graphql-8KbhSK
DB DIRECTORY: /var/folders/7w/9r4_s1_s42z3f7c136bpjf0r0000gn/T/autobyteus-token-usage-graphql-8KbhSK/db
LOGS DIRECTORY: /var/folders/7w/9r4_s1_s42z3f7c136bpjf0r0000gn/T/autobyteus-token-usage-graphql-8KbhSK/logs
DOWNLOAD DIRECTORY: /var/folders/7w/9r4_s1_s42z3f7c136bpjf0r0000gn/T/autobyteus-token-usage-graphql-8KbhSK/download
MEMORY DIRECTORY: /var/folders/7w/9r4_s1_s42z3f7c136bpjf0r0000gn/T/autobyteus-token-usage-graphql-8KbhSK/memory
============================================================
AppConfig initialization completed successfully

 ✓ tests/e2e/token-usage/token-usage-ledger-provider-semantics.e2e.test.ts (2 tests) 97ms
stdout | tests/e2e/server-settings/server-settings-graphql.e2e.test.ts
Successfully registered tool definition: 'read_file'
Successfully registered tool definition: 'write_file'
Successfully registered tool definition: 'edit_file'
Successfully registered tool definition: 'replace_in_file'
Successfully registered tool definition: 'insert_in_file'
Successfully registered tool definition: 'run_bash'
Successfully registered tool definition: 'start_background_process'
Successfully registered tool definition: 'get_background_processes'
Successfully registered tool definition: 'get_process_output'
Successfully registered tool definition: 'stop_background_process'
Successfully registered tool definition: 'search_web'
Successfully registered tool definition: 'read_media_file'
Successfully registered tool definition: 'download_media'
Successfully registered tool definition: 'read_url'
Successfully registered tool definition: 'add_todo'
Successfully registered tool definition: 'create_todo_list'
Successfully registered tool definition: 'get_todo_list'
Successfully registered tool definition: 'update_todo_status'
AgentFactory (Singleton) initialized.

(node:82485) ExperimentalWarning: SQLite is an experimental feature and might change at any time
(Use `node --trace-warnings ...` to show where the warning was created)
stdout | tests/e2e/server-settings/server-settings-graphql.e2e.test.ts > Server settings GraphQL e2e > supports update/list/delete lifecycle for custom server settings
Platform detection: Windows=false
App root directory: /Users/normy/autobyteus_org/autobyteus-worktrees/memory-lineage-provenance-analysis/autobyteus-server-ts
App data directory: /Users/normy/autobyteus_org/autobyteus-worktrees/memory-lineage-provenance-analysis/autobyteus-server-ts
Custom app data directory set to: /var/folders/7w/9r4_s1_s42z3f7c136bpjf0r0000gn/T/autobyteus-server-settings-graphql-zwNsvw
Updated config file path to /var/folders/7w/9r4_s1_s42z3f7c136bpjf0r0000gn/T/autobyteus-server-settings-graphql-zwNsvw/.env

stdout | tests/e2e/server-settings/server-settings-graphql.e2e.test.ts > Server settings GraphQL e2e > supports update/list/delete lifecycle for custom server settings
Initialized server settings service with 19 predefined settings
Added new custom server setting: CUSTOM_SETTING_1785539573588_0eo7gi
Server setting 'CUSTOM_SETTING_1785539573588_0eo7gi' updated

stdout | tests/e2e/server-settings/server-settings-graphql.e2e.test.ts > Server settings GraphQL e2e > supports update/list/delete lifecycle for custom server settings
Server setting 'CUSTOM_SETTING_1785539573588_0eo7gi' deleted

stdout | tests/e2e/server-settings/server-settings-graphql.e2e.test.ts > Server settings GraphQL e2e > persists featured catalog items through the GraphQL settings boundary
Platform detection: Windows=false
App root directory: /Users/normy/autobyteus_org/autobyteus-worktrees/memory-lineage-provenance-analysis/autobyteus-server-ts
App data directory: /Users/normy/autobyteus_org/autobyteus-worktrees/memory-lineage-provenance-analysis/autobyteus-server-ts
Custom app data directory set to: /var/folders/7w/9r4_s1_s42z3f7c136bpjf0r0000gn/T/autobyteus-server-settings-graphql-vE8Yze
Updated config file path to /var/folders/7w/9r4_s1_s42z3f7c136bpjf0r0000gn/T/autobyteus-server-settings-graphql-vE8Yze/.env

stdout | tests/e2e/server-settings/server-settings-graphql.e2e.test.ts > Server settings GraphQL e2e > persists featured catalog items through the GraphQL settings boundary
Server setting 'AUTOBYTEUS_FEATURED_CATALOG_ITEMS' updated

stdout | tests/e2e/server-settings/server-settings-graphql.e2e.test.ts > Server settings GraphQL e2e > rejects duplicate featured catalog items through GraphQL without replacing the saved value
Platform detection: Windows=false
App root directory: /Users/normy/autobyteus_org/autobyteus-worktrees/memory-lineage-provenance-analysis/autobyteus-server-ts
App data directory: /Users/normy/autobyteus_org/autobyteus-worktrees/memory-lineage-provenance-analysis/autobyteus-server-ts
Custom app data directory set to: /var/folders/7w/9r4_s1_s42z3f7c136bpjf0r0000gn/T/autobyteus-server-settings-graphql-gKK4eO
Updated config file path to /var/folders/7w/9r4_s1_s42z3f7c136bpjf0r0000gn/T/autobyteus-server-settings-graphql-gKK4eO/.env

stdout | tests/e2e/server-settings/server-settings-graphql.e2e.test.ts > Server settings GraphQL e2e > rejects duplicate featured catalog items through GraphQL without replacing the saved value
Server setting 'AUTOBYTEUS_FEATURED_CATALOG_ITEMS' updated

stdout | tests/e2e/server-settings/server-settings-graphql.e2e.test.ts > Server settings GraphQL e2e > validates and exposes Codex sandbox mode through the GraphQL settings boundary
Platform detection: Windows=false
App root directory: /Users/normy/autobyteus_org/autobyteus-worktrees/memory-lineage-provenance-analysis/autobyteus-server-ts
App data directory: /Users/normy/autobyteus_org/autobyteus-worktrees/memory-lineage-provenance-analysis/autobyteus-server-ts
Custom app data directory set to: /var/folders/7w/9r4_s1_s42z3f7c136bpjf0r0000gn/T/autobyteus-server-settings-graphql-24I2gw
Updated config file path to /var/folders/7w/9r4_s1_s42z3f7c136bpjf0r0000gn/T/autobyteus-server-settings-graphql-24I2gw/.env

stdout | tests/e2e/server-settings/server-settings-graphql.e2e.test.ts > Server settings GraphQL e2e > validates and exposes Codex sandbox mode through the GraphQL settings boundary
Server setting 'CODEX_APP_SERVER_SANDBOX' updated

stdout | tests/e2e/server-settings/server-settings-graphql.e2e.test.ts > Server settings GraphQL e2e > validates and exposes Codex sandbox mode through the GraphQL settings boundary
Server setting 'CODEX_APP_SERVER_SANDBOX' updated

stdout | tests/e2e/server-settings/server-settings-graphql.e2e.test.ts > Server settings GraphQL e2e > validates and exposes Codex sandbox mode through the GraphQL settings boundary
Server setting 'CODEX_APP_SERVER_SANDBOX' updated

stdout | tests/e2e/server-settings/server-settings-graphql.e2e.test.ts > Server settings GraphQL e2e > validates and exposes the stream parser override through the GraphQL settings boundary
Platform detection: Windows=false
App root directory: /Users/normy/autobyteus_org/autobyteus-worktrees/memory-lineage-provenance-analysis/autobyteus-server-ts
App data directory: /Users/normy/autobyteus_org/autobyteus-worktrees/memory-lineage-provenance-analysis/autobyteus-server-ts
Custom app data directory set to: /var/folders/7w/9r4_s1_s42z3f7c136bpjf0r0000gn/T/autobyteus-server-settings-graphql-3lqKCK
Updated config file path to /var/folders/7w/9r4_s1_s42z3f7c136bpjf0r0000gn/T/autobyteus-server-settings-graphql-3lqKCK/.env

stdout | tests/e2e/server-settings/server-settings-graphql.e2e.test.ts > Server settings GraphQL e2e > validates and exposes the stream parser override through the GraphQL settings boundary
Server setting 'AUTOBYTEUS_STREAM_PARSER' updated

stdout | tests/e2e/server-settings/server-settings-graphql.e2e.test.ts > Server settings GraphQL e2e > validates and exposes the stream parser override through the GraphQL settings boundary
Server setting 'AUTOBYTEUS_STREAM_PARSER' updated

stdout | tests/e2e/server-settings/server-settings-graphql.e2e.test.ts > Server settings GraphQL e2e > validates and exposes the stream parser override through the GraphQL settings boundary
Server setting 'AUTOBYTEUS_STREAM_PARSER' updated

stdout | tests/e2e/server-settings/server-settings-graphql.e2e.test.ts > Server settings GraphQL e2e > validates and exposes the stream parser override through the GraphQL settings boundary
Server setting 'AUTOBYTEUS_STREAM_PARSER' updated

stdout | tests/e2e/server-settings/server-settings-graphql.e2e.test.ts > Server settings GraphQL e2e > persists media default model identifiers as predefined GraphQL settings without catalog allow-list validation
Platform detection: Windows=false
App root directory: /Users/normy/autobyteus_org/autobyteus-worktrees/memory-lineage-provenance-analysis/autobyteus-server-ts
App data directory: /Users/normy/autobyteus_org/autobyteus-worktrees/memory-lineage-provenance-analysis/autobyteus-server-ts
Custom app data directory set to: /var/folders/7w/9r4_s1_s42z3f7c136bpjf0r0000gn/T/autobyteus-server-settings-graphql-bwwFEo
Updated config file path to /var/folders/7w/9r4_s1_s42z3f7c136bpjf0r0000gn/T/autobyteus-server-settings-graphql-bwwFEo/.env

stdout | tests/e2e/server-settings/server-settings-graphql.e2e.test.ts > Server settings GraphQL e2e > persists media default model identifiers as predefined GraphQL settings without catalog allow-list validation
Server setting 'DEFAULT_IMAGE_EDIT_MODEL' updated

stdout | tests/e2e/server-settings/server-settings-graphql.e2e.test.ts > Server settings GraphQL e2e > persists media default model identifiers as predefined GraphQL settings without catalog allow-list validation
Server setting 'DEFAULT_IMAGE_GENERATION_MODEL' updated

stdout | tests/e2e/server-settings/server-settings-graphql.e2e.test.ts > Server settings GraphQL e2e > persists media default model identifiers as predefined GraphQL settings without catalog allow-list validation
Server setting 'DEFAULT_SPEECH_GENERATION_MODEL' updated

stdout | tests/e2e/server-settings/server-settings-graphql.e2e.test.ts > Server settings GraphQL e2e > lists effective Codex sandbox values with predefined metadata even when not persisted
Platform detection: Windows=false
App root directory: /Users/normy/autobyteus_org/autobyteus-worktrees/memory-lineage-provenance-analysis/autobyteus-server-ts
App data directory: /Users/normy/autobyteus_org/autobyteus-worktrees/memory-lineage-provenance-analysis/autobyteus-server-ts
Custom app data directory set to: /var/folders/7w/9r4_s1_s42z3f7c136bpjf0r0000gn/T/autobyteus-server-settings-graphql-IGOUwa
Updated config file path to /var/folders/7w/9r4_s1_s42z3f7c136bpjf0r0000gn/T/autobyteus-server-settings-graphql-IGOUwa/.env

stdout | tests/e2e/server-settings/server-settings-graphql.e2e.test.ts > Server settings GraphQL e2e > lists effective stream parser values with predefined metadata even when not persisted
Platform detection: Windows=false
App root directory: /Users/normy/autobyteus_org/autobyteus-worktrees/memory-lineage-provenance-analysis/autobyteus-server-ts
App data directory: /Users/normy/autobyteus_org/autobyteus-worktrees/memory-lineage-provenance-analysis/autobyteus-server-ts
Custom app data directory set to: /var/folders/7w/9r4_s1_s42z3f7c136bpjf0r0000gn/T/autobyteus-server-settings-graphql-Gdxevz
Updated config file path to /var/folders/7w/9r4_s1_s42z3f7c136bpjf0r0000gn/T/autobyteus-server-settings-graphql-Gdxevz/.env

stdout | tests/e2e/server-settings/server-settings-graphql.e2e.test.ts > Server settings GraphQL e2e > exposes the production compaction strategy catalog and effective default without persisting it
Platform detection: Windows=false
App root directory: /Users/normy/autobyteus_org/autobyteus-worktrees/memory-lineage-provenance-analysis/autobyteus-server-ts
App data directory: /Users/normy/autobyteus_org/autobyteus-worktrees/memory-lineage-provenance-analysis/autobyteus-server-ts
Custom app data directory set to: /var/folders/7w/9r4_s1_s42z3f7c136bpjf0r0000gn/T/autobyteus-server-settings-graphql-AQqiAM
Updated config file path to /var/folders/7w/9r4_s1_s42z3f7c136bpjf0r0000gn/T/autobyteus-server-settings-graphql-AQqiAM/.env

stdout | tests/e2e/server-settings/server-settings-graphql.e2e.test.ts > Server settings GraphQL e2e > persists a registered global compaction strategy and selects it for an existing runtime's next operation
Platform detection: Windows=false
App root directory: /Users/normy/autobyteus_org/autobyteus-worktrees/memory-lineage-provenance-analysis/autobyteus-server-ts
App data directory: /Users/normy/autobyteus_org/autobyteus-worktrees/memory-lineage-provenance-analysis/autobyteus-server-ts
Custom app data directory set to: /var/folders/7w/9r4_s1_s42z3f7c136bpjf0r0000gn/T/autobyteus-server-settings-graphql-MrXHVP
Updated config file path to /var/folders/7w/9r4_s1_s42z3f7c136bpjf0r0000gn/T/autobyteus-server-settings-graphql-MrXHVP/.env

stdout | tests/e2e/server-settings/server-settings-graphql.e2e.test.ts > Server settings GraphQL e2e > persists a registered global compaction strategy and selects it for an existing runtime's next operation
Server setting 'AUTOBYTEUS_COMPACTION_STRATEGY' updated

 ✓ tests/e2e/server-settings/server-settings-graphql.e2e.test.ts (10 tests) 89ms
stdout | tests/e2e/memory/memory-explorer-graphql.e2e.test.ts
Successfully registered tool definition: 'read_file'
Successfully registered tool definition: 'write_file'
Successfully registered tool definition: 'edit_file'
Successfully registered tool definition: 'replace_in_file'
Successfully registered tool definition: 'insert_in_file'
Successfully registered tool definition: 'run_bash'
Successfully registered tool definition: 'start_background_process'
Successfully registered tool definition: 'get_background_processes'
Successfully registered tool definition: 'get_process_output'
Successfully registered tool definition: 'stop_background_process'
Successfully registered tool definition: 'search_web'
Successfully registered tool definition: 'read_media_file'
Successfully registered tool definition: 'download_media'
Successfully registered tool definition: 'read_url'
Successfully registered tool definition: 'add_todo'
Successfully registered tool definition: 'create_todo_list'
Successfully registered tool definition: 'get_todo_list'
Successfully registered tool definition: 'update_todo_status'
AgentFactory (Singleton) initialized.

(node:82490) ExperimentalWarning: SQLite is an experimental feature and might change at any time
(Use `node --trace-warnings ...` to show where the warning was created)
stdout | tests/e2e/memory/memory-explorer-graphql.e2e.test.ts
Platform detection: Windows=false
App root directory: /Users/normy/autobyteus_org/autobyteus-worktrees/memory-lineage-provenance-analysis/autobyteus-server-ts
App data directory: /Users/normy/autobyteus_org/autobyteus-worktrees/memory-lineage-provenance-analysis/autobyteus-server-ts

stdout | tests/e2e/memory/memory-explorer-graphql.e2e.test.ts > Memory explorer GraphQL e2e
Custom app data directory set to: /var/folders/7w/9r4_s1_s42z3f7c136bpjf0r0000gn/T/autobyteus-memory-explorer-SuxygL
Config file not found in new data directory: Error: Configuration file not found: /var/folders/7w/9r4_s1_s42z3f7c136bpjf0r0000gn/T/autobyteus-memory-explorer-SuxygL/.env

 ✓ tests/e2e/memory/memory-explorer-graphql.e2e.test.ts (1 test) 89ms
stdout | tests/e2e/token-usage/gpt56-token-usage-accounting-graphql.e2e.test.ts
Successfully registered tool definition: 'read_file'
Successfully registered tool definition: 'write_file'
Successfully registered tool definition: 'edit_file'
Successfully registered tool definition: 'replace_in_file'
Successfully registered tool definition: 'insert_in_file'
Successfully registered tool definition: 'run_bash'
Successfully registered tool definition: 'start_background_process'
Successfully registered tool definition: 'get_background_processes'
Successfully registered tool definition: 'get_process_output'
Successfully registered tool definition: 'stop_background_process'
Successfully registered tool definition: 'search_web'
Successfully registered tool definition: 'read_media_file'
Successfully registered tool definition: 'download_media'
Successfully registered tool definition: 'read_url'
Successfully registered tool definition: 'add_todo'
Successfully registered tool definition: 'create_todo_list'
Successfully registered tool definition: 'get_todo_list'
Successfully registered tool definition: 'update_todo_status'
AgentFactory (Singleton) initialized.

(node:82491) ExperimentalWarning: SQLite is an experimental feature and might change at any time
(Use `node --trace-warnings ...` to show where the warning was created)
stdout | tests/e2e/token-usage/gpt56-token-usage-accounting-graphql.e2e.test.ts > GPT-5.6 token usage accounting and GraphQL convergence
prisma:info Starting a sqlite pool with 21 connections.

stdout | tests/e2e/token-usage/gpt56-token-usage-accounting-graphql.e2e.test.ts > GPT-5.6 token usage accounting and GraphQL convergence > preserves exact generic components and costs for 'gpt-5.6-sol' through the 'standard <=272K tier'
Platform detection: Windows=false
App root directory: /Users/normy/autobyteus_org/autobyteus-worktrees/memory-lineage-provenance-analysis/autobyteus-server-ts
App data directory: /Users/normy/autobyteus_org/autobyteus-worktrees/memory-lineage-provenance-analysis/autobyteus-server-ts

 ✓ tests/e2e/token-usage/gpt56-token-usage-accounting-graphql.e2e.test.ts (6 tests) 99ms
stdout | tests/e2e/file-explorer/file-explorer-path-boundary.e2e.test.ts
Successfully registered tool definition: 'read_file'
Successfully registered tool definition: 'write_file'
Successfully registered tool definition: 'edit_file'
Successfully registered tool definition: 'replace_in_file'
Successfully registered tool definition: 'insert_in_file'
Successfully registered tool definition: 'run_bash'
Successfully registered tool definition: 'start_background_process'
Successfully registered tool definition: 'get_background_processes'
Successfully registered tool definition: 'get_process_output'
Successfully registered tool definition: 'stop_background_process'
Successfully registered tool definition: 'search_web'
Successfully registered tool definition: 'read_media_file'
Successfully registered tool definition: 'download_media'
Successfully registered tool definition: 'read_url'
Successfully registered tool definition: 'add_todo'
Successfully registered tool definition: 'create_todo_list'
Successfully registered tool definition: 'get_todo_list'
Successfully registered tool definition: 'update_todo_status'
AgentFactory (Singleton) initialized.

(node:82493) ExperimentalWarning: SQLite is an experimental feature and might change at any time
(Use `node --trace-warnings ...` to show where the warning was created)
stdout | tests/e2e/file-explorer/file-explorer-path-boundary.e2e.test.ts > File explorer GraphQL path-boundary e2e > rejects ignored folder projections before cached tree mutation
GraphQL mutation to create workspace metadata
Creating new workspace for rootPath: /var/folders/7w/9r4_s1_s42z3f7c136bpjf0r0000gn/T/autobyteus-path-boundary-e2e-HmmXrS/ignored_ws
Platform detection: Windows=false
App root directory: /Users/normy/autobyteus_org/autobyteus-worktrees/memory-lineage-provenance-analysis/autobyteus-server-ts
App data directory: /Users/normy/autobyteus_org/autobyteus-worktrees/memory-lineage-provenance-analysis/autobyteus-server-ts
Created metadata-only FileSystemWorkspace at /var/folders/7w/9r4_s1_s42z3f7c136bpjf0r0000gn/T/autobyteus-path-boundary-e2e-HmmXrS/ignored_ws.

stdout | tests/e2e/file-explorer/file-explorer-path-boundary.e2e.test.ts > File explorer GraphQL path-boundary e2e > rejects ignored folder projections before cached tree mutation
Created and registered workspace ID: agent_ws_1f731f7cd88d9687734ab147a315cc7628904ce79413bcd2df6258e464e5c809

stdout | tests/e2e/file-explorer/file-explorer-path-boundary.e2e.test.ts > File explorer GraphQL path-boundary e2e > rejects ignored folder projections before cached tree mutation
Created WorkspaceFileExplorer for agent_ws_1f731f7cd88d9687734ab147a315cc7628904ce79413bcd2df6258e464e5c809 (graphql-folder-children).

stdout | tests/e2e/file-explorer/file-explorer-path-boundary.e2e.test.ts > File explorer GraphQL path-boundary e2e > rejects ignored folder projections before cached tree mutation
Closing FileSystemWorkspace agent_ws_1f731f7cd88d9687734ab147a315cc7628904ce79413bcd2df6258e464e5c809

stdout | tests/e2e/file-explorer/file-explorer-path-boundary.e2e.test.ts > File explorer GraphQL path-boundary e2e > rejects same-prefix sibling escapes through folder, read, write, and rename APIs
GraphQL mutation to create workspace metadata
Creating new workspace for rootPath: /var/folders/7w/9r4_s1_s42z3f7c136bpjf0r0000gn/T/autobyteus-path-boundary-e2e-dEdRkK/ws
Created metadata-only FileSystemWorkspace at /var/folders/7w/9r4_s1_s42z3f7c136bpjf0r0000gn/T/autobyteus-path-boundary-e2e-dEdRkK/ws.

stdout | tests/e2e/file-explorer/file-explorer-path-boundary.e2e.test.ts > File explorer GraphQL path-boundary e2e > rejects same-prefix sibling escapes through folder, read, write, and rename APIs
Created and registered workspace ID: agent_ws_3de5310a887433232643dd8e9656a2c97324abe67b029be7259ffa08a0bf8b9a

stdout | tests/e2e/file-explorer/file-explorer-path-boundary.e2e.test.ts > File explorer GraphQL path-boundary e2e > rejects same-prefix sibling escapes through folder, read, write, and rename APIs
Created WorkspaceFileExplorer for agent_ws_3de5310a887433232643dd8e9656a2c97324abe67b029be7259ffa08a0bf8b9a (graphql-folder-children).

stdout | tests/e2e/file-explorer/file-explorer-path-boundary.e2e.test.ts > File explorer GraphQL path-boundary e2e > rejects same-prefix sibling escapes through folder, read, write, and rename APIs
Starting directory traversal for: '/var/folders/7w/9r4_s1_s42z3f7c136bpjf0r0000gn/T/autobyteus-path-boundary-e2e-dEdRkK/ws' with max_depth=null

stdout | tests/e2e/file-explorer/file-explorer-path-boundary.e2e.test.ts > File explorer GraphQL path-boundary e2e > rejects same-prefix sibling escapes through folder, read, write, and rename APIs
Directory traversal for '/var/folders/7w/9r4_s1_s42z3f7c136bpjf0r0000gn/T/autobyteus-path-boundary-e2e-dEdRkK/ws' completed in 0.0010 seconds.

stdout | tests/e2e/file-explorer/file-explorer-path-boundary.e2e.test.ts > File explorer GraphQL path-boundary e2e > rejects same-prefix sibling escapes through folder, read, write, and rename APIs
Closing FileSystemWorkspace agent_ws_3de5310a887433232643dd8e9656a2c97324abe67b029be7259ffa08a0bf8b9a

 ✓ tests/e2e/file-explorer/file-explorer-path-boundary.e2e.test.ts (2 tests) 78ms
stdout | tests/e2e/token-usage/token-usage-provider-name-snapshot-backfill-startup.e2e.test.ts
Successfully registered tool definition: 'read_file'
Successfully registered tool definition: 'write_file'
Successfully registered tool definition: 'edit_file'
Successfully registered tool definition: 'replace_in_file'
Successfully registered tool definition: 'insert_in_file'
Successfully registered tool definition: 'run_bash'
Successfully registered tool definition: 'start_background_process'
Successfully registered tool definition: 'get_background_processes'
Successfully registered tool definition: 'get_process_output'
Successfully registered tool definition: 'stop_background_process'
Successfully registered tool definition: 'search_web'
Successfully registered tool definition: 'read_media_file'
Successfully registered tool definition: 'download_media'
Successfully registered tool definition: 'read_url'
Successfully registered tool definition: 'add_todo'
Successfully registered tool definition: 'create_todo_list'
Successfully registered tool definition: 'get_todo_list'
Successfully registered tool definition: 'update_todo_status'
AgentFactory (Singleton) initialized.

(node:82496) ExperimentalWarning: SQLite is an experimental feature and might change at any time
(Use `node --trace-warnings ...` to show where the warning was created)
stdout | tests/e2e/token-usage/token-usage-provider-name-snapshot-backfill-startup.e2e.test.ts > token usage provider-name snapshot backfill startup e2e
prisma:info Starting a sqlite pool with 21 connections.

 ✓ tests/e2e/token-usage/token-usage-provider-name-snapshot-backfill-startup.e2e.test.ts (2 tests) 60ms
stdout | tests/e2e/file-explorer/file-explorer-graphql.e2e.test.ts
Successfully registered tool definition: 'read_file'
Successfully registered tool definition: 'write_file'
Successfully registered tool definition: 'edit_file'
Successfully registered tool definition: 'replace_in_file'
Successfully registered tool definition: 'insert_in_file'
Successfully registered tool definition: 'run_bash'
Successfully registered tool definition: 'start_background_process'
Successfully registered tool definition: 'get_background_processes'
Successfully registered tool definition: 'get_process_output'
Successfully registered tool definition: 'stop_background_process'
Successfully registered tool definition: 'search_web'
Successfully registered tool definition: 'read_media_file'
Successfully registered tool definition: 'download_media'
Successfully registered tool definition: 'read_url'
Successfully registered tool definition: 'add_todo'
Successfully registered tool definition: 'create_todo_list'
Successfully registered tool definition: 'get_todo_list'
Successfully registered tool definition: 'update_todo_status'
AgentFactory (Singleton) initialized.

(node:82497) ExperimentalWarning: SQLite is an experimental feature and might change at any time
(Use `node --trace-warnings ...` to show where the warning was created)
stdout | tests/e2e/file-explorer/file-explorer-graphql.e2e.test.ts > File explorer GraphQL e2e > returns immediate children for folderChildren
Creating new workspace for rootPath: /var/folders/7w/9r4_s1_s42z3f7c136bpjf0r0000gn/T/autobyteus-file-explorer-wtynhq
Platform detection: Windows=false
App root directory: /Users/normy/autobyteus_org/autobyteus-worktrees/memory-lineage-provenance-analysis/autobyteus-server-ts
App data directory: /Users/normy/autobyteus_org/autobyteus-worktrees/memory-lineage-provenance-analysis/autobyteus-server-ts
Created metadata-only FileSystemWorkspace at /var/folders/7w/9r4_s1_s42z3f7c136bpjf0r0000gn/T/autobyteus-file-explorer-wtynhq.

stdout | tests/e2e/file-explorer/file-explorer-graphql.e2e.test.ts > File explorer GraphQL e2e > returns immediate children for folderChildren
Created and registered workspace ID: agent_ws_9708d9cdabec8c8d1e47a40943dd15fdc345b34b295d05fdc53f1261c0391a37

stdout | tests/e2e/file-explorer/file-explorer-graphql.e2e.test.ts > File explorer GraphQL e2e > returns immediate children for folderChildren
Created WorkspaceFileExplorer for agent_ws_9708d9cdabec8c8d1e47a40943dd15fdc345b34b295d05fdc53f1261c0391a37 (graphql-folder-children).

stdout | tests/e2e/file-explorer/file-explorer-graphql.e2e.test.ts > File explorer GraphQL e2e > returns immediate children for folderChildren
Closing FileSystemWorkspace agent_ws_9708d9cdabec8c8d1e47a40943dd15fdc345b34b295d05fdc53f1261c0391a37

stdout | tests/e2e/file-explorer/file-explorer-graphql.e2e.test.ts > File explorer GraphQL e2e > keeps GraphQL search and folder snapshots watcher-free when no file explorer stream is visible
GraphQL mutation to create workspace metadata
Creating new workspace for rootPath: /var/folders/7w/9r4_s1_s42z3f7c136bpjf0r0000gn/T/autobyteus-file-explorer-qyft34/graphql_snapshot_ws
Created metadata-only FileSystemWorkspace at /var/folders/7w/9r4_s1_s42z3f7c136bpjf0r0000gn/T/autobyteus-file-explorer-qyft34/graphql_snapshot_ws.

stdout | tests/e2e/file-explorer/file-explorer-graphql.e2e.test.ts > File explorer GraphQL e2e > keeps GraphQL search and folder snapshots watcher-free when no file explorer stream is visible
Created and registered workspace ID: agent_ws_8103eac7134ee28233cd805e70912db773104c0dae62349b133f9ec853702dd2

stdout | tests/e2e/file-explorer/file-explorer-graphql.e2e.test.ts > File explorer GraphQL e2e > keeps GraphQL search and folder snapshots watcher-free when no file explorer stream is visible
Created WorkspaceFileExplorer for agent_ws_8103eac7134ee28233cd805e70912db773104c0dae62349b133f9ec853702dd2 (graphql-folder-children).

stdout | tests/e2e/file-explorer/file-explorer-graphql.e2e.test.ts > File explorer GraphQL e2e > keeps GraphQL search and folder snapshots watcher-free when no file explorer stream is visible
Starting directory traversal for: '/var/folders/7w/9r4_s1_s42z3f7c136bpjf0r0000gn/T/autobyteus-file-explorer-qyft34/graphql_snapshot_ws' with max_depth=null

stdout | tests/e2e/file-explorer/file-explorer-graphql.e2e.test.ts > File explorer GraphQL e2e > keeps GraphQL search and folder snapshots watcher-free when no file explorer stream is visible
Directory traversal for '/var/folders/7w/9r4_s1_s42z3f7c136bpjf0r0000gn/T/autobyteus-file-explorer-qyft34/graphql_snapshot_ws' completed in 0.0010 seconds.

stdout | tests/e2e/file-explorer/file-explorer-graphql.e2e.test.ts > File explorer GraphQL e2e > keeps GraphQL search and folder snapshots watcher-free when no file explorer stream is visible
FileNameIndexer refreshing snapshot index...

stdout | tests/e2e/file-explorer/file-explorer-graphql.e2e.test.ts > File explorer GraphQL e2e > keeps GraphQL search and folder snapshots watcher-free when no file explorer stream is visible
[Search] Trying strategy: FuzzysortSearchStrategy for query 'beta-search-target'

stdout | tests/e2e/file-explorer/file-explorer-graphql.e2e.test.ts > File explorer GraphQL e2e > keeps GraphQL search and folder snapshots watcher-free when no file explorer stream is visible
[Search] FuzzysortSearchStrategy completed in 0.47ms, found 1 results (total: 0.49ms)

stdout | tests/e2e/file-explorer/file-explorer-graphql.e2e.test.ts > File explorer GraphQL e2e > keeps GraphQL search and folder snapshots watcher-free when no file explorer stream is visible
Closing FileSystemWorkspace agent_ws_8103eac7134ee28233cd805e70912db773104c0dae62349b133f9ec853702dd2

 ✓ tests/e2e/file-explorer/file-explorer-graphql.e2e.test.ts (3 tests) 72ms
stdout | tests/e2e/file-explorer/file-operations-graphql.e2e.test.ts
Successfully registered tool definition: 'read_file'
Successfully registered tool definition: 'write_file'
Successfully registered tool definition: 'edit_file'
Successfully registered tool definition: 'replace_in_file'
Successfully registered tool definition: 'insert_in_file'
Successfully registered tool definition: 'run_bash'
Successfully registered tool definition: 'start_background_process'
Successfully registered tool definition: 'get_background_processes'
Successfully registered tool definition: 'get_process_output'
Successfully registered tool definition: 'stop_background_process'
Successfully registered tool definition: 'search_web'
Successfully registered tool definition: 'read_media_file'
Successfully registered tool definition: 'download_media'
Successfully registered tool definition: 'read_url'
Successfully registered tool definition: 'add_todo'
Successfully registered tool definition: 'create_todo_list'
Successfully registered tool definition: 'get_todo_list'
Successfully registered tool definition: 'update_todo_status'
AgentFactory (Singleton) initialized.

(node:82499) ExperimentalWarning: SQLite is an experimental feature and might change at any time
(Use `node --trace-warnings ...` to show where the warning was created)
stdout | tests/e2e/file-explorer/file-operations-graphql.e2e.test.ts > File operations GraphQL e2e > handles file lifecycle via GraphQL
GraphQL mutation to create workspace metadata
Creating new workspace for rootPath: /var/folders/7w/9r4_s1_s42z3f7c136bpjf0r0000gn/T/autobyteus-file-ops-qI4mql/file_ops_ws
Platform detection: Windows=false
App root directory: /Users/normy/autobyteus_org/autobyteus-worktrees/memory-lineage-provenance-analysis/autobyteus-server-ts
App data directory: /Users/normy/autobyteus_org/autobyteus-worktrees/memory-lineage-provenance-analysis/autobyteus-server-ts
Created metadata-only FileSystemWorkspace at /var/folders/7w/9r4_s1_s42z3f7c136bpjf0r0000gn/T/autobyteus-file-ops-qI4mql/file_ops_ws.

stdout | tests/e2e/file-explorer/file-operations-graphql.e2e.test.ts > File operations GraphQL e2e > handles file lifecycle via GraphQL
Created and registered workspace ID: agent_ws_c120fadab5a632b5d4112a48ea490d4df939fe3464bb2d5c8f6faf4763ae20bc

stdout | tests/e2e/file-explorer/file-operations-graphql.e2e.test.ts > File operations GraphQL e2e > handles file lifecycle via GraphQL
Created WorkspaceFileExplorer for agent_ws_c120fadab5a632b5d4112a48ea490d4df939fe3464bb2d5c8f6faf4763ae20bc (graphql-write-file).

stdout | tests/e2e/file-explorer/file-operations-graphql.e2e.test.ts > File operations GraphQL e2e > handles file lifecycle via GraphQL
Starting directory traversal for: '/var/folders/7w/9r4_s1_s42z3f7c136bpjf0r0000gn/T/autobyteus-file-ops-qI4mql/file_ops_ws' with max_depth=null

stdout | tests/e2e/file-explorer/file-operations-graphql.e2e.test.ts > File operations GraphQL e2e > handles file lifecycle via GraphQL
Directory traversal for '/var/folders/7w/9r4_s1_s42z3f7c136bpjf0r0000gn/T/autobyteus-file-ops-qI4mql/file_ops_ws' completed in 0.0010 seconds.

stdout | tests/e2e/file-explorer/file-operations-graphql.e2e.test.ts > File operations GraphQL e2e > handles file lifecycle via GraphQL
Closing FileSystemWorkspace agent_ws_c120fadab5a632b5d4112a48ea490d4df939fe3464bb2d5c8f6faf4763ae20bc

stdout | tests/e2e/file-explorer/file-operations-graphql.e2e.test.ts > File operations GraphQL e2e > creates and renames a file
GraphQL mutation to create workspace metadata
Creating new workspace for rootPath: /var/folders/7w/9r4_s1_s42z3f7c136bpjf0r0000gn/T/autobyteus-file-ops-5e9Itu/rename_ws
Created metadata-only FileSystemWorkspace at /var/folders/7w/9r4_s1_s42z3f7c136bpjf0r0000gn/T/autobyteus-file-ops-5e9Itu/rename_ws.

stdout | tests/e2e/file-explorer/file-operations-graphql.e2e.test.ts > File operations GraphQL e2e > creates and renames a file
Created and registered workspace ID: agent_ws_9adfbed69d32c6c65a46d2c487ab8b92e4ff7332c5d5a2148840012b4b87f57f

stdout | tests/e2e/file-explorer/file-operations-graphql.e2e.test.ts > File operations GraphQL e2e > creates and renames a file
Created WorkspaceFileExplorer for agent_ws_9adfbed69d32c6c65a46d2c487ab8b92e4ff7332c5d5a2148840012b4b87f57f (graphql-create-file).

stdout | tests/e2e/file-explorer/file-operations-graphql.e2e.test.ts > File operations GraphQL e2e > creates and renames a file
Starting directory traversal for: '/var/folders/7w/9r4_s1_s42z3f7c136bpjf0r0000gn/T/autobyteus-file-ops-5e9Itu/rename_ws' with max_depth=null

stdout | tests/e2e/file-explorer/file-operations-graphql.e2e.test.ts > File operations GraphQL e2e > creates and renames a file
Directory traversal for '/var/folders/7w/9r4_s1_s42z3f7c136bpjf0r0000gn/T/autobyteus-file-ops-5e9Itu/rename_ws' completed in 0.0000 seconds.

stdout | tests/e2e/file-explorer/file-operations-graphql.e2e.test.ts > File operations GraphQL e2e > creates and renames a file
Closing FileSystemWorkspace agent_ws_9adfbed69d32c6c65a46d2c487ab8b92e4ff7332c5d5a2148840012b4b87f57f

 ✓ tests/e2e/file-explorer/file-operations-graphql.e2e.test.ts (2 tests) 65ms
stdout | tests/e2e/media/server-owned-media-tools.e2e.test.ts
Successfully registered tool definition: 'read_file'
Successfully registered tool definition: 'write_file'
Successfully registered tool definition: 'edit_file'
Successfully registered tool definition: 'replace_in_file'
Successfully registered tool definition: 'insert_in_file'
Successfully registered tool definition: 'run_bash'
Successfully registered tool definition: 'start_background_process'
Successfully registered tool definition: 'get_background_processes'
Successfully registered tool definition: 'get_process_output'
Successfully registered tool definition: 'stop_background_process'
Successfully registered tool definition: 'search_web'
Successfully registered tool definition: 'read_media_file'
Successfully registered tool definition: 'download_media'
Successfully registered tool definition: 'read_url'
Successfully registered tool definition: 'add_todo'
Successfully registered tool definition: 'create_todo_list'
Successfully registered tool definition: 'get_todo_list'
Successfully registered tool definition: 'update_todo_status'
AgentFactory (Singleton) initialized.

(node:82501) ExperimentalWarning: SQLite is an experimental feature and might change at any time
(Use `node --trace-warnings ...` to show where the warning was created)
stderr | tests/e2e/media/server-owned-media-tools.e2e.test.ts > server-owned media tools API/E2E boundary > executes the four canonical media tools through the AutoByteus local registry and writes output files
Attempted to unregister tool 'generate_image', but it was not found in the registry.
Attempted to unregister tool 'edit_image', but it was not found in the registry.
Attempted to unregister tool 'generate_speech', but it was not found in the registry.
Attempted to unregister tool 'generate_video', but it was not found in the registry.

stdout | tests/e2e/media/server-owned-media-tools.e2e.test.ts > server-owned media tools API/E2E boundary > executes the four canonical media tools through the AutoByteus local registry and writes output files
Successfully registered tool definition: 'generate_image'
Successfully registered tool definition: 'edit_image'
Successfully registered tool definition: 'generate_speech'
Successfully registered tool definition: 'generate_video'

stdout | tests/e2e/media/server-owned-media-tools.e2e.test.ts > server-owned media tools API/E2E boundary > executes the four canonical media tools through the AutoByteus local registry and writes output files
Successfully unregistered tool definition: 'generate_image'
Successfully unregistered tool definition: 'edit_image'
Successfully unregistered tool definition: 'generate_speech'
Successfully unregistered tool definition: 'generate_video'

stderr | tests/e2e/media/server-owned-media-tools.e2e.test.ts > server-owned media tools API/E2E boundary > applies default media model setting changes to future AutoByteus schemas and invocations
Attempted to unregister tool 'generate_image', but it was not found in the registry.
Attempted to unregister tool 'edit_image', but it was not found in the registry.
Attempted to unregister tool 'generate_speech', but it was not found in the registry.
Attempted to unregister tool 'generate_video', but it was not found in the registry.

stdout | tests/e2e/media/server-owned-media-tools.e2e.test.ts > server-owned media tools API/E2E boundary > applies default media model setting changes to future AutoByteus schemas and invocations
Successfully registered tool definition: 'generate_image'
Successfully registered tool definition: 'edit_image'
Successfully registered tool definition: 'generate_speech'
Successfully registered tool definition: 'generate_video'

stdout | tests/e2e/media/server-owned-media-tools.e2e.test.ts > server-owned media tools API/E2E boundary > applies default media model setting changes to future AutoByteus schemas and invocations
Successfully unregistered tool definition: 'generate_image'
Successfully unregistered tool definition: 'edit_image'
Successfully unregistered tool definition: 'generate_speech'
Successfully unregistered tool definition: 'generate_video'

stderr | tests/e2e/media/server-owned-media-tools.e2e.test.ts > server-owned media tools API/E2E boundary > exposes nested speech and video generation_config schemas through the GraphQL tools query
Attempted to unregister tool 'generate_image', but it was not found in the registry.
Attempted to unregister tool 'edit_image', but it was not found in the registry.
Attempted to unregister tool 'generate_speech', but it was not found in the registry.
Attempted to unregister tool 'generate_video', but it was not found in the registry.

stdout | tests/e2e/media/server-owned-media-tools.e2e.test.ts > server-owned media tools API/E2E boundary > exposes nested speech and video generation_config schemas through the GraphQL tools query
Successfully registered tool definition: 'generate_image'
Successfully registered tool definition: 'edit_image'
Successfully registered tool definition: 'generate_speech'
Successfully registered tool definition: 'generate_video'

stdout | tests/e2e/media/server-owned-media-tools.e2e.test.ts > server-owned media tools API/E2E boundary > exposes nested speech and video generation_config schemas through the GraphQL tools query
Successfully unregistered tool definition: 'generate_image'
Successfully unregistered tool definition: 'edit_image'
Successfully unregistered tool definition: 'generate_speech'
Successfully unregistered tool definition: 'generate_video'

stderr | tests/e2e/media/server-owned-media-tools.e2e.test.ts > server-owned media tools API/E2E boundary > exposes video model catalog rows through the GraphQL provider query
Attempted to unregister tool 'generate_image', but it was not found in the registry.
Attempted to unregister tool 'edit_image', but it was not found in the registry.
Attempted to unregister tool 'generate_speech', but it was not found in the registry.
Attempted to unregister tool 'generate_video', but it was not found in the registry.

stdout | tests/e2e/media/server-owned-media-tools.e2e.test.ts > server-owned media tools API/E2E boundary > exposes video model catalog rows through the GraphQL provider query
CachedAutobyteusLlmModelProvider initialized with an in-memory cache strategy.
AutobyteusModelCatalog initialized.
CachedAudioModelProvider initialized.
AudioModelService initialized.
CachedImageModelProvider initialized.
ImageModelService initialized.
CachedVideoModelProvider initialized.
VideoModelService initialized.
Populating Video models cache for the first time...
Fetching list of available Video models from VideoClientFactory...
Successfully fetched 2 video models from VideoClientFactory.
Video models by provider: GEMINI=2
Video models by runtime: api=2

stdout | tests/e2e/media/server-owned-media-tools.e2e.test.ts > server-owned media tools API/E2E boundary > exposes video model catalog rows through the GraphQL provider query
Video models cache populated with 2 items.

stderr | tests/e2e/media/server-owned-media-tools.e2e.test.ts > server-owned media tools API/E2E boundary > exposes video model catalog rows through the GraphQL provider query
Attempted to unregister tool 'generate_image', but it was not found in the registry.
Attempted to unregister tool 'edit_image', but it was not found in the registry.
Attempted to unregister tool 'generate_speech', but it was not found in the registry.
Attempted to unregister tool 'generate_video', but it was not found in the registry.

stderr | tests/e2e/media/server-owned-media-tools.e2e.test.ts > server-owned media tools API/E2E boundary > normalizes media input paths consistently for workspace, external absolute, file URL, URL/data URI, missing, non-file, and traversal references
Attempted to unregister tool 'generate_image', but it was not found in the registry.
Attempted to unregister tool 'edit_image', but it was not found in the registry.
Attempted to unregister tool 'generate_speech', but it was not found in the registry.
Attempted to unregister tool 'generate_video', but it was not found in the registry.

stderr | tests/e2e/media/server-owned-media-tools.e2e.test.ts > server-owned media tools API/E2E boundary > normalizes media input paths consistently for workspace, external absolute, file URL, URL/data URI, missing, non-file, and traversal references
Attempted to unregister tool 'generate_image', but it was not found in the registry.
Attempted to unregister tool 'edit_image', but it was not found in the registry.
Attempted to unregister tool 'generate_speech', but it was not found in the registry.
Attempted to unregister tool 'generate_video', but it was not found in the registry.

 ✓ tests/e2e/media/server-owned-media-tools.e2e.test.ts (5 tests) 73ms
stdout | tests/e2e/memory/memory-view-graphql.e2e.test.ts
Successfully registered tool definition: 'read_file'
Successfully registered tool definition: 'write_file'
Successfully registered tool definition: 'edit_file'
Successfully registered tool definition: 'replace_in_file'
Successfully registered tool definition: 'insert_in_file'
Successfully registered tool definition: 'run_bash'
Successfully registered tool definition: 'start_background_process'
Successfully registered tool definition: 'get_background_processes'
Successfully registered tool definition: 'get_process_output'
Successfully registered tool definition: 'stop_background_process'
Successfully registered tool definition: 'search_web'
Successfully registered tool definition: 'read_media_file'
Successfully registered tool definition: 'download_media'
Successfully registered tool definition: 'read_url'
Successfully registered tool definition: 'add_todo'
Successfully registered tool definition: 'create_todo_list'
Successfully registered tool definition: 'get_todo_list'
Successfully registered tool definition: 'update_todo_status'
AgentFactory (Singleton) initialized.

(node:82502) ExperimentalWarning: SQLite is an experimental feature and might change at any time
(Use `node --trace-warnings ...` to show where the warning was created)
stdout | tests/e2e/memory/memory-view-graphql.e2e.test.ts
Platform detection: Windows=false
App root directory: /Users/normy/autobyteus_org/autobyteus-worktrees/memory-lineage-provenance-analysis/autobyteus-server-ts
App data directory: /Users/normy/autobyteus_org/autobyteus-worktrees/memory-lineage-provenance-analysis/autobyteus-server-ts

stdout | tests/e2e/memory/memory-view-graphql.e2e.test.ts > Memory view GraphQL e2e
Custom app data directory set to: /var/folders/7w/9r4_s1_s42z3f7c136bpjf0r0000gn/T/autobyteus-memory-view-xr8Edr
Config file not found in new data directory: Error: Configuration file not found: /var/folders/7w/9r4_s1_s42z3f7c136bpjf0r0000gn/T/autobyteus-memory-view-xr8Edr/.env

stderr | tests/e2e/memory/memory-view-graphql.e2e.test.ts > Memory view GraphQL e2e > returns absent external WorkingContext after success, retained stale content after failure, independent raws, and native content
Memory file missing: /var/folders/7w/9r4_s1_s42z3f7c136bpjf0r0000gn/T/autobyteus-memory-view-xr8Edr/memory/agents/external-working-context-absent/working_context_snapshot.json

 ✓ tests/e2e/memory/memory-view-graphql.e2e.test.ts (5 tests) 72ms
stdout | tests/e2e/token-usage/token-usage-model-list.e2e.test.ts
Successfully registered tool definition: 'read_file'
Successfully registered tool definition: 'write_file'
Successfully registered tool definition: 'edit_file'
Successfully registered tool definition: 'replace_in_file'
Successfully registered tool definition: 'insert_in_file'
Successfully registered tool definition: 'run_bash'
Successfully registered tool definition: 'start_background_process'
Successfully registered tool definition: 'get_background_processes'
Successfully registered tool definition: 'get_process_output'
Successfully registered tool definition: 'stop_background_process'
Successfully registered tool definition: 'search_web'
Successfully registered tool definition: 'read_media_file'
Successfully registered tool definition: 'download_media'
Successfully registered tool definition: 'read_url'
Successfully registered tool definition: 'add_todo'
Successfully registered tool definition: 'create_todo_list'
Successfully registered tool definition: 'get_todo_list'
Successfully registered tool definition: 'update_todo_status'
AgentFactory (Singleton) initialized.

(node:82514) ExperimentalWarning: SQLite is an experimental feature and might change at any time
(Use `node --trace-warnings ...` to show where the warning was created)
stdout | tests/e2e/token-usage/token-usage-model-list.e2e.test.ts > token usage related model-list GraphQL coverage > keeps removed MiniMax M2.7 absent from the settings-facing GraphQL model list
CachedAutobyteusLlmModelProvider initialized with an in-memory cache strategy.
AutobyteusModelCatalog initialized.
CachedAudioModelProvider initialized.
AudioModelService initialized.
CachedImageModelProvider initialized.
ImageModelService initialized.
CachedVideoModelProvider initialized.
VideoModelService initialized.
Platform detection: Windows=false
App root directory: /Users/normy/autobyteus_org/autobyteus-worktrees/memory-lineage-provenance-analysis/autobyteus-server-ts
App data directory: /Users/normy/autobyteus_org/autobyteus-worktrees/memory-lineage-provenance-analysis/autobyteus-server-ts

stdout | tests/e2e/token-usage/token-usage-model-list.e2e.test.ts > token usage related model-list GraphQL coverage > keeps removed MiniMax M2.7 absent from the settings-facing GraphQL model list
Populating LLM models cache for the first time...
Fetching list of available LLM models from LLMFactory...

stdout | tests/e2e/token-usage/token-usage-model-list.e2e.test.ts > token usage related model-list GraphQL coverage > keeps removed MiniMax M2.7 absent from the settings-facing GraphQL model list
Successfully fetched 27 models from LLMFactory.

stdout | tests/e2e/token-usage/token-usage-model-list.e2e.test.ts > token usage related model-list GraphQL coverage > keeps removed MiniMax M2.7 absent from the settings-facing GraphQL model list
LLM models cache populated with 27 items.

 ✓ tests/e2e/token-usage/token-usage-model-list.e2e.test.ts (2 tests) 56ms
stdout | tests/e2e/workspaces/workspace-run-history-graphql.e2e.test.ts
Successfully registered tool definition: 'read_file'
Successfully registered tool definition: 'write_file'
Successfully registered tool definition: 'edit_file'
Successfully registered tool definition: 'replace_in_file'
Successfully registered tool definition: 'insert_in_file'
Successfully registered tool definition: 'run_bash'
Successfully registered tool definition: 'start_background_process'
Successfully registered tool definition: 'get_background_processes'
Successfully registered tool definition: 'get_process_output'
Successfully registered tool definition: 'stop_background_process'
Successfully registered tool definition: 'search_web'
Successfully registered tool definition: 'read_media_file'
Successfully registered tool definition: 'download_media'
Successfully registered tool definition: 'read_url'
Successfully registered tool definition: 'add_todo'
Successfully registered tool definition: 'create_todo_list'
Successfully registered tool definition: 'get_todo_list'
Successfully registered tool definition: 'update_todo_status'
AgentFactory (Singleton) initialized.

(node:82516) ExperimentalWarning: SQLite is an experimental feature and might change at any time
(Use `node --trace-warnings ...` to show where the warning was created)
stdout | tests/e2e/workspaces/workspace-run-history-graphql.e2e.test.ts > Workspace run history GraphQL e2e > returns grouped agent and team definitions for workspace history
Platform detection: Windows=false
App root directory: /Users/normy/autobyteus_org/autobyteus-worktrees/memory-lineage-provenance-analysis/autobyteus-server-ts
App data directory: /Users/normy/autobyteus_org/autobyteus-worktrees/memory-lineage-provenance-analysis/autobyteus-server-ts
CachedAgentDefinitionProvider initialized with a full in-memory cache strategy.
AgentRunManager initialized.

 ✓ tests/e2e/workspaces/workspace-run-history-graphql.e2e.test.ts (6 tests) 58ms
stdout | tests/e2e/runtime/skill-access-mode-graphql.e2e.test.ts
Successfully registered tool definition: 'read_file'
Successfully registered tool definition: 'write_file'
Successfully registered tool definition: 'edit_file'
Successfully registered tool definition: 'replace_in_file'
Successfully registered tool definition: 'insert_in_file'
Successfully registered tool definition: 'run_bash'
Successfully registered tool definition: 'start_background_process'
Successfully registered tool definition: 'get_background_processes'
Successfully registered tool definition: 'get_process_output'
Successfully registered tool definition: 'stop_background_process'
Successfully registered tool definition: 'search_web'
Successfully registered tool definition: 'read_media_file'
Successfully registered tool definition: 'download_media'
Successfully registered tool definition: 'read_url'
Successfully registered tool definition: 'add_todo'
Successfully registered tool definition: 'create_todo_list'
Successfully registered tool definition: 'get_todo_list'
Successfully registered tool definition: 'update_todo_status'
AgentFactory (Singleton) initialized.

(node:82520) ExperimentalWarning: SQLite is an experimental feature and might change at any time
(Use `node --trace-warnings ...` to show where the warning was created)
 ✓ tests/e2e/runtime/skill-access-mode-graphql.e2e.test.ts (5 tests) 90ms
stdout | tests/e2e/file-explorer/workspace-content-rest.e2e.test.ts
Successfully registered tool definition: 'read_file'
Successfully registered tool definition: 'write_file'
Successfully registered tool definition: 'edit_file'
Successfully registered tool definition: 'replace_in_file'
Successfully registered tool definition: 'insert_in_file'
Successfully registered tool definition: 'run_bash'
Successfully registered tool definition: 'start_background_process'
Successfully registered tool definition: 'get_background_processes'
Successfully registered tool definition: 'get_process_output'
Successfully registered tool definition: 'stop_background_process'
Successfully registered tool definition: 'search_web'
Successfully registered tool definition: 'read_media_file'
Successfully registered tool definition: 'download_media'
Successfully registered tool definition: 'read_url'
Successfully registered tool definition: 'add_todo'
Successfully registered tool definition: 'create_todo_list'
Successfully registered tool definition: 'get_todo_list'
Successfully registered tool definition: 'update_todo_status'
AgentFactory (Singleton) initialized.

(node:82527) ExperimentalWarning: SQLite is an experimental feature and might change at any time
(Use `node --trace-warnings ...` to show where the warning was created)
stdout | tests/e2e/file-explorer/workspace-content-rest.e2e.test.ts > workspace content REST boundary e2e > serves encoded image paths through a real FileSystemWorkspace
Creating new workspace for rootPath: /var/folders/7w/9r4_s1_s42z3f7c136bpjf0r0000gn/T/autobyteus-workspace-rest-e2e-vwr02e/workspace
Platform detection: Windows=false
App root directory: /Users/normy/autobyteus_org/autobyteus-worktrees/memory-lineage-provenance-analysis/autobyteus-server-ts
App data directory: /Users/normy/autobyteus_org/autobyteus-worktrees/memory-lineage-provenance-analysis/autobyteus-server-ts
Created metadata-only FileSystemWorkspace at /var/folders/7w/9r4_s1_s42z3f7c136bpjf0r0000gn/T/autobyteus-workspace-rest-e2e-vwr02e/workspace.

stdout | tests/e2e/file-explorer/workspace-content-rest.e2e.test.ts > workspace content REST boundary e2e > serves encoded image paths through a real FileSystemWorkspace
Created and registered workspace ID: agent_ws_250b47bb6bfc05034d8b5c65376b6e4f67e227cf9ba2dfa2b55057bac20e8dc2

stdout | tests/e2e/file-explorer/workspace-content-rest.e2e.test.ts > workspace content REST boundary e2e > serves encoded image paths through a real FileSystemWorkspace
CachedAgentDefinitionProvider initialized with a full in-memory cache strategy.
AgentRunManager initialized.
AgentTeamRunManager initialized with MixedTeamManager-only team execution.

stdout | tests/e2e/file-explorer/workspace-content-rest.e2e.test.ts > workspace content REST boundary e2e > serves encoded image paths through a real FileSystemWorkspace
Closing FileSystemWorkspace agent_ws_250b47bb6bfc05034d8b5c65376b6e4f67e227cf9ba2dfa2b55057bac20e8dc2

stdout | tests/e2e/file-explorer/workspace-content-rest.e2e.test.ts > workspace content REST boundary e2e > rejects a same-prefix sibling traversal through FileSystemWorkspace
Creating new workspace for rootPath: /var/folders/7w/9r4_s1_s42z3f7c136bpjf0r0000gn/T/autobyteus-workspace-rest-e2e-mDBtKA/workspace
Created metadata-only FileSystemWorkspace at /var/folders/7w/9r4_s1_s42z3f7c136bpjf0r0000gn/T/autobyteus-workspace-rest-e2e-mDBtKA/workspace.

stdout | tests/e2e/file-explorer/workspace-content-rest.e2e.test.ts > workspace content REST boundary e2e > rejects a same-prefix sibling traversal through FileSystemWorkspace
Created and registered workspace ID: agent_ws_79b06e607b81c7336e36f3686410976bcfa7a2d56e19fe2a43f7410656b0fc7d

stderr | tests/e2e/file-explorer/workspace-content-rest.e2e.test.ts > workspace content REST boundary e2e > rejects a same-prefix sibling traversal through FileSystemWorkspace
Security error accessing path ../workspace-sibling/leak.png in workspace agent_ws_79b06e607b81c7336e36f3686410976bcfa7a2d56e19fe2a43f7410656b0fc7d: Access denied: Path resolves outside the workspace boundary.

stdout | tests/e2e/file-explorer/workspace-content-rest.e2e.test.ts > workspace content REST boundary e2e > rejects a same-prefix sibling traversal through FileSystemWorkspace
Closing FileSystemWorkspace agent_ws_79b06e607b81c7336e36f3686410976bcfa7a2d56e19fe2a43f7410656b0fc7d

stdout | tests/e2e/file-explorer/workspace-content-rest.e2e.test.ts > workspace content REST boundary e2e > rejects an absolute candidate through FileSystemWorkspace
Creating new workspace for rootPath: /var/folders/7w/9r4_s1_s42z3f7c136bpjf0r0000gn/T/autobyteus-workspace-rest-e2e-HgwWfJ/workspace
Created metadata-only FileSystemWorkspace at /var/folders/7w/9r4_s1_s42z3f7c136bpjf0r0000gn/T/autobyteus-workspace-rest-e2e-HgwWfJ/workspace.

stdout | tests/e2e/file-explorer/workspace-content-rest.e2e.test.ts > workspace content REST boundary e2e > rejects an absolute candidate through FileSystemWorkspace
Created and registered workspace ID: agent_ws_a0113749198b83ba7c83f3b5b28315a0ce2d22b8a27bb07a323f5e7a79e0e0fa

stderr | tests/e2e/file-explorer/workspace-content-rest.e2e.test.ts > workspace content REST boundary e2e > rejects an absolute candidate through FileSystemWorkspace
Security error accessing path /var/folders/7w/9r4_s1_s42z3f7c136bpjf0r0000gn/T/autobyteus-workspace-rest-e2e-HgwWfJ/absolute.png in workspace agent_ws_a0113749198b83ba7c83f3b5b28315a0ce2d22b8a27bb07a323f5e7a79e0e0fa: Access denied: Path resolves outside the workspace boundary.

stdout | tests/e2e/file-explorer/workspace-content-rest.e2e.test.ts > workspace content REST boundary e2e > rejects an absolute candidate through FileSystemWorkspace
Closing FileSystemWorkspace agent_ws_a0113749198b83ba7c83f3b5b28315a0ce2d22b8a27bb07a323f5e7a79e0e0fa

 ✓ tests/e2e/file-explorer/workspace-content-rest.e2e.test.ts (3 tests) 48ms
stdout | tests/e2e/token-usage/token-usage-custom-provider-model-value-backfill-startup.e2e.test.ts
Successfully registered tool definition: 'read_file'
Successfully registered tool definition: 'write_file'
Successfully registered tool definition: 'edit_file'
Successfully registered tool definition: 'replace_in_file'
Successfully registered tool definition: 'insert_in_file'
Successfully registered tool definition: 'run_bash'
Successfully registered tool definition: 'start_background_process'
Successfully registered tool definition: 'get_background_processes'
Successfully registered tool definition: 'get_process_output'
Successfully registered tool definition: 'stop_background_process'
Successfully registered tool definition: 'search_web'
Successfully registered tool definition: 'read_media_file'
Successfully registered tool definition: 'download_media'
Successfully registered tool definition: 'read_url'
Successfully registered tool definition: 'add_todo'
Successfully registered tool definition: 'create_todo_list'
Successfully registered tool definition: 'get_todo_list'
Successfully registered tool definition: 'update_todo_status'
AgentFactory (Singleton) initialized.

(node:82529) ExperimentalWarning: SQLite is an experimental feature and might change at any time
(Use `node --trace-warnings ...` to show where the warning was created)
stdout | tests/e2e/token-usage/token-usage-custom-provider-model-value-backfill-startup.e2e.test.ts > token usage custom-provider model-value backfill startup e2e
prisma:info Starting a sqlite pool with 21 connections.

 ✓ tests/e2e/token-usage/token-usage-custom-provider-model-value-backfill-startup.e2e.test.ts (2 tests) 43ms
stdout | tests/e2e/prompts/prompts-graphql.e2e.test.ts
Successfully registered tool definition: 'read_file'
Successfully registered tool definition: 'write_file'
Successfully registered tool definition: 'edit_file'
Successfully registered tool definition: 'replace_in_file'
Successfully registered tool definition: 'insert_in_file'
Successfully registered tool definition: 'run_bash'
Successfully registered tool definition: 'start_background_process'
Successfully registered tool definition: 'get_background_processes'
Successfully registered tool definition: 'get_process_output'
Successfully registered tool definition: 'stop_background_process'
Successfully registered tool definition: 'search_web'
Successfully registered tool definition: 'read_media_file'
Successfully registered tool definition: 'download_media'
Successfully registered tool definition: 'read_url'
Successfully registered tool definition: 'add_todo'
Successfully registered tool definition: 'create_todo_list'
Successfully registered tool definition: 'get_todo_list'
Successfully registered tool definition: 'update_todo_status'
AgentFactory (Singleton) initialized.

(node:82530) ExperimentalWarning: SQLite is an experimental feature and might change at any time
(Use `node --trace-warnings ...` to show where the warning was created)
 ✓ tests/e2e/prompts/prompts-graphql.e2e.test.ts (1 test) 45ms
stdout | tests/e2e/memory/codex-live-memory-persistence.e2e.test.ts
Successfully registered tool definition: 'read_file'
Successfully registered tool definition: 'write_file'
Successfully registered tool definition: 'edit_file'
Successfully registered tool definition: 'replace_in_file'
Successfully registered tool definition: 'insert_in_file'
Successfully registered tool definition: 'run_bash'
Successfully registered tool definition: 'start_background_process'
Successfully registered tool definition: 'get_background_processes'
Successfully registered tool definition: 'get_process_output'
Successfully registered tool definition: 'stop_background_process'
Successfully registered tool definition: 'search_web'
Successfully registered tool definition: 'read_media_file'
Successfully registered tool definition: 'download_media'
Successfully registered tool definition: 'read_url'
Successfully registered tool definition: 'add_todo'
Successfully registered tool definition: 'create_todo_list'
Successfully registered tool definition: 'get_todo_list'
Successfully registered tool definition: 'update_todo_status'
AgentFactory (Singleton) initialized.

(node:82532) ExperimentalWarning: SQLite is an experimental feature and might change at any time
(Use `node --trace-warnings ...` to show where the warning was created)
 ↓ tests/e2e/memory/codex-live-memory-persistence.e2e.test.ts (1 test | 1 skipped)
stdout | tests/e2e/secret-management/real-e2e-provider-capabilities.e2e.test.ts
Successfully registered tool definition: 'read_file'
Successfully registered tool definition: 'write_file'
Successfully registered tool definition: 'edit_file'
Successfully registered tool definition: 'replace_in_file'
Successfully registered tool definition: 'insert_in_file'
Successfully registered tool definition: 'run_bash'
Successfully registered tool definition: 'start_background_process'
Successfully registered tool definition: 'get_background_processes'
Successfully registered tool definition: 'get_process_output'
Successfully registered tool definition: 'stop_background_process'
Successfully registered tool definition: 'search_web'
Successfully registered tool definition: 'read_media_file'
Successfully registered tool definition: 'download_media'
Successfully registered tool definition: 'read_url'
Successfully registered tool definition: 'add_todo'
Successfully registered tool definition: 'create_todo_list'
Successfully registered tool definition: 'get_todo_list'
Successfully registered tool definition: 'update_todo_status'
AgentFactory (Singleton) initialized.

(node:82541) ExperimentalWarning: SQLite is an experimental feature and might change at any time
(Use `node --trace-warnings ...` to show where the warning was created)
 ↓ tests/e2e/secret-management/real-e2e-provider-capabilities.e2e.test.ts (0 test)
stdout | tests/e2e/runtime/agent-runtime-graphql.e2e.test.ts
Successfully registered tool definition: 'read_file'
Successfully registered tool definition: 'write_file'
Successfully registered tool definition: 'edit_file'
Successfully registered tool definition: 'replace_in_file'
Successfully registered tool definition: 'insert_in_file'
Successfully registered tool definition: 'run_bash'
Successfully registered tool definition: 'start_background_process'
Successfully registered tool definition: 'get_background_processes'
Successfully registered tool definition: 'get_process_output'
Successfully registered tool definition: 'stop_background_process'
Successfully registered tool definition: 'search_web'
Successfully registered tool definition: 'read_media_file'
Successfully registered tool definition: 'download_media'
Successfully registered tool definition: 'read_url'
Successfully registered tool definition: 'add_todo'
Successfully registered tool definition: 'create_todo_list'
Successfully registered tool definition: 'get_todo_list'
Successfully registered tool definition: 'update_todo_status'
AgentFactory (Singleton) initialized.

(node:82542) ExperimentalWarning: SQLite is an experimental feature and might change at any time
(Use `node --trace-warnings ...` to show where the warning was created)
 ↓ tests/e2e/runtime/agent-runtime-graphql.e2e.test.ts (20 tests | 20 skipped)
stdout | tests/e2e/runtime/all-runtime-send-message-matrix.e2e.test.ts
Successfully registered tool definition: 'read_file'
Successfully registered tool definition: 'write_file'
Successfully registered tool definition: 'edit_file'
Successfully registered tool definition: 'replace_in_file'
Successfully registered tool definition: 'insert_in_file'
Successfully registered tool definition: 'run_bash'
Successfully registered tool definition: 'start_background_process'
Successfully registered tool definition: 'get_background_processes'
Successfully registered tool definition: 'get_process_output'
Successfully registered tool definition: 'stop_background_process'
Successfully registered tool definition: 'search_web'
Successfully registered tool definition: 'read_media_file'
Successfully registered tool definition: 'download_media'
Successfully registered tool definition: 'read_url'
Successfully registered tool definition: 'add_todo'
Successfully registered tool definition: 'create_todo_list'
Successfully registered tool definition: 'get_todo_list'
Successfully registered tool definition: 'update_todo_status'
AgentFactory (Singleton) initialized.

(node:82558) ExperimentalWarning: SQLite is an experimental feature and might change at any time
(Use `node --trace-warnings ...` to show where the warning was created)
 ↓ tests/e2e/runtime/all-runtime-send-message-matrix.e2e.test.ts (1 test | 1 skipped)
stdout | tests/e2e/runtime/autobyteus-team-runtime-graphql.e2e.test.ts
Successfully registered tool definition: 'read_file'
Successfully registered tool definition: 'write_file'
Successfully registered tool definition: 'edit_file'
Successfully registered tool definition: 'replace_in_file'
Successfully registered tool definition: 'insert_in_file'
Successfully registered tool definition: 'run_bash'
Successfully registered tool definition: 'start_background_process'
Successfully registered tool definition: 'get_background_processes'
Successfully registered tool definition: 'get_process_output'
Successfully registered tool definition: 'stop_background_process'
Successfully registered tool definition: 'search_web'
Successfully registered tool definition: 'read_media_file'
Successfully registered tool definition: 'download_media'
Successfully registered tool definition: 'read_url'
Successfully registered tool definition: 'add_todo'
Successfully registered tool definition: 'create_todo_list'
Successfully registered tool definition: 'get_todo_list'
Successfully registered tool definition: 'update_todo_status'
AgentFactory (Singleton) initialized.

(node:82575) ExperimentalWarning: SQLite is an experimental feature and might change at any time
(Use `node --trace-warnings ...` to show where the warning was created)
 ↓ tests/e2e/runtime/autobyteus-team-runtime-graphql.e2e.test.ts (5 tests | 5 skipped)
stdout | tests/e2e/runtime/claude-team-inter-agent-roundtrip.e2e.test.ts
Successfully registered tool definition: 'read_file'
Successfully registered tool definition: 'write_file'
Successfully registered tool definition: 'edit_file'
Successfully registered tool definition: 'replace_in_file'
Successfully registered tool definition: 'insert_in_file'
Successfully registered tool definition: 'run_bash'
Successfully registered tool definition: 'start_background_process'
Successfully registered tool definition: 'get_background_processes'
Successfully registered tool definition: 'get_process_output'
Successfully registered tool definition: 'stop_background_process'
Successfully registered tool definition: 'search_web'
Successfully registered tool definition: 'read_media_file'
Successfully registered tool definition: 'download_media'
Successfully registered tool definition: 'read_url'
Successfully registered tool definition: 'add_todo'
Successfully registered tool definition: 'create_todo_list'
Successfully registered tool definition: 'get_todo_list'
Successfully registered tool definition: 'update_todo_status'
AgentFactory (Singleton) initialized.

(node:82576) ExperimentalWarning: SQLite is an experimental feature and might change at any time
(Use `node --trace-warnings ...` to show where the warning was created)
 ↓ tests/e2e/runtime/claude-team-inter-agent-roundtrip.e2e.test.ts (5 tests | 5 skipped)
stdout | tests/e2e/runtime/codex-single-agent-history-title.e2e.test.ts
Successfully registered tool definition: 'read_file'
Successfully registered tool definition: 'write_file'
Successfully registered tool definition: 'edit_file'
Successfully registered tool definition: 'replace_in_file'
Successfully registered tool definition: 'insert_in_file'
Successfully registered tool definition: 'run_bash'
Successfully registered tool definition: 'start_background_process'
Successfully registered tool definition: 'get_background_processes'
Successfully registered tool definition: 'get_process_output'
Successfully registered tool definition: 'stop_background_process'
Successfully registered tool definition: 'search_web'
Successfully registered tool definition: 'read_media_file'
Successfully registered tool definition: 'download_media'
Successfully registered tool definition: 'read_url'
Successfully registered tool definition: 'add_todo'
Successfully registered tool definition: 'create_todo_list'
Successfully registered tool definition: 'get_todo_list'
Successfully registered tool definition: 'update_todo_status'
AgentFactory (Singleton) initialized.

(node:82588) ExperimentalWarning: SQLite is an experimental feature and might change at any time
(Use `node --trace-warnings ...` to show where the warning was created)
 ↓ tests/e2e/runtime/codex-single-agent-history-title.e2e.test.ts (1 test | 1 skipped)
stdout | tests/e2e/runtime/codex-standalone-send-message-global-routing.e2e.test.ts
Successfully registered tool definition: 'read_file'
Successfully registered tool definition: 'write_file'
Successfully registered tool definition: 'edit_file'
Successfully registered tool definition: 'replace_in_file'
Successfully registered tool definition: 'insert_in_file'
Successfully registered tool definition: 'run_bash'
Successfully registered tool definition: 'start_background_process'
Successfully registered tool definition: 'get_background_processes'
Successfully registered tool definition: 'get_process_output'
Successfully registered tool definition: 'stop_background_process'
Successfully registered tool definition: 'search_web'
Successfully registered tool definition: 'read_media_file'
Successfully registered tool definition: 'download_media'
Successfully registered tool definition: 'read_url'
Successfully registered tool definition: 'add_todo'
Successfully registered tool definition: 'create_todo_list'
Successfully registered tool definition: 'get_todo_list'
Successfully registered tool definition: 'update_todo_status'
AgentFactory (Singleton) initialized.

(node:82597) ExperimentalWarning: SQLite is an experimental feature and might change at any time
(Use `node --trace-warnings ...` to show where the warning was created)
 ↓ tests/e2e/runtime/codex-standalone-send-message-global-routing.e2e.test.ts (1 test | 1 skipped)
stdout | tests/e2e/runtime/codex-team-inter-agent-roundtrip.e2e.test.ts
Successfully registered tool definition: 'read_file'
Successfully registered tool definition: 'write_file'
Successfully registered tool definition: 'edit_file'
Successfully registered tool definition: 'replace_in_file'
Successfully registered tool definition: 'insert_in_file'
Successfully registered tool definition: 'run_bash'
Successfully registered tool definition: 'start_background_process'
Successfully registered tool definition: 'get_background_processes'
Successfully registered tool definition: 'get_process_output'
Successfully registered tool definition: 'stop_background_process'
Successfully registered tool definition: 'search_web'
Successfully registered tool definition: 'read_media_file'
Successfully registered tool definition: 'download_media'
Successfully registered tool definition: 'read_url'
Successfully registered tool definition: 'add_todo'
Successfully registered tool definition: 'create_todo_list'
Successfully registered tool definition: 'get_todo_list'
Successfully registered tool definition: 'update_todo_status'
AgentFactory (Singleton) initialized.

(node:82606) ExperimentalWarning: SQLite is an experimental feature and might change at any time
(Use `node --trace-warnings ...` to show where the warning was created)
 ↓ tests/e2e/runtime/codex-team-inter-agent-roundtrip.e2e.test.ts (5 tests | 5 skipped)
stdout | tests/e2e/runtime/context-file-storage-runtime.e2e.test.ts
Successfully registered tool definition: 'read_file'
Successfully registered tool definition: 'write_file'
Successfully registered tool definition: 'edit_file'
Successfully registered tool definition: 'replace_in_file'
Successfully registered tool definition: 'insert_in_file'
Successfully registered tool definition: 'run_bash'
Successfully registered tool definition: 'start_background_process'
Successfully registered tool definition: 'get_background_processes'
Successfully registered tool definition: 'get_process_output'
Successfully registered tool definition: 'stop_background_process'
Successfully registered tool definition: 'search_web'
Successfully registered tool definition: 'read_media_file'
Successfully registered tool definition: 'download_media'
Successfully registered tool definition: 'read_url'
Successfully registered tool definition: 'add_todo'
Successfully registered tool definition: 'create_todo_list'
Successfully registered tool definition: 'get_todo_list'
Successfully registered tool definition: 'update_todo_status'
AgentFactory (Singleton) initialized.

(node:82614) ExperimentalWarning: SQLite is an experimental feature and might change at any time
(Use `node --trace-warnings ...` to show where the warning was created)
 ↓ tests/e2e/runtime/context-file-storage-runtime.e2e.test.ts (2 tests | 2 skipped)
stdout | tests/e2e/runtime/mixed-task-delegation.e2e.test.ts
Successfully registered tool definition: 'read_file'
Successfully registered tool definition: 'write_file'
Successfully registered tool definition: 'edit_file'
Successfully registered tool definition: 'replace_in_file'
Successfully registered tool definition: 'insert_in_file'
Successfully registered tool definition: 'run_bash'
Successfully registered tool definition: 'start_background_process'
Successfully registered tool definition: 'get_background_processes'
Successfully registered tool definition: 'get_process_output'
Successfully registered tool definition: 'stop_background_process'
Successfully registered tool definition: 'search_web'
Successfully registered tool definition: 'read_media_file'
Successfully registered tool definition: 'download_media'
Successfully registered tool definition: 'read_url'
Successfully registered tool definition: 'add_todo'
Successfully registered tool definition: 'create_todo_list'
Successfully registered tool definition: 'get_todo_list'
Successfully registered tool definition: 'update_todo_status'
AgentFactory (Singleton) initialized.

(node:82626) ExperimentalWarning: SQLite is an experimental feature and might change at any time
(Use `node --trace-warnings ...` to show where the warning was created)
 ↓ tests/e2e/runtime/mixed-task-delegation.e2e.test.ts (2 tests | 2 skipped)
stdout | tests/e2e/runtime/mixed-team-runtime-graphql.e2e.test.ts
Successfully registered tool definition: 'read_file'
Successfully registered tool definition: 'write_file'
Successfully registered tool definition: 'edit_file'
Successfully registered tool definition: 'replace_in_file'
Successfully registered tool definition: 'insert_in_file'
Successfully registered tool definition: 'run_bash'
Successfully registered tool definition: 'start_background_process'
Successfully registered tool definition: 'get_background_processes'
Successfully registered tool definition: 'get_process_output'
Successfully registered tool definition: 'stop_background_process'
Successfully registered tool definition: 'search_web'
Successfully registered tool definition: 'read_media_file'
Successfully registered tool definition: 'download_media'
Successfully registered tool definition: 'read_url'
Successfully registered tool definition: 'add_todo'
Successfully registered tool definition: 'create_todo_list'
Successfully registered tool definition: 'get_todo_list'
Successfully registered tool definition: 'update_todo_status'
AgentFactory (Singleton) initialized.

(node:82635) ExperimentalWarning: SQLite is an experimental feature and might change at any time
(Use `node --trace-warnings ...` to show where the warning was created)
 ↓ tests/e2e/runtime/mixed-team-runtime-graphql.e2e.test.ts (1 test | 1 skipped)
stdout | tests/e2e/runtime/nested-mixed-team-runtime-graphql.e2e.test.ts
Successfully registered tool definition: 'read_file'
Successfully registered tool definition: 'write_file'
Successfully registered tool definition: 'edit_file'
Successfully registered tool definition: 'replace_in_file'
Successfully registered tool definition: 'insert_in_file'
Successfully registered tool definition: 'run_bash'
Successfully registered tool definition: 'start_background_process'
Successfully registered tool definition: 'get_background_processes'
Successfully registered tool definition: 'get_process_output'
Successfully registered tool definition: 'stop_background_process'
Successfully registered tool definition: 'search_web'
Successfully registered tool definition: 'read_media_file'
Successfully registered tool definition: 'download_media'
Successfully registered tool definition: 'read_url'
Successfully registered tool definition: 'add_todo'
Successfully registered tool definition: 'create_todo_list'
Successfully registered tool definition: 'get_todo_list'
Successfully registered tool definition: 'update_todo_status'
AgentFactory (Singleton) initialized.

(node:82643) ExperimentalWarning: SQLite is an experimental feature and might change at any time
(Use `node --trace-warnings ...` to show where the warning was created)
 ↓ tests/e2e/runtime/nested-mixed-team-runtime-graphql.e2e.test.ts (1 test | 1 skipped)
stdout | tests/e2e/runtime/token-usage-runtime-graphql.e2e.test.ts
Successfully registered tool definition: 'read_file'
Successfully registered tool definition: 'write_file'
Successfully registered tool definition: 'edit_file'
Successfully registered tool definition: 'replace_in_file'
Successfully registered tool definition: 'insert_in_file'
Successfully registered tool definition: 'run_bash'
Successfully registered tool definition: 'start_background_process'
Successfully registered tool definition: 'get_background_processes'
Successfully registered tool definition: 'get_process_output'
Successfully registered tool definition: 'stop_background_process'
Successfully registered tool definition: 'search_web'
Successfully registered tool definition: 'read_media_file'
Successfully registered tool definition: 'download_media'
Successfully registered tool definition: 'read_url'
Successfully registered tool definition: 'add_todo'
Successfully registered tool definition: 'create_todo_list'
Successfully registered tool definition: 'get_todo_list'
Successfully registered tool definition: 'update_todo_status'
AgentFactory (Singleton) initialized.

(node:82659) ExperimentalWarning: SQLite is an experimental feature and might change at any time
(Use `node --trace-warnings ...` to show where the warning was created)
 ↓ tests/e2e/runtime/token-usage-runtime-graphql.e2e.test.ts (3 tests | 3 skipped)

 Test Files  50 passed | 14 skipped (64)
      Tests  175 passed | 49 skipped (224)
   Start at  01:11:32
   Duration  110.80s (transform 4.88s, setup 186ms, import 54.84s, tests 49.97s, environment 4ms)

