
> autobyteus@1.4.49 build:electron:mac /Users/normy/autobyteus_org/autobyteus-worktrees/carpenter-model/autobyteus-web
> cross-env NODE_ENV=production pnpm guard:web-boundary && pnpm guard:localization-boundary && pnpm audit:localization-literals && pnpm prepare-server && pnpm generate:electron && pnpm transpile-electron && tsc -p build/tsconfig.json && node build/dist/build.js --mac


> autobyteus@1.4.49 guard:web-boundary /Users/normy/autobyteus_org/autobyteus-worktrees/carpenter-model/autobyteus-web
> node ./scripts/guard-web-boundary.mjs

[guard:web-boundary] Passed.

> autobyteus@1.4.49 guard:localization-boundary /Users/normy/autobyteus_org/autobyteus-worktrees/carpenter-model/autobyteus-web
> node ./scripts/guard-localization-boundary.mjs

[guard:localization-boundary] Passed.

> autobyteus@1.4.49 audit:localization-literals /Users/normy/autobyteus_org/autobyteus-worktrees/carpenter-model/autobyteus-web
> node ./scripts/audit-localization-literals.mjs

[audit:localization-literals] Passed with zero unresolved findings.
(node:67594) [MODULE_TYPELESS_PACKAGE_JSON] Warning: Module type of file:///Users/normy/autobyteus_org/autobyteus-worktrees/carpenter-model/autobyteus-web/localization/audit/migrationScopes.ts is not specified and it doesn't parse as CommonJS.
Reparsing as ES module because module syntax was detected. This incurs a performance overhead.
To eliminate this warning, add "type": "module" to /Users/normy/autobyteus_org/autobyteus-worktrees/carpenter-model/autobyteus-web/package.json.
(Use `node --trace-warnings ...` to show where the warning was created)

> autobyteus@1.4.49 prepare-server /Users/normy/autobyteus_org/autobyteus-worktrees/carpenter-model/autobyteus-web
> node ./scripts/prepare-server-dispatch.mjs

[0;32m=======================================[0m
[0;32m   Preparing AutoByteus Server Files   [0m
[0;32m=======================================[0m
[0;32m✓[0m Created target directory: /Users/normy/autobyteus_org/autobyteus-worktrees/carpenter-model/autobyteus-web/resources/server

[0;33mBuilding server and dependencies...[0m
Scope: all 11 workspace projects

../autobyteus-ts postinstall$ node ./scripts/fix-node-pty-permissions.mjs
../autobyteus-ts postinstall: [node-pty-fix] ok: /Users/normy/autobyteus_org/autobyteus-worktrees/carpenter-model/node_modules/.pnpm/node-pty@1.1.0/node_modules/node-pty/prebuilds/darwin-arm64/spawn-helper
../autobyteus-ts postinstall: Done
Done in 2s using pnpm v10.28.1
Prisma schema loaded from prisma/schema.prisma

✔ Generated Prisma Client (v5.22.0) to ./../node_modules/.pnpm/@prisma+client@5.22.0_prisma@5.22.0/node_modules/@prisma/client in 190ms

Start by importing your Prisma Client (See: https://pris.ly/d/importing-client)

Tip: Want to turn off tips and other hints? https://pris.ly/tip-4-nohints


> autobyteus-server-ts@0.1.1 prebuild /Users/normy/autobyteus_org/autobyteus-worktrees/carpenter-model/autobyteus-server-ts
> pnpm prepare:shared && pnpm exec prisma generate --schema ./prisma/schema.prisma


> autobyteus-server-ts@0.1.1 prepare:shared /Users/normy/autobyteus_org/autobyteus-worktrees/carpenter-model/autobyteus-server-ts
> pnpm -C .. --filter autobyteus-ts --filter @autobyteus/application-sdk-contracts --filter @autobyteus/application-backend-sdk build

Scope: 3 of 11 workspace projects
autobyteus-ts build$ node ./scripts/clean-dist.mjs && tsc -p tsconfig.build.json && node ./scripts/verify-runtime-dependencies.mjs
autobyteus-application-sdk-contracts build$ tsc -p tsconfig.build.json
autobyteus-application-sdk-contracts build: Done
autobyteus-ts build: [verify:runtime-deps] OK
autobyteus-ts build: Done
autobyteus-application-backend-sdk build$ tsc -p tsconfig.build.json
autobyteus-application-backend-sdk build: Done
Prisma schema loaded from prisma/schema.prisma

✔ Generated Prisma Client (v5.22.0) to ./../node_modules/.pnpm/@prisma+client@5.22.0_prisma@5.22.0/node_modules/@prisma/client in 173ms

Start by importing your Prisma Client (See: https://pris.ly/d/importing-client)

Tip: Want real-time updates to your database without manual polling? Discover how with Pulse: https://pris.ly/tip-0-pulse


> autobyteus-server-ts@0.1.1 build /Users/normy/autobyteus_org/autobyteus-worktrees/carpenter-model/autobyteus-server-ts
> pnpm run build:full


> autobyteus-server-ts@0.1.1 build:full /Users/normy/autobyteus_org/autobyteus-worktrees/carpenter-model/autobyteus-server-ts
> node ./scripts/clean-build-output.mjs && tsc -p tsconfig.build.json && node ./scripts/copy-managed-messaging-assets.mjs && node ./scripts/run-sanitized-built-in-agents-bootstrap-smoke.mjs

Successfully registered tool definition: 'read_file'
Successfully registered tool definition: 'write_file'
Successfully registered tool definition: 'edit_file'
Successfully registered tool definition: 'run_bash'
Successfully registered tool definition: 'start_background_process'
Successfully registered tool definition: 'get_background_processes'
Successfully registered tool definition: 'get_process_output'
Successfully registered tool definition: 'stop_background_process'
Successfully registered tool definition: 'search_web'
Successfully registered tool definition: 'read_media_file'
Successfully registered tool definition: 'download_media'
Successfully registered tool definition: 'read_url'
AgentFactory (Singleton) initialized.
(node:68004) ExperimentalWarning: SQLite is an experimental feature and might change at any time
(Use `node --trace-warnings ...` to show where the warning was created)
Built-in agents bootstrap smoke check passed.
Sanitized built-module/bootstrap smoke passed without DATABASE_URL.

[0;33mBuilding mobile web assets...[0m

> autobyteus@1.4.49 build:mobile-web /Users/normy/autobyteus_org/autobyteus-worktrees/carpenter-model/autobyteus-web
> node ./scripts/build-mobile-web.mjs


> autobyteus@1.4.49 generate /Users/normy/autobyteus_org/autobyteus-worktrees/carpenter-model/autobyteus-web
> nuxt generate

┌  Building Nuxt for production...
│
●  Nuxt 3.21.1 (with Nitro 2.13.1, Vite 7.3.1 and Vue 3.5.28)
[nuxt] modules:before: 0.084ms
isElectronBuild false
[nuxt] kit:compatibility: 0.058ms
[Electron Module] Skipping electron module setup: BUILD_TARGET is not electron
ℹ Module electron took 0.25ms to setup.
[nuxt] kit:compatibility: 0.032ms
[nuxt] kit:compatibility: 1.305ms
[nuxt] kit:compatibility: 1.045ms
ℹ Module pinia took 6.41ms to setup.
ℹ Module devhandler-compat took 0.03ms to setup.
[nuxt] pages:routerOptions: 0.028ms
ℹ Module nuxt:pages took 34.34ms to setup.
ℹ Module nuxt:meta took 6.3ms to setup.
[nuxt] kit:compatibility: 0.412ms
ℹ Module nuxt:components took 15.07ms to setup.
ℹ Module nuxt:imports took 1.08ms to setup.
ℹ Module nuxt:nuxt-config-schema took 0.29ms to setup.
ℹ Module @nuxt/telemetry took 0.07ms to setup.
[nuxt] imports:dirs: 0.24ms
[nuxt] imports:sources: 0.07ms
[nuxt] imports:context: 0.192ms
[nuxt] imports:extend: 0.041ms
[nuxt] builder:generateApp: 0.007ms
[nuxt] schema:extend: 0.013ms
[nuxt] schema:resolved: 0.004ms
[nuxt] modules:done: 174.595ms
[nuxt] nitro:config: 85.159ms
[nuxt] nitro:init: 0.165ms
[nuxt] ready: 0.007ms
│
●  Nitro preset: static
[nitro] types:extend: 0.015ms
[nuxt] prepare:types: 63.745ms
[nuxt] components:dirs: 0.008ms
[nuxt] app:resolve: 3.092ms
[nuxt] pages:extend: 0.142ms
[nuxt] pages:resolved: 0.143ms
[nuxt] components:extend: 0.551ms
[nuxt] app:templates: 66.073ms
[nuxt] ℹ Compiled app-component.mjs in 9.41ms
[nuxt] ℹ Compiled types/app.config.d.ts in 9.43ms
[nuxt] ℹ Compiled app.config.mjs in 9.47ms
[nuxt] ℹ Compiled types/app-defaults.d.ts in 9.51ms
[nuxt] ℹ Compiled types/build.d.ts in 9.62ms
[nuxt] ℹ Compiled nitro.client.mjs in 9.8ms
[nuxt] ℹ Compiled css.mjs in 9.84ms
[nuxt] ℹ Compiled fetch.mjs in 9.87ms
[nuxt] ℹ Compiled error-component.mjs in 9.9ms
[nuxt] ℹ Compiled global-polyfills.mjs in 10.34ms
[nuxt] ℹ Compiled layouts.mjs in 10.6ms
[nuxt] ℹ Compiled middleware.mjs in 10.48ms
[nuxt] ℹ Compiled nuxt.config.mjs in 10.46ms
[nuxt] ℹ Compiled paths.mjs in 10.22ms
[nuxt] ℹ Compiled root-component.mjs in 10.26ms
[nuxt] ℹ Compiled test-component-wrapper.mjs in 9.49ms
[nuxt] ℹ Compiled types/vue-shim.d.ts in 9.54ms
[nuxt] ℹ Compiled types/nitro-layouts.d.ts in 9.6ms
[nuxt] ℹ Compiled types/builder-env.d.ts in 9.65ms
[nuxt] ℹ Compiled routes.mjs in 9.54ms
[nuxt] ℹ Compiled pages.mjs in 8.5ms
[nuxt] ℹ Compiled types/middleware.d.ts in 8.38ms
[nuxt] ℹ Compiled types/nitro-middleware.d.ts in 8.41ms
[nuxt] ℹ Compiled types/layouts.d.ts in 8.46ms
[nuxt] ℹ Compiled unhead-options.mjs in 8.47ms
[nuxt] ℹ Compiled unhead.config.mjs in 8.59ms
[nuxt] ℹ Compiled components.d.ts in 8.68ms
[nuxt] ℹ Compiled types/components.d.ts in 6.9ms
[nuxt] ℹ Compiled components.plugin.mjs in 5.34ms
[nuxt] ℹ Compiled component-names.mjs in 5.34ms
[nuxt] ℹ Compiled components.islands.mjs in 4.57ms
[nuxt] ℹ Compiled component-chunk.mjs in 4.43ms
[nuxt] ℹ Compiled route-rules.mjs in 14.45ms
[nuxt] nitro:prepare:types: 14.867ms
[nuxt] ℹ Compiled imports.mjs in 15.09ms
[nuxt] ℹ Compiled imports.d.ts in 15.17ms
[nuxt] ℹ Compiled types/nitro-nuxt.d.ts in 15.86ms
[nuxt] ℹ Compiled types/schema.d.ts in 23.41ms
[nuxt] ℹ Compiled types/imports.d.ts in 32.31ms
[nuxt] pages:routerOptions: 0.013ms
[nuxt] ℹ Compiled router.options.mjs in 38.18ms
[nuxt] ℹ Compiled plugins.server.mjs in 10.22ms
[nuxt] ℹ Compiled plugins.client.mjs in 16.41ms
[nuxt] ℹ Compiled types/plugins.d.ts in 21.96ms
[nuxt] imports:extend: 0.024ms
[nuxt] builder:generateApp: 0.005ms
[nuxt] app:templatesGenerated: 94.37ms
[nuxt] build:before: 1.604ms

 WARN  Browserslist: browsers data (caniuse-lite) is 6 months old. Please run:
  npx update-browserslist-db@latest
  Why you should do it regularly: https://github.com/browserslist/update-db#readme

[nuxt] vite:extend: 2.675ms
[nuxt] vite:extendConfig: 0.422ms
[nuxt] vite:configResolved: 0.006ms
ℹ Building client...
ℹ vite v7.3.1 building client environment for production...
ℹ transforming...
ℹ ✓ 3599 modules transformed.
ℹ rendering chunks...
ℹ computing gzip size...
ℹ .nuxt/dist/client/_nuxt/KaTeX_Size3-Regular.CTq5MqoE.woff              4.42 kB
ℹ .nuxt/dist/client/_nuxt/KaTeX_Size4-Regular.Dl5lxZxV.woff2             4.93 kB
ℹ .nuxt/dist/client/_nuxt/KaTeX_Size2-Regular.Dy4dx90m.woff2             5.21 kB
ℹ .nuxt/dist/client/_nuxt/KaTeX_Size1-Regular.mCD8mA8B.woff2             5.47 kB
ℹ .nuxt/dist/client/_nuxt/KaTeX_Size4-Regular.BF-4gkZK.woff              5.98 kB
ℹ .nuxt/dist/client/_nuxt/KaTeX_Size2-Regular.oD1tc_U0.woff              6.19 kB
ℹ .nuxt/dist/client/_nuxt/KaTeX_Size1-Regular.C195tn64.woff              6.50 kB
ℹ .nuxt/dist/client/_nuxt/KaTeX_Caligraphic-Regular.Di6jR-x-.woff2       6.91 kB
ℹ .nuxt/dist/client/_nuxt/KaTeX_Caligraphic-Bold.Dq_IR9rO.woff2          6.91 kB
ℹ .nuxt/dist/client/_nuxt/KaTeX_Size3-Regular.DgpXs0kz.ttf               7.59 kB
ℹ .nuxt/dist/client/_nuxt/KaTeX_Caligraphic-Regular.CTRA-rTL.woff        7.66 kB
ℹ .nuxt/dist/client/_nuxt/KaTeX_Caligraphic-Bold.BEiXGLvX.woff           7.72 kB
ℹ .nuxt/dist/client/_nuxt/KaTeX_Script-Regular.D3wIWfF6.woff2            9.64 kB
ℹ .nuxt/dist/client/_nuxt/KaTeX_SansSerif-Regular.DDBCnlJ7.woff2        10.34 kB
ℹ .nuxt/dist/client/_nuxt/KaTeX_Size4-Regular.DWFBv043.ttf              10.36 kB
ℹ .nuxt/dist/client/_nuxt/KaTeX_Script-Regular.D5yQViql.woff            10.59 kB
ℹ .nuxt/dist/client/_nuxt/KaTeX_Fraktur-Regular.CTYiF6lA.woff2          11.32 kB
ℹ .nuxt/dist/client/_nuxt/KaTeX_Fraktur-Bold.CL6g_b3V.woff2             11.35 kB
ℹ .nuxt/dist/client/_nuxt/KaTeX_Size2-Regular.B7gKUWhC.ttf              11.51 kB
ℹ .nuxt/dist/client/_nuxt/KaTeX_SansSerif-Italic.C3H0VqGB.woff2         12.03 kB
ℹ .nuxt/dist/client/_nuxt/KaTeX_SansSerif-Bold.D1sUS0GD.woff2           12.22 kB
ℹ .nuxt/dist/client/_nuxt/KaTeX_Size1-Regular.Dbsnue_I.ttf              12.23 kB
ℹ .nuxt/dist/client/_nuxt/KaTeX_SansSerif-Regular.CS6fqUqJ.woff         12.32 kB
ℹ .nuxt/dist/client/_nuxt/KaTeX_Caligraphic-Regular.wX97UBjC.ttf        12.34 kB
ℹ .nuxt/dist/client/_nuxt/KaTeX_Caligraphic-Bold.ATXxdsX0.ttf           12.37 kB
ℹ .nuxt/dist/client/_nuxt/KaTeX_Fraktur-Regular.Dxdc4cR9.woff           13.21 kB
ℹ .nuxt/dist/client/_nuxt/KaTeX_Fraktur-Bold.BsDP51OF.woff              13.30 kB
ℹ .nuxt/dist/client/_nuxt/KaTeX_Typewriter-Regular.CO6r4hn1.woff2       13.57 kB
ℹ .nuxt/dist/client/_nuxt/KaTeX_SansSerif-Italic.DN2j7dab.woff          14.11 kB
ℹ .nuxt/dist/client/_nuxt/KaTeX_SansSerif-Bold.DbIhKOiC.woff            14.41 kB
ℹ .nuxt/dist/client/_nuxt/KaTeX_Typewriter-Regular.C0xS9mPB.woff        16.03 kB
ℹ .nuxt/dist/client/_nuxt/KaTeX_Math-BoldItalic.CZnvNsCZ.woff2          16.40 kB
ℹ .nuxt/dist/client/_nuxt/KaTeX_Math-Italic.t53AETM-.woff2              16.44 kB
ℹ .nuxt/dist/client/_nuxt/KaTeX_Script-Regular.C5JkGWo-.ttf             16.65 kB
ℹ .nuxt/dist/client/_nuxt/KaTeX_Main-BoldItalic.DxDJ3AOS.woff2          16.78 kB
ℹ .nuxt/dist/client/_nuxt/KaTeX_Main-Italic.NWA7e6Wa.woff2              16.99 kB
ℹ .nuxt/dist/client/_nuxt/KaTeX_Math-BoldItalic.iY-2wyZ7.woff           18.67 kB
ℹ .nuxt/dist/client/_nuxt/KaTeX_Math-Italic.DA0__PXp.woff               18.75 kB
ℹ .nuxt/dist/client/_nuxt/KaTeX_Main-BoldItalic.SpSLRI95.woff           19.41 kB
ℹ .nuxt/dist/client/_nuxt/KaTeX_SansSerif-Regular.BNo7hRIc.ttf          19.44 kB
ℹ .nuxt/dist/client/_nuxt/KaTeX_Fraktur-Regular.CB_wures.ttf            19.57 kB
ℹ .nuxt/dist/client/_nuxt/KaTeX_Fraktur-Bold.BdnERNNW.ttf               19.58 kB
ℹ .nuxt/dist/client/_nuxt/KaTeX_Main-Italic.BMLOBm91.woff               19.68 kB
ℹ .nuxt/dist/client/_nuxt/KaTeX_SansSerif-Italic.YYjJ1zSn.ttf           22.36 kB
ℹ .nuxt/dist/client/_nuxt/KaTeX_SansSerif-Bold.CFMepnvq.ttf             24.50 kB
ℹ .nuxt/dist/client/_nuxt/KaTeX_Main-Bold.Cx986IdX.woff2                25.32 kB
ℹ .nuxt/dist/client/_nuxt/KaTeX_Main-Regular.B22Nviop.woff2             26.27 kB
ℹ .nuxt/dist/client/_nuxt/KaTeX_Typewriter-Regular.D3Ib7_Hf.ttf         27.56 kB
ℹ .nuxt/dist/client/_nuxt/KaTeX_AMS-Regular.BQhdFMY1.woff2              28.08 kB
ℹ .nuxt/dist/client/_nuxt/KaTeX_Main-Bold.Jm3AIy58.woff                 29.91 kB
ℹ .nuxt/dist/client/_nuxt/KaTeX_Main-Regular.Dr94JaBh.woff              30.77 kB
ℹ .nuxt/dist/client/_nuxt/KaTeX_Math-BoldItalic.B3XSjfu4.ttf            31.20 kB
ℹ .nuxt/dist/client/_nuxt/KaTeX_Math-Italic.flOr_0UB.ttf                31.31 kB
ℹ .nuxt/dist/client/_nuxt/KaTeX_Main-BoldItalic.DzxPMmG6.ttf            32.97 kB
ℹ .nuxt/dist/client/_nuxt/KaTeX_AMS-Regular.DMm9YOAa.woff               33.52 kB
ℹ .nuxt/dist/client/_nuxt/KaTeX_Main-Italic.3WenGoN9.ttf                33.58 kB
ℹ .nuxt/dist/client/_nuxt/KaTeX_Main-Bold.waoOVXN0.ttf                  51.34 kB
ℹ .nuxt/dist/client/_nuxt/KaTeX_Main-Regular.ypZvNtVU.ttf               53.58 kB
ℹ .nuxt/dist/client/_nuxt/KaTeX_AMS-Regular.DRggAlZN.ttf                63.63 kB
ℹ .nuxt/dist/client/manifest.json                                       65.48 kB │ gzip:     6.16 kB
ℹ .nuxt/dist/client/_nuxt/ConfirmationModal.CJV_gWfn.css                 0.20 kB │ gzip:     0.12 kB
ℹ .nuxt/dist/client/_nuxt/media.yjOJmL4q.css                             0.23 kB │ gzip:     0.13 kB
ℹ .nuxt/dist/client/_nuxt/AgentDefinitionForm.B4uhkLvJ.css               0.28 kB │ gzip:     0.15 kB
ℹ .nuxt/dist/client/_nuxt/FullScreenImageModal.aod6xn15.css              0.35 kB │ gzip:     0.17 kB
ℹ .nuxt/dist/client/_nuxt/default.DkOS1umL.css                           0.86 kB │ gzip:     0.35 kB
ℹ .nuxt/dist/client/_nuxt/settings.7rOgClEA.css                          1.61 kB │ gzip:     0.67 kB
ℹ .nuxt/dist/client/_nuxt/FileExplorerTabs.BrK5oVEn.css                  3.20 kB │ gzip:     1.02 kB
ℹ .nuxt/dist/client/_nuxt/useTeamRunRuntimeCatalogSync.B5h_eHhX.css      3.51 kB │ gzip:     1.19 kB
ℹ .nuxt/dist/client/_nuxt/workspace.DrBQ9tPi.css                         9.99 kB │ gzip:     2.52 kB
ℹ .nuxt/dist/client/_nuxt/skills.hZg4z6X7.css                           14.02 kB │ gzip:     3.04 kB
ℹ .nuxt/dist/client/_nuxt/useWorkspaceFileExplorer.Kr8OOoy4.css         50.71 kB │ gzip:    13.07 kB
ℹ .nuxt/dist/client/_nuxt/entry.DZ7rG_7z.css                           119.23 kB │ gzip:    18.72 kB
ℹ .nuxt/dist/client/_nuxt/CoVcAJpI.js                                    0.09 kB │ gzip:     0.10 kB
ℹ .nuxt/dist/client/_nuxt/Dirx1KL-.js                                    0.10 kB │ gzip:     0.11 kB
ℹ .nuxt/dist/client/_nuxt/Gi6I4Gst.js                                    0.15 kB │ gzip:     0.13 kB
ℹ .nuxt/dist/client/_nuxt/xccVJc9a.js                                    0.18 kB │ gzip:     0.15 kB
ℹ .nuxt/dist/client/_nuxt/DSoZJYid.js                                    0.21 kB │ gzip:     0.16 kB
ℹ .nuxt/dist/client/_nuxt/D7rlPMs_.js                                    0.22 kB │ gzip:     0.20 kB
ℹ .nuxt/dist/client/_nuxt/b0dH-aeN.js                                    0.23 kB │ gzip:     0.20 kB
ℹ .nuxt/dist/client/_nuxt/CduyGSmh.js                                    0.26 kB │ gzip:     0.21 kB
ℹ .nuxt/dist/client/_nuxt/Bxp-XbjS.js                                    0.35 kB │ gzip:     0.26 kB
ℹ .nuxt/dist/client/_nuxt/ChERN-gN.js                                    0.41 kB │ gzip:     0.27 kB
ℹ .nuxt/dist/client/_nuxt/B54slTOO.js                                    0.43 kB │ gzip:     0.28 kB
ℹ .nuxt/dist/client/_nuxt/RpbeWMSC.js                                    0.43 kB │ gzip:     0.28 kB
ℹ .nuxt/dist/client/_nuxt/CcZxtSH3.js                                    0.49 kB │ gzip:     0.35 kB
ℹ .nuxt/dist/client/_nuxt/CmXVtlAW.js                                    0.71 kB │ gzip:     0.44 kB
ℹ .nuxt/dist/client/_nuxt/CE1G-McA.js                                    0.76 kB │ gzip:     0.40 kB
ℹ .nuxt/dist/client/_nuxt/BJusQvZr.js                                    0.80 kB │ gzip:     0.41 kB
ℹ .nuxt/dist/client/_nuxt/BkyMJ6vv.js                                    0.90 kB │ gzip:     0.55 kB
ℹ .nuxt/dist/client/_nuxt/CN-5KoOi.js                                    0.94 kB │ gzip:     0.45 kB
ℹ .nuxt/dist/client/_nuxt/1VQUlDxk.js                                    1.04 kB │ gzip:     0.57 kB
ℹ .nuxt/dist/client/_nuxt/CmKTTxBW.js                                    1.18 kB │ gzip:     0.57 kB
ℹ .nuxt/dist/client/_nuxt/Daf9BDW6.js                                    1.42 kB │ gzip:     0.63 kB
ℹ .nuxt/dist/client/_nuxt/ISd2u543.js                                    1.82 kB │ gzip:     0.83 kB
ℹ .nuxt/dist/client/_nuxt/Cx9PAHto.js                                    2.03 kB │ gzip:     0.96 kB
ℹ .nuxt/dist/client/_nuxt/Bv4L8bhO.js                                    2.39 kB │ gzip:     1.01 kB
ℹ .nuxt/dist/client/_nuxt/D0FnQend.js                                    2.56 kB │ gzip:     1.27 kB
ℹ .nuxt/dist/client/_nuxt/Brhf7MKh.js                                    3.43 kB │ gzip:     1.47 kB
ℹ .nuxt/dist/client/_nuxt/3anWq-y_.js                                    3.48 kB │ gzip:     1.40 kB
ℹ .nuxt/dist/client/_nuxt/BEZHqT4E.js                                    3.57 kB │ gzip:     1.29 kB
ℹ .nuxt/dist/client/_nuxt/uQ3RwX9D.js                                    3.83 kB │ gzip:     1.50 kB
ℹ .nuxt/dist/client/_nuxt/iZjYfGtI.js                                    4.31 kB │ gzip:     1.86 kB
ℹ .nuxt/dist/client/_nuxt/DX6XiGOO.js                                    4.69 kB │ gzip:     2.18 kB
ℹ .nuxt/dist/client/_nuxt/YsEJ7dH9.js                                    4.71 kB │ gzip:     1.84 kB
ℹ .nuxt/dist/client/_nuxt/Cswi31J0.js                                    4.74 kB │ gzip:     1.88 kB
ℹ .nuxt/dist/client/_nuxt/Ctfh6dNp.js                                    4.85 kB │ gzip:     1.46 kB
ℹ .nuxt/dist/client/_nuxt/JT9zfYsN.js                                    4.95 kB │ gzip:     2.03 kB
ℹ .nuxt/dist/client/_nuxt/CJ0u63a9.js                                    4.98 kB │ gzip:     1.87 kB
ℹ .nuxt/dist/client/_nuxt/DXNxv3ce.js                                    5.23 kB │ gzip:     2.29 kB
ℹ .nuxt/dist/client/_nuxt/ztLp8x_c.js                                    5.27 kB │ gzip:     2.11 kB
ℹ .nuxt/dist/client/_nuxt/xYBn5Q9t.js                                    5.63 kB │ gzip:     2.31 kB
ℹ .nuxt/dist/client/_nuxt/VqbCcFS4.js                                    5.63 kB │ gzip:     2.29 kB
ℹ .nuxt/dist/client/_nuxt/ZTRlnGoz.js                                    5.84 kB │ gzip:     2.33 kB
ℹ .nuxt/dist/client/_nuxt/CpU92-YU.js                                    5.90 kB │ gzip:     1.85 kB
ℹ .nuxt/dist/client/_nuxt/xQG5BdqF.js                                    5.91 kB │ gzip:     2.47 kB
ℹ .nuxt/dist/client/_nuxt/DqJix7dW.js                                    7.72 kB │ gzip:     1.93 kB
ℹ .nuxt/dist/client/_nuxt/DRcKBGup.js                                    8.63 kB │ gzip:     1.79 kB
ℹ .nuxt/dist/client/_nuxt/BdR-kJsk.js                                    9.24 kB │ gzip:     1.90 kB
ℹ .nuxt/dist/client/_nuxt/D6LI3ZqQ.js                                   10.37 kB │ gzip:     3.60 kB
ℹ .nuxt/dist/client/_nuxt/BDyTzxl8.js                                   11.03 kB │ gzip:     4.10 kB
ℹ .nuxt/dist/client/_nuxt/Be9QpZ6V.js                                   11.88 kB │ gzip:     4.64 kB
ℹ .nuxt/dist/client/_nuxt/C0-A_RkL.js                                   13.22 kB │ gzip:     4.45 kB
ℹ .nuxt/dist/client/_nuxt/vEFC7gAN.js                                   14.16 kB │ gzip:     4.43 kB
ℹ .nuxt/dist/client/_nuxt/6MduKTVT.js                                   15.83 kB │ gzip:     5.62 kB
ℹ .nuxt/dist/client/_nuxt/BCMMVd7R.js                                   17.65 kB │ gzip:     5.17 kB
ℹ .nuxt/dist/client/_nuxt/n5LYLhdU.js                                   18.47 kB │ gzip:     7.21 kB
ℹ .nuxt/dist/client/_nuxt/OJwglPXr.js                                   20.07 kB │ gzip:     6.90 kB
ℹ .nuxt/dist/client/_nuxt/DH-yWd0A.js                                   20.25 kB │ gzip:     7.18 kB
ℹ .nuxt/dist/client/_nuxt/iwhU4hYV.js                                   22.17 kB │ gzip:     8.14 kB
ℹ .nuxt/dist/client/_nuxt/n22uQBlt.js                                   23.26 kB │ gzip:     6.78 kB
ℹ .nuxt/dist/client/_nuxt/RwLqoynq.js                                   23.57 kB │ gzip:     8.32 kB
ℹ .nuxt/dist/client/_nuxt/DkUUmqF-.js                                   23.65 kB │ gzip:     8.25 kB
ℹ .nuxt/dist/client/_nuxt/B7t-15MK.js                                   24.12 kB │ gzip:     7.40 kB
ℹ .nuxt/dist/client/_nuxt/0XoeM3j1.js                                   25.26 kB │ gzip:     8.82 kB
ℹ .nuxt/dist/client/_nuxt/DgsB4xDJ.js                                   25.61 kB │ gzip:    10.06 kB
ℹ .nuxt/dist/client/_nuxt/C8RUdD21.js                                   27.35 kB │ gzip:     9.70 kB
ℹ .nuxt/dist/client/_nuxt/DHGyj9Pe.js                                   28.17 kB │ gzip:     8.21 kB
ℹ .nuxt/dist/client/_nuxt/C4OeJkkh.js                                   30.12 kB │ gzip:     9.42 kB
ℹ .nuxt/dist/client/_nuxt/Cs1qIJuR.js                                   32.10 kB │ gzip:    10.09 kB
ℹ .nuxt/dist/client/_nuxt/soZpuW0z.js                                   33.88 kB │ gzip:     9.94 kB
ℹ .nuxt/dist/client/_nuxt/CL55iDUH.js                                   35.67 kB │ gzip:     9.09 kB
ℹ .nuxt/dist/client/_nuxt/D5FtzwIl.js                                   36.30 kB │ gzip:    11.79 kB
ℹ .nuxt/dist/client/_nuxt/BFPYNfsI.js                                   40.21 kB │ gzip:    11.34 kB
ℹ .nuxt/dist/client/_nuxt/YUBBsYzM.js                                   45.25 kB │ gzip:    14.64 kB
ℹ .nuxt/dist/client/_nuxt/EgNALjBS.js                                   46.40 kB │ gzip:    10.15 kB
ℹ .nuxt/dist/client/_nuxt/5QdBJHGq.js                                   50.51 kB │ gzip:    13.44 kB
ℹ .nuxt/dist/client/_nuxt/DKPCO8QE.js                                   58.98 kB │ gzip:    15.10 kB
ℹ .nuxt/dist/client/_nuxt/BF4mhWO5.js                                   60.46 kB │ gzip:    19.41 kB
ℹ .nuxt/dist/client/_nuxt/7rke04yc.js                                   67.24 kB │ gzip:    15.75 kB
ℹ .nuxt/dist/client/_nuxt/B0fvWbgI.js                                   68.35 kB │ gzip:    23.15 kB
ℹ .nuxt/dist/client/_nuxt/BW_usaXX.js                                   70.18 kB │ gzip:    19.69 kB
ℹ .nuxt/dist/client/_nuxt/Bp_nmDc9.js                                   71.80 kB │ gzip:    20.49 kB
ℹ .nuxt/dist/client/_nuxt/cImFRTlK.js                                   74.34 kB │ gzip:    17.04 kB
ℹ .nuxt/dist/client/_nuxt/BTGDgai6.js                                   74.80 kB │ gzip:    17.32 kB
ℹ .nuxt/dist/client/_nuxt/5ZMVG00X.js                                   81.75 kB │ gzip:    22.49 kB
ℹ .nuxt/dist/client/_nuxt/BLC4hGnK.js                                   86.73 kB │ gzip:    25.32 kB
ℹ .nuxt/dist/client/_nuxt/B5BZfkBX.js                                   97.84 kB │ gzip:    26.85 kB
ℹ .nuxt/dist/client/_nuxt/BNfA-ZHz.js                                  109.53 kB │ gzip:    29.52 kB
ℹ .nuxt/dist/client/_nuxt/D3WBCDgb.js                                  148.62 kB │ gzip:    42.01 kB
ℹ .nuxt/dist/client/_nuxt/Dmv6RRJ2.js                                  336.20 kB │ gzip:    86.44 kB
ℹ .nuxt/dist/client/_nuxt/5J0xJHOV.js                                  441.64 kB │ gzip:   141.47 kB
ℹ .nuxt/dist/client/_nuxt/BJbWU4NQ.js                                  452.84 kB │ gzip:   107.01 kB
ℹ .nuxt/dist/client/_nuxt/C5YhMp5S.js                                  504.37 kB │ gzip:   131.97 kB
ℹ .nuxt/dist/client/_nuxt/_950VqHz.js                                  657.61 kB │ gzip:   177.27 kB
ℹ .nuxt/dist/client/_nuxt/CwERpsVB.js                                  975.78 kB │ gzip:   267.76 kB
ℹ .nuxt/dist/client/_nuxt/VY1JhrCz.js                                3,764.27 kB │ gzip: 1,211.53 kB

 WARN
(!) Some chunks are larger than 500 kB after minification. Consider:
- Using dynamic import() to code-split the application
- Use build.rollupOptions.output.manualChunks to improve chunking: https://rollupjs.org/configuration-options/#output-manualchunks
- Adjust chunk size limit for this warning via build.chunkSizeWarningLimit.

ℹ ✓ built in 33.30s
[nuxt] vite:compiled: 0.018ms
✔ Client built in 33328ms
[nuxt] vite:extendConfig: 0.764ms
[nuxt] vite:configResolved: 0.008ms
ℹ Building server...
ℹ vite v7.3.1 building ssr environment for production...
ℹ transforming...
ℹ ✓ 1 modules transformed.
ℹ rendering chunks...
ℹ .nuxt/dist/server/styles.mjs  0.07 kB
ℹ .nuxt/dist/server/server.mjs  0.10 kB │ map: 0.37 kB
ℹ ✓ built in 46ms
[nuxt] build:manifest: 0.525ms
[nuxt] vite:compiled: 0.017ms
✔ Server built in 81ms
[nuxt] schema:beforeWrite: 0.007ms
[nuxt] schema:written: 0.025ms
[nuxt] nitro:build:before: 0.388ms
[nuxt] prerender:routes: 0.008ms
[nitro] prerender:routes: 0.223ms
[nitro] ℹ Initializing prerenderer
[nitro] prerender:config: 0.005ms
[nitro] prerender:init: 0.017ms
[nitro] build:before: 0.01ms
[nitro] rollup:before: 0.022ms
[nitro] types:extend: 0.015ms
[nitro] compiled: 0.013ms
⚙ > Load chunks/nitro/nitro (3ms)
[nitro] ℹ Prerendering 15 initial routes with crawler
[nitro-runtime] request: 0.902ms
[nitro-runtime] request: 0.691ms
[nitro-runtime] request: 0.87ms
[nitro-runtime] request: 0.987ms
[nitro-runtime] request: 0.936ms
[nitro-runtime] request: 1.776ms
[nitro-runtime] request: 1.837ms
[nitro-runtime] request: 1.847ms
[nitro-runtime] request: 1.792ms
[nitro-runtime] request: 2.176ms
[nitro-runtime] request: 2.31ms
[nitro-runtime] request: 2.371ms
[nitro-runtime] request: 2.406ms
[nitro-runtime] request: 2.457ms
[nitro-runtime] request: 2.478ms
⚙ > Load chunks/_/renderer (1ms)
[nitro-runtime] render:before: 0.063ms
[nitro-runtime] render:before: 0.102ms
[nitro-runtime] render:before: 0.133ms
[nitro-runtime] render:before: 0.163ms
[nitro-runtime] render:before: 0.192ms
[nitro-runtime] render:before: 0.227ms
[nitro-runtime] render:before: 0.257ms
[nitro-runtime] render:before: 0.286ms
[nitro-runtime] render:before: 0.315ms
[nitro-runtime] render:before: 0.342ms
[nitro-runtime] render:before: 0.371ms
[nitro-runtime] render:before: 0.401ms
[nitro-runtime] render:before: 0.431ms
[nitro-runtime] render:before: 0.461ms
[nitro-runtime] render:before: 0.492ms
⚙ > Load chunks/build/client.precomputed (2ms)
[nitro-runtime] render:html: 0.106ms
[nitro-runtime] render:html: 0.218ms
[nitro-runtime] render:html: 0.246ms
[nitro-runtime] render:html: 0.267ms
[nitro-runtime] render:html: 0.29ms
[nitro-runtime] render:html: 0.312ms
[nitro-runtime] render:html: 0.337ms
[nitro-runtime] render:html: 0.362ms
[nitro-runtime] render:html: 0.389ms
[nitro-runtime] render:html: 0.414ms
[nitro-runtime] render:html: 0.439ms
[nitro-runtime] render:html: 0.463ms
[nitro-runtime] render:html: 0.817ms
[nitro-runtime] render:html: 0.972ms
[nitro-runtime] render:html: 1.046ms
[nitro-runtime] render:response: 0.069ms
[nitro-runtime] render:response: 0.19ms
[nitro-runtime] render:response: 0.253ms
[nitro-runtime] render:response: 0.356ms
[nitro-runtime] render:response: 0.556ms
[nitro-runtime] render:response: 0.597ms
[nitro-runtime] render:response: 0.724ms
[nitro-runtime] render:response: 0.828ms
[nitro-runtime] render:response: 0.863ms
[nitro-runtime] render:response: 0.894ms
[nitro-runtime] render:response: 0.924ms
[nitro-runtime] render:response: 0.955ms
[nitro-runtime] render:response: 0.985ms
[nitro-runtime] render:response: 1.021ms
[nitro-runtime] render:response: 1.051ms
[nitro-runtime] beforeResponse: 0.067ms
[nitro-runtime] beforeResponse: 0.092ms
[nitro-runtime] beforeResponse: 0.123ms
[nitro-runtime] beforeResponse: 0.148ms
[nitro-runtime] beforeResponse: 0.173ms
[nitro-runtime] beforeResponse: 0.198ms
[nitro-runtime] beforeResponse: 0.225ms
[nitro-runtime] beforeResponse: 0.258ms
[nitro-runtime] beforeResponse: 0.285ms
[nitro-runtime] beforeResponse: 0.312ms
[nitro-runtime] beforeResponse: 0.342ms
[nitro-runtime] beforeResponse: 0.369ms
[nitro-runtime] beforeResponse: 0.397ms
[nitro-runtime] beforeResponse: 0.425ms
[nitro-runtime] beforeResponse: 0.453ms
[nitro-runtime] afterResponse: 0.016ms
[nitro] prerender:generate: 0.008ms
[nitro-runtime] afterResponse: 0.005ms
[nitro] prerender:generate: 0.005ms
[nitro-runtime] afterResponse: 0.004ms
[nitro] prerender:generate: 0.004ms
[nitro-runtime] afterResponse: 0.004ms
[nitro] prerender:generate: 0.003ms
[nitro-runtime] afterResponse: 0.004ms
[nitro] prerender:generate: 0.003ms
[nitro-runtime] afterResponse: 0.003ms
[nitro] prerender:generate: 0.003ms
[nitro-runtime] afterResponse: 0.003ms
[nitro] prerender:generate: 0.003ms
[nitro-runtime] afterResponse: 0.003ms
[nitro] prerender:generate: 0.003ms
[nitro-runtime] afterResponse: 0.003ms
[nitro] prerender:generate: 0.003ms
[nitro-runtime] afterResponse: 0.003ms
[nitro] prerender:generate: 0.003ms
[nitro-runtime] afterResponse: 0.003ms
[nitro] prerender:generate: 0.003ms
[nitro-runtime] afterResponse: 0.003ms
[nitro] prerender:generate: 0.003ms
[nitro-runtime] afterResponse: 0.033ms
[nitro] prerender:generate: 0.034ms
[nitro-runtime] afterResponse: 0.01ms
[nitro] prerender:generate: 0.006ms
[nitro-runtime] afterResponse: 0.004ms
[nitro] prerender:generate: 0.004ms
[nitro] prerender:route: 0.015ms
[nitro]   ├─ /media (57ms)
[nitro] prerender:route: 0.007ms
[nitro]   ├─ /nodes (56ms)
[nitro] prerender:route: 0.005ms
[nitro]   ├─ /tools (57ms)
[nitro] prerender:route: 0.004ms
[nitro]   ├─ /settings (58ms)
[nitro] prerender:route: 0.004ms
[nitro]   ├─ /mobile (57ms)
[nitro] prerender:route: 0.003ms
[nitro]   ├─ /agents (57ms)
[nitro] prerender:route: 0.003ms
[nitro]   ├─ /agent-teams (59ms)
[nitro] prerender:route: 0.003ms
[nitro]   ├─ / (56ms)
[nitro] prerender:route: 0.003ms
[nitro]   ├─ /applications (59ms)
[nitro] prerender:route: 0.003ms
[nitro]   ├─ /memory (57ms)
[nitro]   ├─ /index.html (62ms)
[nitro]   ├─ /skills (58ms)
[nitro]   ├─ /workspace (59ms)
[nitro]   ├─ /200.html (61ms)
[nitro] prerender:route: 0.003ms (repeated 4 times)
[nitro] prerender:route: 0.029ms
[nitro]   ├─ /404.html (61ms)
[nitro-runtime] close: 0.012ms
[nitro] prerender:done: 0.006ms
[nitro] ℹ Prerendered 15 routes in 0.951 seconds
[nitro] build:before: 0.703ms
[nitro] ✔ Generated public dist/public
[nuxt] nitro:build:public-assets: 0.016ms
[nitro] rollup:before: 113.712ms
[nitro] types:extend: 0.014ms
[nitro] compiled: 0.011ms
[nitro] ✔ You can preview this build using npx serve dist/public
[nuxt] build:done: 1.142s
[nitro] close: 0.085ms
[nuxt] close: 0.215ms
│
▲  HTML content not prerendered because ssr: false was set.
│
●  You can read more in https://nuxt.com/docs/getting-started/deployment#static-hosting.
│
└  ✨ You can now deploy dist/public to any static hosting!
Mobile web assets written to /Users/normy/autobyteus_org/autobyteus-worktrees/carpenter-model/autobyteus-web/dist-mobile/public

[0;33mDeploying server package into Electron resources...[0m
 WARN  Shared workspace lockfile detected but configuration forces legacy deploy implementation.
Packages are cloned from the content-addressable store to the virtual store.
  Content-addressable store is at: /Users/normy/Library/pnpm/store/v10
  Virtual store is at:             autobyteus-web/resources/server/node_modules/.pnpm
Progress: resolved 1, reused 0, downloaded 0, added 0
Progress: resolved 112, reused 0, downloaded 0, added 0
Progress: resolved 482, reused 0, downloaded 0, added 0
Progress: resolved 1122, reused 0, downloaded 0, added 0
Progress: resolved 1867, reused 1, downloaded 0, added 0
 WARN  22 deprecated subdependencies found: @babel/plugin-proposal-class-properties@7.18.6, @babel/plugin-proposal-object-rest-spread@7.20.7, @graphql-tools/prisma-loader@8.0.17, @npmcli/move-file@2.0.1, are-we-there-yet@3.0.1, gauge@4.0.4, glob@10.5.0, glob@7.2.3, glob@8.1.0, har-validator@5.1.5, inflight@1.0.6, lodash.get@4.4.2, lodash.isequal@4.5.0, mkdirp@0.5.1, node-domexception@1.0.0, npmlog@6.0.2, phin@3.7.1, request@2.88.2, rimraf@3.0.2, tar@6.2.1, uuid@3.4.0, whatwg-encoding@3.1.1
Progress: resolved 1882, reused 1, downloaded 0, added 0, done
 WARN  Issues with peer dependencies found
autobyteus-web
└─┬ nuxt 3.21.1
  └─┬ @nuxt/cli 3.33.1
    ├── ✕ unmet peer @nuxt/schema@^4.3.0: found 3.21.1
    └─┬ @bomb.sh/tab 0.0.12
      └── ✕ unmet peer citty@^0.1.6: found 0.2.1
.                                        | +416 ++++++++++++++++++++++++++++++++
╭ Warning ─────────────────────────────────────────────────────────────────────╮
│                                                                              │
│   Ignored build scripts: autobyteus-ts@file:autobyteus-ts.                   │
│   Run "pnpm approve-builds" to pick which dependencies should be allowed     │
│   to run scripts.                                                            │
│                                                                              │
╰──────────────────────────────────────────────────────────────────────────────╯

[0;33mCleaning workspace symlinks in deployment...[0m
Removed 1 external symlinks from /Users/normy/autobyteus_org/autobyteus-worktrees/carpenter-model/autobyteus-web/resources/server/node_modules/.pnpm/node_modules

[0;33mRemoving non-runtime test fixtures from deployed dependencies...[0m

[0;33mGenerating Prisma client (ensures engines are bundled)...[0m
Environment variables loaded from .env
Prisma schema loaded from resources/server/prisma/schema.prisma

✔ Generated Prisma Client (v5.22.0) to ./resources/server/node_modules/.pnpm/@prisma+client@5.22.0_prisma@5.22.0/node_modules/@prisma/client in 152ms

Start by importing your Prisma Client (See: https://pris.ly/d/importing-client)

Tip: Curious about the SQL queries Prisma ORM generates? Optimize helps you enhance your visibility: https://pris.ly/tip-2-optimize


[0;33mPruning native prebuilds for host platform...[0m

[0;33mRebuilding native modules for Electron...[0m
Searching dependency tree
Building modules: node-pty, node-pty
✔ Rebuild Complete

[0;33mNormalizing node-pty spawn-helper execute bits...[0m
[0;32m✓[0m Normalized execute bits on 3 node-pty spawn-helper file(s)

[0;33mRemoving symlinks that point outside the bundle...[0m
Removed 0 external symlinks from /Users/normy/autobyteus_org/autobyteus-worktrees/carpenter-model/autobyteus-web/resources/server

[0;32m=======================================[0m
[0;32m   Server files prepared successfully!   [0m
[0;32m=======================================[0m
Target directory: [0;33m/Users/normy/autobyteus_org/autobyteus-worktrees/carpenter-model/autobyteus-web/resources/server[0m
You can now build the Electron app with the server included

> autobyteus@1.4.49 generate:electron /Users/normy/autobyteus_org/autobyteus-worktrees/carpenter-model/autobyteus-web
> cross-env NODE_ENV=production BUILD_TARGET=electron nuxt generate

┌  Building Nuxt for production...
│
●  Nuxt 3.21.1 (with Nitro 2.13.1, Vite 7.3.1 and Vue 3.5.28)
[nuxt] modules:before: 0.092ms
isElectronBuild true
[nuxt] kit:compatibility: 0.023ms
[nuxt] kit:compatibility: 0.22ms
[nuxt] kit:compatibility: 0.356ms
ℹ Module pinia took 3.33ms to setup.
ℹ Module devhandler-compat took 0.02ms to setup.
[nuxt] kit:compatibility: 0.074ms
[Electron Module] Initializing electron module
⚙ [Electron Module] Electron options: { buildEntries: [ 'electron/main.ts', 'electron/preload.ts' ],
  rendererConfig: false,
  disableDefaultOptions: undefined }
[Electron Module] Applying default Electron configurations
⚙ [Electron Module] SSR disabled
[Electron Module] Configuring for Electron build target
⚙ [Electron Module] Electron build config applied: { baseURL: './', buildAssetsDir: '_nuxt/', hashMode: true }
[Electron Module] Configuring production settings
⚙ [Electron Module] Production config applied: { baseURL: './' }
[Electron Module] Electron module initialization completed
ℹ Module electron took 2.65ms to setup.
[nuxt] pages:routerOptions: 0.027ms
ℹ Module nuxt:pages took 14.38ms to setup.
ℹ Module nuxt:meta took 3.48ms to setup.
[nuxt] kit:compatibility: 0.237ms
ℹ Module nuxt:components took 4.37ms to setup.
ℹ Module nuxt:imports took 3.49ms to setup.
ℹ Module nuxt:nuxt-config-schema took 0.43ms to setup.
ℹ Module @nuxt/telemetry took 0.17ms to setup.
[nuxt] imports:dirs: 0.37ms
[nuxt] imports:sources: 0.323ms
[nuxt] imports:context: 0.094ms
[nuxt] imports:extend: 0.041ms
[nuxt] builder:generateApp: 0.007ms
[nuxt] schema:extend: 0.017ms
[nuxt] schema:resolved: 0.005ms
[nuxt] modules:done: 145.837ms
[nuxt] nitro:config: 78.408ms
[nuxt] nitro:init: 0.763ms
[nuxt] ready: 0.015ms
│
●  Nitro preset: static
[nitro] types:extend: 0.013ms
[nuxt] prepare:types: 119.095ms
[nuxt] components:dirs: 0.008ms
[nuxt] app:resolve: 1.155ms
[nuxt] pages:extend: 0.834ms
[nuxt] pages:resolved: 0.172ms
[nuxt] components:extend: 0.564ms
[nuxt] app:templates: 67.926ms
[nuxt] ℹ Compiled app-component.mjs in 13.51ms
[nuxt] ℹ Compiled types/app.config.d.ts in 13.56ms
[nuxt] ℹ Compiled app.config.mjs in 13.6ms
[nuxt] ℹ Compiled types/app-defaults.d.ts in 13.64ms
[nuxt] ℹ Compiled types/build.d.ts in 13.68ms
[nuxt] ℹ Compiled nitro.client.mjs in 13.47ms
[nuxt] ℹ Compiled css.mjs in 13.51ms
[nuxt] ℹ Compiled fetch.mjs in 13.53ms
[nuxt] ℹ Compiled error-component.mjs in 13.57ms
[nuxt] ℹ Compiled global-polyfills.mjs in 13.72ms
[nuxt] ℹ Compiled layouts.mjs in 13.78ms
[nuxt] ℹ Compiled middleware.mjs in 13.59ms
[nuxt] ℹ Compiled nuxt.config.mjs in 13.42ms
[nuxt] ℹ Compiled paths.mjs in 13.2ms
[nuxt] ℹ Compiled root-component.mjs in 13.22ms
[nuxt] ℹ Compiled test-component-wrapper.mjs in 13.05ms
[nuxt] ℹ Compiled types/vue-shim.d.ts in 13.1ms
[nuxt] ℹ Compiled types/nitro-layouts.d.ts in 13.16ms
[nuxt] ℹ Compiled types/builder-env.d.ts in 13.2ms
[nuxt] ℹ Compiled routes.mjs in 13.26ms
[nuxt] ℹ Compiled pages.mjs in 12.47ms
[nuxt] ℹ Compiled types/middleware.d.ts in 12.43ms
[nuxt] ℹ Compiled types/nitro-middleware.d.ts in 12.47ms
[nuxt] ℹ Compiled types/layouts.d.ts in 12.52ms
[nuxt] ℹ Compiled unhead-options.mjs in 12.54ms
[nuxt] ℹ Compiled unhead.config.mjs in 12.58ms
[nuxt] ℹ Compiled components.d.ts in 12.63ms
[nuxt] ℹ Compiled types/components.d.ts in 8.08ms
[nuxt] ℹ Compiled components.plugin.mjs in 4.7ms
[nuxt] ℹ Compiled component-names.mjs in 4.7ms
[nuxt] ℹ Compiled components.islands.mjs in 4.73ms
[nuxt] ℹ Compiled component-chunk.mjs in 4.48ms
[nuxt] ℹ Compiled route-rules.mjs in 13.04ms
[nuxt] nitro:prepare:types: 13.677ms
[nuxt] ℹ Compiled imports.mjs in 14.38ms
[nuxt] ℹ Compiled imports.d.ts in 14.41ms
[nuxt] ℹ Compiled types/nitro-nuxt.d.ts in 14.98ms
[nuxt] ℹ Compiled types/schema.d.ts in 25.33ms
[nuxt] ℹ Compiled types/imports.d.ts in 26.79ms
[nuxt] pages:routerOptions: 0.021ms
[nuxt] ℹ Compiled router.options.mjs in 37.82ms
[nuxt] ℹ Compiled plugins.server.mjs in 26.01ms
[nuxt] ℹ Compiled plugins.client.mjs in 57.03ms
[nuxt] ℹ Compiled types/plugins.d.ts in 59.2ms
[nuxt] imports:extend: 0.028ms
[nuxt] builder:generateApp: 0.005ms
[nuxt] app:templatesGenerated: 111.984ms
[nuxt] build:before: 1.112ms

 WARN  Browserslist: browsers data (caniuse-lite) is 6 months old. Please run:
  npx update-browserslist-db@latest
  Why you should do it regularly: https://github.com/browserslist/update-db#readme

[nuxt] vite:extend: 3.758ms
[Electron Module] Extending Vite config
[nuxt] vite:extendConfig: 0.443ms
[nuxt] vite:configResolved: 0.007ms
ℹ Building client...
[Electron Module] Vite config resolved: { mode: 'production', base: './', buildTarget: 'electron' }
ℹ vite v7.3.1 building client environment for production...
ℹ transforming...
ℹ ✓ 3599 modules transformed.
ℹ rendering chunks...
ℹ computing gzip size...
ℹ .nuxt/dist/client/_nuxt/KaTeX_Size3-Regular.CTq5MqoE.woff                4.42 kB
ℹ .nuxt/dist/client/_nuxt/KaTeX_Size4-Regular.Dl5lxZxV.woff2               4.93 kB
ℹ .nuxt/dist/client/_nuxt/KaTeX_Size2-Regular.Dy4dx90m.woff2               5.21 kB
ℹ .nuxt/dist/client/_nuxt/KaTeX_Size1-Regular.mCD8mA8B.woff2               5.47 kB
ℹ .nuxt/dist/client/_nuxt/KaTeX_Size4-Regular.BF-4gkZK.woff                5.98 kB
ℹ .nuxt/dist/client/_nuxt/KaTeX_Size2-Regular.oD1tc_U0.woff                6.19 kB
ℹ .nuxt/dist/client/_nuxt/KaTeX_Size1-Regular.C195tn64.woff                6.50 kB
ℹ .nuxt/dist/client/_nuxt/KaTeX_Caligraphic-Regular.Di6jR-x-.woff2         6.91 kB
ℹ .nuxt/dist/client/_nuxt/KaTeX_Caligraphic-Bold.Dq_IR9rO.woff2            6.91 kB
ℹ .nuxt/dist/client/_nuxt/KaTeX_Size3-Regular.DgpXs0kz.ttf                 7.59 kB
ℹ .nuxt/dist/client/_nuxt/KaTeX_Caligraphic-Regular.CTRA-rTL.woff          7.66 kB
ℹ .nuxt/dist/client/_nuxt/KaTeX_Caligraphic-Bold.BEiXGLvX.woff             7.72 kB
ℹ .nuxt/dist/client/_nuxt/KaTeX_Script-Regular.D3wIWfF6.woff2              9.64 kB
ℹ .nuxt/dist/client/_nuxt/KaTeX_SansSerif-Regular.DDBCnlJ7.woff2          10.34 kB
ℹ .nuxt/dist/client/_nuxt/KaTeX_Size4-Regular.DWFBv043.ttf                10.36 kB
ℹ .nuxt/dist/client/_nuxt/KaTeX_Script-Regular.D5yQViql.woff              10.59 kB
ℹ .nuxt/dist/client/_nuxt/KaTeX_Fraktur-Regular.CTYiF6lA.woff2            11.32 kB
ℹ .nuxt/dist/client/_nuxt/KaTeX_Fraktur-Bold.CL6g_b3V.woff2               11.35 kB
ℹ .nuxt/dist/client/_nuxt/KaTeX_Size2-Regular.B7gKUWhC.ttf                11.51 kB
ℹ .nuxt/dist/client/_nuxt/KaTeX_SansSerif-Italic.C3H0VqGB.woff2           12.03 kB
ℹ .nuxt/dist/client/_nuxt/KaTeX_SansSerif-Bold.D1sUS0GD.woff2             12.22 kB
ℹ .nuxt/dist/client/_nuxt/KaTeX_Size1-Regular.Dbsnue_I.ttf                12.23 kB
ℹ .nuxt/dist/client/_nuxt/KaTeX_SansSerif-Regular.CS6fqUqJ.woff           12.32 kB
ℹ .nuxt/dist/client/_nuxt/KaTeX_Caligraphic-Regular.wX97UBjC.ttf          12.34 kB
ℹ .nuxt/dist/client/_nuxt/KaTeX_Caligraphic-Bold.ATXxdsX0.ttf             12.37 kB
ℹ .nuxt/dist/client/_nuxt/KaTeX_Fraktur-Regular.Dxdc4cR9.woff             13.21 kB
ℹ .nuxt/dist/client/_nuxt/KaTeX_Fraktur-Bold.BsDP51OF.woff                13.30 kB
ℹ .nuxt/dist/client/_nuxt/KaTeX_Typewriter-Regular.CO6r4hn1.woff2         13.57 kB
ℹ .nuxt/dist/client/_nuxt/KaTeX_SansSerif-Italic.DN2j7dab.woff            14.11 kB
ℹ .nuxt/dist/client/_nuxt/KaTeX_SansSerif-Bold.DbIhKOiC.woff              14.41 kB
ℹ .nuxt/dist/client/_nuxt/KaTeX_Typewriter-Regular.C0xS9mPB.woff          16.03 kB
ℹ .nuxt/dist/client/_nuxt/KaTeX_Math-BoldItalic.CZnvNsCZ.woff2            16.40 kB
ℹ .nuxt/dist/client/_nuxt/KaTeX_Math-Italic.t53AETM-.woff2                16.44 kB
ℹ .nuxt/dist/client/_nuxt/KaTeX_Script-Regular.C5JkGWo-.ttf               16.65 kB
ℹ .nuxt/dist/client/_nuxt/KaTeX_Main-BoldItalic.DxDJ3AOS.woff2            16.78 kB
ℹ .nuxt/dist/client/_nuxt/KaTeX_Main-Italic.NWA7e6Wa.woff2                16.99 kB
ℹ .nuxt/dist/client/_nuxt/KaTeX_Math-BoldItalic.iY-2wyZ7.woff             18.67 kB
ℹ .nuxt/dist/client/_nuxt/KaTeX_Math-Italic.DA0__PXp.woff                 18.75 kB
ℹ .nuxt/dist/client/_nuxt/KaTeX_Main-BoldItalic.SpSLRI95.woff             19.41 kB
ℹ .nuxt/dist/client/_nuxt/KaTeX_SansSerif-Regular.BNo7hRIc.ttf            19.44 kB
ℹ .nuxt/dist/client/_nuxt/KaTeX_Fraktur-Regular.CB_wures.ttf              19.57 kB
ℹ .nuxt/dist/client/_nuxt/KaTeX_Fraktur-Bold.BdnERNNW.ttf                 19.58 kB
ℹ .nuxt/dist/client/_nuxt/KaTeX_Main-Italic.BMLOBm91.woff                 19.68 kB
ℹ .nuxt/dist/client/_nuxt/KaTeX_SansSerif-Italic.YYjJ1zSn.ttf             22.36 kB
ℹ .nuxt/dist/client/_nuxt/KaTeX_SansSerif-Bold.CFMepnvq.ttf               24.50 kB
ℹ .nuxt/dist/client/_nuxt/KaTeX_Main-Bold.Cx986IdX.woff2                  25.32 kB
ℹ .nuxt/dist/client/_nuxt/KaTeX_Main-Regular.B22Nviop.woff2               26.27 kB
ℹ .nuxt/dist/client/_nuxt/KaTeX_Typewriter-Regular.D3Ib7_Hf.ttf           27.56 kB
ℹ .nuxt/dist/client/_nuxt/KaTeX_AMS-Regular.BQhdFMY1.woff2                28.08 kB
ℹ .nuxt/dist/client/_nuxt/KaTeX_Main-Bold.Jm3AIy58.woff                   29.91 kB
ℹ .nuxt/dist/client/_nuxt/KaTeX_Main-Regular.Dr94JaBh.woff                30.77 kB
ℹ .nuxt/dist/client/_nuxt/KaTeX_Math-BoldItalic.B3XSjfu4.ttf              31.20 kB
ℹ .nuxt/dist/client/_nuxt/KaTeX_Math-Italic.flOr_0UB.ttf                  31.31 kB
ℹ .nuxt/dist/client/_nuxt/KaTeX_Main-BoldItalic.DzxPMmG6.ttf              32.97 kB
ℹ .nuxt/dist/client/_nuxt/KaTeX_AMS-Regular.DMm9YOAa.woff                 33.52 kB
ℹ .nuxt/dist/client/_nuxt/KaTeX_Main-Italic.3WenGoN9.ttf                  33.58 kB
ℹ .nuxt/dist/client/_nuxt/KaTeX_Main-Bold.waoOVXN0.ttf                    51.34 kB
ℹ .nuxt/dist/client/_nuxt/KaTeX_Main-Regular.ypZvNtVU.ttf                 53.58 kB
ℹ .nuxt/dist/client/_nuxt/KaTeX_AMS-Regular.DRggAlZN.ttf                  63.63 kB
ℹ .nuxt/dist/client/manifest.json                                         74.77 kB │ gzip:     6.50 kB
ℹ .nuxt/dist/client/_nuxt/ConfirmationModal.CJV_gWfn.css                   0.20 kB │ gzip:     0.12 kB
ℹ .nuxt/dist/client/_nuxt/media.yjOJmL4q.css                               0.23 kB │ gzip:     0.13 kB
ℹ .nuxt/dist/client/_nuxt/AgentDefinitionForm.B4uhkLvJ.css                 0.28 kB │ gzip:     0.15 kB
ℹ .nuxt/dist/client/_nuxt/FullScreenImageModal.aod6xn15.css                0.35 kB │ gzip:     0.17 kB
ℹ .nuxt/dist/client/_nuxt/default.DkOS1umL.css                             0.86 kB │ gzip:     0.35 kB
ℹ .nuxt/dist/client/_nuxt/settings.7rOgClEA.css                            1.61 kB │ gzip:     0.67 kB
ℹ .nuxt/dist/client/_nuxt/FileExplorerTabs.BrK5oVEn.css                    3.20 kB │ gzip:     1.02 kB
ℹ .nuxt/dist/client/_nuxt/useTeamRunRuntimeCatalogSync.B5h_eHhX.css        3.51 kB │ gzip:     1.19 kB
ℹ .nuxt/dist/client/_nuxt/workspace.DrBQ9tPi.css                           9.99 kB │ gzip:     2.52 kB
ℹ .nuxt/dist/client/_nuxt/skills.hZg4z6X7.css                             14.02 kB │ gzip:     3.04 kB
ℹ .nuxt/dist/client/_nuxt/useWorkspaceFileExplorer.Kr8OOoy4.css           50.71 kB │ gzip:    13.07 kB
ℹ .nuxt/dist/client/_nuxt/entry.DZ7rG_7z.css                             119.23 kB │ gzip:    18.72 kB
ℹ .nuxt/dist/client/_nuxt/clone.CoZx0Oss.js                                0.10 kB │ gzip:     0.11 kB
ℹ .nuxt/dist/client/_nuxt/channel.UhDRgPET.js                              0.13 kB │ gzip:     0.14 kB
ℹ .nuxt/dist/client/_nuxt/init.Gi6I4Gst.js                                 0.15 kB │ gzip:     0.13 kB
ℹ .nuxt/dist/client/_nuxt/chunk-QZHKN3VN.Bd2Jc2vo.js                       0.21 kB │ gzip:     0.17 kB
ℹ .nuxt/dist/client/_nuxt/settings.b0dH-aeN.js                             0.23 kB │ gzip:     0.20 kB
ℹ .nuxt/dist/client/_nuxt/chunk-4BX2VUAB.CGjzehsC.js                       0.24 kB │ gzip:     0.18 kB
ℹ .nuxt/dist/client/_nuxt/chunk-55IACEB6.KdZlqTjg.js                       0.25 kB │ gzip:     0.22 kB
ℹ .nuxt/dist/client/_nuxt/tools.W2L8kmq4.js                                0.31 kB │ gzip:     0.24 kB
ℹ .nuxt/dist/client/_nuxt/chunk-FMBD7UC4.BihdMTNH.js                       0.38 kB │ gzip:     0.28 kB
ℹ .nuxt/dist/client/_nuxt/chunk-QN33PNHL.JvxQzH95.js                       0.52 kB │ gzip:     0.37 kB
ℹ .nuxt/dist/client/_nuxt/stateDiagram-v2-4FDKWEC3.CJPHnebd.js             0.53 kB │ gzip:     0.36 kB
ℹ .nuxt/dist/client/_nuxt/classDiagram-2ON5EDUG.CcYvH7pm.js                0.57 kB │ gzip:     0.38 kB
ℹ .nuxt/dist/client/_nuxt/classDiagram-v2-WZHVMYZB.CcYvH7pm.js             0.57 kB │ gzip:     0.38 kB
ℹ .nuxt/dist/client/_nuxt/_commonjsHelpers.CE1G-McA.js                     0.76 kB │ gzip:     0.40 kB
ℹ .nuxt/dist/client/_nuxt/useNativeFolderDialog.BJusQvZr.js                0.80 kB │ gzip:     0.41 kB
ℹ .nuxt/dist/client/_nuxt/infoDiagram-HS3SLOUP.CCwc6fiJ.js                 0.83 kB │ gzip:     0.53 kB
ℹ .nuxt/dist/client/_nuxt/api.CN-5KoOi.js                                  0.94 kB │ gzip:     0.45 kB
ℹ .nuxt/dist/client/_nuxt/index.Cv90Cebg.js                                1.16 kB │ gzip:     0.72 kB
ℹ .nuxt/dist/client/_nuxt/ordinal.BYWQX77i.js                              1.19 kB │ gzip:     0.57 kB
ℹ .nuxt/dist/client/_nuxt/mobile.CHw4whzD.js                               1.31 kB │ gzip:     0.73 kB
ℹ .nuxt/dist/client/_nuxt/chunk-TZMSLE5B.CZxdc6Kb.js                       1.45 kB │ gzip:     0.65 kB
ℹ .nuxt/dist/client/_nuxt/applicationAssetUrl.ISd2u543.js                  1.82 kB │ gzip:     0.83 kB
ℹ .nuxt/dist/client/_nuxt/ConfirmationModal.Cx9PAHto.js                    2.03 kB │ gzip:     0.96 kB
ℹ .nuxt/dist/client/_nuxt/featuredCatalogItems.Bv4L8bhO.js                 2.39 kB │ gzip:     1.01 kB
ℹ .nuxt/dist/client/_nuxt/_basePickBy.DLzclPmO.js                          2.60 kB │ gzip:     1.30 kB
ℹ .nuxt/dist/client/_nuxt/arc.BzP43RD5.js                                  3.45 kB │ gzip:     1.50 kB
ℹ .nuxt/dist/client/_nuxt/mobileWorkStore.BEZHqT4E.js                      3.57 kB │ gzip:     1.29 kB
ℹ .nuxt/dist/client/_nuxt/useEventMonitorFilePreview.bPaFv6WS.js           3.68 kB │ gzip:     1.46 kB
ℹ .nuxt/dist/client/_nuxt/applicationStore.uQ3RwX9D.js                     3.83 kB │ gzip:     1.50 kB
ℹ .nuxt/dist/client/_nuxt/diagram-S2PKOQOG.B49RE_sR.js                     4.45 kB │ gzip:     1.96 kB
ℹ .nuxt/dist/client/_nuxt/defaultLocale.DX6XiGOO.js                        4.69 kB │ gzip:     2.18 kB
ℹ .nuxt/dist/client/_nuxt/index.g8DzMDSZ.js                                4.78 kB │ gzip:     1.89 kB
ℹ .nuxt/dist/client/_nuxt/RuntimeModelConfigFields.vue.DT2zZYhx.js         4.79 kB │ gzip:     1.88 kB
ℹ .nuxt/dist/client/_nuxt/skillImprovementCapabilityStore.Ctfh6dNp.js      4.85 kB │ gzip:     1.46 kB
ℹ .nuxt/dist/client/_nuxt/FullScreenImageModal.CUGjzfzj.js                 4.96 kB │ gzip:     2.03 kB
ℹ .nuxt/dist/client/_nuxt/useRightPanel.CJ0u63a9.js                        4.98 kB │ gzip:     1.87 kB
ℹ .nuxt/dist/client/_nuxt/useShellPrimaryNavigation.BENXDpey.js            5.28 kB │ gzip:     2.12 kB
ℹ .nuxt/dist/client/_nuxt/pieDiagram-ADFJNKIX.DtvIImnw.js                  5.38 kB │ gzip:     2.40 kB
ℹ .nuxt/dist/client/_nuxt/SearchableGroupedSelect.vue.xYBn5Q9t.js          5.63 kB │ gzip:     2.31 kB
ℹ .nuxt/dist/client/_nuxt/linear.BpRLfMdd.js                               5.67 kB │ gzip:     2.32 kB
ℹ .nuxt/dist/client/_nuxt/SearchableSelect.vue.ZTRlnGoz.js                 5.84 kB │ gzip:     2.33 kB
ℹ .nuxt/dist/client/_nuxt/graph.D_cLadeZ.js                                5.93 kB │ gzip:     1.88 kB
ℹ .nuxt/dist/client/_nuxt/diagram-QEK2KX5R.CzGlDLis.js                     6.05 kB │ gzip:     2.57 kB
ℹ .nuxt/dist/client/_nuxt/serverSettings.DqJix7dW.js                       7.72 kB │ gzip:     1.93 kB
ℹ .nuxt/dist/client/_nuxt/skillStore.DRcKBGup.js                           8.63 kB │ gzip:     1.79 kB
ℹ .nuxt/dist/client/_nuxt/toolManagementStore.BdR-kJsk.js                  9.24 kB │ gzip:     1.90 kB
ℹ .nuxt/dist/client/_nuxt/stateDiagram-FKZM4ZOC.B2WtRX5i.js               10.53 kB │ gzip:     3.72 kB
ℹ .nuxt/dist/client/_nuxt/dagre-6UL2VRFP.B85o0Jxo.js                      11.14 kB │ gzip:     4.18 kB
ℹ .nuxt/dist/client/_nuxt/_baseUniq.D4w0qos4.js                           11.90 kB │ gzip:     4.66 kB
ℹ .nuxt/dist/client/_nuxt/media.BgvgczX3.js                               13.27 kB │ gzip:     4.48 kB
ℹ .nuxt/dist/client/_nuxt/ModelConfigSection.vue.4tBdDDFc.js              14.19 kB │ gzip:     4.45 kB
ℹ .nuxt/dist/client/_nuxt/diagram-PSM6KHXK.C0R96SDw.js                    16.01 kB │ gzip:     5.75 kB
ℹ .nuxt/dist/client/_nuxt/skills.CeqMEvm_.js                              17.77 kB │ gzip:     5.25 kB
ℹ .nuxt/dist/client/_nuxt/iconify.n5LYLhdU.js                             18.47 kB │ gzip:     7.21 kB
ℹ .nuxt/dist/client/_nuxt/mindmap-definition-VGOIOE7T.CjC-ETDz.js         20.18 kB │ gzip:     6.99 kB
ℹ .nuxt/dist/client/_nuxt/kanban-definition-3W4ZIXB7.Cqh5-pcS.js          20.34 kB │ gzip:     7.25 kB
ℹ .nuxt/dist/client/_nuxt/sankeyDiagram-TZEHDZUN.CzqxP6PP.js              22.26 kB │ gzip:     8.21 kB
ℹ .nuxt/dist/client/_nuxt/voiceInputStore.CRKlTYIq.js                     23.28 kB │ gzip:     6.79 kB
ℹ .nuxt/dist/client/_nuxt/journeyDiagram-XKPGCS4Q.DGlYEXcg.js             23.68 kB │ gzip:     8.41 kB
ℹ .nuxt/dist/client/_nuxt/timeline-definition-IT6M3QCI.CZvAa2kO.js        23.73 kB │ gzip:     8.31 kB
ℹ .nuxt/dist/client/_nuxt/gitGraphDiagram-V2S2FVAM.zS3xgiPw.js            24.27 kB │ gzip:     7.51 kB
ℹ .nuxt/dist/client/_nuxt/erDiagram-Q2GNP2WA.B3W3XBPE.js                  25.38 kB │ gzip:     8.92 kB
ℹ .nuxt/dist/client/_nuxt/qrCodeDataUrlService.BInqJ4D7.js                25.63 kB │ gzip:    10.07 kB
ℹ .nuxt/dist/client/_nuxt/layout.CDdrHrmU.js                              27.40 kB │ gzip:     9.73 kB
ℹ .nuxt/dist/client/_nuxt/agents.aYjh9NBc.js                              28.39 kB │ gzip:     8.33 kB
ℹ .nuxt/dist/client/_nuxt/requirementDiagram-UZGBJVZJ.BEy1bQQV.js         30.22 kB │ gzip:     9.51 kB
ℹ .nuxt/dist/client/_nuxt/FileExplorerTabs.vue.BXRehlci.js                32.16 kB │ gzip:    10.12 kB
ℹ .nuxt/dist/client/_nuxt/quadrantDiagram-AYHSOK5B.CQktBAaX.js            33.98 kB │ gzip:    10.02 kB
ℹ .nuxt/dist/client/_nuxt/AgentDefinitionForm.vue.DfAEUiKb.js             35.76 kB │ gzip:     9.14 kB
ℹ .nuxt/dist/client/_nuxt/chunk-DI55MBZ5.BFuGf2Wc.js                      36.36 kB │ gzip:    11.84 kB
ℹ .nuxt/dist/client/_nuxt/xychartDiagram-PRI3JC2R.rkzKxcrx.js             40.32 kB │ gzip:    11.43 kB
ℹ .nuxt/dist/client/_nuxt/chunk-B4BG7PRW.CfX2X1me.js                      45.32 kB │ gzip:    14.69 kB
ℹ .nuxt/dist/client/_nuxt/memory.EgNALjBS.js                              46.40 kB │ gzip:    10.15 kB
ℹ .nuxt/dist/client/_nuxt/ToolsManagementWorkspace.vue.DCV3mMvx.js        50.53 kB │ gzip:    13.45 kB
ℹ .nuxt/dist/client/_nuxt/default.DJSwnEGG.js                             59.11 kB │ gzip:    15.19 kB
ℹ .nuxt/dist/client/_nuxt/flowDiagram-NV44I4VS.BuTfoEht.js                60.59 kB │ gzip:    19.51 kB
ℹ .nuxt/dist/client/_nuxt/agent-teams.CQ9XTsFt.js                         67.46 kB │ gzip:    15.87 kB
ℹ .nuxt/dist/client/_nuxt/ganttDiagram-JELNMOA3.Dso8T6ql.js               68.45 kB │ gzip:    23.23 kB
ℹ .nuxt/dist/client/_nuxt/c4Diagram-YG6GDRKO.0PGxWREQ.js                  70.27 kB │ gzip:    19.76 kB
ℹ .nuxt/dist/client/_nuxt/blockDiagram-VD42YOAC.pb-CGLn8.js               71.92 kB │ gzip:    20.58 kB
ℹ .nuxt/dist/client/_nuxt/_id_.CejPbZHQ.js                                74.50 kB │ gzip:    17.11 kB
ℹ .nuxt/dist/client/_nuxt/nodes.DemNifLF.js                               74.85 kB │ gzip:    17.35 kB
ℹ .nuxt/dist/client/_nuxt/cose-bilkent-S5V4N54A.CuPiPDO_.js               81.84 kB │ gzip:    22.56 kB
ℹ .nuxt/dist/client/_nuxt/useTeamRunRuntimeCatalogSync.DXnRq-Q0.js        86.98 kB │ gzip:    25.40 kB
ℹ .nuxt/dist/client/_nuxt/sequenceDiagram-WL72ISMW.CRgcnX_L.js            97.94 kB │ gzip:    26.94 kB
ℹ .nuxt/dist/client/_nuxt/MobileRemoteAccessShell.vue.BwL9Gd4_.js        109.67 kB │ gzip:    29.61 kB
ℹ .nuxt/dist/client/_nuxt/architectureDiagram-VXUJARFQ.BPZC8WZo.js       148.77 kB │ gzip:    42.14 kB
ℹ .nuxt/dist/client/_nuxt/agentTeamContextsStore.i2u0zhwC.js             336.22 kB │ gzip:    86.46 kB
ℹ .nuxt/dist/client/_nuxt/cytoscape.esm.5J0xJHOV.js                      441.64 kB │ gzip:   141.47 kB
ℹ .nuxt/dist/client/_nuxt/treemap-GDKQZRPO.BBBc5BqQ.js                   452.91 kB │ gzip:   107.07 kB
ℹ .nuxt/dist/client/_nuxt/settings.kicmjKtn.js                           504.64 kB │ gzip:   132.14 kB
ℹ .nuxt/dist/client/_nuxt/workspace.CU9Fl29Y.js                          657.98 kB │ gzip:   177.45 kB
ℹ .nuxt/dist/client/_nuxt/entry.DBJfzjgD.js                              976.57 kB │ gzip:   268.08 kB
ℹ .nuxt/dist/client/_nuxt/useWorkspaceFileExplorer.bvtB5wHS.js         3,765.89 kB │ gzip: 1,212.55 kB

 WARN
(!) Some chunks are larger than 500 kB after minification. Consider:
- Using dynamic import() to code-split the application
- Use build.rollupOptions.output.manualChunks to improve chunking: https://rollupjs.org/configuration-options/#output-manualchunks
- Adjust chunk size limit for this warning via build.chunkSizeWarningLimit.

ℹ ✓ built in 23.11s
[nuxt] vite:compiled: 0.022ms
✔ Client built in 23130ms
[Electron Module] Extending Vite config
[nuxt] vite:extendConfig: 0.589ms
[nuxt] vite:configResolved: 0.005ms
ℹ Building server...
[Electron Module] Vite config resolved: { mode: 'production', base: '/', buildTarget: 'electron' }
ℹ vite v7.3.1 building ssr environment for production...
ℹ transforming...
ℹ ✓ 1 modules transformed.
ℹ rendering chunks...
ℹ .nuxt/dist/server/styles.mjs  0.07 kB
ℹ .nuxt/dist/server/server.mjs  0.10 kB │ map: 0.37 kB
ℹ ✓ built in 15ms
[Electron Module] Processing build manifest
⚙ [Electron Module] Processing manifest entry: ../node_modules/.pnpm/katex@0.16.28/node_modules/katex/dist/fonts/KaTeX_AMS-Regular.ttf
⚙ [Electron Module] Processing manifest entry: ../node_modules/.pnpm/katex@0.16.28/node_modules/katex/dist/fonts/KaTeX_AMS-Regular.woff
⚙ [Electron Module] Processing manifest entry: ../node_modules/.pnpm/katex@0.16.28/node_modules/katex/dist/fonts/KaTeX_AMS-Regular.woff2
⚙ [Electron Module] Processing manifest entry: ../node_modules/.pnpm/katex@0.16.28/node_modules/katex/dist/fonts/KaTeX_Caligraphic-Bold.ttf
⚙ [Electron Module] Processing manifest entry: ../node_modules/.pnpm/katex@0.16.28/node_modules/katex/dist/fonts/KaTeX_Caligraphic-Bold.woff
⚙ [Electron Module] Processing manifest entry: ../node_modules/.pnpm/katex@0.16.28/node_modules/katex/dist/fonts/KaTeX_Caligraphic-Bold.woff2
⚙ [Electron Module] Processing manifest entry: ../node_modules/.pnpm/katex@0.16.28/node_modules/katex/dist/fonts/KaTeX_Caligraphic-Regular.ttf
⚙ [Electron Module] Processing manifest entry: ../node_modules/.pnpm/katex@0.16.28/node_modules/katex/dist/fonts/KaTeX_Caligraphic-Regular.woff
⚙ [Electron Module] Processing manifest entry: ../node_modules/.pnpm/katex@0.16.28/node_modules/katex/dist/fonts/KaTeX_Caligraphic-Regular.woff2
⚙ [Electron Module] Processing manifest entry: ../node_modules/.pnpm/katex@0.16.28/node_modules/katex/dist/fonts/KaTeX_Fraktur-Bold.ttf
⚙ [Electron Module] Processing manifest entry: ../node_modules/.pnpm/katex@0.16.28/node_modules/katex/dist/fonts/KaTeX_Fraktur-Bold.woff
⚙ [Electron Module] Processing manifest entry: ../node_modules/.pnpm/katex@0.16.28/node_modules/katex/dist/fonts/KaTeX_Fraktur-Bold.woff2
⚙ [Electron Module] Processing manifest entry: ../node_modules/.pnpm/katex@0.16.28/node_modules/katex/dist/fonts/KaTeX_Fraktur-Regular.ttf
⚙ [Electron Module] Processing manifest entry: ../node_modules/.pnpm/katex@0.16.28/node_modules/katex/dist/fonts/KaTeX_Fraktur-Regular.woff
⚙ [Electron Module] Processing manifest entry: ../node_modules/.pnpm/katex@0.16.28/node_modules/katex/dist/fonts/KaTeX_Fraktur-Regular.woff2
⚙ [Electron Module] Processing manifest entry: ../node_modules/.pnpm/katex@0.16.28/node_modules/katex/dist/fonts/KaTeX_Main-Bold.ttf
⚙ [Electron Module] Processing manifest entry: ../node_modules/.pnpm/katex@0.16.28/node_modules/katex/dist/fonts/KaTeX_Main-Bold.woff
⚙ [Electron Module] Processing manifest entry: ../node_modules/.pnpm/katex@0.16.28/node_modules/katex/dist/fonts/KaTeX_Main-Bold.woff2
⚙ [Electron Module] Processing manifest entry: ../node_modules/.pnpm/katex@0.16.28/node_modules/katex/dist/fonts/KaTeX_Main-BoldItalic.ttf
⚙ [Electron Module] Processing manifest entry: ../node_modules/.pnpm/katex@0.16.28/node_modules/katex/dist/fonts/KaTeX_Main-BoldItalic.woff
⚙ [Electron Module] Processing manifest entry: ../node_modules/.pnpm/katex@0.16.28/node_modules/katex/dist/fonts/KaTeX_Main-BoldItalic.woff2
⚙ [Electron Module] Processing manifest entry: ../node_modules/.pnpm/katex@0.16.28/node_modules/katex/dist/fonts/KaTeX_Main-Italic.ttf
⚙ [Electron Module] Processing manifest entry: ../node_modules/.pnpm/katex@0.16.28/node_modules/katex/dist/fonts/KaTeX_Main-Italic.woff
⚙ [Electron Module] Processing manifest entry: ../node_modules/.pnpm/katex@0.16.28/node_modules/katex/dist/fonts/KaTeX_Main-Italic.woff2
⚙ [Electron Module] Processing manifest entry: ../node_modules/.pnpm/katex@0.16.28/node_modules/katex/dist/fonts/KaTeX_Main-Regular.ttf
⚙ [Electron Module] Processing manifest entry: ../node_modules/.pnpm/katex@0.16.28/node_modules/katex/dist/fonts/KaTeX_Main-Regular.woff
⚙ [Electron Module] Processing manifest entry: ../node_modules/.pnpm/katex@0.16.28/node_modules/katex/dist/fonts/KaTeX_Main-Regular.woff2
⚙ [Electron Module] Processing manifest entry: ../node_modules/.pnpm/katex@0.16.28/node_modules/katex/dist/fonts/KaTeX_Math-BoldItalic.ttf
⚙ [Electron Module] Processing manifest entry: ../node_modules/.pnpm/katex@0.16.28/node_modules/katex/dist/fonts/KaTeX_Math-BoldItalic.woff
⚙ [Electron Module] Processing manifest entry: ../node_modules/.pnpm/katex@0.16.28/node_modules/katex/dist/fonts/KaTeX_Math-BoldItalic.woff2
⚙ [Electron Module] Processing manifest entry: ../node_modules/.pnpm/katex@0.16.28/node_modules/katex/dist/fonts/KaTeX_Math-Italic.ttf
⚙ [Electron Module] Processing manifest entry: ../node_modules/.pnpm/katex@0.16.28/node_modules/katex/dist/fonts/KaTeX_Math-Italic.woff
⚙ [Electron Module] Processing manifest entry: ../node_modules/.pnpm/katex@0.16.28/node_modules/katex/dist/fonts/KaTeX_Math-Italic.woff2
⚙ [Electron Module] Processing manifest entry: ../node_modules/.pnpm/katex@0.16.28/node_modules/katex/dist/fonts/KaTeX_SansSerif-Bold.ttf
⚙ [Electron Module] Processing manifest entry: ../node_modules/.pnpm/katex@0.16.28/node_modules/katex/dist/fonts/KaTeX_SansSerif-Bold.woff
⚙ [Electron Module] Processing manifest entry: ../node_modules/.pnpm/katex@0.16.28/node_modules/katex/dist/fonts/KaTeX_SansSerif-Bold.woff2
⚙ [Electron Module] Processing manifest entry: ../node_modules/.pnpm/katex@0.16.28/node_modules/katex/dist/fonts/KaTeX_SansSerif-Italic.ttf
⚙ [Electron Module] Processing manifest entry: ../node_modules/.pnpm/katex@0.16.28/node_modules/katex/dist/fonts/KaTeX_SansSerif-Italic.woff
⚙ [Electron Module] Processing manifest entry: ../node_modules/.pnpm/katex@0.16.28/node_modules/katex/dist/fonts/KaTeX_SansSerif-Italic.woff2
⚙ [Electron Module] Processing manifest entry: ../node_modules/.pnpm/katex@0.16.28/node_modules/katex/dist/fonts/KaTeX_SansSerif-Regular.ttf
⚙ [Electron Module] Processing manifest entry: ../node_modules/.pnpm/katex@0.16.28/node_modules/katex/dist/fonts/KaTeX_SansSerif-Regular.woff
⚙ [Electron Module] Processing manifest entry: ../node_modules/.pnpm/katex@0.16.28/node_modules/katex/dist/fonts/KaTeX_SansSerif-Regular.woff2
⚙ [Electron Module] Processing manifest entry: ../node_modules/.pnpm/katex@0.16.28/node_modules/katex/dist/fonts/KaTeX_Script-Regular.ttf
⚙ [Electron Module] Processing manifest entry: ../node_modules/.pnpm/katex@0.16.28/node_modules/katex/dist/fonts/KaTeX_Script-Regular.woff
⚙ [Electron Module] Processing manifest entry: ../node_modules/.pnpm/katex@0.16.28/node_modules/katex/dist/fonts/KaTeX_Script-Regular.woff2
⚙ [Electron Module] Processing manifest entry: ../node_modules/.pnpm/katex@0.16.28/node_modules/katex/dist/fonts/KaTeX_Size1-Regular.ttf
⚙ [Electron Module] Processing manifest entry: ../node_modules/.pnpm/katex@0.16.28/node_modules/katex/dist/fonts/KaTeX_Size1-Regular.woff
⚙ [Electron Module] Processing manifest entry: ../node_modules/.pnpm/katex@0.16.28/node_modules/katex/dist/fonts/KaTeX_Size1-Regular.woff2
⚙ [Electron Module] Processing manifest entry: ../node_modules/.pnpm/katex@0.16.28/node_modules/katex/dist/fonts/KaTeX_Size2-Regular.ttf
⚙ [Electron Module] Processing manifest entry: ../node_modules/.pnpm/katex@0.16.28/node_modules/katex/dist/fonts/KaTeX_Size2-Regular.woff
⚙ [Electron Module] Processing manifest entry: ../node_modules/.pnpm/katex@0.16.28/node_modules/katex/dist/fonts/KaTeX_Size2-Regular.woff2
⚙ [Electron Module] Processing manifest entry: ../node_modules/.pnpm/katex@0.16.28/node_modules/katex/dist/fonts/KaTeX_Size3-Regular.ttf
⚙ [Electron Module] Processing manifest entry: ../node_modules/.pnpm/katex@0.16.28/node_modules/katex/dist/fonts/KaTeX_Size3-Regular.woff
⚙ [Electron Module] Processing manifest entry: ../node_modules/.pnpm/katex@0.16.28/node_modules/katex/dist/fonts/KaTeX_Size4-Regular.ttf
⚙ [Electron Module] Processing manifest entry: ../node_modules/.pnpm/katex@0.16.28/node_modules/katex/dist/fonts/KaTeX_Size4-Regular.woff
⚙ [Electron Module] Processing manifest entry: ../node_modules/.pnpm/katex@0.16.28/node_modules/katex/dist/fonts/KaTeX_Size4-Regular.woff2
⚙ [Electron Module] Processing manifest entry: ../node_modules/.pnpm/katex@0.16.28/node_modules/katex/dist/fonts/KaTeX_Typewriter-Regular.ttf
⚙ [Electron Module] Processing manifest entry: ../node_modules/.pnpm/katex@0.16.28/node_modules/katex/dist/fonts/KaTeX_Typewriter-Regular.woff
⚙ [Electron Module] Processing manifest entry: ../node_modules/.pnpm/katex@0.16.28/node_modules/katex/dist/fonts/KaTeX_Typewriter-Regular.woff2
⚙ [Electron Module] Processing manifest entry: ../node_modules/.pnpm/mermaid@11.12.3/node_modules/mermaid/dist/chunks/mermaid.core/architectureDiagram-VXUJARFQ.mjs
⚙ [Electron Module] Processing manifest entry: ../node_modules/.pnpm/mermaid@11.12.3/node_modules/mermaid/dist/chunks/mermaid.core/blockDiagram-VD42YOAC.mjs
⚙ [Electron Module] Processing manifest entry: ../node_modules/.pnpm/mermaid@11.12.3/node_modules/mermaid/dist/chunks/mermaid.core/c4Diagram-YG6GDRKO.mjs
⚙ [Electron Module] Processing manifest entry: ../node_modules/.pnpm/mermaid@11.12.3/node_modules/mermaid/dist/chunks/mermaid.core/classDiagram-2ON5EDUG.mjs
⚙ [Electron Module] Processing manifest entry: ../node_modules/.pnpm/mermaid@11.12.3/node_modules/mermaid/dist/chunks/mermaid.core/classDiagram-v2-WZHVMYZB.mjs
⚙ [Electron Module] Processing manifest entry: ../node_modules/.pnpm/mermaid@11.12.3/node_modules/mermaid/dist/chunks/mermaid.core/cose-bilkent-S5V4N54A.mjs
⚙ [Electron Module] Processing manifest entry: ../node_modules/.pnpm/mermaid@11.12.3/node_modules/mermaid/dist/chunks/mermaid.core/dagre-6UL2VRFP.mjs
⚙ [Electron Module] Processing manifest entry: ../node_modules/.pnpm/mermaid@11.12.3/node_modules/mermaid/dist/chunks/mermaid.core/diagram-PSM6KHXK.mjs
⚙ [Electron Module] Processing manifest entry: ../node_modules/.pnpm/mermaid@11.12.3/node_modules/mermaid/dist/chunks/mermaid.core/diagram-QEK2KX5R.mjs
⚙ [Electron Module] Processing manifest entry: ../node_modules/.pnpm/mermaid@11.12.3/node_modules/mermaid/dist/chunks/mermaid.core/diagram-S2PKOQOG.mjs
⚙ [Electron Module] Processing manifest entry: ../node_modules/.pnpm/mermaid@11.12.3/node_modules/mermaid/dist/chunks/mermaid.core/erDiagram-Q2GNP2WA.mjs
⚙ [Electron Module] Processing manifest entry: ../node_modules/.pnpm/mermaid@11.12.3/node_modules/mermaid/dist/chunks/mermaid.core/flowDiagram-NV44I4VS.mjs
⚙ [Electron Module] Processing manifest entry: ../node_modules/.pnpm/mermaid@11.12.3/node_modules/mermaid/dist/chunks/mermaid.core/ganttDiagram-JELNMOA3.mjs
⚙ [Electron Module] Processing manifest entry: ../node_modules/.pnpm/mermaid@11.12.3/node_modules/mermaid/dist/chunks/mermaid.core/gitGraphDiagram-V2S2FVAM.mjs
⚙ [Electron Module] Processing manifest entry: ../node_modules/.pnpm/mermaid@11.12.3/node_modules/mermaid/dist/chunks/mermaid.core/infoDiagram-HS3SLOUP.mjs
⚙ [Electron Module] Processing manifest entry: ../node_modules/.pnpm/mermaid@11.12.3/node_modules/mermaid/dist/chunks/mermaid.core/journeyDiagram-XKPGCS4Q.mjs
⚙ [Electron Module] Processing manifest entry: ../node_modules/.pnpm/mermaid@11.12.3/node_modules/mermaid/dist/chunks/mermaid.core/kanban-definition-3W4ZIXB7.mjs
⚙ [Electron Module] Processing manifest entry: ../node_modules/.pnpm/mermaid@11.12.3/node_modules/mermaid/dist/chunks/mermaid.core/mindmap-definition-VGOIOE7T.mjs
⚙ [Electron Module] Processing manifest entry: ../node_modules/.pnpm/mermaid@11.12.3/node_modules/mermaid/dist/chunks/mermaid.core/pieDiagram-ADFJNKIX.mjs
⚙ [Electron Module] Processing manifest entry: ../node_modules/.pnpm/mermaid@11.12.3/node_modules/mermaid/dist/chunks/mermaid.core/quadrantDiagram-AYHSOK5B.mjs
⚙ [Electron Module] Processing manifest entry: ../node_modules/.pnpm/mermaid@11.12.3/node_modules/mermaid/dist/chunks/mermaid.core/requirementDiagram-UZGBJVZJ.mjs
⚙ [Electron Module] Processing manifest entry: ../node_modules/.pnpm/mermaid@11.12.3/node_modules/mermaid/dist/chunks/mermaid.core/sankeyDiagram-TZEHDZUN.mjs
⚙ [Electron Module] Processing manifest entry: ../node_modules/.pnpm/mermaid@11.12.3/node_modules/mermaid/dist/chunks/mermaid.core/sequenceDiagram-WL72ISMW.mjs
⚙ [Electron Module] Processing manifest entry: ../node_modules/.pnpm/mermaid@11.12.3/node_modules/mermaid/dist/chunks/mermaid.core/stateDiagram-FKZM4ZOC.mjs
⚙ [Electron Module] Processing manifest entry: ../node_modules/.pnpm/mermaid@11.12.3/node_modules/mermaid/dist/chunks/mermaid.core/stateDiagram-v2-4FDKWEC3.mjs
⚙ [Electron Module] Processing manifest entry: ../node_modules/.pnpm/mermaid@11.12.3/node_modules/mermaid/dist/chunks/mermaid.core/timeline-definition-IT6M3QCI.mjs
⚙ [Electron Module] Processing manifest entry: ../node_modules/.pnpm/mermaid@11.12.3/node_modules/mermaid/dist/chunks/mermaid.core/xychartDiagram-PRI3JC2R.mjs
⚙ [Electron Module] Processing manifest entry: ../node_modules/.pnpm/nuxt@3.21.1_@parcel+watcher@2.5.6_@types+node@22.19.11_@vue+compiler-sfc@3.5.28_cac@6.7_05eb989a4903fdbf6aed2be910db586e/node_modules/nuxt/dist/app/entry.js
⚙ [Electron Module] Processing manifest entry: entry.DZ7rG_7z.css
⚙ [Electron Module] Processing manifest entry: _AgentDefinitionForm.B4uhkLvJ.css
⚙ [Electron Module] Processing manifest entry: _AgentDefinitionForm.vue.DfAEUiKb.js
⚙ [Electron Module] Processing manifest entry: AgentDefinitionForm.B4uhkLvJ.css
⚙ [Electron Module] Processing manifest entry: _ConfirmationModal.CJV_gWfn.css
⚙ [Electron Module] Processing manifest entry: _ConfirmationModal.Cx9PAHto.js
⚙ [Electron Module] Processing manifest entry: ConfirmationModal.CJV_gWfn.css
⚙ [Electron Module] Processing manifest entry: _FileExplorerTabs.BrK5oVEn.css
⚙ [Electron Module] Processing manifest entry: _FileExplorerTabs.vue.BXRehlci.js
⚙ [Electron Module] Processing manifest entry: FileExplorerTabs.BrK5oVEn.css
⚙ [Electron Module] Processing manifest entry: _FullScreenImageModal.CUGjzfzj.js
⚙ [Electron Module] Processing manifest entry: FullScreenImageModal.aod6xn15.css
⚙ [Electron Module] Processing manifest entry: _FullScreenImageModal.aod6xn15.css
⚙ [Electron Module] Processing manifest entry: _MobileRemoteAccessShell.vue.BwL9Gd4_.js
⚙ [Electron Module] Processing manifest entry: _ModelConfigSection.vue.4tBdDDFc.js
⚙ [Electron Module] Processing manifest entry: _RuntimeModelConfigFields.vue.DT2zZYhx.js
⚙ [Electron Module] Processing manifest entry: _SearchableGroupedSelect.vue.xYBn5Q9t.js
⚙ [Electron Module] Processing manifest entry: _SearchableSelect.vue.ZTRlnGoz.js
⚙ [Electron Module] Processing manifest entry: _ToolsManagementWorkspace.vue.DCV3mMvx.js
⚙ [Electron Module] Processing manifest entry: __basePickBy.DLzclPmO.js
⚙ [Electron Module] Processing manifest entry: __baseUniq.D4w0qos4.js
⚙ [Electron Module] Processing manifest entry: __commonjsHelpers.CE1G-McA.js
⚙ [Electron Module] Processing manifest entry: _agentTeamContextsStore.i2u0zhwC.js
⚙ [Electron Module] Processing manifest entry: _api.CN-5KoOi.js
⚙ [Electron Module] Processing manifest entry: _applicationAssetUrl.ISd2u543.js
⚙ [Electron Module] Processing manifest entry: _applicationStore.uQ3RwX9D.js
⚙ [Electron Module] Processing manifest entry: _arc.BzP43RD5.js
⚙ [Electron Module] Processing manifest entry: _channel.UhDRgPET.js
⚙ [Electron Module] Processing manifest entry: _chunk-4BX2VUAB.CGjzehsC.js
⚙ [Electron Module] Processing manifest entry: _chunk-55IACEB6.KdZlqTjg.js
⚙ [Electron Module] Processing manifest entry: _chunk-B4BG7PRW.CfX2X1me.js
⚙ [Electron Module] Processing manifest entry: _chunk-DI55MBZ5.BFuGf2Wc.js
⚙ [Electron Module] Processing manifest entry: _chunk-FMBD7UC4.BihdMTNH.js
⚙ [Electron Module] Processing manifest entry: _chunk-QN33PNHL.JvxQzH95.js
⚙ [Electron Module] Processing manifest entry: _chunk-QZHKN3VN.Bd2Jc2vo.js
⚙ [Electron Module] Processing manifest entry: _chunk-TZMSLE5B.CZxdc6Kb.js
⚙ [Electron Module] Processing manifest entry: _clone.CoZx0Oss.js
⚙ [Electron Module] Processing manifest entry: _cytoscape.esm.5J0xJHOV.js
⚙ [Electron Module] Processing manifest entry: _defaultLocale.DX6XiGOO.js
⚙ [Electron Module] Processing manifest entry: _featuredCatalogItems.Bv4L8bhO.js
⚙ [Electron Module] Processing manifest entry: _graph.D_cLadeZ.js
⚙ [Electron Module] Processing manifest entry: _iconify.n5LYLhdU.js
⚙ [Electron Module] Processing manifest entry: _init.Gi6I4Gst.js
⚙ [Electron Module] Processing manifest entry: _layout.CDdrHrmU.js
⚙ [Electron Module] Processing manifest entry: _linear.BpRLfMdd.js
⚙ [Electron Module] Processing manifest entry: _mobileWorkStore.BEZHqT4E.js
⚙ [Electron Module] Processing manifest entry: _ordinal.BYWQX77i.js
⚙ [Electron Module] Processing manifest entry: _qrCodeDataUrlService.BInqJ4D7.js
⚙ [Electron Module] Processing manifest entry: _serverSettings.DqJix7dW.js
⚙ [Electron Module] Processing manifest entry: _skillImprovementCapabilityStore.Ctfh6dNp.js
⚙ [Electron Module] Processing manifest entry: _skillStore.DRcKBGup.js
⚙ [Electron Module] Processing manifest entry: _toolManagementStore.BdR-kJsk.js
⚙ [Electron Module] Processing manifest entry: _treemap-GDKQZRPO.BBBc5BqQ.js
⚙ [Electron Module] Processing manifest entry: _useNativeFolderDialog.BJusQvZr.js
⚙ [Electron Module] Processing manifest entry: _useRightPanel.CJ0u63a9.js
⚙ [Electron Module] Processing manifest entry: _useShellPrimaryNavigation.BENXDpey.js
⚙ [Electron Module] Processing manifest entry: _useTeamRunRuntimeCatalogSync.B5h_eHhX.css
⚙ [Electron Module] Processing manifest entry: _useTeamRunRuntimeCatalogSync.DXnRq-Q0.js
⚙ [Electron Module] Processing manifest entry: useTeamRunRuntimeCatalogSync.B5h_eHhX.css
⚙ [Electron Module] Processing manifest entry: _useWorkspaceFileExplorer.Kr8OOoy4.css
⚙ [Electron Module] Processing manifest entry: _useWorkspaceFileExplorer.bvtB5wHS.js
⚙ [Electron Module] Processing manifest entry: useWorkspaceFileExplorer.Kr8OOoy4.css
⚙ [Electron Module] Processing manifest entry: KaTeX_AMS-Regular.BQhdFMY1.woff2
⚙ [Electron Module] Processing manifest entry: KaTeX_AMS-Regular.DMm9YOAa.woff
⚙ [Electron Module] Processing manifest entry: KaTeX_AMS-Regular.DRggAlZN.ttf
⚙ [Electron Module] Processing manifest entry: KaTeX_Caligraphic-Bold.Dq_IR9rO.woff2
⚙ [Electron Module] Processing manifest entry: KaTeX_Caligraphic-Bold.BEiXGLvX.woff
⚙ [Electron Module] Processing manifest entry: KaTeX_Caligraphic-Bold.ATXxdsX0.ttf
⚙ [Electron Module] Processing manifest entry: KaTeX_Caligraphic-Regular.Di6jR-x-.woff2
⚙ [Electron Module] Processing manifest entry: KaTeX_Caligraphic-Regular.CTRA-rTL.woff
⚙ [Electron Module] Processing manifest entry: KaTeX_Caligraphic-Regular.wX97UBjC.ttf
⚙ [Electron Module] Processing manifest entry: KaTeX_Fraktur-Bold.CL6g_b3V.woff2
⚙ [Electron Module] Processing manifest entry: KaTeX_Fraktur-Bold.BsDP51OF.woff
⚙ [Electron Module] Processing manifest entry: KaTeX_Fraktur-Bold.BdnERNNW.ttf
⚙ [Electron Module] Processing manifest entry: KaTeX_Fraktur-Regular.CTYiF6lA.woff2
⚙ [Electron Module] Processing manifest entry: KaTeX_Fraktur-Regular.Dxdc4cR9.woff
⚙ [Electron Module] Processing manifest entry: KaTeX_Fraktur-Regular.CB_wures.ttf
⚙ [Electron Module] Processing manifest entry: KaTeX_Main-Bold.Cx986IdX.woff2
⚙ [Electron Module] Processing manifest entry: KaTeX_Main-Bold.Jm3AIy58.woff
⚙ [Electron Module] Processing manifest entry: KaTeX_Main-Bold.waoOVXN0.ttf
⚙ [Electron Module] Processing manifest entry: KaTeX_Main-BoldItalic.DxDJ3AOS.woff2
⚙ [Electron Module] Processing manifest entry: KaTeX_Main-BoldItalic.SpSLRI95.woff
⚙ [Electron Module] Processing manifest entry: KaTeX_Main-BoldItalic.DzxPMmG6.ttf
⚙ [Electron Module] Processing manifest entry: KaTeX_Main-Italic.NWA7e6Wa.woff2
⚙ [Electron Module] Processing manifest entry: KaTeX_Main-Italic.BMLOBm91.woff
⚙ [Electron Module] Processing manifest entry: KaTeX_Main-Italic.3WenGoN9.ttf
⚙ [Electron Module] Processing manifest entry: KaTeX_Main-Regular.B22Nviop.woff2
⚙ [Electron Module] Processing manifest entry: KaTeX_Main-Regular.Dr94JaBh.woff
⚙ [Electron Module] Processing manifest entry: KaTeX_Main-Regular.ypZvNtVU.ttf
⚙ [Electron Module] Processing manifest entry: KaTeX_Math-BoldItalic.CZnvNsCZ.woff2
⚙ [Electron Module] Processing manifest entry: KaTeX_Math-BoldItalic.iY-2wyZ7.woff
⚙ [Electron Module] Processing manifest entry: KaTeX_Math-BoldItalic.B3XSjfu4.ttf
⚙ [Electron Module] Processing manifest entry: KaTeX_Math-Italic.t53AETM-.woff2
⚙ [Electron Module] Processing manifest entry: KaTeX_Math-Italic.DA0__PXp.woff
⚙ [Electron Module] Processing manifest entry: KaTeX_Math-Italic.flOr_0UB.ttf
⚙ [Electron Module] Processing manifest entry: KaTeX_SansSerif-Bold.D1sUS0GD.woff2
⚙ [Electron Module] Processing manifest entry: KaTeX_SansSerif-Bold.DbIhKOiC.woff
⚙ [Electron Module] Processing manifest entry: KaTeX_SansSerif-Bold.CFMepnvq.ttf
⚙ [Electron Module] Processing manifest entry: KaTeX_SansSerif-Italic.C3H0VqGB.woff2
⚙ [Electron Module] Processing manifest entry: KaTeX_SansSerif-Italic.DN2j7dab.woff
⚙ [Electron Module] Processing manifest entry: KaTeX_SansSerif-Italic.YYjJ1zSn.ttf
⚙ [Electron Module] Processing manifest entry: KaTeX_SansSerif-Regular.DDBCnlJ7.woff2
⚙ [Electron Module] Processing manifest entry: KaTeX_SansSerif-Regular.CS6fqUqJ.woff
⚙ [Electron Module] Processing manifest entry: KaTeX_SansSerif-Regular.BNo7hRIc.ttf
⚙ [Electron Module] Processing manifest entry: KaTeX_Script-Regular.D3wIWfF6.woff2
⚙ [Electron Module] Processing manifest entry: KaTeX_Script-Regular.D5yQViql.woff
⚙ [Electron Module] Processing manifest entry: KaTeX_Script-Regular.C5JkGWo-.ttf
⚙ [Electron Module] Processing manifest entry: KaTeX_Size1-Regular.mCD8mA8B.woff2
⚙ [Electron Module] Processing manifest entry: KaTeX_Size1-Regular.C195tn64.woff
⚙ [Electron Module] Processing manifest entry: KaTeX_Size1-Regular.Dbsnue_I.ttf
⚙ [Electron Module] Processing manifest entry: KaTeX_Size2-Regular.Dy4dx90m.woff2
⚙ [Electron Module] Processing manifest entry: KaTeX_Size2-Regular.oD1tc_U0.woff
⚙ [Electron Module] Processing manifest entry: KaTeX_Size2-Regular.B7gKUWhC.ttf
⚙ [Electron Module] Processing manifest entry: KaTeX_Size3-Regular.CTq5MqoE.woff
⚙ [Electron Module] Processing manifest entry: KaTeX_Size3-Regular.DgpXs0kz.ttf
⚙ [Electron Module] Processing manifest entry: KaTeX_Size4-Regular.Dl5lxZxV.woff2
⚙ [Electron Module] Processing manifest entry: KaTeX_Size4-Regular.BF-4gkZK.woff
⚙ [Electron Module] Processing manifest entry: KaTeX_Size4-Regular.DWFBv043.ttf
⚙ [Electron Module] Processing manifest entry: KaTeX_Typewriter-Regular.CO6r4hn1.woff2
⚙ [Electron Module] Processing manifest entry: KaTeX_Typewriter-Regular.C0xS9mPB.woff
⚙ [Electron Module] Processing manifest entry: KaTeX_Typewriter-Regular.D3Ib7_Hf.ttf
⚙ [Electron Module] Processing manifest entry: _voiceInputStore.CRKlTYIq.js
⚙ [Electron Module] Processing manifest entry: composables/useEventMonitorFilePreview.ts
⚙ [Electron Module] Processing manifest entry: layouts/default.vue
⚙ [Electron Module] Processing manifest entry: default.DkOS1umL.css
⚙ [Electron Module] Processing manifest entry: layouts/settings.vue
⚙ [Electron Module] Processing manifest entry: pages/agent-teams.vue
⚙ [Electron Module] Processing manifest entry: pages/agents.vue
⚙ [Electron Module] Processing manifest entry: pages/applications/[id].vue
⚙ [Electron Module] Processing manifest entry: pages/applications/index.vue
⚙ [Electron Module] Processing manifest entry: pages/index.vue
⚙ [Electron Module] Processing manifest entry: pages/media.vue
⚙ [Electron Module] Processing manifest entry: media.yjOJmL4q.css
⚙ [Electron Module] Processing manifest entry: pages/memory.vue
⚙ [Electron Module] Processing manifest entry: pages/mobile.vue
⚙ [Electron Module] Processing manifest entry: pages/nodes.vue
⚙ [Electron Module] Processing manifest entry: pages/settings.vue
⚙ [Electron Module] Processing manifest entry: settings.7rOgClEA.css
⚙ [Electron Module] Processing manifest entry: pages/skills.vue
⚙ [Electron Module] Processing manifest entry: skills.hZg4z6X7.css
⚙ [Electron Module] Processing manifest entry: pages/tools.vue
⚙ [Electron Module] Processing manifest entry: pages/workspace.vue
⚙ [Electron Module] Processing manifest entry: workspace.DrBQ9tPi.css
[nuxt] build:manifest: 24.052ms
[nuxt] vite:compiled: 0.019ms
✔ Server built in 74ms
[Electron Module] Build process completed
[Electron Module] Running production build steps
[Electron Module] Building entry: electron/main.ts
⚙ [Electron Module] Build config: { entry: 'electron/main.ts', mode: 'production', outDir: 'dist/electron' }
vite v7.3.1 building client environment for production...
transforming...
✓ 414 modules transformed.
rendering chunks...
computing gzip size...
dist/electron/main.js  806.79 kB │ gzip: 212.49 kB
✓ built in 1.89s
[Electron Module] Building entry: electron/preload.ts
⚙ [Electron Module] Build config: { entry: 'electron/preload.ts', mode: 'production', outDir: 'dist/electron' }
vite v7.3.1 building client environment for production...
transforming...
✓ 1 modules transformed.
rendering chunks...
computing gzip size...
dist/electron/preload.js  3.46 kB │ gzip: 0.96 kB
✓ built in 12ms
[Electron Module] Production build completed successfully
[nuxt] schema:beforeWrite: 0.013ms
[nuxt] schema:written: 0.014ms
[nuxt] nitro:build:before: 0.182ms
[nuxt] prerender:routes: 0.007ms
[nitro] prerender:routes: 0.297ms
[nitro] ℹ Initializing prerenderer
[nitro] prerender:config: 0.009ms
[nitro] prerender:init: 0.017ms
[nitro] build:before: 0.022ms
[nitro] rollup:before: 0.03ms
[nitro] types:extend: 0.014ms
[nitro] compiled: 0.017ms
⚙ > Load chunks/nitro/nitro (2ms)
[nitro] ℹ Prerendering 3 initial routes with crawler
[nitro-runtime] request: 0.381ms
[nitro-runtime] request: 0.176ms
[nitro-runtime] request: 0.166ms
[nitro-runtime] render:before: 0.024ms
[nitro-runtime] render:before: 0.13ms
[nitro-runtime] render:before: 0.165ms
⚙ > Load chunks/build/client.precomputed (3ms)
[nitro-runtime] render:html: 0.028ms
[nitro-runtime] render:html: 0.132ms
[nitro-runtime] render:html: 0.158ms
[nitro-runtime] render:response: 0.01ms
[nitro-runtime] render:response: 0.037ms
[nitro-runtime] render:response: 0.064ms
[nitro-runtime] beforeResponse: 0.011ms
[nitro-runtime] beforeResponse: 0.036ms
[nitro-runtime] beforeResponse: 0.064ms
[nitro-runtime] afterResponse: 0.004ms
[nitro] prerender:generate: 0.017ms
[nitro-runtime] afterResponse: 0.006ms
[nitro] prerender:generate: 0.005ms
[nitro-runtime] afterResponse: 0.004ms
[nitro] prerender:generate: 0.003ms
[nitro] prerender:route: 0.008ms
[nitro]   ├─ /404.html (36ms)
[nitro] prerender:route: 0.005ms
[nitro]   ├─ /index.html (36ms)
[nitro] prerender:route: 0.004ms
[nitro]   ├─ /200.html (36ms)
[nitro-runtime] close: 0.004ms
[nitro] prerender:done: 0.003ms
[nitro] ℹ Prerendered 3 routes in 0.783 seconds
[nitro] build:before: 0.051ms
[nitro] ✔ Generated public dist/renderer
[nuxt] nitro:build:public-assets: 0.031ms
[nitro] rollup:before: 100.832ms
[nitro] types:extend: 0.013ms
[nitro] compiled: 0.009ms
[nitro] ✔ You can preview this build using npx serve dist/renderer
[nuxt] build:done: 2.917s
[nitro] close: 0.077ms
[nuxt] close: 0.172ms
│
▲  HTML content not prerendered because ssr: false was set.
│
●  You can read more in https://nuxt.com/docs/getting-started/deployment#static-hosting.
│
└  ✨ You can now deploy dist/renderer to any static hosting!

> autobyteus@1.4.49 transpile-electron /Users/normy/autobyteus_org/autobyteus-worktrees/carpenter-model/autobyteus-web
> tsc -p electron/tsconfig.json

Building with environment: production
Using environment file: .env.production
Resolved build flavor: enterprise
Artifact base name: AutoByteus_enterprise
Requested architecture: AUTO
Updater publish config: [{"provider":"github","owner":"AutoByteus","repo":"autobyteus-workspace"}]
Generating application icons...
Generating 16x16 PNG icon...
Generating 32x32 PNG icon...
Generating 48x48 PNG icon...
Generating 64x64 PNG icon...
Generating 128x128 PNG icon...
Generating 256x256 PNG icon...
Generating 512x512 PNG icon...
Generating 1024x1024 PNG icon...
Generating Windows ICO icon...
Generating macOS ICNS icon...
Icon generation completed successfully
Starting electron-builder...
  • electron-builder  version=25.1.8 os=25.5.0
  • @electron/rebuild already used by electron-builder, please consider to remove excess dependency from devDependencies

To ensure your native dependencies are always matched electron version, simply add script `"postinstall": "electron-builder install-app-deps" to your `package.json`
  • unresolved deps  unresolved=@mdit/helper@mdit/plugin-texkatex
                     nodeModuleDir=/Users/normy/autobyteus_org/autobyteus-worktrees/carpenter-model/node_modules/.pnpm/@mdit+plugin-katex@0.23.2_markdown-it@14.1.1/node_modules
                     round=0
  • unresolved deps  unresolved=builder-util-runtimefs-extrajs-yamllazy-vallodash.escaperegexplodash.isequalsemvertiny-typed-emitter
                     nodeModuleDir=/Users/normy/autobyteus_org/autobyteus-worktrees/carpenter-model/node_modules/.pnpm/electron-updater@6.8.3/node_modules
                     round=0
  • unresolved deps  unresolved=katex nodeModuleDir=/Users/normy/autobyteus_org/autobyteus-worktrees/carpenter-model/node_modules/.pnpm/markdown-it-katex@2.0.3/node_modules round=0
  • unresolved deps  unresolved=@braintree/sanitize-url@iconify/utils@mermaid-js/parsercytoscapecytoscape-cose-bilkentcytoscape-fcosed3d3-sankeydagre-d3-esdayjsdompurifykatexkhromalodash-esmarkedroughjsstylists-dedentuuid
                     nodeModuleDir=/Users/normy/autobyteus_org/autobyteus-worktrees/carpenter-model/node_modules/.pnpm/mermaid@11.12.3/node_modules
                     round=0
  • unresolved deps  unresolved=acornpathepkg-typesufo nodeModuleDir=/Users/normy/autobyteus_org/autobyteus-worktrees/carpenter-model/node_modules/.pnpm/mlly@1.8.0/node_modules round=0
  • unresolved deps  unresolved=chevrotainchevrotain-allstarvscode-languageservervscode-languageserver-textdocumentvscode-uri
                     nodeModuleDir=/Users/normy/autobyteus_org/autobyteus-worktrees/carpenter-model/node_modules/.pnpm/langium@4.2.1/node_modules
                     round=0
  • unresolved deps  unresolved=d3-arrayd3-axisd3-brushd3-chordd3-colord3-contourd3-delaunayd3-dispatchd3-dragd3-dsvd3-eased3-fetchd3-forced3-formatd3-geod3-hierarchyd3-interpolated3-pathd3-polygond3-quadtreed3-randomd3-scaled3-scale-chromaticd3-selectiond3-shaped3-timed3-time-formatd3-timerd3-transitiond3-zoom
                     nodeModuleDir=/Users/normy/autobyteus_org/autobyteus-worktrees/carpenter-model/node_modules/.pnpm/d3@7.9.0/node_modules
                     round=0
  • unresolved deps  unresolved=d3-dsv nodeModuleDir=/Users/normy/autobyteus_org/autobyteus-worktrees/carpenter-model/node_modules/.pnpm/d3-fetch@3.0.1/node_modules round=0
  • unresolved deps  unresolved=@vue/devtools-apivue-demi
                     nodeModuleDir=/Users/normy/autobyteus_org/autobyteus-worktrees/carpenter-model/node_modules/.pnpm/pinia@2.3.1_typescript@5.9.3_vue@3.5.28_typescript@5.9.3_/node_modules
                     round=0
  • unresolved deps  unresolved=@napi-rs/canvas-android-arm64@napi-rs/canvas-darwin-x64@napi-rs/canvas-linux-arm-gnueabihf@napi-rs/canvas-linux-arm64-gnu@napi-rs/canvas-linux-arm64-musl@napi-rs/canvas-linux-riscv64-gnu@napi-rs/canvas-linux-x64-gnu@napi-rs/canvas-linux-x64-musl@napi-rs/canvas-win32-arm64-msvc@napi-rs/canvas-win32-x64-msvc
                     nodeModuleDir=/Users/normy/autobyteus_org/autobyteus-worktrees/carpenter-model/node_modules/.pnpm/node_modules
                     round=0
  • unresolved deps  unresolved=@napi-rs/canvas-android-arm64@napi-rs/canvas-darwin-x64@napi-rs/canvas-linux-arm-gnueabihf@napi-rs/canvas-linux-arm64-gnu@napi-rs/canvas-linux-arm64-musl@napi-rs/canvas-linux-riscv64-gnu@napi-rs/canvas-linux-x64-gnu@napi-rs/canvas-linux-x64-musl@napi-rs/canvas-win32-arm64-msvc@napi-rs/canvas-win32-x64-msvc
                     nodeModuleDir=/Users/normy/autobyteus_org/autobyteus-worktrees/carpenter-model/node_modules
                     round=1
  • unresolved deps  unresolved=@napi-rs/canvas-android-arm64@napi-rs/canvas-darwin-x64@napi-rs/canvas-linux-arm-gnueabihf@napi-rs/canvas-linux-arm64-gnu@napi-rs/canvas-linux-arm64-musl@napi-rs/canvas-linux-riscv64-gnu@napi-rs/canvas-linux-x64-gnu@napi-rs/canvas-linux-x64-musl@napi-rs/canvas-win32-arm64-msvc@napi-rs/canvas-win32-x64-msvc
                     nodeModuleDir=/Users/normy/autobyteus_org/node_modules
                     round=2
  • unresolved deps  unresolved=adler-32cfbcodepagecrc-32ssfwmfword nodeModuleDir=/Users/normy/autobyteus_org/autobyteus-worktrees/carpenter-model/node_modules/.pnpm/xlsx@0.18.5/node_modules round=0
  • unresolved deps  unresolved=adler-32crc-32 nodeModuleDir=/Users/normy/autobyteus_org/autobyteus-worktrees/carpenter-model/node_modules/.pnpm/cfb@1.2.2/node_modules round=0
  • executing @electron/rebuild  electronVersion=42.4.1 arch=arm64 buildFromSource=false appDir=./
  • installing native dependencies  arch=arm64
  • completed installing native dependencies
  • packaging       platform=darwin arch=arm64 electron=42.4.1 appOutDir=electron-dist/mac-arm64
  • map async       taskCount=2
  • map async       taskCount=1
  • map async       taskCount=585
  • unresolved deps  unresolved=@mdit/helper@mdit/plugin-texkatex
                     nodeModuleDir=/Users/normy/autobyteus_org/autobyteus-worktrees/carpenter-model/node_modules/.pnpm/@mdit+plugin-katex@0.23.2_markdown-it@14.1.1/node_modules
                     round=0
  • unresolved deps  unresolved=builder-util-runtimefs-extrajs-yamllazy-vallodash.escaperegexplodash.isequalsemvertiny-typed-emitter
                     nodeModuleDir=/Users/normy/autobyteus_org/autobyteus-worktrees/carpenter-model/node_modules/.pnpm/electron-updater@6.8.3/node_modules
                     round=0
  • unresolved deps  unresolved=katex nodeModuleDir=/Users/normy/autobyteus_org/autobyteus-worktrees/carpenter-model/node_modules/.pnpm/markdown-it-katex@2.0.3/node_modules round=0
  • unresolved deps  unresolved=@braintree/sanitize-url@iconify/utils@mermaid-js/parsercytoscapecytoscape-cose-bilkentcytoscape-fcosed3d3-sankeydagre-d3-esdayjsdompurifykatexkhromalodash-esmarkedroughjsstylists-dedentuuid
                     nodeModuleDir=/Users/normy/autobyteus_org/autobyteus-worktrees/carpenter-model/node_modules/.pnpm/mermaid@11.12.3/node_modules
                     round=0
  • unresolved deps  unresolved=acornpathepkg-typesufo nodeModuleDir=/Users/normy/autobyteus_org/autobyteus-worktrees/carpenter-model/node_modules/.pnpm/mlly@1.8.0/node_modules round=0
  • unresolved deps  unresolved=chevrotainchevrotain-allstarvscode-languageservervscode-languageserver-textdocumentvscode-uri
                     nodeModuleDir=/Users/normy/autobyteus_org/autobyteus-worktrees/carpenter-model/node_modules/.pnpm/langium@4.2.1/node_modules
                     round=0
  • unresolved deps  unresolved=d3-arrayd3-axisd3-brushd3-chordd3-colord3-contourd3-delaunayd3-dispatchd3-dragd3-dsvd3-eased3-fetchd3-forced3-formatd3-geod3-hierarchyd3-interpolated3-pathd3-polygond3-quadtreed3-randomd3-scaled3-scale-chromaticd3-selectiond3-shaped3-timed3-time-formatd3-timerd3-transitiond3-zoom
                     nodeModuleDir=/Users/normy/autobyteus_org/autobyteus-worktrees/carpenter-model/node_modules/.pnpm/d3@7.9.0/node_modules
                     round=0
  • unresolved deps  unresolved=d3-dsv nodeModuleDir=/Users/normy/autobyteus_org/autobyteus-worktrees/carpenter-model/node_modules/.pnpm/d3-fetch@3.0.1/node_modules round=0
  • unresolved deps  unresolved=@vue/devtools-apivue-demi
                     nodeModuleDir=/Users/normy/autobyteus_org/autobyteus-worktrees/carpenter-model/node_modules/.pnpm/pinia@2.3.1_typescript@5.9.3_vue@3.5.28_typescript@5.9.3_/node_modules
                     round=0
  • unresolved deps  unresolved=@napi-rs/canvas-android-arm64@napi-rs/canvas-darwin-x64@napi-rs/canvas-linux-arm-gnueabihf@napi-rs/canvas-linux-arm64-gnu@napi-rs/canvas-linux-arm64-musl@napi-rs/canvas-linux-riscv64-gnu@napi-rs/canvas-linux-x64-gnu@napi-rs/canvas-linux-x64-musl@napi-rs/canvas-win32-arm64-msvc@napi-rs/canvas-win32-x64-msvc
                     nodeModuleDir=/Users/normy/autobyteus_org/autobyteus-worktrees/carpenter-model/node_modules/.pnpm/node_modules
                     round=0
  • unresolved deps  unresolved=@napi-rs/canvas-android-arm64@napi-rs/canvas-darwin-x64@napi-rs/canvas-linux-arm-gnueabihf@napi-rs/canvas-linux-arm64-gnu@napi-rs/canvas-linux-arm64-musl@napi-rs/canvas-linux-riscv64-gnu@napi-rs/canvas-linux-x64-gnu@napi-rs/canvas-linux-x64-musl@napi-rs/canvas-win32-arm64-msvc@napi-rs/canvas-win32-x64-msvc
                     nodeModuleDir=/Users/normy/autobyteus_org/autobyteus-worktrees/carpenter-model/node_modules
                     round=1
  • unresolved deps  unresolved=@napi-rs/canvas-android-arm64@napi-rs/canvas-darwin-x64@napi-rs/canvas-linux-arm-gnueabihf@napi-rs/canvas-linux-arm64-gnu@napi-rs/canvas-linux-arm64-musl@napi-rs/canvas-linux-riscv64-gnu@napi-rs/canvas-linux-x64-gnu@napi-rs/canvas-linux-x64-musl@napi-rs/canvas-win32-arm64-msvc@napi-rs/canvas-win32-x64-msvc
                     nodeModuleDir=/Users/normy/autobyteus_org/node_modules
                     round=2
  • unresolved deps  unresolved=adler-32cfbcodepagecrc-32ssfwmfword nodeModuleDir=/Users/normy/autobyteus_org/autobyteus-worktrees/carpenter-model/node_modules/.pnpm/xlsx@0.18.5/node_modules round=0
  • unresolved deps  unresolved=adler-32crc-32 nodeModuleDir=/Users/normy/autobyteus_org/autobyteus-worktrees/carpenter-model/node_modules/.pnpm/cfb@1.2.2/node_modules round=0
  • map async       taskCount=8
  • path doesn't exist  path=/Users/normy/autobyteus_org/autobyteus-worktrees/carpenter-model/autobyteus-web/build/build/icons/icon.icns
  • path resolved   path=/Users/normy/autobyteus_org/autobyteus-worktrees/carpenter-model/autobyteus-web/build/icons/icon.icns outputFormat=icns
  • map async       taskCount=5

Normalizing packaged terminal native resources...
  Normalized execute bits on 3 node-pty spawn-helper file(s)
  • skipped macOS code signing  reason=identity explicitly is set to null
  • building        target=DMG arch=arm64 file=electron-dist/AutoByteus_enterprise_macos-arm64-1.4.49.dmg
  • building        target=macOS zip arch=arm64 file=electron-dist/AutoByteus_enterprise_macos-arm64-1.4.49.zip
  • Detected arm64 process, HFS+ is unavailable. Creating dmg with APFS - supports Mac OSX 10.12+
  • copy files      from=/Users/normy/autobyteus_org/autobyteus-worktrees/carpenter-model/autobyteus-web/build/icons/icon.icns to=/Volumes/AutoByteus 1.4.49-arm64/.VolumeIcon.icns isUseHardLinks=false
  • copy files      from=/Users/normy/autobyteus_org/autobyteus-worktrees/carpenter-model/node_modules/.pnpm/dmg-builder@25.1.8_electron-builder-squirrel-windows@25.1.8/node_modules/dmg-builder/templates/background.tiff
                    to=/Volumes/AutoByteus 1.4.49-arm64/.background/background.tiff
                    isUseHardLinks=false
  • execute command  command=sips -g pixelHeight -g pixelWidth /Users/normy/autobyteus_org/autobyteus-worktrees/carpenter-model/node_modules/.pnpm/dmg-builder@25.1.8_electron-builder-squirrel-windows@25.1.8/node_modules/dmg-builder/templates/background.tiff
                     workingDirectory=
  • command executed  executable=sips
                      out=/Users/normy/autobyteus_org/autobyteus-worktrees/carpenter-model/node_modules/.pnpm/dmg-builder@25.1.8_electron-builder-squirrel-windows@25.1.8/node_modules/dmg-builder/templates/background.tiff
      pixelHeight: 380
      pixelWidth: 540

  • building block map  blockMapFile=electron-dist/AutoByteus_enterprise_macos-arm64-1.4.49.dmg.blockmap
  • building block map  blockMapFile=electron-dist/AutoByteus_enterprise_macos-arm64-1.4.49.zip.blockmap
Build completed: [
  '/Users/normy/autobyteus_org/autobyteus-worktrees/carpenter-model/autobyteus-web/electron-dist/AutoByteus_enterprise_macos-arm64-1.4.49.dmg.blockmap',
  '/Users/normy/autobyteus_org/autobyteus-worktrees/carpenter-model/autobyteus-web/electron-dist/AutoByteus_enterprise_macos-arm64-1.4.49.dmg',
  '/Users/normy/autobyteus_org/autobyteus-worktrees/carpenter-model/autobyteus-web/electron-dist/AutoByteus_enterprise_macos-arm64-1.4.49.zip.blockmap',
  '/Users/normy/autobyteus_org/autobyteus-worktrees/carpenter-model/autobyteus-web/electron-dist/AutoByteus_enterprise_macos-arm64-1.4.49.zip'
]

[delivery_electron_build_exit=0]

=== delivery artifact verification ===
command: file electron-dist/mac-arm64/AutoByteus.app/Contents/MacOS/AutoByteus
electron-dist/mac-arm64/AutoByteus.app/Contents/MacOS/AutoByteus: Mach-O 64-bit executable arm64
command: read bundle versions
CFBundleShortVersionString=1.4.49
CFBundleVersion=1.4.49
command: hdiutil verify electron-dist/AutoByteus_enterprise_macos-arm64-1.4.49.dmg
Prüfsumme für Protective Master Boot Record (MBR : 0) berechnen …
Protective Master Boot Record (MBR :: Die überprüfte CRC32-Prüfsumme ist $5D4E237A
Prüfsumme für GPT Header (Primary GPT Header : 1) berechnen …
 GPT Header (Primary GPT Header : 1): Die überprüfte CRC32-Prüfsumme ist $E7022DBF
Prüfsumme für GPT Partition Data (Primary GPT Table : 2) berechnen …
GPT Partition Data (Primary GPT Tabl: Die überprüfte CRC32-Prüfsumme ist $C79FA175
Prüfsumme für  (Apple_Free : 3) berechnen …
                    (Apple_Free : 3): Die überprüfte CRC32-Prüfsumme ist $00000000
Prüfsumme für disk image (Apple_APFS : 4) berechnen …
         disk image (Apple_APFS : 4): Die überprüfte CRC32-Prüfsumme ist $7775ADD0
Prüfsumme für  (Apple_Free : 5) berechnen …
                    (Apple_Free : 5): Die überprüfte CRC32-Prüfsumme ist $00000000
Prüfsumme für GPT Partition Data (Backup GPT Table : 6) berechnen …
GPT Partition Data (Backup GPT Table: Die überprüfte CRC32-Prüfsumme ist $C79FA175
Prüfsumme für GPT Header (Backup GPT Header : 7) berechnen …
  GPT Header (Backup GPT Header : 7): Die überprüfte CRC32-Prüfsumme ist $C6559C38
Die überprüfte CRC32-Prüfsumme ist $1D741576
hdiutil: verify: checksum of "electron-dist/AutoByteus_enterprise_macos-arm64-1.4.49.dmg" is VALID
command: unzip -tq electron-dist/AutoByteus_enterprise_macos-arm64-1.4.49.zip
No errors detected in compressed data of electron-dist/AutoByteus_enterprise_macos-arm64-1.4.49.zip.
command: shasum -a 256 <dmg> <zip>
04012318bd93eb45b0d20c06690a9716a66f92563c1f2578239de46673a08845  electron-dist/AutoByteus_enterprise_macos-arm64-1.4.49.dmg
7ae9b6c942e165c26240d06aefa7021a6804afc25c9fec80f4c5b1e153708d14  electron-dist/AutoByteus_enterprise_macos-arm64-1.4.49.zip
command: codesign -dv --verbose=2 electron-dist/mac-arm64/AutoByteus.app (local unsigned/no-notarization boundary)
Executable=/Users/normy/autobyteus_org/autobyteus-worktrees/carpenter-model/autobyteus-web/electron-dist/mac-arm64/AutoByteus.app/Contents/MacOS/AutoByteus
Identifier=Electron
Format=app bundle with Mach-O thin (arm64)
CodeDirectory v=20400 size=392 flags=0x20002(adhoc,linker-signed) hashes=9+0 location=embedded
Signature=adhoc
Info.plist=not bound
TeamIdentifier=not set
Sealed Resources=none
Internal requirements=none
[delivery_electron_artifact_verification_exit=0]
